{
    "type": "champion",
    "format": "standAloneComplex",
    "version": "14.3.1",
    "data": {
        "Aatrox": {
            "id": "Aatrox",
            "key": "266",
            "name": "Aatrox",
            "title": "la Espada Darkin",
            "image": {
                "full": "Aatrox.png",
                "sprite": "champion0.png",
                "group": "champion",
                "x": 0,
                "y": 0,
                "w": 48,
                "h": 48
            },
            "skins": [
                {
                    "id": "266000",
                    "num": 0,
                    "name": "default",
                    "chromas": false
                },
                {
                    "id": "266001",
                    "num": 1,
                    "name": "Aatrox Justiciero",
                    "chromas": false
                },
                {
                    "id": "266002",
                    "num": 2,
                    "name": "Aatrox Mecha",
                    "chromas": true
                },
                {
                    "id": "266003",
                    "num": 3,
                    "name": "Aatrox Cazador Marino",
                    "chromas": false
                },
                {
                    "id": "266007",
                    "num": 7,
                    "name": "Aatrox Luna de Sangre",
                    "chromas": false
                },
                {
                    "id": "266008",
                    "num": 8,
                    "name": "Aatrox Luna de Sangre Prestigioso",
                    "chromas": false
                },
                {
                    "id": "266009",
                    "num": 9,
                    "name": "Aatrox Victorioso",
                    "chromas": true
                },
                {
                    "id": "266011",
                    "num": 11,
                    "name": "Aatrox Odisea",
                    "chromas": true
                },
                {
                    "id": "266020",
                    "num": 20,
                    "name": "Aatrox Luna de Sangre Prestigioso (2022)",
                    "chromas": false
                },
                {
                    "id": "266021",
                    "num": 21,
                    "name": "Aatrox Eclipse Lunar",
                    "chromas": true
                },
                {
                    "id": "266030",
                    "num": 30,
                    "name": "Aatrox DRX",
                    "chromas": true
                },
                {
                    "id": "266031",
                    "num": 31,
                    "name": "Aatrox DRX Prestigioso",
                    "chromas": false
                }
            ],
            "lore": "Aatrox y sus hermanos, que alguna vez fueron respetados defensores de Shurima contra el Vacío, se convirtieron en una amenaza aún mayor para Runaterra y los derrotaron con hechicería mortal usada con astucia. Pero, después de siglos de encarcelamiento, Aatrox fue el primero en encontrar la libertad una vez más; corrompió y transformó a los bastante tontos como para intentar blandir el arma mágica que contenía su esencia. Ahora, con cuerpos robados, camina por Runaterra con una apariencia retorcida de su forma original y busca la venganza apocalíptica que tanto desea.",
            "blurb": "Aatrox y sus hermanos, que alguna vez fueron respetados defensores de Shurima contra el Vacío, se convirtieron en una amenaza aún mayor para Runaterra y los derrotaron con hechicería mortal usada con astucia. Pero, después de siglos de encarcelamiento...",
            "allytips": [
                "Usa Impulso Siniestro al lanzar La Espada Darkin para ayudarte a alcanzar enemigos.",
                "Las habilidades de control de masas como Cadenas Infernales o los efectos de inmovilización de tus aliados te ayudarán a usar La Espada Darkin.",
                "Lanza Destructor de Mundos cuando sepas que puedes forzar una pelea."
            ],
            "enemytips": [
                "Los ataques de Aatrox son bastante predecibles, usa el tiempo que le toma lanzarlos para evadir sus zonas de impacto.",
                "Es más fácil eludir las Cadenas Infernales de Aatrox al correr hacia los costados o directamente hacia Aatrox.",
                "Para evitar que reviva, mantén tu distancia cuando use su definitiva."
            ],
            "tags": [
                "Fighter",
                "Tank"
            ],
            "partype": "Pozo Sangriento",
            "info": {
                "attack": 8,
                "defense": 4,
                "magic": 3,
                "difficulty": 4
            },
            "stats": {
                "hp": 650,
                "hpperlevel": 114,
                "mp": 0,
                "mpperlevel": 0,
                "movespeed": 345,
                "armor": 38,
                "armorperlevel": 4.45,
                "spellblock": 32,
                "spellblockperlevel": 2.05,
                "attackrange": 175,
                "hpregen": 3,
                "hpregenperlevel": 1,
                "mpregen": 0,
                "mpregenperlevel": 0,
                "crit": 0,
                "critperlevel": 0,
                "attackdamage": 60,
                "attackdamageperlevel": 5,
                "attackspeedperlevel": 2.5,
                "attackspeed": 0.651
            },
            "spells": [
                {
                    "id": "AatroxQ",
                    "name": "La Espada Darkin",
                    "description": "Aatrox golpea el piso con su espada e inflige daño físico. Puede atacar con ella tres veces, cada vez con un área de efecto distinta.",
                    "tooltip": "Aatrox azota su espada, lo que inflige <physicalDamage>{{ qdamage }} de daño físico</physicalDamage>. Si golpea enemigos con en el borde, los <status>lanza por el aire</status> brevemente y reciben <physicalDamage>{{ qedgedamage }}</physicalDamage> de daño. Esta habilidad se puede <recast>volver a lanzar</recast> dos veces, cada una cambia de forma e inflige un 25% de daño más que la anterior.{{ spellmodifierdescriptionappend }}",
                    "leveltip": {
                        "label": [
                            "Enfriamiento",
                            "Daño",
                            "Tasa de DA total"
                        ],
                        "effect": [
                            "{{ cooldown }} -> {{ cooldownNL }}",
                            "{{ qbasedamage }} -> {{ qbasedamageNL }}",
                            "{{ qtotaladratio*100.000000 }}% -> {{ qtotaladrationl*100.000000 }}%"
                        ]
                    },
                    "maxrank": 5,
                    "cooldown": [
                        14,
                        12,
                        10,
                        8,
                        6
                    ],
                    "cooldownBurn": "14/12/10/8/6",
                    "cost": [
                        0,
                        0,
                        0,
                        0,
                        0
                    ],
                    "costBurn": "0",
                    "datavalues": {},
                    "effect": [
                        null,
                        [
                            0,
                            0,
                            0,
                            0,
                            0
                        ],
                        [
                            0,
                            0,
                            0,
                            0,
                            0
                        ],
                        [
                            0,
                            0,
                            0,
                            0,
                            0
                        ],
                        [
                            0,
                            0,
                            0,
                            0,
                            0
                        ],
                        [
                            0,
                            0,
                            0,
                            0,
                            0
                        ],
                        [
                            0,
                            0,
                            0,
                            0,
                            0
                        ],
                        [
                            0,
                            0,
                            0,
                            0,
                            0
                        ],
                        [
                            0,
                            0,
                            0,
                            0,
                            0
                        ],
                        [
                            0,
                            0,
                            0,
                            0,
                            0
                        ],
                        [
                            0,
                            0,
                            0,
                            0,
                            0
                        ]
                    ],
                    "effectBurn": [
                        null,
                        "0",
                        "0",
                        "0",
                        "0",
                        "0",
                        "0",
                        "0",
                        "0",
                        "0",
                        "0"
                    ],
                    "vars": [],
                    "costType": "Sin costo",
                    "maxammo": "-1",
                    "range": [
                        25000,
                        25000,
                        25000,
                        25000,
                        25000
                    ],
                    "rangeBurn": "25000",
                    "image": {
                        "full": "AatroxQ.png",
                        "sprite": "spell0.png",
                        "group": "spell",
                        "x": 384,
                        "y": 48,
                        "w": 48,
                        "h": 48
                    },
                    "resource": "Sin costo"
                },
                {
                    "id": "AatroxW",
                    "name": "Cadenas Infernales",
                    "description": "Aatrox golpea el suelo e inflige daño al primer enemigo golpeado. Los campeones o monstruos grandes deben abandonar la zona de impacto rápidamente o los arrastrará al centro y les infligirá daño de nuevo.",
                    "tooltip": "Aatrox dispara una cadena, lo que <status>ralentiza</status> al primer enemigo alcanzado en un {{ wslowpercentage*-100 }}% durante {{ wslowduration }} seg y le inflige <magicDamage>{{ wdamage }} de daño mágico</magicDamage>. Los campeones y monstruos grandes de la jungla tienen {{ wslowduration }} seg para salir del área del impacto o serán <status>arrastrados</status> de vuelta al centro y recibirán daño de nuevo por la misma cantidad.{{ spellmodifierdescriptionappend }}",
                    "leveltip": {
                        "label": [
                            "Enfriamiento",
                            "Daño",
                            "Ralentización"
                        ],
                        "effect": [
                            "{{ cooldown }} -> {{ cooldownNL }}",
                            "{{ wbasedamage }} -> {{ wbasedamageNL }}",
                            "{{ wslowpercentage*-100.000000 }}% -> {{ wslowpercentagenl*-100.000000 }}%"
                        ]
                    },
                    "maxrank": 5,
                    "cooldown": [
                        20,
                        18,
                        16,
                        14,
                        12
                    ],
                    "cooldownBurn": "20/18/16/14/12",
                    "cost": [
                        0,
                        0,
                        0,
                        0,
                        0
                    ],
                    "costBurn": "0",
                    "datavalues": {},
                    "effect": [
                        null,
                        [
                            0,
                            0,
                            0,
                            0,
                            0
                        ],
                        [
                            0,
                            0,
                            0,
                            0,
                            0
                        ],
                        [
                            0,
                            0,
                            0,
                            0,
                            0
                        ],
                        [
                            0,
                            0,
                            0,
                            0,
                            0
                        ],
                        [
                            0,
                            0,
                            0,
                            0,
                            0
                        ],
                        [
                            0,
                            0,
                            0,
                            0,
                            0
                        ],
                        [
                            0,
                            0,
                            0,
                            0,
                            0
                        ],
                        [
                            0,
                            0,
                            0,
                            0,
                            0
                        ],
                        [
                            0,
                            0,
                            0,
                            0,
                            0
                        ],
                        [
                            0,
                            0,
                            0,
                            0,
                            0
                        ]
                    ],
                    "effectBurn": [
                        null,
                        "0",
                        "0",
                        "0",
                        "0",
                        "0",
                        "0",
                        "0",
                        "0",
                        "0",
                        "0"
                    ],
                    "vars": [],
                    "costType": "Sin costo",
                    "maxammo": "-1",
                    "range": [
                        825,
                        825,
                        825,
                        825,
                        825
                    ],
                    "rangeBurn": "825",
                    "image": {
                        "full": "AatroxW.png",
                        "sprite": "spell0.png",
                        "group": "spell",
                        "x": 432,
                        "y": 48,
                        "w": 48,
                        "h": 48
                    },
                    "resource": "Sin costo"
                },
                {
                    "id": "AatroxE",
                    "name": "Impulso Siniestro",
                    "description": "Aatrox se cura de forma pasiva al dañar a campeones enemigos. Al activarlo, se desplaza en una dirección.",
                    "tooltip": "<spellPassive>Pasiva:</spellPassive> Aatrox se cura un <lifeSteal>{{ espellvamp }}%</lifeSteal> del daño que inflige a campeones, esto que aumenta hasta un <lifeSteal>{{ espellvampempowered }}%</lifeSteal> durante <keywordMajor>Destructor de Mundos</keywordMajor>.<br /><br /><spellActive>Activa:</spellActive> Aatrox se desplaza. Puede usar esta habilidad mientras canaliza sus otras habilidades.{{ spellmodifierdescriptionappend }}",
                    "leveltip": {
                        "label": [
                            "Enfriamiento",
                            "% de curación",
                            "% de curación durante Destructor de Mundos"
                        ],
                        "effect": [
                            "{{ cooldown }} -> {{ cooldownNL }}",
                            "{{ espellvamp }}% -> {{ espellvampNL }}%",
                            "{{ espellvampempowered }}% -> {{ espellvampempoweredNL }}%"
                        ]
                    },
                    "maxrank": 5,
                    "cooldown": [
                        9,
                        8,
                        7,
                        6,
                        5
                    ],
                    "cooldownBurn": "9/8/7/6/5",
                    "cost": [
                        0,
                        0,
                        0,
                        0,
                        0
                    ],
                    "costBurn": "0",
                    "datavalues": {},
                    "effect": [
                        null,
                        [
                            0,
                            0,
                            0,
                            0,
                            0
                        ],
                        [
                            0,
                            0,
                            0,
                            0,
                            0
                        ],
                        [
                            0,
                            0,
                            0,
                            0,
                            0
                        ],
                        [
                            0,
                            0,
                            0,
                            0,
                            0
                        ],
                        [
                            0,
                            0,
                            0,
                            0,
                            0
                        ],
                        [
                            0,
                            0,
                            0,
                            0,
                            0
                        ],
                        [
                            0,
                            0,
                            0,
                            0,
                            0
                        ],
                        [
                            0,
                            0,
                            0,
                            0,
                            0
                        ],
                        [
                            0,
                            0,
                            0,
                            0,
                            0
                        ],
                        [
                            0,
                            0,
                            0,
                            0,
                            0
                        ]
                    ],
                    "effectBurn": [
                        null,
                        "0",
                        "0",
                        "0",
                        "0",
                        "0",
                        "0",
                        "0",
                        "0",
                        "0",
                        "0"
                    ],
                    "vars": [],
                    "costType": "Sin costo",
                    "maxammo": "1",
                    "range": [
                        25000,
                        25000,
                        25000,
                        25000,
                        25000
                    ],
                    "rangeBurn": "25000",
                    "image": {
                        "full": "AatroxE.png",
                        "sprite": "spell0.png",
                        "group": "spell",
                        "x": 0,
                        "y": 96,
                        "w": 48,
                        "h": 48
                    },
                    "resource": "Sin costo"
                },
                {
                    "id": "AatroxR",
                    "name": "Destructor de Mundos",
                    "description": "Aatrox despliega su forma demoniaca, aterroriza a los súbditos enemigos cercanos, y obtiene daño de ataque, curación aumentada y velocidad de movimiento. Si participa en un derribo, estos efectos extienden su duración.",
                    "tooltip": "Aatrox revela su verdadera forma demoniaca, lo que <status>Aterroriza</status> a los súbditos cercanos durante {{ rminionfearduration }} seg y le otorga un <speed>{{ rmovementspeedbonus*100 }}% de Velocidad de Movimiento</speed> que decae a lo largo de {{ rduration }} seg. También obtiene un <scaleAD>{{ rtotaladamp*100 }}% de Daño de Ataque</scaleAD> y aumenta la <healing>autocuración un {{ rhealingamp*100 }}%</healing> durante el efecto.<br /><br />Los derribos de campeones extienden la duración de este efecto en {{ rextension }} seg y reinician el efecto de <speed>Velocidad de Movimiento</speed>.{{ spellmodifierdescriptionappend }}",
                    "leveltip": {
                        "label": [
                            "Aumento de Daño de Ataque total",
                            "Aumento de curación",
                            "Velocidad de movimiento",
                            "Enfriamiento"
                        ],
                        "effect": [
                            "{{ rtotaladamp*100.000000 }}% -> {{ rtotaladampnl*100.000000 }}%",
                            "{{ rhealingamp*100.000000 }}% -> {{ rhealingampnl*100.000000 }}%",
                            "{{ rmovementspeedbonus*100.000000 }}% -> {{ rmovementspeedbonusnl*100.000000 }}%",
                            "{{ cooldown }} -> {{ cooldownNL }}"
                        ]
                    },
                    "maxrank": 3,
                    "cooldown": [
                        120,
                        100,
                        80
                    ],
                    "cooldownBurn": "120/100/80",
                    "cost": [
                        0,
                        0,
                        0
                    ],
                    "costBurn": "0",
                    "datavalues": {},
                    "effect": [
                        null,
                        [
                            0,
                            0,
                            0
                        ],
                        [
                            0,
                            0,
                            0
                        ],
                        [
                            0,
                            0,
                            0
                        ],
                        [
                            0,
                            0,
                            0
                        ],
                        [
                            0,
                            0,
                            0
                        ],
                        [
                            0,
                            0,
                            0
                        ],
                        [
                            0,
                            0,
                            0
                        ],
                        [
                            0,
                            0,
                            0
                        ],
                        [
                            0,
                            0,
                            0
                        ],
                        [
                            0,
                            0,
                            0
                        ]
                    ],
                    "effectBurn": [
                        null,
                        "0",
                        "0",
                        "0",
                        "0",
                        "0",
                        "0",
                        "0",
                        "0",
                        "0",
                        "0"
                    ],
                    "vars": [],
                    "costType": "Sin costo",
                    "maxammo": "-1",
                    "range": [
                        25000,
                        25000,
                        25000
                    ],
                    "rangeBurn": "25000",
                    "image": {
                        "full": "AatroxR.png",
                        "sprite": "spell0.png",
                        "group": "spell",
                        "x": 48,
                        "y": 96,
                        "w": 48,
                        "h": 48
                    },
                    "resource": "Sin costo"
                }
            ],
            "passive": {
                "name": "Heraldo de la Destrucción",
                "description": "Cada cierto tiempo, el siguiente ataque básico de Aatrox inflige <physicalDamage>daño físico</physicalDamage> adicional según la vida máxima del objetivo, y lo cura por la cantidad de daño infligido. ",
                "image": {
                    "full": "Aatrox_Passive.png",
                    "sprite": "passive0.png",
                    "group": "passive",
                    "x": 0,
                    "y": 0,
                    "w": 48,
                    "h": 48
                }
            },
            "recommended": []
        }
    }
}