{"type":"champion","format":"standAloneComplex","version":"14.3.1","data":{"Ahri":{"id":"Ahri","key":"103","name":"Ahri","title":"la Vastaya de Nueve Colas","image":{"full":"Ahri.png","sprite":"champion0.png","group":"champion","x":48,"y":0,"w":48,"h":48},"skins":[{"id":"103000","num":0,"name":"default","chromas":false},{"id":"103001","num":1,"name":"Ahri Dinástica","chromas":true},{"id":"103002","num":2,"name":"Ahri de Medianoche","chromas":true},{"id":"103003","num":3,"name":"Ahri Fuego Zorruno","chromas":true},{"id":"103004","num":4,"name":"Ahri Estrella del Pop","chromas":true},{"id":"103005","num":5,"name":"Ahri Retadora","chromas":true},{"id":"103006","num":6,"name":"Ahri Academia","chromas":true},{"id":"103007","num":7,"name":"Ahri de Arcadia","chromas":true},{"id":"103014","num":14,"name":"Ahri Guardiana Estelar","chromas":true},{"id":"103015","num":15,"name":"Ahri K/DA","chromas":true},{"id":"103016","num":16,"name":"Ahri K/DA Prestigiosa","chromas":false},{"id":"103017","num":17,"name":"Ahri Bosqueviejo","chromas":true},{"id":"103027","num":27,"name":"Ahri Flor Espiritual","chromas":true},{"id":"103028","num":28,"name":"Ahri K/DA ALL OUT","chromas":true},{"id":"103042","num":42,"name":"Ahri Aquelarre","chromas":true},{"id":"103065","num":65,"name":"Ahri K/DA Prestigiosa (2022)","chromas":false},{"id":"103066","num":66,"name":"Ahri Arcana","chromas":true},{"id":"103076","num":76,"name":"Ahri Luna de Nieve","chromas":true}],"lore":"Ahri es una vastaya de aspecto vulpino conectada de forma innata a la magia del reino de los espíritus; puede manipular las emociones de sus presas y consumir su esencia, por lo que recibe fragmentos de su memoria y conocimiento de cada alma que consume. Ahri antes era una depredadora poderosa y descarriada, pero ahora viaja por el mundo en busca de vestigios de sus antepasados, mientras intenta sustituir los recuerdos que robó de sus víctimas por otros creados por ella misma.","blurb":"Ahri es una vastaya de aspecto vulpino conectada de forma innata a la magia del reino de los espíritus; puede manipular las emociones de sus presas y consumir su esencia, por lo que recibe fragmentos de su memoria y conocimiento de cada alma que consume...","allytips":["Utiliza Encanto para preparar tus combos, hará que sea mucho más sencillo acertar con Orbe del Engaño y Fuego Zorruno.","Inicia las peleas en equipo con Encanto y persigue a los sobrevivientes con Impulso Espiritual.","Impulso Espiritual habilita los demás hechizos de Ahri: abre camino para Encanto, ayuda a golpear dos veces con Orbe del Engaño y cierra distancias para hacer uso de Fuego Zorruno"],"enemytips":["La supervivencia de Ahri se reduce drásticamente cuando su habilidad definitiva, Impulso Espiritual, no está disponible.","Quédate detrás de tus súbditos para hacer que sea más difícil que te alcance con Encanto: así se reducirá en gran medida el daño potencial de Ahri"],"tags":["Mage","Assassin"],"partype":"Maná","info":{"attack":3,"defense":4,"magic":8,"difficulty":5},"stats":{"hp":590,"hpperlevel":96,"mp":418,"mpperlevel":25,"movespeed":330,"armor":21,"armorperlevel":4.7,"spellblock":30,"spellblockperlevel":1.3,"attackrange":550,"hpregen":2.5,"hpregenperlevel":0.6,"mpregen":8,"mpregenperlevel":0.8,"crit":0,"critperlevel":0,"attackdamage":53,"attackdamageperlevel":3,"attackspeedperlevel":2.2,"attackspeed":0.668},"spells":[{"id":"AhriQ","name":"Orbe del Engaño","description":"Ahri lanza y recupera su orbe, lo que inflige daño mágico de ida y daño verdadero de vuelta. ","tooltip":"Ahri lanza y recupera su orbe, lo que inflige <magicDamage>{{ totaldamage }} de daño mágico</magicDamage> de ida y <trueDamage>{{ totaldamage }} de daño verdadero</trueDamage> de vuelta.{{ spellmodifierdescriptionappend }}","leveltip":{"label":["Costo de @AbilityResourceName@","Daño"],"effect":["{{ cost }} -> {{ costNL }}","{{ basedamage }} -> {{ basedamageNL }}"]},"maxrank":5,"cooldown":[7,7,7,7,7],"cooldownBurn":"7","cost":[55,65,75,85,95],"costBurn":"55/65/75/85/95","datavalues":{},"effect":[null,[0,0,0,0,0],[0,0,0,0,0],[0,0,0,0,0],[0,0,0,0,0],[0,0,0,0,0],[0,0,0,0,0],[0,0,0,0,0],[0,0,0,0,0],[0,0,0,0,0],[0,0,0,0,0]],"effectBurn":[null,"0","0","0","0","0","0","0","0","0","0"],"vars":[],"costType":" de {{ abilityresourcename }}","maxammo":"-1","range":[970,970,970,970,970],"rangeBurn":"970","image":{"full":"AhriQ.png","sprite":"spell0.png","group":"spell","x":96,"y":96,"w":48,"h":48},"resource":"{{ cost }} de {{ abilityresourcename }}"},{"id":"AhriW","name":"Fuego Zorruno","description":"Ahri obtiene un breve aumento de velocidad de movimiento y lanza tres fuegos zorrunos que siguen a enemigos cercanos para atacarlos.","tooltip":"Ahri desata 3 fuegos zorrunos que buscan enemigos cercanos e infligen <magicDamage>{{ singlefiredamage }} de daño mágico</magicDamage>, reducido a <magicDamage>{{ multifiredamage }} de daño</magicDamage> después del primero. También obtiene un <speed>{{ movementspeed*100 }}% de Velocidad de Movimiento</speed> que decae a lo largo de {{ movementspeedduration }} seg.{{ spellmodifierdescriptionappend }}","leveltip":{"label":["Daño","Enfriamiento"],"effect":["{{ basedamage }} -> {{ basedamageNL }}","{{ cooldown }} -> {{ cooldownNL }}"]},"maxrank":5,"cooldown":[9,8,7,6,5],"cooldownBurn":"9/8/7/6/5","cost":[30,30,30,30,30],"costBurn":"30","datavalues":{},"effect":[null,[0,0,0,0,0],[0,0,0,0,0],[0,0,0,0,0],[0,0,0,0,0],[0,0,0,0,0],[0,0,0,0,0],[0,0,0,0,0],[0,0,0,0,0],[0,0,0,0,0],[0,0,0,0,0]],"effectBurn":[null,"0","0","0","0","0","0","0","0","0","0"],"vars":[],"costType":" de {{ abilityresourcename }}","maxammo":"-1","range":[700,700,700,700,700],"rangeBurn":"700","image":{"full":"AhriW.png","sprite":"spell0.png","group":"spell","x":144,"y":96,"w":48,"h":48},"resource":"{{ cost }} de {{ abilityresourcename }}"},{"id":"AhriE","name":"Encanto","description":"Ahri lanza un beso que inflige daño y encanta al enemigo que alcance, lo que detiene las habilidades de movimiento al instante y causa que camine inofensivamente hacia ella.","tooltip":"Ahri lanza un beso que <status>Encanta</status> al primer enemigo alcanzado por {{ charmduration }} seg e inflige <magicDamage>{{ totaldamage }} de daño mágico</magicDamage>.{{ spellmodifierdescriptionappend }}","leveltip":{"label":["Daño","Duración"],"effect":["{{ basedamage }} -> {{ basedamageNL }}","{{ charmduration }} -> {{ charmdurationNL }}"]},"maxrank":5,"cooldown":[12,12,12,12,12],"cooldownBurn":"12","cost":[60,60,60,60,60],"costBurn":"60","datavalues":{},"effect":[null,[0,0,0,0,0],[0,0,0,0,0],[0,0,0,0,0],[0,0,0,0,0],[0,0,0,0,0],[0,0,0,0,0],[0,0,0,0,0],[0,0,0,0,0],[0,0,0,0,0],[0,0,0,0,0]],"effectBurn":[null,"0","0","0","0","0","0","0","0","0","0"],"vars":[],"costType":" de {{ abilityresourcename }}","maxammo":"-1","range":[975,975,975,975,975],"rangeBurn":"975","image":{"full":"AhriE.png","sprite":"spell0.png","group":"spell","x":192,"y":96,"w":48,"h":48},"resource":"{{ cost }} de {{ abilityresourcename }}"},{"id":"AhriR","name":"Impulso Espiritual","description":"Ahri se desplaza y dispara rayos de esencia que infligen daño a enemigos cercanos. Impulso Espiritual se puede lanzar hasta tres veces antes de entrar en enfriamiento y obtiene relanzamientos adicionales al derrotar a campeones enemigos.","tooltip":"Ahri se desplaza ágilmente y dispara {{ rmaxtargetspercast }} rayos de esencia a enemigos cercanos. Prioriza a campeones. Estos rayos infligen <magicDamage>{{ rcalculateddamage }} de daño mágico</magicDamage> cada uno. Impulso Espiritual puede volver a lanzarse hasta 2 veces más en un lapso de {{ rrecastwindow }} seg.<br /><br />Consumir la Esencia de un campeón con Ladrona de Esencias durante este periodo extiende el tiempo para volver lanzar por {{ pdurationextension }} seg y otorga un lanzamiento adicional de Impulso Espiritual (máximo {{ rmaxcasts }} lanzamientos almacenados).{{ spellmodifierdescriptionappend }}","leveltip":{"label":["Daño","Enfriamiento"],"effect":["{{ rbasedamage }} -> {{ rbasedamageNL }}","{{ cooldown }} -> {{ cooldownNL }}"]},"maxrank":3,"cooldown":[130,105,80],"cooldownBurn":"130/105/80","cost":[100,100,100],"costBurn":"100","datavalues":{},"effect":[null,[0,0,0],[0,0,0],[0,0,0],[0,0,0],[0,0,0],[0,0,0],[0,0,0],[0,0,0],[0,0,0],[0,0,0]],"effectBurn":[null,"0","0","0","0","0","0","0","0","0","0"],"vars":[],"costType":" de {{ abilityresourcename }}","maxammo":"-1","range":[450,450,450],"rangeBurn":"450","image":{"full":"AhriR.png","sprite":"spell0.png","group":"spell","x":240,"y":96,"w":48,"h":48},"resource":"{{ cost }} de {{ abilityresourcename }}"}],"passive":{"name":"Ladrona de Esencias","description":"Ahri se cura tras matar 9 súbditos o monstruos.<br>Ahri se cura un mayor porcentaje tras derrotar a un campeón enemigo.","image":{"full":"Ahri_SoulEater2.png","sprite":"passive0.png","group":"passive","x":48,"y":0,"w":48,"h":48}},"recommended":[]}}}