{"type":"champion","format":"standAloneComplex","version":"14.3.1","data":{"Akali":{"id":"Akali","key":"84","name":"Akali","title":"la Asesina Furtiva","image":{"full":"Akali.png","sprite":"champion0.png","group":"champion","x":96,"y":0,"w":48,"h":48},"skins":[{"id":"84000","num":0,"name":"default","chromas":false},{"id":"84001","num":1,"name":"Akali Aguijón","chromas":false},{"id":"84002","num":2,"name":"Akali Infernal","chromas":false},{"id":"84003","num":3,"name":"Akali Supercampeona","chromas":false},{"id":"84004","num":4,"name":"Enfermera Akali","chromas":true},{"id":"84005","num":5,"name":"Akali Luna de Sangre","chromas":false},{"id":"84006","num":6,"name":"Akali Colmillo de Plata","chromas":false},{"id":"84007","num":7,"name":"Akali Cazadora de Cabezas","chromas":true},{"id":"84008","num":8,"name":"Akali Sashimi","chromas":false},{"id":"84009","num":9,"name":"Akali K/DA","chromas":false},{"id":"84013","num":13,"name":"Akali K/DA Prestigiosa","chromas":false},{"id":"84014","num":14,"name":"PROYECTO: Akali","chromas":true},{"id":"84015","num":15,"name":"Akali True Damage","chromas":true},{"id":"84032","num":32,"name":"Akali K/DA ALL OUT","chromas":true},{"id":"84050","num":50,"name":"Akali Pesadilla en la Ciudad del Crimen","chromas":false},{"id":"84060","num":60,"name":"Akali K/DA Prestigiosa (2022)","chromas":false},{"id":"84061","num":61,"name":"Akali Guardiana Estelar","chromas":false},{"id":"84068","num":68,"name":"Akali DRX","chromas":false},{"id":"84070","num":70,"name":"Akali Aquelarre","chromas":false},{"id":"84071","num":71,"name":"Akali Aquelarre Prestigiosa","chromas":true}],"lore":"Tras renunciar a la Orden Kinkou y a su título como el Puño de la Sombra, Akali pelea a solas, lista para ser el arma letal que su pueblo necesita. Aunque conserva todo lo que aprendió de su maestro Shen, juró defender a Jonia de sus enemigos... una víctima a la vez. Puede que Akali ataque en silencio, pero su mensaje resonará con fuerza y claridad: témanle a la asesina sin maestro.","blurb":"Tras renunciar a la Orden Kinkou y a su título como el Puño de la Sombra, Akali pelea a solas, lista para ser el arma letal que su pueblo necesita. Aunque conserva todo lo que aprendió de su maestro Shen, juró defender a Jonia de sus enemigos... una...","allytips":["Akali destaca a la hora de matar enemigos frágiles. Deja que tu equipo inicie el combate y después ataca por la espalda.","Manto Crepuscular ofrece momentos de seguridad hasta en la situaciones más peligrosas. Usa ese tiempo para ahorrar energía y desatar un ataque veloz justo después."],"enemytips":["Akali puede recibir daño de hechizos de área de efecto aun estando oscurecida dentro de Manto Crepuscular. Si esto sucede, su posición quedará revelada por unos momentos.","Ráfaga de los Cinco Filos es más poderosa cuando se usa con el máximo de alcance y energía. Atácala cuando tenga poca energía para maximizar tu probabilidad de ganar los intercambios.","Regresa a base si tienes poca vida y Akali tiene su definitiva disponible."],"tags":["Assassin"],"partype":"Energía","info":{"attack":5,"defense":3,"magic":8,"difficulty":7},"stats":{"hp":570,"hpperlevel":119,"mp":200,"mpperlevel":0,"movespeed":345,"armor":23,"armorperlevel":4.7,"spellblock":37,"spellblockperlevel":2.05,"attackrange":125,"hpregen":9,"hpregenperlevel":0.9,"mpregen":50,"mpregenperlevel":0,"crit":0,"critperlevel":0,"attackdamage":62,"attackdamageperlevel":3.3,"attackspeedperlevel":3.2,"attackspeed":0.625},"spells":[{"id":"AkaliQ","name":"Ráfaga de los Cinco Filos","description":"Akali arroja cinco kunai que ralentizan e infligen daño según su daño de ataque y su poder de habilidad adicionales.","tooltip":"Akali lanza varios kunai en un arco, lo que inflige <magicDamage>{{ damage }} de daño mágico</magicDamage> y <status>ralentiza</status> a los enemigos en la punta un {{ slowpercentage*100 }}% durante {{ slowduration }} seg.{{ spellmodifierdescriptionappend }}","leveltip":{"label":["Costo de @AbilityResourceName@","Daño"],"effect":["{{ cost }} -> {{ costNL }}","{{ basedamagenamed }} -> {{ basedamagenamedNL }}"]},"maxrank":5,"cooldown":[1.5,1.5,1.5,1.5,1.5],"cooldownBurn":"1.5","cost":[110,100,90,80,70],"costBurn":"110/100/90/80/70","datavalues":{},"effect":[null,[0,0,0,0,0],[0,0,0,0,0],[0,0,0,0,0],[0,0,0,0,0],[0,0,0,0,0],[0,0,0,0,0],[0,0,0,0,0],[0,0,0,0,0],[0,0,0,0,0],[0,0,0,0,0]],"effectBurn":[null,"0","0","0","0","0","0","0","0","0","0"],"vars":[],"costType":" de {{ abilityresourcename }}","maxammo":"-1","range":[550,550,550,550,550],"rangeBurn":"550","image":{"full":"AkaliQ.png","sprite":"spell0.png","group":"spell","x":288,"y":96,"w":48,"h":48},"resource":"{{ cost }} de {{ abilityresourcename }}"},{"id":"AkaliW","name":"Manto Crepuscular","description":"Akali desata una cortina de humo y obtiene velocidad de movimiento por un momento. Al estar dentro del manto, Akali se vuelve invisible y no puede ser alcanzada por hechizos y ataques enemigos. Quedará revelada por un instante si ataca o usa habilidades.  ","tooltip":"Akali lanza una bomba de humo, la cual libera una nube de humo que dura {{ baseduration }} seg y le otorga un <speed>{{ e6 }}% de Velocidad de Movimiento</speed> que decae a lo largo de {{ movementspeedduration }} seg.<br /><br />La Energía máx. de Akali aumenta en {{ energyrestore }} mientras el manto esté activo. <br /><br />Mientras está dentro del humo, Akali es <keywordStealth>invisible</keywordStealth>.{{ spellmodifierdescriptionappend }}","leveltip":{"label":["Velocidad de movimiento","Duración"],"effect":["{{ movementspeed }}% -> {{ movementspeedNL }}%","{{ baseduration }} -> {{ basedurationNL }}"]},"maxrank":5,"cooldown":[20,20,20,20,20],"cooldownBurn":"20","cost":[0,0,0,0,0],"costBurn":"0","datavalues":{},"effect":[null,[140,140,140,140,140],[4,4,4,4,4],[0,0,0,0,0],[250,250,250,250,250],[60,65,70,75,80],[30,35,40,45,50],[1,1,1,1,1],[0,0,0,0,0],[5,5.5,6,6.5,7],[0,0,0,0,0]],"effectBurn":[null,"140","4","0","250","60/65/70/75/80","30/35/40/45/50","1","0","5/5.5/6/6.5/7","0"],"vars":[],"costType":" de Energía","maxammo":"-1","range":[350,350,350,350,350],"rangeBurn":"350","image":{"full":"AkaliW.png","sprite":"spell0.png","group":"spell","x":336,"y":96,"w":48,"h":48},"resource":"Restaura {{ energyrestore }} de Energía"},{"id":"AkaliE","name":"Maniobra de Shuriken","description":"Realiza una voltereta hacia atrás y arroja un shuriken hacia adelante que inflige daño mágico. El primer enemigo o nube de humo impactados quedan marcados. Vuelve a lanzarlo para desplazarte hacia el objetivo marcado e infligir daño adicional.","tooltip":"Akali realiza una voltereta hacia atrás mientras lanza un shuriken, lo que inflige <magicDamage>{{ e1damage }} de daño mágico</magicDamage> y marca al primer enemigo o nube de humo alcanzados. Akali puede <recast>volver a lanzar</recast> esta habilidad una vez para desplazarse al objetivo marcado, lo que inflige <magicDamage>{{ e2damagecalc }} de daño mágico</magicDamage>.{{ spellmodifierdescriptionappend }}","leveltip":{"label":["Enfriamiento","Daño básico"],"effect":["{{ cooldown }} -> {{ cooldownNL }}","{{ basedamage }} -> {{ basedamageNL }}"]},"maxrank":5,"cooldown":[16,14.5,13,11.5,10],"cooldownBurn":"16/14.5/13/11.5/10","cost":[30,30,30,30,30],"costBurn":"30","datavalues":{},"effect":[null,[50,75,100,125,150],[400,400,400,400,400],[0,0,0,0,0],[0,0,0,0,0],[0,0,0,0,0],[0,0,0,0,0],[0,0,0,0,0],[0,0,0,0,0],[0,0,0,0,0],[0,0,0,0,0]],"effectBurn":[null,"50/75/100/125/150","400","0","0","0","0","0","0","0","0"],"vars":[],"costType":" de {{ abilityresourcename }}","maxammo":"-1","range":[825,825,825,825,825],"rangeBurn":"825","image":{"full":"AkaliE.png","sprite":"spell0.png","group":"spell","x":384,"y":96,"w":48,"h":48},"resource":"{{ cost }} de {{ abilityresourcename }}"},{"id":"AkaliR","name":"Ejecución Perfecta","description":"Akali salta hacia una dirección para infligir daño a los enemigos alcanzados. Relanzamiento: Akali se desplaza en una dirección y ejecuta a todos los enemigos alcanzados.","tooltip":"Akali salta sobre un campeón enemigo, lo que inflige <magicDamage>{{ cast1damage }} de daño mágico</magicDamage> a todos los enemigos en su camino. <br /><br />Akali puede <recast>volver a lanzar</recast> la habilidad después de {{ cooldownbetweencasts }} seg para ejecutar un desplazamiento perforante que inflige de <magicDamage>{{ cast2damagemin }}</magicDamage> a <magicDamage>{{ cast2damagemax }} de daño mágico</magicDamage> según la Vida faltante.{{ spellmodifierdescriptionappend }}","leveltip":{"label":["Enfriamiento","Daño básico","Daño máximo"],"effect":["{{ cooldown }} -> {{ cooldownNL }}","{{ basedamage }} -> {{ basedamageNL }}","{{ r2basedamage*3.000000 }} -> {{ r2basedamagenl*3.000000 }}"]},"maxrank":3,"cooldown":[100,80,60],"cooldownBurn":"100/80/60","cost":[0,0,0],"costBurn":"0","datavalues":{},"effect":[null,[60,120,180],[3,3,3],[1,1,1],[0,0,0],[0,0,0],[0,0,0],[0,0,0],[0,0,0],[0,0,0],[120,100,80]],"effectBurn":[null,"60/120/180","3","1","0","0","0","0","0","0","120/100/80"],"vars":[],"costType":"Sin costo","maxammo":"-1","range":[675,675,675],"rangeBurn":"675","image":{"full":"AkaliR.png","sprite":"spell0.png","group":"spell","x":432,"y":96,"w":48,"h":48},"resource":"Sin costo"}],"passive":{"name":"Marca de la Asesina","description":"Al infligir daño de hechizos a un campeón, se crea un anillo de energía a su alrededor. Al salir de ese anillo, potencia el siguiente ataque de Akali con alcance y daño adicionales.","image":{"full":"Akali_P.png","sprite":"passive0.png","group":"passive","x":96,"y":0,"w":48,"h":48}},"recommended":[]}}}