{"type":"champion","format":"standAloneComplex","version":"14.3.1","data":{"Akshan":{"id":"Akshan","key":"166","name":"Akshan","title":"el Centinela Rebelde","image":{"full":"Akshan.png","sprite":"champion0.png","group":"champion","x":144,"y":0,"w":48,"h":48},"skins":[{"id":"166000","num":0,"name":"default","chromas":false},{"id":"166001","num":1,"name":"Akshan Ciber Pop","chromas":true},{"id":"166010","num":10,"name":"Akshan Rosa de Cristal","chromas":true},{"id":"166020","num":20,"name":"Akshan Tres Honores","chromas":false}],"lore":"Con una ceja levantada frente al peligro, Akshan pelea contra el mal con un carisma deslumbrante, una venganza justiciera y una llamativa falta de camisas. Con gran habilidad en el arte del combate furtivo, es capaz de evadir a sus enemigos y reaparecer cuando menos se lo esperan. Con un profundo sentido de la justicia y un arma legendaria que desafía a la muerte, corrige las injusticias cometidas por los rufianes de Runaterra mientras se rige por su propio código moral: ''No seas un imbécil''.","blurb":"Con una ceja levantada frente al peligro, Akshan pelea contra el mal con un carisma deslumbrante, una venganza justiciera y una llamativa falta de camisas. Con gran habilidad en el arte del combate furtivo, es capaz de evadir a sus enemigos y reaparecer...","allytips":["Con una ceja levantada frente al peligro, Akshan pelea contra el mal con un carisma deslumbrante, una venganza justiciera y una llamativa falta de camisas. Con gran habilidad en el arte del combate furtivo, es capaz de evadir a sus enemigos y reaparecer cuando menos se lo esperan. Con un profundo sentido de la justicia y un arma legendaria que desafía a la muerte, corrige las injusticias cometidas por los rufianes de Runaterra mientras se rige por su propio código moral: ''No seas un imbécil''."],"enemytips":[],"tags":["Marksman","Assassin"],"partype":"Maná","info":{"attack":0,"defense":0,"magic":0,"difficulty":0},"stats":{"hp":630,"hpperlevel":107,"mp":350,"mpperlevel":40,"movespeed":330,"armor":26,"armorperlevel":4.7,"spellblock":30,"spellblockperlevel":1.3,"attackrange":500,"hpregen":3.75,"hpregenperlevel":0.65,"mpregen":8.2,"mpregenperlevel":0.7,"crit":0,"critperlevel":0,"attackdamage":52,"attackdamageperlevel":3,"attackspeedperlevel":4,"attackspeed":0.638},"spells":[{"id":"AkshanQ","name":"Venganzarang","description":"Akshan lanza un búmeran que inflige daño de ida y vuelta, el búmeran extiende su alcance cada vez que golpea a un enemigo.","tooltip":"Akshan lanza un búmeran que inflige <physicalDamage>{{ finaldamage }} de Daño Físico</physicalDamage> y cuyo alcance se extiende cada vez que impacta a un enemigo.<br /><br />Los impactos a campeones le otorgan a Akshan <speed>{{ totalhaste }} de Velocidad de Movimiento</speed> que decae a lo largo de {{ hasteduration }} seg.{{ spellmodifierdescriptionappend }}","leveltip":{"label":["Enfriamiento","Costo de @AbilityResourceName@","Daño","% de daño a súbditos","Velocidad de movimiento"],"effect":["{{ cooldown }} -> {{ cooldownNL }}","{{ cost }} -> {{ costNL }}","{{ basedamage }} -> {{ basedamageNL }}","{{ secondarytargetdamage*100.000000 }}% -> {{ secondarytargetdamagenl*100.000000 }}%","{{ hastevalue*100.000000 }}% -> {{ hastevaluenl*100.000000 }}%"]},"maxrank":5,"cooldown":[8,7.25,6.5,5.75,5],"cooldownBurn":"8/7.25/6.5/5.75/5","cost":[60,65,70,75,80],"costBurn":"60/65/70/75/80","datavalues":{},"effect":[null,[0,0,0,0,0],[0,0,0,0,0],[0,0,0,0,0],[0,0,0,0,0],[0,0,0,0,0],[0,0,0,0,0],[0,0,0,0,0],[0,0,0,0,0],[0,0,0,0,0],[0,0,0,0,0]],"effectBurn":[null,"0","0","0","0","0","0","0","0","0","0"],"vars":[],"costType":" de {{ abilityresourcename }}","maxammo":"-1","range":[850,850,850,850,850],"rangeBurn":"850","image":{"full":"AkshanQ.png","sprite":"spell0.png","group":"spell","x":0,"y":144,"w":48,"h":48},"resource":"{{ cost }} de {{ abilityresourcename }}"},{"id":"AkshanW","name":"Contra las Reglas","description":"Akshan marca de forma pasiva a los campeones enemigos como Rufianes si matan a un campeón aliado. Si Akshan mata a un Rufián, resucita a los aliados que mató, obtiene oro adicional y borra todas las marcas.<br><br>Cuando se activa, Akshan se camufla y obtiene velocidad de movimiento y regeneración de maná al moverse hacia los Rufianes. Akshan perderá el camuflaje rápidamente cuando no esté en maleza o cerca de terreno.","tooltip":"{{ Spell_AkshanW_Tooltip_{{ gamemodeinteger }} }}{{ spellmodifierdescriptionappend }}","leveltip":{"label":["Enfriamiento","Costo de @AbilityResourceName@","Velocidad de movimiento"],"effect":["{{ cooldown }} -> {{ cooldownNL }}","{{ cost }} -> {{ costNL }}","{{ msvalue }} -> {{ msvalueNL }}"]},"maxrank":5,"cooldown":[18,14,10,6,2],"cooldownBurn":"18/14/10/6/2","cost":[40,30,20,10,0],"costBurn":"40/30/20/10/0","datavalues":{},"effect":[null,[0,0,0,0,0],[0,0,0,0,0],[0,0,0,0,0],[0,0,0,0,0],[0,0,0,0,0],[0,0,0,0,0],[0,0,0,0,0],[0,0,0,0,0],[0,0,0,0,0],[0,0,0,0,0]],"effectBurn":[null,"0","0","0","0","0","0","0","0","0","0"],"vars":[],"costType":" de {{ abilityresourcename }}","maxammo":"-1","range":[5500,5500,5500,5500,5500],"rangeBurn":"5500","image":{"full":"AkshanW.png","sprite":"spell0.png","group":"spell","x":48,"y":144,"w":48,"h":48},"resource":"{{ cost }} de {{ abilityresourcename }}"},{"id":"AkshanE","name":"Pirueta Heroica","description":"Akshan lanza un gancho que se clava en el terreno y luego hace una pirueta; mientras lo hace, dispara repetidamente contra el enemigo más cercano. Akshan puede saltar de la cuerda antes para terminar la pirueta y se soltará antes si choca contra un campeón enemigo o terreno.","tooltip":"<spellActive>Primer lanzamiento:</spellActive> Akshan lanza un gancho que se clava en el primer terreno alcanzado.<br /><br /><spellActive>Segundo lanzamiento:</spellActive> Akshan se balancea alrededor del terreno para disparar repetidamente contra el enemigo más cercano e infligir <physicalDamage>{{ asmoddamagetodeal }} de daño físico</physicalDamage> por disparo.<br /><br /><spellActive>Tercer lanzamiento:</spellActive> Akshan se suelta de la cuerda para realizar un último disparo.<br /><br />La pirueta terminará antes si choca contra un campeón enemigo o terreno.<br /><br />Los derribos de campeones restablecen el enfriamiento de esta habilidad.{{ spellmodifierdescriptionappend }}","leveltip":{"label":["Enfriamiento","Daño"],"effect":["{{ cooldown }} -> {{ cooldownNL }}","{{ basedamage }} -> {{ basedamageNL }}"]},"maxrank":5,"cooldown":[18,16.5,15,13.5,12],"cooldownBurn":"18/16.5/15/13.5/12","cost":[70,70,70,70,70],"costBurn":"70","datavalues":{},"effect":[null,[0,0,0,0,0],[0,0,0,0,0],[0,0,0,0,0],[0,0,0,0,0],[0,0,0,0,0],[0,0,0,0,0],[0,0,0,0,0],[0,0,0,0,0],[0,0,0,0,0],[0,0,0,0,0]],"effectBurn":[null,"0","0","0","0","0","0","0","0","0","0"],"vars":[],"costType":" de {{ abilityresourcename }}","maxammo":"-1","range":[800,800,800,800,800],"rangeBurn":"800","image":{"full":"AkshanE.png","sprite":"spell0.png","group":"spell","x":96,"y":144,"w":48,"h":48},"resource":"{{ cost }} de {{ abilityresourcename }}"},{"id":"AkshanR","name":"Tu Merecido","description":"Akshan apunta a un campeón enemigo y empieza a almacenar balas. Al liberar la carga, dispara todas las balas almacenadas, lo que inflige daño según la vida faltante al primer campeón, súbdito o estructura alcanzado.","tooltip":"Akshan apunta a un campeón y empieza a sobrecargar su arma hasta por {{ channelduration }} seg para almacenar hasta {{ numberofbullets }} balas.<br /><br /><recast>Relanzamiento:</recast> Akshan dispara las balas almacenadas. Cada una inflige al menos <physicalDamage>{{ damageperbulletwithcrit }} de daño físico</physicalDamage> al primer enemigo o estructura que impacte, y aumenta hasta <physicalDamage>{{ maxdamageperbullet }} de daño físico</physicalDamage> según la vida faltante.{{ spellmodifierdescriptionappend }}","leveltip":{"label":["Enfriamiento","Máximo de balas","Daño"],"effect":["{{ cooldown }} -> {{ cooldownNL }}","{{ numberofbullets }} -> {{ numberofbulletsNL }}","{{ bonusdamage }} -> {{ bonusdamageNL }}"]},"maxrank":3,"cooldown":[100,85,70],"cooldownBurn":"100/85/70","cost":[100,100,100],"costBurn":"100","datavalues":{},"effect":[null,[0,0,0],[0,0,0],[0,0,0],[0,0,0],[0,0,0],[0,0,0],[0,0,0],[0,0,0],[0,0,0],[0,0,0]],"effectBurn":[null,"0","0","0","0","0","0","0","0","0","0"],"vars":[],"costType":" de {{ abilityresourcename }}","maxammo":"-1","range":[2500,2500,2500],"rangeBurn":"2500","image":{"full":"AkshanR.png","sprite":"spell0.png","group":"spell","x":144,"y":144,"w":48,"h":48},"resource":"{{ cost }} de {{ abilityresourcename }}"}],"passive":{"name":"Pelea Sucio","description":"Cada tercer impacto de ataques o habilidades de Akshan inflige daño adicional y le otorga un escudo si el objetivo era un campeón.<br><br>Cuando Akshan ataca, lanza un ataque adicional con daño reducido. Si cancela el ataque adicional, obtendrá velocidad de movimiento en su lugar.","image":{"full":"akshan_p.png","sprite":"passive0.png","group":"passive","x":144,"y":0,"w":48,"h":48}},"recommended":[]}}}