{"type":"champion","format":"standAloneComplex","version":"14.3.1","data":{"Alistar":{"id":"Alistar","key":"12","name":"Alistar","title":"el Minotauro","image":{"full":"Alistar.png","sprite":"champion0.png","group":"champion","x":192,"y":0,"w":48,"h":48},"skins":[{"id":"12000","num":0,"name":"default","chromas":false},{"id":"12001","num":1,"name":"Alistar Negro","chromas":false},{"id":"12002","num":2,"name":"Alistar Dorado","chromas":false},{"id":"12003","num":3,"name":"Alistar Matador","chromas":false},{"id":"12004","num":4,"name":"Alistar Cuernoslargos","chromas":false},{"id":"12005","num":5,"name":"Alistar Desencadenado","chromas":false},{"id":"12006","num":6,"name":"Alistar Infernal","chromas":false},{"id":"12007","num":7,"name":"Alistar Leñero","chromas":false},{"id":"12008","num":8,"name":"Alistar Merodeador","chromas":false},{"id":"12009","num":9,"name":"Alistar SKT T1","chromas":false},{"id":"12010","num":10,"name":"Alistar Vaquita Mu","chromas":true},{"id":"12019","num":19,"name":"Alistar Hextech","chromas":false},{"id":"12020","num":20,"name":"Alistar Conquistador","chromas":true},{"id":"12022","num":22,"name":"Alistar Escarcha Negra","chromas":true},{"id":"12029","num":29,"name":"Alistar Bestia Lunar","chromas":true}],"lore":"Alistar, que desde siempre fue un gran guerrero con una temible reputación, busca venganza por la muerte de su clan a manos del imperio noxiano. Aunque haya sido esclavizado y forzado a tener una vida de gladiador, su voluntad inquebrantable fue lo que impidió que se convirtiera en una bestia completamente. Ahora, libre de las cadenas de sus anteriores amos, pelea en nombre de los desamparados y desprotegidos usando tanto su furia como sus cuernos, pezuñas y puños como armas.","blurb":"Alistar, que desde siempre fue un gran guerrero con una temible reputación, busca venganza por la muerte de su clan a manos del imperio noxiano. Aunque haya sido esclavizado y forzado a tener una vida de gladiador, su voluntad inquebrantable fue lo que...","allytips":["Pulverizar te ayudará a colocarte mejor para el Testarazo.","La Velocidad de Movimiento es muy importante con Alistar. Elige con cuidado las botas que vas a comprar.","Si usas Destello puedes coger a tu objetivo desprevenido y ponerlo en manos de tus aliados con Pulverizar y Testarazo."],"enemytips":["Alistar es molesto como duro. Intenta centrarte en atacantes más frágiles.","Ten cuidado con la combinación Pulverizar-Testarazo cuando estés cerca de alguna torreta.","Cuando Alistar usa su habilidad definitiva, es mejor retirarse y esperar a atacarlo cuando los efectos pasen."],"tags":["Tank","Support"],"partype":"Maná","info":{"attack":6,"defense":9,"magic":5,"difficulty":7},"stats":{"hp":685,"hpperlevel":120,"mp":350,"mpperlevel":40,"movespeed":330,"armor":47,"armorperlevel":4.7,"spellblock":32,"spellblockperlevel":2.05,"attackrange":125,"hpregen":8.5,"hpregenperlevel":0.85,"mpregen":8.5,"mpregenperlevel":0.8,"crit":0,"critperlevel":0,"attackdamage":62,"attackdamageperlevel":3.75,"attackspeedperlevel":2.125,"attackspeed":0.625},"spells":[{"id":"Pulverize","name":"Pulverizar","description":"Alistar aplasta el suelo, lo que inflige daño a los enemigos cercanos y los lanza por el aire.","tooltip":"Alistar golpea el suelo, <status>lanza por el aire</status> a los enemigos durante {{ knockupduration }} seg e inflige <magicDamage>{{ totaldamage }} de daño mágico</magicDamage>.{{ spellmodifierdescriptionappend }}","leveltip":{"label":["Enfriamiento","Costo de @AbilityResourceName@","Daño"],"effect":["{{ cooldown }} -> {{ cooldownNL }}","{{ cost }} -> {{ costNL }}","{{ basedamage }} -> {{ basedamageNL }}"]},"maxrank":5,"cooldown":[14,13,12,11,10],"cooldownBurn":"14/13/12/11/10","cost":[50,55,60,65,70],"costBurn":"50/55/60/65/70","datavalues":{},"effect":[null,[0,0,0,0,0],[0,0,0,0,0],[0,0,0,0,0],[0,0,0,0,0],[0,0,0,0,0],[0,0,0,0,0],[0,0,0,0,0],[0,0,0,0,0],[0,0,0,0,0],[0,0,0,0,0]],"effectBurn":[null,"0","0","0","0","0","0","0","0","0","0"],"vars":[],"costType":" de {{ abilityresourcename }}","maxammo":"-1","range":[365,365,365,365,365],"rangeBurn":"365","image":{"full":"Pulverize.png","sprite":"spell0.png","group":"spell","x":192,"y":144,"w":48,"h":48},"resource":"{{ cost }} de {{ abilityresourcename }}"},{"id":"Headbutt","name":"Testarazo","description":"Alistar propina un cabezazo al objetivo, dañándolo y empujándolo hacia atrás.","tooltip":"Alistar embiste contra un enemigo, lo <status>lanza</status> hacia <status>atrás</status> y le inflige <magicDamage>{{ totaldamage }} de daño mágico</magicDamage>.{{ spellmodifierdescriptionappend }}","leveltip":{"label":["Enfriamiento","Costo de @AbilityResourceName@","Daño"],"effect":["{{ cooldown }} -> {{ cooldownNL }}","{{ cost }} -> {{ costNL }}","{{ damage }} -> {{ damageNL }}"]},"maxrank":5,"cooldown":[14,13,12,11,10],"cooldownBurn":"14/13/12/11/10","cost":[50,55,60,65,70],"costBurn":"50/55/60/65/70","datavalues":{},"effect":[null,[0,0,0,0,0],[0,0,0,0,0],[700,700,700,700,700],[0.75,0.75,0.75,0.75,0.75],[0,0,0,0,0],[0,0,0,0,0],[0,0,0,0,0],[0,0,0,0,0],[0,0,0,0,0],[0,0,0,0,0]],"effectBurn":[null,"0","0","700","0.75","0","0","0","0","0","0"],"vars":[],"costType":" de {{ abilityresourcename }}","maxammo":"-1","range":[650,650,650,650,650],"rangeBurn":"650","image":{"full":"Headbutt.png","sprite":"spell0.png","group":"spell","x":240,"y":144,"w":48,"h":48},"resource":"{{ cost }} de {{ abilityresourcename }}"},{"id":"AlistarE","name":"Pisotear","description":"Alistar atropella a las unidades enemigas cercanas. Ignora la colisión con unidades y obtiene acumulaciones si daña a un campeón enemigo. Cuando tenga el máx. de acumulaciones, el siguiente ataque básico de Alistar contra un campeón enemigo infligirá daño mágico adicional y lo aturdirá.","tooltip":"Alistar comienza a pisotear el suelo, se vuelve Fantasma e inflige <magicDamage>{{ totaldamage }} e daño mágico</magicDamage> a lo largo de {{ e3 }} seg a los enemigos cercanos. Cada pulso que inflige daño a un campeón otorga una acumulación.<br /><br />Al tener {{ e5 }} acumulaciones, el próximo ataque de Alistar a campeones <status>aturde</status> por {{ e6 }} seg e inflige <magicDamage>{{ attackbonusdamage }} de daño mágico</magicDamage> adicional.{{ spellmodifierdescriptionappend }}","leveltip":{"label":["Enfriamiento","Costo de @AbilityResourceName@","Daño"],"effect":["{{ cooldown }} -> {{ cooldownNL }}","{{ cost }} -> {{ costNL }}","{{ e1 }} -> {{ e1NL }}"]},"maxrank":5,"cooldown":[12,11.5,11,10.5,10],"cooldownBurn":"12/11.5/11/10.5/10","cost":[50,55,60,65,70],"costBurn":"50/55/60/65/70","datavalues":{},"effect":[null,[80,110,140,170,200],[50,50,50,50,50],[5,5,5,5,5],[350,350,350,350,350],[5,5,5,5,5],[1,1,1,1,1],[5,5,5,5,5],[20,20,20,20,20],[15,15,15,15,15],[0,0,0,0,0]],"effectBurn":[null,"80/110/140/170/200","50","5","350","5","1","5","20","15","0"],"vars":[],"costType":" de {{ abilityresourcename }}","maxammo":"-1","range":[350,350,350,350,350],"rangeBurn":"350","image":{"full":"AlistarE.png","sprite":"spell0.png","group":"spell","x":288,"y":144,"w":48,"h":48},"resource":"{{ cost }} de {{ abilityresourcename }}"},{"id":"FerociousHowl","name":"Voluntad Inquebrantable","description":"Alistar desata un rugido salvaje, lo que elimina todos los efectos de control de masas en él y reduce el daño físico y mágico que recibe mientras dura el efecto.","tooltip":"Alistar disipa inmediatamente todos los efectos <status>inhabilitantes</status> y recibe un {{ rdamagereduction }}% de daño reducido durante {{ rduration }} seg.{{ spellmodifierdescriptionappend }}","leveltip":{"label":["Enfriamiento","Reducción de daño"],"effect":["{{ cooldown }} -> {{ cooldownNL }}","{{ rdamagereduction }}% -> {{ rdamagereductionNL }}%"]},"maxrank":3,"cooldown":[120,100,80],"cooldownBurn":"120/100/80","cost":[100,100,100],"costBurn":"100","datavalues":{},"effect":[null,[0,0,0],[0,0,0],[0,0,0],[0,0,0],[0,0,0],[0,0,0],[0,0,0],[0,0,0],[0,0,0],[0,0,0]],"effectBurn":[null,"0","0","0","0","0","0","0","0","0","0"],"vars":[],"costType":" de {{ abilityresourcename }}","maxammo":"-1","range":[1,1,1],"rangeBurn":"1","image":{"full":"FerociousHowl.png","sprite":"spell0.png","group":"spell","x":336,"y":144,"w":48,"h":48},"resource":"{{ cost }} de {{ abilityresourcename }}"}],"passive":{"name":"Rugido Triunfal","description":"Alistar carga su rugido al aturdir o desplazar campeones enemigos, o cuando mueren enemigos cercanos. Al cargarse al máximo, se cura a sí mismo y a todos los campeones aliados cercanos.","image":{"full":"Alistar_E.png","sprite":"passive0.png","group":"passive","x":192,"y":0,"w":48,"h":48}},"recommended":[]}}}