{"type":"champion","format":"standAloneComplex","version":"14.3.1","data":{"Amumu":{"id":"Amumu","key":"32","name":"Amumu","title":"la Momia Triste","image":{"full":"Amumu.png","sprite":"champion0.png","group":"champion","x":240,"y":0,"w":48,"h":48},"skins":[{"id":"32000","num":0,"name":"default","chromas":false},{"id":"32001","num":1,"name":"Faraón Amumu","chromas":false},{"id":"32002","num":2,"name":"Amumu de Vancouver","chromas":false},{"id":"32003","num":3,"name":"Emumu","chromas":false},{"id":"32004","num":4,"name":"Amumu Regalo Reciclado","chromas":false},{"id":"32005","num":5,"name":"Amumu Casi Chambelán","chromas":false},{"id":"32006","num":6,"name":"Amumu Caballerito Andante","chromas":false},{"id":"32007","num":7,"name":"Amumu Robot Triste","chromas":false},{"id":"32008","num":8,"name":"Amumu Fiesta Sorpresa","chromas":true},{"id":"32017","num":17,"name":"Amumu Infernal","chromas":true},{"id":"32023","num":23,"name":"Amumu Hextech","chromas":false},{"id":"32024","num":24,"name":"Amumu Príncipe Calabaza","chromas":true},{"id":"32034","num":34,"name":"Amumu de Porcelana","chromas":true},{"id":"32044","num":44,"name":"Amumu Mal de Amores","chromas":true}],"lore":"Cuenta la leyenda que Amumu es un alma solitaria y melancólica de la antigua Shurima que vaga por el mundo en busca de un amigo. Una antigua maldición lo condenó a permanecer solo por toda la eternidad. Sus caricias son la muerte, su afecto es la ruina. Quienes afirman haberlo visto lo describen como un cadáver viviente de corta estatura envuelto en vendajes. Amumu ha sido la inspiración de mitos, canciones y folclore que se han contado una y otra vez a lo largo de generaciones, tanto que es imposible separar la verdad de la ficción.","blurb":"Cuenta la leyenda que Amumu es un alma solitaria y melancólica de la antigua Shurima que vaga por el mundo en busca de un amigo. Una antigua maldición lo condenó a permanecer solo por toda la eternidad. Sus caricias son la muerte, su afecto es la ruina...","allytips":["Amumu depende en gran medida de sus compañeros; procura colocarte en el carril de tus amigos para ser más eficaz.","La Reducción de Enfriamiento de Amumu es muy acusada, pero suele ser difícil de detallar. Emplea la mejora de gólem siempre que puedas para ganar Reducción de Enfriamiento sin perjudicar tus estadísticas.","Desesperanza es muy útil contra los demás tanques; asegúrate de colocarte al alcance de los oponentes con más Vida."],"enemytips":["Evita apiñarte con otros aliados si Amumu tiene su habilidad definitiva disponible.","Los movimientos erráticos y ocultarse tras oleadas de criaturas pueden dificultar a Amumu el Lanzamiento de Vendas.","La Desesperanza de Amumu hace que la compra de objetos de Vida sea una propuesta arriesgada."],"tags":["Tank","Mage"],"partype":"Maná","info":{"attack":2,"defense":6,"magic":8,"difficulty":3},"stats":{"hp":685,"hpperlevel":94,"mp":285,"mpperlevel":40,"movespeed":335,"armor":30,"armorperlevel":4,"spellblock":32,"spellblockperlevel":2.05,"attackrange":125,"hpregen":9,"hpregenperlevel":0.85,"mpregen":7.4,"mpregenperlevel":0.55,"crit":0,"critperlevel":0,"attackdamage":53,"attackdamageperlevel":3.8,"attackspeedperlevel":2.18,"attackspeed":0.736},"spells":[{"id":"BandageToss","name":"Lanzamiento de Vendas","description":"Amumu lanza una venda adhesiva a un objetivo que lo aturde y lo desplaza hacia él.","tooltip":"Amumu lanza un vendaje, lo que lo impulsa al primer enemigo alcanzado, al cual <status>aturde</status> por {{ e2 }} seg y le inflige <magicDamage>{{ totaldamage }} de daño mágico</magicDamage>.<br /><br />Esta habilidad tiene 2 cargas.{{ spellmodifierdescriptionappend }}","leveltip":{"label":["Daño","Tiempo de recarga","Costo de @AbilityResourceName@"],"effect":["{{ e1 }} -> {{ e1NL }}","{{ ammorechargetime }} -> {{ ammorechargetimeNL }}","{{ cost }} -> {{ costNL }}"]},"maxrank":5,"cooldown":[3,3,3,3,3],"cooldownBurn":"3","cost":[45,50,55,60,65],"costBurn":"45/50/55/60/65","datavalues":{},"effect":[null,[70,95,120,145,170],[1,1,1,1,1],[1800,1800,1800,1800,1800],[0,0,0,0,0],[0,0,0,0,0],[0,0,0,0,0],[0,0,0,0,0],[0,0,0,0,0],[0,0,0,0,0],[0,0,0,0,0]],"effectBurn":[null,"70/95/120/145/170","1","1800","0","0","0","0","0","0","0"],"vars":[],"costType":" de {{ abilityresourcename }}","maxammo":"2","range":[1100,1100,1100,1100,1100],"rangeBurn":"1100","image":{"full":"BandageToss.png","sprite":"spell0.png","group":"spell","x":384,"y":144,"w":48,"h":48},"resource":"{{ cost }} de {{ abilityresourcename }}"},{"id":"AuraofDespair","name":"Desesperanza","description":"Abrumados por la angustia, los enemigos cercanos pierden parte de su vida máxima por seg y sus <font color='#9b0f5f'>Maldiciones</font> se reinician.","tooltip":"<toggle>Activación:</toggle> Amumu comienza a llorar, lo que inflige <magicDamage>{{ basedamage }} más un {{ totalhealthdamage }}% de la Vida Máxima como daño mágico</magicDamage> a los enemigos cercanos cada segundo y restaura <keywordMajor>Maldición</keywordMajor>.{{ spellmodifierdescriptionappend }}","leveltip":{"label":["% de Vida como daño"],"effect":["{{ healthdamage }}% -> {{ healthdamageNL }}%"]},"maxrank":5,"cooldown":[1,1,1,1,1],"cooldownBurn":"1","cost":[8,8,8,8,8],"costBurn":"8","datavalues":{},"effect":[null,[0,0,0,0,0],[0,0,0,0,0],[0,0,0,0,0],[0,0,0,0,0],[0,0,0,0,0],[0,0,0,0,0],[0,0,0,0,0],[0,0,0,0,0],[0,0,0,0,0],[0,0,0,0,0]],"effectBurn":[null,"0","0","0","0","0","0","0","0","0","0"],"vars":[],"costType":" {{ abilityresourcename }} por seg","maxammo":"-1","range":[300,300,300,300,300],"rangeBurn":"300","image":{"full":"AuraofDespair.png","sprite":"spell0.png","group":"spell","x":432,"y":144,"w":48,"h":48},"resource":"{{ cost }} {{ abilityresourcename }} por seg"},{"id":"Tantrum","name":"Berrinche","description":"Reduce permanentemente el daño físico que recibe Amumu. Amumu desata su ira e inflige daño a los enemigos que lo rodean. Cada vez que Amumu recibe un golpe, se reduce el enfriamiento de Berrinche.","tooltip":"<spellPassive>Pasiva:</spellPassive> Amumu recibe {{ damagereduction }} de daño físico reducido. Además, cuando Amumu es impactado por un ataque, el enfriamiento de esta habilidad se reduce en {{ e3 }} seg.<br /><br /><spellActive>Activa:</spellActive> Amumu hace un berrinche e inflige <magicDamage>{{ tantrumdamage }} de daño mágico</magicDamage> a enemigos cercanos.{{ spellmodifierdescriptionappend }}","leveltip":{"label":["Daño reducido","Enfriamiento","Daño"],"effect":["{{ e1 }} -> {{ e1NL }}","{{ cooldown }} -> {{ cooldownNL }}","{{ e2 }} -> {{ e2NL }}"]},"maxrank":5,"cooldown":[9,8,7,6,5],"cooldownBurn":"9/8/7/6/5","cost":[35,35,35,35,35],"costBurn":"35","datavalues":{},"effect":[null,[5,7,9,11,13],[65,100,135,170,205],[0.75,0.75,0.75,0.75,0.75],[0,0,0,0,0],[0,0,0,0,0],[0,0,0,0,0],[0.03,0.03,0.03,0.03,0.03],[0,0,0,0,0],[0,0,0,0,0],[0,0,0,0,0]],"effectBurn":[null,"5/7/9/11/13","65/100/135/170/205","0.75","0","0","0","0.03","0","0","0"],"vars":[],"costType":" de {{ abilityresourcename }}","maxammo":"-1","range":[350,350,350,350,350],"rangeBurn":"350","image":{"full":"Tantrum.png","sprite":"spell1.png","group":"spell","x":0,"y":0,"w":48,"h":48},"resource":"{{ cost }} de {{ abilityresourcename }}"},{"id":"CurseoftheSadMummy","name":"Maldición de la Momia Triste","description":"Amumu envuelve en vendas a las unidades enemigas cercanas, lo que les aplica <keywordMajor>Maldición</keywordMajor>, les inflige daño y las aturde.","tooltip":"Amumu hace arder sus vendas, lo que <status>aturde</status> durante {{ rduration }} seg, inflige <magicDamage>{{ rcalculateddamage }} de daño mágico</magicDamage> y aplica <keywordMajor>Maldición</keywordMajor>.{{ spellmodifierdescriptionappend }}","leveltip":{"label":["Costo de @AbilityResourceName@","Enfriamiento","Daño"],"effect":["{{ cost }} -> {{ costNL }}","{{ cooldown }} -> {{ cooldownNL }}","{{ rdamage }} -> {{ rdamageNL }}"]},"maxrank":3,"cooldown":[150,125,100],"cooldownBurn":"150/125/100","cost":[100,150,200],"costBurn":"100/150/200","datavalues":{},"effect":[null,[0,0,0],[0,0,0],[0,0,0],[0,0,0],[0,0,0],[0,0,0],[0,0,0],[0,0,0],[0,0,0],[0,0,0]],"effectBurn":[null,"0","0","0","0","0","0","0","0","0","0"],"vars":[],"costType":" de {{ abilityresourcename }}","maxammo":"-1","range":[550,550,550],"rangeBurn":"550","image":{"full":"CurseoftheSadMummy.png","sprite":"spell1.png","group":"spell","x":48,"y":0,"w":48,"h":48},"resource":"{{ cost }} de {{ abilityresourcename }}"}],"passive":{"name":"Toque Maldito","description":"Los ataques básicos de Amumu infligen <font color='#9b0f5f'>Maldición</font> a sus enemigos, lo que hace que reciban daño verdadero adicional con el daño mágico que reciban.","image":{"full":"Amumu_Passive.png","sprite":"passive0.png","group":"passive","x":240,"y":0,"w":48,"h":48}},"recommended":[]}}}