{
    "type": "champion",
    "format": "standAloneComplex",
    "version": "14.3.1",
    "data": {
        "Anivia": {
            "id": "Anivia",
            "key": "34",
            "name": "Anivia",
            "title": "la Criofénix",
            "image": {
                "full": "Anivia.png",
                "sprite": "champion0.png",
                "group": "champion",
                "x": 288,
                "y": 0,
                "w": 48,
                "h": 48
            },
            "skins": [
                {
                    "id": "34000",
                    "num": 0,
                    "name": "default",
                    "chromas": false
                },
                {
                    "id": "34001",
                    "num": 1,
                    "name": "Anivia Espíritu de Equipo",
                    "chromas": false
                },
                {
                    "id": "34002",
                    "num": 2,
                    "name": "Anivia Ave de Presa",
                    "chromas": false
                },
                {
                    "id": "34003",
                    "num": 3,
                    "name": "Anivia Cazadora de Noxus",
                    "chromas": false
                },
                {
                    "id": "34004",
                    "num": 4,
                    "name": "Anivia Hextech",
                    "chromas": false
                },
                {
                    "id": "34005",
                    "num": 5,
                    "name": "Anivia Escarcha Negra",
                    "chromas": false
                },
                {
                    "id": "34006",
                    "num": 6,
                    "name": "Anivia Prehistórica",
                    "chromas": false
                },
                {
                    "id": "34007",
                    "num": 7,
                    "name": "Anivia Reina del Carnaval",
                    "chromas": false
                },
                {
                    "id": "34008",
                    "num": 8,
                    "name": "Anivia Arte de Papel",
                    "chromas": true
                },
                {
                    "id": "34017",
                    "num": 17,
                    "name": "Anivia Vuelo Cósmico",
                    "chromas": true
                },
                {
                    "id": "34027",
                    "num": 27,
                    "name": "Anivia Fénix Divino",
                    "chromas": true
                },
                {
                    "id": "34037",
                    "num": 37,
                    "name": "Murcielanivia Embrujada",
                    "chromas": true
                },
                {
                    "id": "34046",
                    "num": 46,
                    "name": "Anivia Victoriosa",
                    "chromas": true
                }
            ],
            "lore": "Anivia es un espíritu benevolente alado que soporta interminables ciclos de vida, muerte y resurrección para proteger Fréljord. Nació de la unión del hielo cruel y del viento penetrante, por lo que es una semidiosa que utiliza esos poderes elementales para frustrar a quien se atreva a perturbar su tierra natal. Anivia guía y protege a las tribus del norte hostil, quienes la veneran como símbolo de esperanza y como presagio de un gran cambio. Pelea con cada fibra de su ser sabiendo que su recuerdo perdurará a través de su sacrificio y que renacerá en un nuevo mañana.",
            "blurb": "Anivia es un espíritu benevolente alado que soporta interminables ciclos de vida, muerte y resurrección para proteger Fréljord. Nació de la unión del hielo cruel y del viento penetrante, por lo que es una semidiosa que utiliza esos poderes elementales...",
            "allytips": [
                "Sincronizar Destello Helado con Quemadura Gélida puede provocar resultados devastadores.",
                "Anivia depende en gran medida del Maná para desatar Tormenta Glacial. Intenta hacerte con objetos que lo tengan o con la mejora Blasón del Gólem Ancestral en la Grieta del Invocador.",
                "Al principio, el huevo es muy difícil de matar para los campeones enemigos. Aprovecha la ventaja jugando con agresividad."
            ],
            "enemytips": [
                "Intenta emboscar a Anivia en los carriles. Con varios atacantes es más fácil asegurar que su huevo se malogre.",
                "Si estás jugando con un campeón artillero, mantente lejos de Anivia para que puedas esquivar su Destello Helado más fácilmente.",
                "Intenta luchar contra ella en los carriles. En la jungla, puede bloquear senderos con los niveles inferiores de Cristalizar."
            ],
            "tags": [
                "Mage",
                "Support"
            ],
            "partype": "Maná",
            "info": {
                "attack": 1,
                "defense": 4,
                "magic": 10,
                "difficulty": 10
            },
            "stats": {
                "hp": 550,
                "hpperlevel": 92,
                "mp": 495,
                "mpperlevel": 45,
                "movespeed": 325,
                "armor": 21,
                "armorperlevel": 4.9,
                "spellblock": 30,
                "spellblockperlevel": 1.3,
                "attackrange": 600,
                "hpregen": 5.5,
                "hpregenperlevel": 0.55,
                "mpregen": 8,
                "mpregenperlevel": 0.8,
                "crit": 0,
                "critperlevel": 0,
                "attackdamage": 51,
                "attackdamageperlevel": 3.2,
                "attackspeedperlevel": 1.68,
                "attackspeed": 0.658
            },
            "spells": [
                {
                    "id": "FlashFrost",
                    "name": "Destello Helado",
                    "description": "Anivia junta sus alas e invoca una esfera de hielo que vuela hacia sus oponentes. Esta congela e inflige daño a cualquiera que esté en su camino. Cuando la esfera estalla, inflige daño moderado dentro de un radio específico y aturde a cualquiera que esté dentro del área.",
                    "tooltip": "Anivia dispara un gigantesco pedazo de hielo, lo que inflige <magicDamage>{{ totalpassthroughdamage }} de daño mágico</magicDamage> y <keywordMajor>congela</keywordMajor> a los enemigos durante {{ slowduration }} seg, lo que los <status>ralentiza</status> un {{ spell.glacialstorm:slowamount }}%. El hielo detona al llegar al final de su alcance, lo que <status>aturde</status> a los enemigos durante {{ stunduration }} seg e inflige <magicDamage>{{ totalexplosiondamage }} de daño mágico</magicDamage>.<br /><br />Anivia puede <recast>volver a lanzar</recast> esta habilidad mientras el hielo está en el aire para detonarlo antes.{{ spellmodifierdescriptionappend }}",
                    "leveltip": {
                        "label": [
                            "Daño",
                            "Daño de detonación",
                            "Duración de aturdimiento",
                            "Enfriamiento",
                            "Costo de @AbilityResourceName@"
                        ],
                        "effect": [
                            "{{ passthroughbasedamage }} -> {{ passthroughbasedamageNL }}",
                            "{{ explosionbasedamage }} -> {{ explosionbasedamageNL }}",
                            "{{ stunduration }} -> {{ stundurationNL }}",
                            "{{ cooldown }} -> {{ cooldownNL }}",
                            "{{ cost }} -> {{ costNL }}"
                        ]
                    },
                    "maxrank": 5,
                    "cooldown": [
                        12,
                        11,
                        10,
                        9,
                        8
                    ],
                    "cooldownBurn": "12/11/10/9/8",
                    "cost": [
                        80,
                        85,
                        90,
                        95,
                        100
                    ],
                    "costBurn": "80/85/90/95/100",
                    "datavalues": {},
                    "effect": [
                        null,
                        [
                            0,
                            0,
                            0,
                            0,
                            0
                        ],
                        [
                            0,
                            0,
                            0,
                            0,
                            0
                        ],
                        [
                            0,
                            0,
                            0,
                            0,
                            0
                        ],
                        [
                            0,
                            0,
                            0,
                            0,
                            0
                        ],
                        [
                            0,
                            0,
                            0,
                            0,
                            0
                        ],
                        [
                            0,
                            0,
                            0,
                            0,
                            0
                        ],
                        [
                            0,
                            0,
                            0,
                            0,
                            0
                        ],
                        [
                            0,
                            0,
                            0,
                            0,
                            0
                        ],
                        [
                            0,
                            0,
                            0,
                            0,
                            0
                        ],
                        [
                            0,
                            0,
                            0,
                            0,
                            0
                        ]
                    ],
                    "effectBurn": [
                        null,
                        "0",
                        "0",
                        "0",
                        "0",
                        "0",
                        "0",
                        "0",
                        "0",
                        "0",
                        "0"
                    ],
                    "vars": [],
                    "costType": " de {{ abilityresourcename }}",
                    "maxammo": "-1",
                    "range": [
                        1075,
                        1075,
                        1075,
                        1075,
                        1075
                    ],
                    "rangeBurn": "1075",
                    "image": {
                        "full": "FlashFrost.png",
                        "sprite": "spell1.png",
                        "group": "spell",
                        "x": 96,
                        "y": 0,
                        "w": 48,
                        "h": 48
                    },
                    "resource": "{{ cost }} de {{ abilityresourcename }}"
                },
                {
                    "id": "Crystallize",
                    "name": "Cristalizar",
                    "description": "Anivia condensa la humedad en el aire y la convierte en un muro infranqueable de hielo que bloquea todo movimiento. El muro tiene una corta duración antes de derretirse.",
                    "tooltip": "Anivia invoca un muro de hielo de {{ e2 }} unidades de ancho. El muro dura {{ e1 }} seg antes de derretirse.{{ spellmodifierdescriptionappend }}",
                    "leveltip": {
                        "label": [
                            "Ancho"
                        ],
                        "effect": [
                            "{{ e2 }} -> {{ e2NL }}"
                        ]
                    },
                    "maxrank": 5,
                    "cooldown": [
                        17,
                        17,
                        17,
                        17,
                        17
                    ],
                    "cooldownBurn": "17",
                    "cost": [
                        70,
                        70,
                        70,
                        70,
                        70
                    ],
                    "costBurn": "70",
                    "datavalues": {},
                    "effect": [
                        null,
                        [
                            5,
                            5,
                            5,
                            5,
                            5
                        ],
                        [
                            400,
                            500,
                            600,
                            700,
                            800
                        ],
                        [
                            0,
                            0,
                            0,
                            0,
                            0
                        ],
                        [
                            0,
                            0,
                            0,
                            0,
                            0
                        ],
                        [
                            0,
                            0,
                            0,
                            0,
                            0
                        ],
                        [
                            0,
                            0,
                            0,
                            0,
                            0
                        ],
                        [
                            0,
                            0,
                            0,
                            0,
                            0
                        ],
                        [
                            0,
                            0,
                            0,
                            0,
                            0
                        ],
                        [
                            0,
                            0,
                            0,
                            0,
                            0
                        ],
                        [
                            0,
                            0,
                            0,
                            0,
                            0
                        ]
                    ],
                    "effectBurn": [
                        null,
                        "5",
                        "400/500/600/700/800",
                        "0",
                        "0",
                        "0",
                        "0",
                        "0",
                        "0",
                        "0",
                        "0"
                    ],
                    "vars": [],
                    "costType": " de {{ abilityresourcename }}",
                    "maxammo": "-1",
                    "range": [
                        1000,
                        1000,
                        1000,
                        1000,
                        1000
                    ],
                    "rangeBurn": "1000",
                    "image": {
                        "full": "Crystallize.png",
                        "sprite": "spell1.png",
                        "group": "spell",
                        "x": 144,
                        "y": 0,
                        "w": 48,
                        "h": 48
                    },
                    "resource": "{{ cost }} de {{ abilityresourcename }}"
                },
                {
                    "id": "Frostbite",
                    "name": "Quemadura Gélida",
                    "description": "Con un aleteo de sus alas, Anivia lanza una helada ráfaga de viento hacia su objetivo e inflige daño. Si el objetivo recibió un impacto de Destello Helado recientemente o si recibió daño por una Tormenta Glacial completamente formada, recibirá el doble de daño.",
                    "tooltip": "Anivia ataca a un enemigo con un viento gélido que inflige <magicDamage>{{ totaldamage }} de daño mágico</magicDamage>. Contra enemigos <keywordMajor>congelados</keywordMajor>, Anivia inflige <magicDamage>{{ empowereddamage }} de daño mágico</magicDamage>.{{ spellmodifierdescriptionappend }}",
                    "leveltip": {
                        "label": [
                            "Daño"
                        ],
                        "effect": [
                            "{{ basedamage }} -> {{ basedamageNL }}"
                        ]
                    },
                    "maxrank": 5,
                    "cooldown": [
                        4,
                        4,
                        4,
                        4,
                        4
                    ],
                    "cooldownBurn": "4",
                    "cost": [
                        50,
                        50,
                        50,
                        50,
                        50
                    ],
                    "costBurn": "50",
                    "datavalues": {},
                    "effect": [
                        null,
                        [
                            0,
                            0,
                            0,
                            0,
                            0
                        ],
                        [
                            0,
                            0,
                            0,
                            0,
                            0
                        ],
                        [
                            0,
                            0,
                            0,
                            0,
                            0
                        ],
                        [
                            0,
                            0,
                            0,
                            0,
                            0
                        ],
                        [
                            0,
                            0,
                            0,
                            0,
                            0
                        ],
                        [
                            0,
                            0,
                            0,
                            0,
                            0
                        ],
                        [
                            0,
                            0,
                            0,
                            0,
                            0
                        ],
                        [
                            0,
                            0,
                            0,
                            0,
                            0
                        ],
                        [
                            0,
                            0,
                            0,
                            0,
                            0
                        ],
                        [
                            0,
                            0,
                            0,
                            0,
                            0
                        ]
                    ],
                    "effectBurn": [
                        null,
                        "0",
                        "0",
                        "0",
                        "0",
                        "0",
                        "0",
                        "0",
                        "0",
                        "0",
                        "0"
                    ],
                    "vars": [],
                    "costType": " de {{ abilityresourcename }}",
                    "maxammo": "-1",
                    "range": [
                        650,
                        650,
                        650,
                        650,
                        650
                    ],
                    "rangeBurn": "650",
                    "image": {
                        "full": "Frostbite.png",
                        "sprite": "spell1.png",
                        "group": "spell",
                        "x": 192,
                        "y": 0,
                        "w": 48,
                        "h": 48
                    },
                    "resource": "{{ cost }} de {{ abilityresourcename }}"
                },
                {
                    "id": "GlacialStorm",
                    "name": "Tormenta Glacial",
                    "description": "Anivia invoca una lluvia torrencial de hielo y granizo para dañar a sus enemigos y ralentizar su avance.",
                    "tooltip": "<toggle>Activación:</toggle> Anivia desata una lluvia de hielo y granizo que <status>ralentiza</status> a los enemigos un {{ slowamount }}% e inflige <magicDamage>{{ totaldamagepersecond }} de daño mágico por seg</magicDamage>. La tormenta aumenta de tamaño a lo largo de {{ growthtime }} seg.<br /><br />Cuando la tormenta se forma por completo, <keywordMajor>congela</keywordMajor>, lo que <status>ralentiza</status> un {{ slowpercentempoweredtt }}% e inflige <magicDamage>{{ empowereddamagepersecondtooltiponly }} de daño mágico por seg</magicDamage>.{{ spellmodifierdescriptionappend }}",
                    "leveltip": {
                        "label": [
                            "Daño por segundo",
                            "Ralentización",
                            "Ralentización por congelación",
                            "Costo de Maná por Segundo",
                            "Enfriamiento"
                        ],
                        "effect": [
                            "{{ damagepersecond }} -> {{ damagepersecondNL }}",
                            "{{ slowamount }}% -> {{ slowamountNL }}%",
                            "{{ slowpercentempoweredtt }}% -> {{ slowpercentempoweredttNL }}%",
                            "{{ manacostpersecond }} -> {{ manacostpersecondNL }}",
                            "{{ cooldown }} -> {{ cooldownNL }}"
                        ]
                    },
                    "maxrank": 3,
                    "cooldown": [
                        4,
                        3,
                        2
                    ],
                    "cooldownBurn": "4/3/2",
                    "cost": [
                        60,
                        60,
                        60
                    ],
                    "costBurn": "60",
                    "datavalues": {},
                    "effect": [
                        null,
                        [
                            0,
                            0,
                            0
                        ],
                        [
                            0,
                            0,
                            0
                        ],
                        [
                            0,
                            0,
                            0
                        ],
                        [
                            0,
                            0,
                            0
                        ],
                        [
                            0,
                            0,
                            0
                        ],
                        [
                            0,
                            0,
                            0
                        ],
                        [
                            0,
                            0,
                            0
                        ],
                        [
                            0,
                            0,
                            0
                        ],
                        [
                            0,
                            0,
                            0
                        ],
                        [
                            0,
                            0,
                            0
                        ]
                    ],
                    "effectBurn": [
                        null,
                        "0",
                        "0",
                        "0",
                        "0",
                        "0",
                        "0",
                        "0",
                        "0",
                        "0",
                        "0"
                    ],
                    "vars": [],
                    "costType": " + {{ manacostpersecond }} de Maná por seg",
                    "maxammo": "-1",
                    "range": [
                        750,
                        750,
                        750
                    ],
                    "rangeBurn": "750",
                    "image": {
                        "full": "GlacialStorm.png",
                        "sprite": "spell1.png",
                        "group": "spell",
                        "x": 240,
                        "y": 0,
                        "w": 48,
                        "h": 48
                    },
                    "resource": "{{ cost }} + {{ manacostpersecond }} de Maná por seg"
                }
            ],
            "passive": {
                "name": "Renacimiento",
                "description": "Al recibir daño letal, Anivia se convertirá en un huevo y renacerá con vida completa.",
                "image": {
                    "full": "Anivia_P.png",
                    "sprite": "passive0.png",
                    "group": "passive",
                    "x": 288,
                    "y": 0,
                    "w": 48,
                    "h": 48
                }
            },
            "recommended": []
        }
    }
}