{"type":"champion","format":"standAloneComplex","version":"14.3.1","data":{"Annie":{"id":"Annie","key":"1","name":"Annie","title":"la Hija de la Oscuridad","image":{"full":"Annie.png","sprite":"champion0.png","group":"champion","x":336,"y":0,"w":48,"h":48},"skins":[{"id":"1000","num":0,"name":"default","chromas":false},{"id":"1001","num":1,"name":"Annie Gótica","chromas":false},{"id":"1002","num":2,"name":"Annie Caperucita Roja","chromas":false},{"id":"1003","num":3,"name":"Annie en el País de las Maravillas","chromas":false},{"id":"1004","num":4,"name":"Annie Quinceañera","chromas":false},{"id":"1005","num":5,"name":"Annie Fuego Escarchado","chromas":false},{"id":"1006","num":6,"name":"Annie al Revés","chromas":false},{"id":"1007","num":7,"name":"Annie FrankenTibbers","chromas":false},{"id":"1008","num":8,"name":"Annie Osito Panda","chromas":false},{"id":"1009","num":9,"name":"Annie Cariñosita","chromas":false},{"id":"1010","num":10,"name":"Annie Hextech","chromas":false},{"id":"1011","num":11,"name":"Annie Supergaláctica","chromas":false},{"id":"1012","num":12,"name":"Annie-versario","chromas":false},{"id":"1013","num":13,"name":"Annie Bestia Lunar","chromas":true},{"id":"1022","num":22,"name":"Annie Monerías de Café","chromas":false},{"id":"1031","num":31,"name":"Annie Noche de Terror","chromas":false},{"id":"1040","num":40,"name":"Annie Favor del Invierno","chromas":false}],"lore":"Annie es una peligrosa, talentosa y encantadora niña maga que posee un inmenso poder piroquinético. Incluso bajo las sombras de las montañas al norte de Noxus, es una maga excepcional. Su afinidad innata con el fuego se manifestó pronto en su vida a través de explosiones emocionales impredecibles, aunque con el tiempo aprendió a controlar esos ''trucos''. Uno de sus favoritos es invocar a Tibbers, su amado osito de peluche, como una feroz bestia de fuego. Perdida en la perpetua inocencia de la niñez, Annie vaga por los bosques oscuros siempre en busca de alguien con quien jugar.","blurb":"Annie es una peligrosa, talentosa y encantadora niña maga que posee un inmenso poder piroquinético. Incluso bajo las sombras de las montañas al norte de Noxus, es una maga excepcional. Su afinidad innata con el fuego se manifestó pronto en su vida a...","allytips":["Almacenar un aturdimiento para usarlo con su habilidad definitiva puede cambiar las peleas en un combate de equipo.","Golpear mortalmente a los súbditos con Desintegrar le permite a Annie recolectar oro con mucha facilidad al principio del juego.","Escudo Fundido es un buen hechizo para preparar el aturdimiento de Annie, por lo que a veces conviene tener al menos 1 nivel de este a mano."],"enemytips":["El oso invocado de Annie, Tibbers, quema a las unidades enemigas que lo rodean. Intenta mantenerte a cierta distancia de él después de invocarlo.","Puede utilizarse el hechizo de invocador Castigo para ayudar a acabar con Tibbers.","Mantente pendiente de un poder blanco que se arremolina alrededor de Annie. Al verlo, sabrás que está lista para liberar su aturdimiento."],"tags":["Mage"],"partype":"Maná","info":{"attack":2,"defense":3,"magic":10,"difficulty":6},"stats":{"hp":560,"hpperlevel":102,"mp":418,"mpperlevel":25,"movespeed":335,"armor":19,"armorperlevel":4.7,"spellblock":30,"spellblockperlevel":1.3,"attackrange":625,"hpregen":5.5,"hpregenperlevel":0.55,"mpregen":8,"mpregenperlevel":0.8,"crit":0,"critperlevel":0,"attackdamage":50,"attackdamageperlevel":2.65,"attackspeedperlevel":1.36,"attackspeed":0.61},"spells":[{"id":"AnnieQ","name":"Desintegrar","description":"Annie lanza una bola de fuego imbuida de Maná, infligiendo daño y recuperando el costo de Maná si destruye el objetivo.","tooltip":"Annie arroja una bola de fuego que inflige <magicDamage>{{ totaldamage }} de daño mágico</magicDamage>. Si el objetivo muere, Annie recuperará el costo de maná y el enfriamiento se reducirá en un 50%.{{ spellmodifierdescriptionappend }}","leveltip":{"label":["Daño","Costo de @AbilityResourceName@"],"effect":["{{ basedamage }} -> {{ basedamageNL }}","{{ cost }} -> {{ costNL }}"]},"maxrank":5,"cooldown":[4,4,4,4,4],"cooldownBurn":"4","cost":[60,65,70,75,80],"costBurn":"60/65/70/75/80","datavalues":{},"effect":[null,[0,0,0,0,0],[0,0,0,0,0],[0,0,0,0,0],[0,0,0,0,0],[0,0,0,0,0],[0,0,0,0,0],[0,0,0,0,0],[0,0,0,0,0],[0,0,0,0,0],[0,0,0,0,0]],"effectBurn":[null,"0","0","0","0","0","0","0","0","0","0"],"vars":[],"costType":" de {{ abilityresourcename }}","maxammo":"-1","range":[625,625,625,625,625],"rangeBurn":"625","image":{"full":"AnnieQ.png","sprite":"spell1.png","group":"spell","x":288,"y":0,"w":48,"h":48},"resource":"{{ cost }} de {{ abilityresourcename }}"},{"id":"AnnieW","name":"Incinerar","description":"Annie lanza un abrasador cono de fuego, dañando a todos los enemigos de la zona.","tooltip":"Annie proyecta una onda de fuego que inflige <magicDamage>{{ totaldamage }} de daño mágico</magicDamage>.{{ spellmodifierdescriptionappend }}","leveltip":{"label":["Daño","Costo de @AbilityResourceName@"],"effect":["{{ basedamage }} -> {{ basedamageNL }}","{{ cost }} -> {{ costNL }}"]},"maxrank":5,"cooldown":[8,8,8,8,8],"cooldownBurn":"8","cost":[90,95,100,105,110],"costBurn":"90/95/100/105/110","datavalues":{},"effect":[null,[0,0,0,0,0],[0,0,0,0,0],[0,0,0,0,0],[0,0,0,0,0],[0,0,0,0,0],[0,0,0,0,0],[0,0,0,0,0],[0,0,0,0,0],[0,0,0,0,0],[0,0,0,0,0]],"effectBurn":[null,"0","0","0","0","0","0","0","0","0","0"],"vars":[],"costType":" de {{ abilityresourcename }}","maxammo":"-1","range":[600,600,600,600,600],"rangeBurn":"600","image":{"full":"AnnieW.png","sprite":"spell1.png","group":"spell","x":336,"y":0,"w":48,"h":48},"resource":"{{ cost }} de {{ abilityresourcename }}"},{"id":"AnnieE","name":"Escudo Fundido","description":"Otorga un escudo a Annie o a un aliado, una ráfaga de velocidad de movimiento e inflige daño a los enemigos que la ataquen con ataques o hechizos.","tooltip":"Annie le otorga a un campeón aliado un <shield>Escudo de {{ shieldblocktotal }}</shield> durante {{ shieldduration }} seg y <speed>{{ movespeedcalc }} de Velocidad de Movimiento que decae</speed> durante {{ movementspeedduration }} seg. Mientras se encuentre activo el escudo, los enemigos que ataquen al aliado protegido con un ataque o habilidad reciben <magicDamage>{{ damagereturn }} de daño mágico</magicDamage> una vez por escudo.<br /><br />Tibbers siempre obtiene los efectos del <spellName>Escudo Fundido</spellName> cuando lo invocan.{{ spellmodifierdescriptionappend }}","leveltip":{"label":["Vida del escudo","Daño reflejado","Enfriamiento","Costo de @AbilityResourceName@"],"effect":["{{ shieldamount }} -> {{ shieldamountNL }}","{{ damagereflection }} -> {{ damagereflectionNL }}","{{ cooldown }} -> {{ cooldownNL }}","{{ cost }} -> {{ costNL }}"]},"maxrank":5,"cooldown":[12,11.5,11,10.5,10],"cooldownBurn":"12/11.5/11/10.5/10","cost":[60,65,70,75,80],"costBurn":"60/65/70/75/80","datavalues":{},"effect":[null,[0,0,0,0,0],[0,0,0,0,0],[0,0,0,0,0],[0,0,0,0,0],[0,0,0,0,0],[0,0,0,0,0],[0,0,0,0,0],[0,0,0,0,0],[0,0,0,0,0],[0,0,0,0,0]],"effectBurn":[null,"0","0","0","0","0","0","0","0","0","0"],"vars":[],"costType":" de {{ abilityresourcename }}","maxammo":"-1","range":[800,800,800,800,800],"rangeBurn":"800","image":{"full":"AnnieE.png","sprite":"spell1.png","group":"spell","x":384,"y":0,"w":48,"h":48},"resource":"{{ cost }} de {{ abilityresourcename }}"},{"id":"AnnieR","name":"Invocar: Tibbers","description":"Annie da vida a su oso Tibbers, que daña a todas las unidades de la zona. Tibbers puede atacar y quemar a los enemigos adyacentes.","tooltip":"Annie invoca a su oso Tibbers, lo que inflige <magicDamage>{{ initialburstdamage }} de daño mágico</magicDamage>. Durante los siguientes {{ tibberslifetime }} seg, Tibbers quema a los enemigos cercanos e inflige <magicDamage>{{ tibbersauradamage }} de daño mágico por seg</magicDamage>.<br /><br />Tibbers se enfurece cuando lo invocan, si Annie aturde a un campeón enemigo y si Annie muere. Si se enfurece, Tibbers obtiene un <attackSpeed>275% de Velocidad de Ataque</attackSpeed> y un <speed>100% de Velocidad de Movimiento</speed> que decaen a lo largo de 3 seg.<br /><br /><recast>Relanzamiento:</recast> Le da órdenes manualmente a Tibbers.{{ spellmodifierdescriptionappend }}","leveltip":{"label":["Daño inicial","Daño de aura","Daño de Ataque","Velocidad de Movimiento adicional","Enfriamiento"],"effect":["{{ initialdamage }} -> {{ initialdamageNL }}","{{ auradamage }} -> {{ auradamageNL }}","{{ tibbersattackdamage }} -> {{ tibbersattackdamageNL }}","{{ tibbersbonusms }} -> {{ tibbersbonusmsNL }}","{{ cooldown }} -> {{ cooldownNL }}"]},"maxrank":3,"cooldown":[130,115,100],"cooldownBurn":"130/115/100","cost":[100,100,100],"costBurn":"100","datavalues":{},"effect":[null,[0,0,0],[0,0,0],[0,0,0],[0,0,0],[0,0,0],[0,0,0],[0,0,0],[0,0,0],[0,0,0],[0,0,0]],"effectBurn":[null,"0","0","0","0","0","0","0","0","0","0"],"vars":[],"costType":" de {{ abilityresourcename }}","maxammo":"-1","range":[600,600,600],"rangeBurn":"600","image":{"full":"AnnieR.png","sprite":"spell1.png","group":"spell","x":432,"y":0,"w":48,"h":48},"resource":"{{ cost }} de {{ abilityresourcename }}"}],"passive":{"name":"Piromanía","description":"Tras lanzar 4 hechizos, el siguiente hechizo ofensivo de Annie aturdirá al objetivo.<br><br>Annie comienza la partida y reaparece con Piromanía disponible.","image":{"full":"Annie_Passive.png","sprite":"passive0.png","group":"passive","x":336,"y":0,"w":48,"h":48}},"recommended":[]}}}