{"type":"champion","format":"standAloneComplex","version":"14.3.1","data":{"Aphelios":{"id":"Aphelios","key":"523","name":"Aphelios","title":"El Arma de los Adeptos","image":{"full":"Aphelios.png","sprite":"champion0.png","group":"champion","x":384,"y":0,"w":48,"h":48},"skins":[{"id":"523000","num":0,"name":"default","chromas":false},{"id":"523001","num":1,"name":"Aphelios Portador del Anochecer","chromas":true},{"id":"523009","num":9,"name":"Aphelios Bestia Lunar","chromas":true},{"id":"523018","num":18,"name":"Aphelios EDG","chromas":false},{"id":"523020","num":20,"name":"Aphelios Flor Espiritual","chromas":false},{"id":"523030","num":30,"name":"Aphelios HEARTSTEEL","chromas":false}],"lore":"Aphelios emerge de la sombra de la luz de la luna con sus armas listas y mata a los enemigos de su fe en un silencio melancólico. Habla únicamente a través de la certeza de su puntería y del disparo de cada arma. Si bien su impulso proviene de un veneno que lo enmudece, es guiado por su hermana Alune. Desde un santuario lejano, le envía un arsenal de armas de piedra lunar a sus manos. Mientras la luna resplandezca en lo alto, Aphelios nunca estará solo.","blurb":"Aphelios emerge de la sombra de la luz de la luna con sus armas listas y mata a los enemigos de su fe en un silencio melancólico. Habla únicamente a través de la certeza de su puntería y del disparo de cada arma. Si bien su impulso proviene de un veneno...","allytips":["Cada arma de Aphelios tiene fortalezas diferentes, trata de encontrar la situación adecuada para tus armas actuales. "],"enemytips":["Cada arma de Aphelios tiene debilidades diferentes, trata de aprovechar las que funcionen mejor para tu campeón. Cuídate del arma de gravedad morada, ya que puede inmovilizarte."],"tags":["Marksman"],"partype":"Maná","info":{"attack":6,"defense":2,"magic":1,"difficulty":10},"stats":{"hp":580,"hpperlevel":102,"mp":348,"mpperlevel":42,"movespeed":325,"armor":26,"armorperlevel":4.2,"spellblock":30,"spellblockperlevel":1.3,"attackrange":550,"hpregen":3.25,"hpregenperlevel":0.55,"mpregen":6.5,"mpregenperlevel":0.4,"crit":0,"critperlevel":0,"attackdamage":55,"attackdamageperlevel":2.3,"attackspeedperlevel":2.1,"attackspeed":0.64},"spells":[{"id":"ApheliosQ_ClientTooltipWrapper","name":"Habilidades de armas","description":"Aphelios tiene 5 habilidades activas diferentes, que dependen de su arma principal:<br><br>Calibrum (Rifle): disparo de largo alcance que marca a su objetivo y permite un segundo ataque de gran alcance.<br>Severum (Pistola Guadaña): te desplazas rápidamente y atacas a los enemigos cercanos con ambas armas.<br>Gravitum (Cañón): inmovilizas a todos los enemigos que se encuentren ralentizados por esta arma.<br>Infernum (Lanzallamas): atacas en forma de cono y disparas con tu arma secundaria.<br>Crescendum (Chakram): despliegas una torreta que dispara con el arma secundaria de Aphelios.<br>","tooltip":"{{ spellmodifierdescriptionappend }}","leveltip":{"label":[],"effect":[]},"maxrank":6,"cooldown":[9,9,9,9,9,9],"cooldownBurn":"9","cost":[60,60,60,60,60,60],"costBurn":"60","datavalues":{},"effect":[null,[0,0,0,0,0,0],[0,0,0,0,0,0],[0,0,0,0,0,0],[0,0,0,0,0,0],[0,0,0,0,0,0],[0,0,0,0,0,0],[0,0,0,0,0,0],[0,0,0,0,0,0],[0,0,0,0,0,0],[0,0,0,0,0,0]],"effectBurn":[null,"0","0","0","0","0","0","0","0","0","0"],"vars":[],"costType":" de {{ abilityresourcename }}","maxammo":"-1","range":[1450,1450,1450,1450,1450,1450],"rangeBurn":"1450","image":{"full":"ApheliosQ_ClientTooltipWrapper.png","sprite":"spell1.png","group":"spell","x":0,"y":48,"w":48,"h":48},"resource":"{{ cost }} de {{ abilityresourcename }}"},{"id":"ApheliosW","name":"Cambio de Arma","description":"Aphelios cambia su arma principal con su arma secundaria, con lo que reemplaza su ataque básico y su habilidad activa.","tooltip":"Cambia entre tu arma principal y secundaria, para equipar <b><i><span class=\"colora64dff\">Gravitum</span></i></b>.{{ spellmodifierdescriptionappend }}","leveltip":{"label":[],"effect":[]},"maxrank":6,"cooldown":[0.8,0.8,0.8,0.8,0.8,0.8],"cooldownBurn":"0.8","cost":[0,0,0,0,0,0],"costBurn":"0","datavalues":{},"effect":[null,[0,0,0,0,0,0],[0,0,0,0,0,0],[0,0,0,0,0,0],[0,0,0,0,0,0],[0,0,0,0,0,0],[0,0,0,0,0,0],[0,0,0,0,0,0],[0,0,0,0,0,0],[0,0,0,0,0,0],[0,0,0,0,0,0]],"effectBurn":[null,"0","0","0","0","0","0","0","0","0","0"],"vars":[],"costType":"Sin costo","maxammo":"-1","range":[250,250,250,250,250,250],"rangeBurn":"250","image":{"full":"ApheliosW.png","sprite":"spell1.png","group":"spell","x":48,"y":48,"w":48,"h":48},"resource":"Sin costo"},{"id":"ApheliosE_ClientTooltipWrapper","name":"Sistema de armas en serie","description":"Aphelios no tiene una tercera habilidad. Este espacio muestra el siguiente arma que obtendrá de Alune. Al principio, el orden de las armas es fijo, pero puede cambiar en el curso de la partida. Cuando un arma se queda sin munición, se va al último lugar.","tooltip":"{{ spellmodifierdescriptionappend }}","leveltip":{"label":[],"effect":[]},"maxrank":6,"cooldown":[0,0,0,0,0,0],"cooldownBurn":"0","cost":[0,0,0,0,0,0],"costBurn":"0","datavalues":{},"effect":[null,[0,0,0,0,0,0],[0,0,0,0,0,0],[0,0,0,0,0,0],[0,0,0,0,0,0],[0,0,0,0,0,0],[0,0,0,0,0,0],[0,0,0,0,0,0],[0,0,0,0,0,0],[0,0,0,0,0,0],[0,0,0,0,0,0]],"effectBurn":[null,"0","0","0","0","0","0","0","0","0","0"],"vars":[],"costType":" de {{ abilityresourcename }}","maxammo":"-1","range":[1000,1000,1000,1000,1000,1000],"rangeBurn":"1000","image":{"full":"ApheliosE_ClientTooltipWrapper.png","sprite":"spell1.png","group":"spell","x":96,"y":48,"w":48,"h":48},"resource":"{{ cost }} de {{ abilityresourcename }}"},{"id":"ApheliosR","name":"Vigilia de Luz Lunar","description":"Lanza una onda de luz lunar concentrada que explota al impacto contra campeones enemigos. Aplica el efecto único del arma principal de Aphelios.","tooltip":"Aphelios lanza una ráfaga de luz lunar concentrada que explota al impactar contra un campeón y le inflige <physicalDamage>{{ maxdamage }} de daño físico</physicalDamage> a los enemigos cercanos.<br /><br />Después, Aphelios ataca a todos los campeones alcanzados con su arma principal. {{ Spell_ApheliosR_WeaponMod_{{ f1 }} }}{{ spellmodifierdescriptionappend }}","leveltip":{"label":["Daño","Efecto adicional de Calibrum: daño de marca","Efecto adicional de Severum: curación","Efecto adicional de Infernum: daño"],"effect":["{{ rbasedamage }} -> {{ rbasedamageNL }}","{{ calibrumrmarkbonusdamage }} -> {{ calibrumrmarkbonusdamageNL }}","{{ severumrhealbonus }} -> {{ severumrhealbonusNL }}","{{ infernumrbonusdamagebase }} -> {{ infernumrbonusdamagebaseNL }}"]},"maxrank":3,"cooldown":[120,110,100],"cooldownBurn":"120/110/100","cost":[100,100,100],"costBurn":"100","datavalues":{},"effect":[null,[0,0,0],[0,0,0],[0,0,0],[0,0,0],[0,0,0],[0,0,0],[0,0,0],[0,0,0],[0,0,0],[0,0,0]],"effectBurn":[null,"0","0","0","0","0","0","0","0","0","0"],"vars":[],"costType":" de {{ abilityresourcename }}","maxammo":"-1","range":[1300,1300,1300],"rangeBurn":"1300","image":{"full":"ApheliosR.png","sprite":"spell1.png","group":"spell","x":144,"y":48,"w":48,"h":48},"resource":"{{ cost }} de {{ abilityresourcename }}"}],"passive":{"name":"El Victimario y la Vidente","description":"Aphelios usa 5 armas Lunari que fabricó su hermana, Alune. Puede usar dos a la vez: una principal y otra secundaria. Cada arma tiene un ataque básico único y una habilidad. Los ataques y las habilidades consumen municiones. Aphelios descarta el arma cuando se agota la munición y Alune invoca la siguiente de las 5. ","image":{"full":"ApheliosP.png","sprite":"passive0.png","group":"passive","x":384,"y":0,"w":48,"h":48}},"recommended":[]}}}