{"type":"champion","format":"standAloneComplex","version":"14.3.1","data":{"Ashe":{"id":"Ashe","key":"22","name":"Ashe","title":"la Arquera de Hielo","image":{"full":"Ashe.png","sprite":"champion0.png","group":"champion","x":432,"y":0,"w":48,"h":48},"skins":[{"id":"22000","num":0,"name":"default","chromas":false},{"id":"22001","num":1,"name":"Ashe del Fréljord","chromas":false},{"id":"22002","num":2,"name":"Ashe Bosque de Sherwood","chromas":false},{"id":"22003","num":3,"name":"Ashe Tribu Woad","chromas":false},{"id":"22004","num":4,"name":"Reina Ashe","chromas":false},{"id":"22005","num":5,"name":"Ashe Amatista","chromas":false},{"id":"22006","num":6,"name":"Ashe Buscacorazones","chromas":false},{"id":"22007","num":7,"name":"Ashe Merodeadora","chromas":false},{"id":"22008","num":8,"name":"PROYECTO: Ashe","chromas":true},{"id":"22009","num":9,"name":"Ashe Worlds 2017","chromas":true},{"id":"22011","num":11,"name":"Ashe Reina Cósmica","chromas":true},{"id":"22017","num":17,"name":"Ashe la Forajida","chromas":true},{"id":"22023","num":23,"name":"Ashe Dragón Feérico","chromas":true},{"id":"22032","num":32,"name":"Ashe Aquelarre","chromas":true},{"id":"22043","num":43,"name":"Ashe Canción del Océano","chromas":true},{"id":"22052","num":52,"name":"Ashe Emperatriz Lunar","chromas":true},{"id":"22063","num":63,"name":"Ashe DRX","chromas":true},{"id":"22065","num":65,"name":"Ashe Crystalis Motus","chromas":true}],"lore":"Como Hija del Hielo y madre de guerra de la tribu Avarosa, Ashe comanda la más grande horda en el norte. Estoica, inteligente e idealista, pero incómoda con su rol de líder, ella aprovecha las magias ancestrales de su linaje para portar un arco de Hielo Puro. Apoyada por la creencia de su gente que ella es el héroe mitológico reencarnado de Avarosa, Ashe espera unificar el Fréljord una vez más al retomar sus tierras antiguas y tribales.","blurb":"Como Hija del Hielo y madre de guerra de la tribu Avarosa, Ashe comanda la más grande horda en el norte. Estoica, inteligente e idealista, pero incómoda con su rol de líder, ella aprovecha las magias ancestrales de su linaje para portar un arco de Hielo...","allytips":["Para obtener mayores probabilidades de impacto, intenta disparar Flecha de Cristal Encantada en la misma dirección en la que se mueven los enemigos.","El primer enemigo al que golpean las flechas de Descarga las bloquea, así que mantén la distancia para evitar que las absorban los tanques de la vanguardia enemiga.","Tiro de Halcón revela las unidades que estén en la maleza. Si se está produciendo un combate en equipo en la jungla, puede darte una gran ventaja."],"enemytips":["Ashe dispone de muy pocas opciones defensivas y es un buen objetivo al cual emboscar.","Cuidado al moverte por el mapa en solitario si Ashe no ha utilizado su Flecha de Cristal Encantada."],"tags":["Marksman","Support"],"partype":"Maná","info":{"attack":7,"defense":3,"magic":2,"difficulty":4},"stats":{"hp":640,"hpperlevel":101,"mp":280,"mpperlevel":35,"movespeed":325,"armor":26,"armorperlevel":4.6,"spellblock":30,"spellblockperlevel":1.3,"attackrange":600,"hpregen":3.5,"hpregenperlevel":0.55,"mpregen":7,"mpregenperlevel":0.65,"crit":0,"critperlevel":0,"attackdamage":59,"attackdamageperlevel":2.95,"attackspeedperlevel":3.33,"attackspeed":0.658},"spells":[{"id":"AsheQ","name":"Concentración de la Guardabosques","description":"Ashe acumula Concentración al atacar. Cuando tiene Concentración máxima, Ashe puede activar Concentración de la Guardabosques, que consume todas las acumulaciones de Concentración y aumenta su velocidad de ataque, lo que transforma su ataque básico en un poderoso torbellino de golpes durante ese tiempo.","tooltip":"<spellPassive>Pasiva: </spellPassive>Los ataques de Ashe otorgan una acumulación durante {{ e1 }} seg. Al llegar a {{ e2 }} acumulaciones, puede activar esta habilidad.<br /><br /><spellPassive>Activa:</spellPassive> Ashe obtiene un <attackSpeed>{{ e4 }}% de Velocidad de Ataque</attackSpeed> y sus ataques infligen <physicalDamage>{{ empowereddamage }} de daño</physicalDamage> durante {{ e3 }} seg.{{ spellmodifierdescriptionappend }}","leveltip":{"label":["Velocidad de ataque","Tasa de Daño de Ataque de Ráfaga"],"effect":["{{ e4 }}% -> {{ e4NL }}%","{{ e6 }} -> {{ e6NL }}"]},"maxrank":5,"cooldown":[0,0,0,0,0],"cooldownBurn":"0","cost":[30,30,30,30,30],"costBurn":"30","datavalues":{},"effect":[null,[4,4,4,4,4],[4,4,4,4,4],[6,6,6,6,6],[25,32.5,40,47.5,55],[0.21,0.22,0.23,0.24,0.25],[1.05,1.1,1.15,1.2,1.25],[1,1,1,1,1],[1,1,1,1,1],[1,1,1,1,1],[0,0,0,0,0]],"effectBurn":[null,"4","4","6","25/32.5/40/47.5/55","0.21/0.22/0.23/0.24/0.25","1.05/1.1/1.15/1.2/1.25","1","1","1","0"],"vars":[],"costType":" de {{ abilityresourcename }}","maxammo":"-1","range":[400,400,400,400,400],"rangeBurn":"400","image":{"full":"AsheQ.png","sprite":"spell1.png","group":"spell","x":192,"y":48,"w":48,"h":48},"resource":"{{ cost }} de {{ abilityresourcename }}"},{"id":"Volley","name":"Descarga","description":"Ashe dispara un cono de flechas para infligir daño aumentado. También aplica Tiro Escarchado.","tooltip":"Ashe dispara una ráfaga de {{ numberofarrowstooltip }} flechas. Cada una inflige <physicalDamage>{{ totaldamage }} de daño físico</physicalDamage>. Los enemigos pueden recibir impactos de varias flechas, pero solo reciben daño de la primera.{{ spellmodifierdescriptionappend }}","leveltip":{"label":["Flechas lanzadas","Daño","Enfriamiento","Costo de @AbilityResourceName@"],"effect":["{{ numberofarrowstooltip }} -> {{ numberofarrowstooltipNL }}","{{ basedamage }} -> {{ basedamageNL }}","{{ cooldown }} -> {{ cooldownNL }}","{{ cost }} -> {{ costNL }}"]},"maxrank":5,"cooldown":[18,14.5,11,7.5,4],"cooldownBurn":"18/14.5/11/7.5/4","cost":[75,70,65,60,55],"costBurn":"75/70/65/60/55","datavalues":{},"effect":[null,[5,7,9,11,13],[20,35,50,65,80],[0,0,0,0,0],[0,0,0,0,0],[0,0,0,0,0],[0,0,0,0,0],[0,0,0,0,0],[0,0,0,0,0],[0,0,0,0,0],[0,0,0,0,0]],"effectBurn":[null,"5/7/9/11/13","20/35/50/65/80","0","0","0","0","0","0","0","0"],"vars":[],"costType":" de {{ abilityresourcename }}","maxammo":"-1","range":[1200,1200,1200,1200,1200],"rangeBurn":"1200","image":{"full":"Volley.png","sprite":"spell1.png","group":"spell","x":240,"y":48,"w":48,"h":48},"resource":"{{ cost }} de {{ abilityresourcename }}"},{"id":"AsheSpiritOfTheHawk","name":"Tiro de Halcón","description":"Ashe puede enviar su Espíritu Halcón a cualquier parte del mapa en misión de exploración.","tooltip":"Ashe lanza un halcón para otorgar visión durante 5 seg en cualquier parte del mapa. También revela el área a su alrededor conforme vuela.<br /><br />Esta habilidad tiene 2 cargas ({{ chargecooldown }} seg de recarga).{{ spellmodifierdescriptionappend }}","leveltip":{"label":["Tiempo de recarga"],"effect":["{{ ammorechargetime }} -> {{ ammorechargetimeNL }}"]},"maxrank":5,"cooldown":[5,5,5,5,5],"cooldownBurn":"5","cost":[0,0,0,0,0],"costBurn":"0","datavalues":{},"effect":[null,[3,3,3,3,3],[50,90,130,170,210],[25000,25000,25000,25000,25000],[5,5,5,5,5],[0,0,0,0,0],[0,0,0,0,0],[0,0,0,0,0],[0,0,0,0,0],[0,0,0,0,0],[0,0,0,0,0]],"effectBurn":[null,"3","50/90/130/170/210","25000","5","0","0","0","0","0","0"],"vars":[],"costType":"Sin costo","maxammo":"2","range":[25000,25000,25000,25000,25000],"rangeBurn":"25000","image":{"full":"AsheSpiritOfTheHawk.png","sprite":"spell1.png","group":"spell","x":288,"y":48,"w":48,"h":48},"resource":"Sin costo"},{"id":"EnchantedCrystalArrow","name":"Flecha de Cristal Encantada","description":"Ashe dispara un proyectil de hielo en línea recta. Si la flecha impacta contra un campeón enemigo, inflige daño y lo aturde. El aturdimiento será mayor cuanto más larga sea la distancia que recorra la flecha. Además, las unidades enemigas circundantes reciben daño y se ralentizan.","tooltip":"Ashe dispara una flecha de cristal de hielo que <status>Aturde</status> al primer campeón que impacta e inflige <magicDamage>{{ rmaindamage }} de daño mágico</magicDamage>. La duración del <status>aturdimiento</status> aumenta según la distancia recorrida, hasta {{ maxstunduration }} seg. Los enemigos cercanos quedan ralentizados por <spellName>Tiro Escarchado</spellName> y reciben la mitad de daño.{{ spellmodifierdescriptionappend }}","leveltip":{"label":["Daño","Enfriamiento"],"effect":["{{ rbasedamage }} -> {{ rbasedamageNL }}","{{ cooldown }} -> {{ cooldownNL }}"]},"maxrank":3,"cooldown":[100,80,60],"cooldownBurn":"100/80/60","cost":[100,100,100],"costBurn":"100","datavalues":{},"effect":[null,[0,0,0],[0,0,0],[0,0,0],[0,0,0],[0,0,0],[0,0,0],[0,0,0],[0,0,0],[0,0,0],[0,0,0]],"effectBurn":[null,"0","0","0","0","0","0","0","0","0","0"],"vars":[],"costType":" de {{ abilityresourcename }}","maxammo":"-1","range":[25000,25000,25000],"rangeBurn":"25000","image":{"full":"EnchantedCrystalArrow.png","sprite":"spell1.png","group":"spell","x":336,"y":48,"w":48,"h":48},"resource":"{{ cost }} de {{ abilityresourcename }}"}],"passive":{"name":"Tiro Escarchado","description":"Los ataques de Ashe ralentizan a su objetivo, lo que ocasiona que inflija daño aumentado a dichos objetivos.<br><br>Los golpes críticos de Ashe no infligen daño adicional, pero aplican una ralentización potenciada a sus objetivos.","image":{"full":"Ashe_P.png","sprite":"passive0.png","group":"passive","x":432,"y":0,"w":48,"h":48}},"recommended":[]}}}