{"type":"champion","format":"standAloneComplex","version":"14.3.1","data":{"AurelionSol":{"id":"AurelionSol","key":"136","name":"Aurelion Sol","title":"el Forjador de Estrellas","image":{"full":"AurelionSol.png","sprite":"champion0.png","group":"champion","x":0,"y":48,"w":48,"h":48},"skins":[{"id":"136000","num":0,"name":"default","chromas":false},{"id":"136001","num":1,"name":"Aurelion Sol Señor de las Cenizas","chromas":false},{"id":"136002","num":2,"name":"Aurelion Sol Mecha","chromas":true},{"id":"136011","num":11,"name":"Aurelion Sol Dragón de la Tormenta","chromas":false},{"id":"136021","num":21,"name":"Aurelion Sol Tinta Sombría","chromas":false}],"lore":"Aurelion Sol alguna vez adornó el gran vacío del cosmos con maravillas celestiales de su propia creación. Ahora, se ve obligado a usar su increíble poder para el beneficio de un imperio espacial que, tras engañarlo, lo mantiene bajo su servicio. Deseoso de volver a sus días de gloria, Aurelion Sol bajaría cada estrella del cielo, si tuviera que hacerlo, con tal de recuperar su libertad.","blurb":"Aurelion Sol alguna vez adornó el gran vacío del cosmos con maravillas celestiales de su propia creación. Ahora, se ve obligado a usar su increíble poder para el beneficio de un imperio espacial que, tras engañarlo, lo mantiene bajo su servicio. Deseoso...","allytips":[],"enemytips":[],"tags":["Mage"],"partype":"Maná","info":{"attack":2,"defense":3,"magic":8,"difficulty":7},"stats":{"hp":620,"hpperlevel":90,"mp":530,"mpperlevel":40,"movespeed":335,"armor":22,"armorperlevel":4,"spellblock":30,"spellblockperlevel":1.3,"attackrange":550,"hpregen":5.5,"hpregenperlevel":0.55,"mpregen":8,"mpregenperlevel":0.75,"crit":0,"critperlevel":0,"attackdamage":55,"attackdamageperlevel":3.2,"attackspeedperlevel":1.5,"attackspeed":0.625},"spells":[{"id":"AurelionSolQ","name":"Aliento Luminoso","description":"Aurelion Sol canaliza su aliento de dragón durante unos segundos y daña al primer enemigo alcanzado e inflige daño esparcido reducido a los enemigos cercanos. Cada segundo que el aliento se canalice directamente hacia un enemigo, infligirá daño adicional, el cual es mejorado por la cantidad de Polvo Estelar que haya recolectado. Esta habilidad recolecta Polvo Estelar si el objetivo es un campeón.","tooltip":"Aurelion Sol exhala fuego estelar por hasta {{ maxchannelduration }} seg, lo que inflige <magicDamage>{{ damagepersecond }} de daño mágico</magicDamage> por seg al primer enemigo alcanzado y un {{ aoemodifier*100 }}% del daño a los enemigos cercanos.<br /><br />Cada segundo de aliento sobre el mismo enemigo inflige un estallido de <magicDamage>{{ burstdamage }} de daño mágico</magicDamage> más <magicDamage>{{ burstbonustruedamagetochamps }} de la Vida Máxima como daño mágico</magicDamage> y absorbe <span class=\"color3458eb\">{{ qmassstolen }} de Polvo Estelar</span> si el objetivo es un campeón.{{ spellmodifierdescriptionappend }}","leveltip":{"label":["Costo de @AbilityResourceName@","Daño por segundo","Daño de ráfaga","Duración de canalización máxima"],"effect":["{{ cost }} -> {{ costNL }}","{{ rankdamagepersecond }} -> {{ rankdamagepersecondNL }}","{{ rankburstdamage }} -> {{ rankburstdamageNL }}","{{ maxchannelduration }} -> {{ maxchanneldurationNL }}"]},"maxrank":5,"cooldown":[3,3,3,3,3],"cooldownBurn":"3","cost":[30,35,40,45,50],"costBurn":"30/35/40/45/50","datavalues":{},"effect":[null,[0,0,0,0,0],[0,0,0,0,0],[0,0,0,0,0],[0,0,0,0,0],[0,0,0,0,0],[0,0,0,0,0],[0,0,0,0,0],[0,0,0,0,0],[0,0,0,0,0],[0,0,0,0,0]],"effectBurn":[null,"0","0","0","0","0","0","0","0","0","0"],"vars":[],"costType":" de Maná por seg","maxammo":"-1","range":[750,750,750,750,750],"rangeBurn":"750","image":{"full":"AurelionSolQ.png","sprite":"spell1.png","group":"spell","x":384,"y":48,"w":48,"h":48},"resource":"{{ manacostpersecond }} de Maná por seg"},{"id":"AurelionSolW","name":"Vuelo Astral","description":"Aurelion Sol vuela sobre el terreno en una dirección determinada. En este estado, puede lanzar otras habilidades. Aliento Luminoso ya no tiene enfriamiento ni duración máxima de canalización e inflige daño aumentado durante el vuelo. El enfriamiento restante de Vuelo Astral se reduce cuando un campeón enemigo muere poco después de recibir daño de Aurelion Sol. El Polvo Estelar aumenta el alcance máximo de Vuelo Astral.","tooltip":"Aurelion Sol vuela en una dirección. Al volar, <spellName>Aliento Luminoso</spellName> no tiene enfriamiento ni duración de canalización máxima y su daño fijo aumenta en un {{ truedamagebonus*100 }}%.<br /><br />Los derribos a campeones en un periodo de {{ resetwindow }} seg tras haberles infligido daño restauran un {{ tooltiptakedowncooldownmultiplier }}% del enfriamiento de esta habilidad.<br /><br /><recast>Relanzamiento:</recast> termina el vuelo antes.{{ spellmodifierdescriptionappend }}","leveltip":{"label":["Porcentaje de daño mágico adicional","Costo de @AbilityResourceName@","Enfriamiento"],"effect":["{{ truedamagebonus*100.000000 }}% -> {{ truedamagebonusnl*100.000000 }}%","{{ cost }} -> {{ costNL }}","{{ cd }} -> {{ cdNL }}"]},"maxrank":5,"cooldown":[0,0,0,0,0],"cooldownBurn":"0","cost":[50,55,60,65,70],"costBurn":"50/55/60/65/70","datavalues":{},"effect":[null,[0,0,0,0,0],[0,0,0,0,0],[0,0,0,0,0],[0,0,0,0,0],[0,0,0,0,0],[0,0,0,0,0],[0,0,0,0,0],[0,0,0,0,0],[0,0,0,0,0],[0,0,0,0,0]],"effectBurn":[null,"0","0","0","0","0","0","0","0","0","0"],"vars":[],"costType":" de {{ abilityresourcename }}","maxammo":"-1","range":[1200,1200,1200,1200,1200],"rangeBurn":"1200","image":{"full":"AurelionSolW.png","sprite":"spell1.png","group":"spell","x":432,"y":48,"w":48,"h":48},"resource":"{{ cost }} de {{ abilityresourcename }}"},{"id":"AurelionSolE","name":"Singularidad","description":"Aurelion Sol invoca un agujero negro que daña a los enemigos y los atrae lentamente hacia el centro. Esta habilidad otorga Polvo Estelar cada vez que un enemigo muere dentro del agujero negro y por cada segundo que un campeón enemigo esté atrapado en su interior. El centro del agujero negro ejecuta a los enemigos que estén por debajo de un determinado porcentaje de su vida máxima. El Polvo Estelar aumenta el área de Singularidad, así como el umbral de ejecución.","tooltip":"Aurelion Sol invoca un agujero negro, lo que inflige <magicDamage>{{ damagepersecond }} de daño mágico</magicDamage> por seg y <status>arrastra</status> a los enemigos hacia el centro durante {{ duration }} seg. Los enemigos en el centro que tengan menos de un <scaleHealth>{{ currentexecutionthreshold }}% de Vida Máxima</scaleHealth> mueren al instante.<br /><br />El agujero negro absorbe <span class=\"color3458eb\">Polvo Estelar</span> cuando los enemigos mueren en su interior y cada segundo que haya un campeón enemigo dentro.{{ spellmodifierdescriptionappend }}","leveltip":{"label":["Daño por segundo","Costo de @AbilityResourceName@"],"effect":["{{ basedamagepersecond }} -> {{ basedamagepersecondNL }}","{{ cost }} -> {{ costNL }}"]},"maxrank":5,"cooldown":[12,12,12,12,12],"cooldownBurn":"12","cost":[80,85,90,95,100],"costBurn":"80/85/90/95/100","datavalues":{},"effect":[null,[0,0,0,0,0],[0,0,0,0,0],[0,0,0,0,0],[0,0,0,0,0],[0,0,0,0,0],[0,0,0,0,0],[0,0,0,0,0],[0,0,0,0,0],[0,0,0,0,0],[0,0,0,0,0]],"effectBurn":[null,"0","0","0","0","0","0","0","0","0","0"],"vars":[],"costType":" de {{ abilityresourcename }}","maxammo":"-1","range":[750,750,750,750,750],"rangeBurn":"750","image":{"full":"AurelionSolE.png","sprite":"spell1.png","group":"spell","x":0,"y":96,"w":48,"h":48},"resource":"{{ cost }} de {{ abilityresourcename }}"},{"id":"AurelionSolR","name":"Estrella Fugaz / Descenso Celestial","description":"Estrella Fugaz: Aurelion Sol impacta una estrella contra la tierra. El impacto inflige daño mágico y aturde a los enemigos impactados, además de otorgar Polvo Estelar por cada campeón enemigo alcanzado. Reunir suficiente Polvo Estelar transforma la siguiente Estrella Fugaz de Aurelion Sol en Descenso Celestial. Descenso Celestial: Aurelion Sol baja una estrella gigante de los cielos con una zona de impacto y daño aumentados que lanza por el aire a los enemigos en vez de aturdirlos. Una onda expansiva se expande desde el borde de la zona de impacto que inflige daño y ralentiza a los enemigos alcanzados. El Polvo Estelar aumenta el área de impacto tanto de Estrella Fugaz como de Descenso Celestial.","tooltip":"Aurelion Sol baja una estrella del cielo y hace que choque contra la Tierra, lo que inflige <magicDamage>{{ maxdamagetooltip }} de daño mágico</magicDamage>, <status>aturde</status> a los enemigos durante {{ stunduration }} seg y absorbe <span class=\"color3458eb\">{{ massstolen }} de Polvo Estelar</span> por cada campeón alcanzado.<br /><br />Reúne <span class=\"color3458eb\">{{ calamitystacks }} de Polvo Estelar</span> para transformar la próxima <spellName>Estrella Fugaz</spellName> en <spellName>Descenso Celestial</spellName>.<br /><br /><spellName>Descenso Celestial</spellName>: Aurelion Sol extrae una constelación de ira del cosmos, lo que inflige <magicDamage>{{ r2damage }} de daño mágico</magicDamage> en una zona mayor, <status>lanza por los aires</status> a los enemigos impactados durante {{ stunduration }} seg y libera una enorme onda expansiva que inflige <magicDamage>{{ shockwavedamage }} de daño mágico</magicDamage> a los campeones y monstruos épicos y <status>ralentiza</status> a todos los enemigos impactados en un {{ shockwaveslow*100 }}% durante 1 seg.{{ spellmodifierdescriptionappend }}","leveltip":{"label":["Enfriamiento","Daño","Daño potenciado","Daño de Impacto"],"effect":["{{ cooldown }} -> {{ cooldownNL }}","{{ basedamage }} -> {{ basedamageNL }}","{{ basedamage*1.250000 }} -> {{ basedamagenl*1.250000 }}","{{ basedamage }} -> {{ basedamageNL }}"]},"maxrank":3,"cooldown":[120,110,100],"cooldownBurn":"120/110/100","cost":[100,100,100],"costBurn":"100","datavalues":{},"effect":[null,[0,0,0],[0,0,0],[0,0,0],[0,0,0],[0,0,0],[0,0,0],[0,0,0],[0,0,0],[0,0,0],[0,0,0]],"effectBurn":[null,"0","0","0","0","0","0","0","0","0","0"],"vars":[],"costType":" de {{ abilityresourcename }}","maxammo":"-1","range":[1250,1250,1250],"rangeBurn":"1250","image":{"full":"AurelionSolR.png","sprite":"spell1.png","group":"spell","x":48,"y":96,"w":48,"h":48},"resource":"{{ cost }} de {{ abilityresourcename }}"}],"passive":{"name":"Creador Cósmico","description":"Las habilidades que infligen daño de Aurelion Sol convierten a sus enemigos en acumulaciones de <font color='#3458eb'>Polvo Estelar</font>, las cuales mejoran permanentemente cada una de sus habilidades. ","image":{"full":"AurelionSolP.png","sprite":"passive0.png","group":"passive","x":0,"y":48,"w":48,"h":48}},"recommended":[]}}}