{"type":"champion","format":"standAloneComplex","version":"14.3.1","data":{"Azir":{"id":"Azir","key":"268","name":"Azir","title":"el Emperador de las Arenas","image":{"full":"Azir.png","sprite":"champion0.png","group":"champion","x":48,"y":48,"w":48,"h":48},"skins":[{"id":"268000","num":0,"name":"default","chromas":false},{"id":"268001","num":1,"name":"Azir Galáctico","chromas":false},{"id":"268002","num":2,"name":"Azir Señor de la Muerte","chromas":false},{"id":"268003","num":3,"name":"Azir SKT T1","chromas":false},{"id":"268004","num":4,"name":"Azir Reinos en Guerra","chromas":false},{"id":"268005","num":5,"name":"Azir Bosqueviejo","chromas":true},{"id":"268014","num":14,"name":"Azir Worlds 2022","chromas":true}],"lore":"Azir, emperador de Shurima en un pasado remoto, fue un hombre orgulloso que estuvo a punto de alcanzar la inmortalidad. Dominado por la arrogancia, fue traicionado y asesinado en la hora de su mayor triunfo. Pero ahora, milenios después, renació como un ser Ascendido de inmenso poder. Su enterrada ciudad resurgió de las arenas y Azir está decidido a restaurar la antigua gloria de Shurima.","blurb":"Azir, emperador de Shurima en un pasado remoto, fue un hombre orgulloso que estuvo a punto de alcanzar la inmortalidad. Dominado por la arrogancia, fue traicionado y asesinado en la hora de su mayor triunfo. Pero ahora, milenios después, renació como un...","allytips":["Ten cuidado de no quedarte sin los dos soldados de ¡Levántense! Salvo que sea el momento de atacar con todo, ten siempre un soldado a mano, por si tienes que escapar sobre un muro o si posicionaste mal el otro y necesitas capacidad ofensiva de manera urgente.","En el carril, procura colocar a los soldados entre los súbditos y el campeón del enemigo. De este modo podrás usarlos tanto para dar el golpe final como para amenazar al carril enemigo.","División Imperial es, sobre todo, una habilidad defensiva. Úsala cuando el enemigo ataque a tus aliados. Recuerda que tus compañeros pueden atravesar a los soldados de arena y aprovecharse de ello cuando los campeones de cuerpo a cuerpo enemigos ataquen.","¡Pon atención!"],"enemytips":["Azir depende de sus soldados para infligir daño y no puede moverlos constantemente. Intenta aprovechar los momentos en los que estén estacionarios.","Azir puede infligir muchísimo daño a lo largo de un periodo prolongado, pero, a diferencia de otros magos, carece de una capacidad de estallido muy elevada. Intenta utilizar esta desventaja para acabar con él antes de que decante en su favor los combates.","Piensa que los soldados de arena son como el fuego. No te pares en el fuego."],"tags":["Mage","Marksman"],"partype":"Maná","info":{"attack":6,"defense":3,"magic":8,"difficulty":9},"stats":{"hp":550,"hpperlevel":119,"mp":320,"mpperlevel":40,"movespeed":335,"armor":22,"armorperlevel":5,"spellblock":30,"spellblockperlevel":1.3,"attackrange":525,"hpregen":5,"hpregenperlevel":0.75,"mpregen":8,"mpregenperlevel":0.8,"crit":0,"critperlevel":0,"attackdamage":52,"attackdamageperlevel":3.5,"attackspeedperlevel":6,"attackspeed":0.625},"spells":[{"id":"AzirQWrapper","name":"Conquistador de las Arenas","description":"Azir envía a todos los soldados de arena hacia una ubicación. Los soldados de arena infligen daño mágico a los enemigos que atraviesan y además aplican una ralentización durante 1 segundo.","tooltip":"Azir envía a todos los <keywordMajor>Soldados de Arena</keywordMajor> a un área, lo que inflige <magicDamage>{{ totaldamage }} de daño mágico</magicDamage> a los enemigos en su camino y los <status>ralentiza</status> en un {{ e2 }}% durante 1 seg.{{ spellmodifierdescriptionappend }}","leveltip":{"label":["Daño","Enfriamiento","Costo de @AbilityResourceName@"],"effect":["{{ e1 }} -> {{ e1NL }}","{{ cooldown }} -> {{ cooldownNL }}","{{ cost }} -> {{ costNL }}"]},"maxrank":5,"cooldown":[14,12,10,8,6],"cooldownBurn":"14/12/10/8/6","cost":[70,80,90,100,110],"costBurn":"70/80/90/100/110","datavalues":{},"effect":[null,[60,80,100,120,140],[25,25,25,25,25],[0,0,0,0,0],[70,70,70,70,70],[1600,1600,1600,1600,1600],[200,200,200,200,200],[325,325,325,325,325],[0,0,0,0,0],[0,0,0,0,0],[0,0,0,0,0]],"effectBurn":[null,"60/80/100/120/140","25","0","70","1600","200","325","0","0","0"],"vars":[],"costType":" de {{ abilityresourcename }}","maxammo":"-1","range":[740,740,740,740,740],"rangeBurn":"740","image":{"full":"AzirQWrapper.png","sprite":"spell1.png","group":"spell","x":96,"y":96,"w":48,"h":48},"resource":"{{ cost }} de {{ abilityresourcename }}"},{"id":"AzirW","name":"¡Levántense!","description":"Azir invoca a un soldado de arena para atacar a los objetivos cercanos por él. El ataque básico de estos soldados reemplaza el suyo contra todos los enemigos que estén a su alcance. Su ataque inflige daño mágico a todos los enemigos situados en una línea. Además, ¡Levántense! otorga velocidad de ataque de manera pasiva a Azir y a sus soldados de arena.","tooltip":"Azir invoca un <keywordMajor>Soldado de Arena</keywordMajor> durante {{ e1 }} seg. Cuando Azir ataca a un enemigo cerca de un <keywordMajor>Soldado de Arena</keywordMajor>, le ordena a los soldados que ataquen e infligen <magicDamage>{{ totaldamage }} de Daño mágico</magicDamage> en su dirección.<br /><br />Esta habilidad tiene {{ maxammo }} cargas.{{ spellmodifierdescriptionappend }}","leveltip":{"label":["Daño de Ataque del Soldado","Tiempo de recarga","Costo de @AbilityResourceName@"],"effect":["{{ basedamage }} -> {{ basedamageNL }}","{{ ammorechargetime }} -> {{ ammorechargetimeNL }}","{{ cost }} -> {{ costNL }}"]},"maxrank":5,"cooldown":[1.5,1.5,1.5,1.5,1.5],"cooldownBurn":"1.5","cost":[40,35,30,25,20],"costBurn":"40/35/30/25/20","datavalues":{},"effect":[null,[10,10,10,10,10],[0,0,0,0,0],[0,0,0,0,0],[0,0,0,0,0],[0,0,0,0,0],[3,3,3,3,3],[0,0,0,0,0],[5,5,5,5,5],[25,25,25,25,25],[0.5,0.5,0.5,0.5,0.5]],"effectBurn":[null,"10","0","0","0","0","3","0","5","25","0.5"],"vars":[],"costType":" de {{ abilityresourcename }}","maxammo":"2","range":[525,525,525,525,525],"rangeBurn":"525","image":{"full":"AzirW.png","sprite":"spell1.png","group":"spell","x":144,"y":96,"w":48,"h":48},"resource":"{{ cost }} de {{ abilityresourcename }}"},{"id":"AzirEWrapper","name":"Arenas Movedizas","description":"Azir se escuda a sí mismo por un momento y se desplaza hacia uno de sus Soldados de Arena, lo que inflige daño a los enemigos. Si alcanza un campeón enemigo, Azir preparará al instante un nuevo Soldado de Arena para desplegarlo y detiene su desplazamiento.","tooltip":"Azir recibe un escudo de <shield>{{ totalshield }}</shield> durante {{ e6 }} seg y se desplaza hacia uno de sus <keywordMajor>Soldados de Arena</keywordMajor>, lo que inflige <magicDamage>{{ totaldamage }} de daño mágico</magicDamage> a los enemigos en su camino.<br /><br />Si Azir impacta a un campeón enemigo, se detiene y obtiene una carga de <keywordMajor>Soldado de Arena</keywordMajor>.{{ spellmodifierdescriptionappend }}","leveltip":{"label":["Cantidad de escudo","Daño","Enfriamiento"],"effect":["{{ e4 }} -> {{ e4NL }}","{{ e3 }} -> {{ e3NL }}","{{ cooldown }} -> {{ cooldownNL }}"]},"maxrank":5,"cooldown":[22,20.5,19,17.5,16],"cooldownBurn":"22/20.5/19/17.5/16","cost":[60,60,60,60,60],"costBurn":"60","datavalues":{},"effect":[null,[1700,1700,1700,1700,1700],[0,0,0,0,0],[60,100,140,180,220],[70,110,150,190,230],[0.3,0.5,0.7,0.9,1.1],[1.5,1.5,1.5,1.5,1.5],[1100,1100,1100,1100,1100],[0,0,0,0,0],[5,5,5,5,5],[25,25,25,25,25]],"effectBurn":[null,"1700","0","60/100/140/180/220","70/110/150/190/230","0.3/0.5/0.7/0.9/1.1","1.5","1100","0","5","25"],"vars":[],"costType":" de {{ abilityresourcename }}","maxammo":"-1","range":[1100,1100,1100,1100,1100],"rangeBurn":"1100","image":{"full":"AzirEWrapper.png","sprite":"spell1.png","group":"spell","x":192,"y":96,"w":48,"h":48},"resource":"{{ cost }} de {{ abilityresourcename }}"},{"id":"AzirR","name":"División Imperial","description":"Azir invoca un muro de soldados que, con una carga hacia delante, infligen daño y derriban al enemigo.","tooltip":"Azir invoca un muro de soldados acorazados que cargan hacia adelante, lo que <status>lanza hacia atrás</status> a los enemigos y les inflige <magicDamage>{{ totaldamage }} de daño mágico</magicDamage>. Los soldados permanecen y bloquean el camino de los enemigos durante {{ e4 }} seg.{{ spellmodifierdescriptionappend }}","leveltip":{"label":["Daño","Número de soldados","Enfriamiento"],"effect":["{{ e1 }} -> {{ e1NL }}","{{ e3 }} -> {{ e3NL }}","{{ cooldown }} -> {{ cooldownNL }}"]},"maxrank":3,"cooldown":[120,105,90],"cooldownBurn":"120/105/90","cost":[100,100,100],"costBurn":"100","datavalues":{},"effect":[null,[200,400,600],[0,0,0],[6,7,8],[5,5,5],[0,0,0],[0,0,0],[0,0,0],[0,0,0],[0,0,0],[0,0,0]],"effectBurn":[null,"200/400/600","0","6/7/8","5","0","0","0","0","0","0"],"vars":[],"costType":" de {{ abilityresourcename }}","maxammo":"-1","range":[250,250,250],"rangeBurn":"250","image":{"full":"AzirR.png","sprite":"spell1.png","group":"spell","x":240,"y":96,"w":48,"h":48},"resource":"{{ cost }} de {{ abilityresourcename }}"}],"passive":{"name":"Legado de Shurima","description":"Azir puede invocar el Disco Solar desde las ruinas de torretas aliadas o enemigas.","image":{"full":"Azir_Passive.png","sprite":"passive0.png","group":"passive","x":48,"y":48,"w":48,"h":48}},"recommended":[]}}}