{"type":"champion","format":"standAloneComplex","version":"14.3.1","data":{"Bard":{"id":"Bard","key":"432","name":"Bardo","title":"el Guardián Trotamundos","image":{"full":"Bard.png","sprite":"champion0.png","group":"champion","x":96,"y":48,"w":48,"h":48},"skins":[{"id":"432000","num":0,"name":"default","chromas":true},{"id":"432001","num":1,"name":"Bardo Bosqueviejo","chromas":false},{"id":"432005","num":5,"name":"Bardo Día Nevado","chromas":true},{"id":"432006","num":6,"name":"Bardo el Bardo","chromas":false},{"id":"432008","num":8,"name":"AstroBardo","chromas":true},{"id":"432017","num":17,"name":"Bardo Monerías de Café","chromas":true},{"id":"432026","num":26,"name":"Bardo Pergaminos Shan Hai","chromas":true}],"lore":"El Bardo es un viajero de un reino más allá de las estrellas y un agente de la serendipia quien lucha por conservar el balance donde sea que la vida resista la indiferencia del caos. Muchas canciones de Runaterra hablan sobre su extraordinaria naturaleza y todas ellas dicen que los artefactos de un inmenso poder mágico atraen al vagabundo cósmico. Rodeado por un alegre coro de espíritus de meeps, es imposible pensar que sus acciones son malévolas, ya que el Bardo siempre busca servir al bien de todos... a su extraña manera.","blurb":"El Bardo es un viajero de un reino más allá de las estrellas y un agente de la serendipia quien lucha por conservar el balance donde sea que la vida resista la indiferencia del caos. Muchas canciones de Runaterra hablan sobre su extraordinaria...","allytips":["¡Es importante recoger campanas para mejorar los ataques de tus meeps, pero no te olvides de tu compañero de carril! Trata de hacer una entrada triunfal llevando un aliado al carril con Viaje Místico.","Deja que se carguen los Altares del Guardián: son mucho más eficaces a plena potencia.","¡No te olvides de que los enemigos también pueden usar los portales de Viaje Místico y de que tu definitiva afecta también a tus aliados!"],"enemytips":["Los enemigos del Bardo también pueden atravesar los portales de su Viaje Místico. Puedes seguirlo, si lo consideras prudente.","Solo tienes que pasar sobre los altares curativos del Bardo para destruirlos. No dejes que sus aliados los utilicen sin oposición.","La definitiva del Bardo, Destino Apacible, afecta a aliados, enemigos, monstruos y torretas por igual. ¡A veces puedes usarla en tu beneficio!"],"tags":["Support","Mage"],"partype":"Maná","info":{"attack":4,"defense":4,"magic":5,"difficulty":9},"stats":{"hp":630,"hpperlevel":103,"mp":350,"mpperlevel":50,"movespeed":330,"armor":34,"armorperlevel":5.2,"spellblock":30,"spellblockperlevel":1.3,"attackrange":500,"hpregen":5.5,"hpregenperlevel":0.55,"mpregen":6,"mpregenperlevel":0.45,"crit":0,"critperlevel":0,"attackdamage":52,"attackdamageperlevel":3,"attackspeedperlevel":2,"attackspeed":0.625},"spells":[{"id":"BardQ","name":"Amarre Cósmico","description":"El Bardo dispara un proyectil que ralentiza al primer enemigo alcanzado, luego sigue su trayectoria. A partir de ahí, si golpea un muro, el objetivo inicial queda aturdido. Si golpea a otro enemigo, los dos sufren el efecto.","tooltip":"Bardo dispara un rayo de energía, lo que inflige <magicDamage>{{ totaldamage }} de daño mágico</magicDamage> a los primeros dos enemigos alcanzados. El primer objetivo alcanzado queda <status>ralentizado</status> en un {{ e3 }}% durante {{ e4 }} seg.<br /><br />Si el rayo alcanza a un segundo enemigo o un muro, los enemigos alcanzados quedan <status>aturdidos</status> durante {{ e2 }} seg.<br />{{ spellmodifierdescriptionappend }}","leveltip":{"label":["Daño","Duración de la ralentización","Duración de aturdimiento","Enfriamiento"],"effect":["{{ e1 }} -> {{ e1NL }}","{{ e2 }} -> {{ e2NL }}","{{ e2 }} -> {{ e2NL }}","{{ cooldown }} -> {{ cooldownNL }}"]},"maxrank":5,"cooldown":[11,10,9,8,7],"cooldownBurn":"11/10/9/8/7","cost":[60,60,60,60,60],"costBurn":"60","datavalues":{},"effect":[null,[80,125,170,215,260],[1,1.2,1.4,1.6,1.8],[60,60,60,60,60],[1,1.2,1.4,1.6,1.8],[0,0,0,0,0],[0,0,0,0,0],[0,0,0,0,0],[0,0,0,0,0],[0,0,0,0,0],[0,0,0,0,0]],"effectBurn":[null,"80/125/170/215/260","1/1.2/1.4/1.6/1.8","60","1/1.2/1.4/1.6/1.8","0","0","0","0","0","0"],"vars":[],"costType":" de {{ abilityresourcename }}","maxammo":"-1","range":[25000,25000,25000,25000,25000],"rangeBurn":"25000","image":{"full":"BardQ.png","sprite":"spell1.png","group":"spell","x":288,"y":96,"w":48,"h":48},"resource":"{{ cost }} de {{ abilityresourcename }}"},{"id":"BardW","name":"Altar del Guardián","description":"Revela un altar de vida que se enciende durante un corto tiempo, y desaparece tras curar y otorgar aceleración al primer aliado que lo toca.","tooltip":"Bardo crea un altar de vida que otorga <speed>{{ calc_movespeed }} de Velocidad de Movimiento</speed> que decae a lo largo de {{ movespeed_duration }} seg y restaura al menos <healing>{{ initialheal }} de Vida</healing> al primer aliado que entre en él. El altar crece para restaurar <healing>{{ maxheal }} de Vida</healing> tras existir durante {{ e8 }} seg.<br /><br />Bardo puede tener hasta {{ e3 }} altares a la vez. Si un campeón enemigo entra a un altar, lo destruye.<br /><br />Esta habilidad tiene {{ ammo_limit }} cargas.<br /><br />Altares activos actualmente: {{ f1 }} / {{ f2 }}{{ spellmodifierdescriptionappend }}","leveltip":{"label":["Curación básica","Curación máxima","Velocidad de movimiento"],"effect":["{{ e5 }} -> {{ e5NL }}","{{ e6 }} -> {{ e6NL }}","{{ movespeed_base*100.000000 }}% -> {{ movespeed_basenl*100.000000 }}%"]},"maxrank":5,"cooldown":[0,0,0,0,0],"cooldownBurn":"0","cost":[70,70,70,70,70],"costBurn":"70","datavalues":{},"effect":[null,[0,0,0,0,0],[0,0,0,0,0],[3,3,3,3,3],[0,0,0,0,0],[25,50,75,100,125],[50,87.5,125,162.5,200],[0,0,0,0,0],[5,5,5,5,5],[0,0,0,0,0],[0,0,0,0,0]],"effectBurn":[null,"0","0","3","0","25/50/75/100/125","50/87.5/125/162.5/200","0","5","0","0"],"vars":[],"costType":" de {{ abilityresourcename }}","maxammo":"2","range":[800,800,800,800,800],"rangeBurn":"800","image":{"full":"BardW.png","sprite":"spell1.png","group":"spell","x":336,"y":96,"w":48,"h":48},"resource":"{{ cost }} de {{ abilityresourcename }}"},{"id":"BardE","name":"Viaje Místico","description":"El Bardo abre un portal en un terreno cercano. Tanto sus aliados como sus enemigos pueden atravesarlo para cruzar al otro lado, pero solo funciona en un sentido.","tooltip":"Bardo abre un portal de un solo sentido a través del terreno durante {{ e1 }} seg. Cualquier campeón puede ingresar al portal si se mueve al estar cerca de la entrada.{{ spellmodifierdescriptionappend }}","leveltip":{"label":["Enfriamiento"],"effect":["{{ cooldown }} -> {{ cooldownNL }}"]},"maxrank":5,"cooldown":[22,20.5,19,17.5,16],"cooldownBurn":"22/20.5/19/17.5/16","cost":[30,30,30,30,30],"costBurn":"30","datavalues":{},"effect":[null,[10,10,10,10,10],[33,33,33,33,33],[900,900,900,900,900],[0,0,0,0,0],[0,0,0,0,0],[0,0,0,0,0],[0,0,0,0,0],[0,0,0,0,0],[0,0,0,0,0],[0,0,0,0,0]],"effectBurn":[null,"10","33","900","0","0","0","0","0","0","0"],"vars":[],"costType":" de {{ abilityresourcename }}","maxammo":"-1","range":[900,900,900,900,900],"rangeBurn":"900","image":{"full":"BardE.png","sprite":"spell1.png","group":"spell","x":384,"y":96,"w":48,"h":48},"resource":"{{ cost }} de {{ abilityresourcename }}"},{"id":"BardR","name":"Destino Apacible","description":"El Bardo lanza arcos de energía espiritual que inmovilizan a todos los  campeones, súbditos, monstruos y torretas de la zona momentáneamente.","tooltip":"Bardo lanza energía protectora mágica hacia un área, con lo que todas las unidades y estructuras alcanzadas entran en Estasis durante {{ rstasisduration }} seg.{{ spellmodifierdescriptionappend }}","leveltip":{"label":["Enfriamiento"],"effect":["{{ cooldown }} -> {{ cooldownNL }}"]},"maxrank":3,"cooldown":[110,95,80],"cooldownBurn":"110/95/80","cost":[100,100,100],"costBurn":"100","datavalues":{},"effect":[null,[0,0,0],[0,0,0],[0,0,0],[0,0,0],[0,0,0],[0,0,0],[0,0,0],[0,0,0],[0,0,0],[0,0,0]],"effectBurn":[null,"0","0","0","0","0","0","0","0","0","0"],"vars":[],"costType":" de {{ abilityresourcename }}","maxammo":"-1","range":[3400,3400,3400],"rangeBurn":"3400","image":{"full":"BardR.png","sprite":"spell1.png","group":"spell","x":432,"y":96,"w":48,"h":48},"resource":"{{ cost }} de {{ abilityresourcename }}"}],"passive":{"name":"Llamado del Viajero","description":"<font color='#FF9900'>Meeps:</font> Bardo atrae espíritus menores que lo ayudarán en sus ataques básicos para infligir daño mágico adicional. Cuando Bardo haya recolectado suficientes <font color='#cccc00'>Campanillas</font>, sus meeps también infligirán daño en un área y ralentizarán a los enemigos que impacten.<br><br><font color='#FF9900'>Campanillas:</font> Aparecen <font color='#cccc00'>campanillas</font> ancestrales de forma aleatoria para que Bardo las recolecte. Otorgan experiencia, restauran maná y otorgan velocidad de movimiento fuera del combate.","image":{"full":"Bard_Passive.png","sprite":"passive0.png","group":"passive","x":96,"y":48,"w":48,"h":48}},"recommended":[]}}}