{"type":"champion","format":"standAloneComplex","version":"14.3.1","data":{"Belveth":{"id":"Belveth","key":"200","name":"Bel'Veth","title":"la Emperatriz del Vacío","image":{"full":"Belveth.png","sprite":"champion0.png","group":"champion","x":144,"y":48,"w":48,"h":48},"skins":[{"id":"200000","num":0,"name":"default","chromas":false},{"id":"200001","num":1,"name":"Bel'Veth Subjefa","chromas":true},{"id":"200010","num":10,"name":"Bel'Veth Matriarca Cósmica","chromas":true}],"lore":"Una horripilante emperatriz creada a partir de los restos de una ciudad devorada por completo, Bel'Veth es el fin de la misma Runaterra... y el comienzo de una realidad monstruosa diseñada por ella. Impulsada por eras de historias, conocimientos y recuerdos reciclados del mundo de arriba, alimenta vorazmente una necesidad de nuevas experiencias y emociones en constante expansión que consume todo lo que se interpone en su camino. Pero un único mundo jamás podría saciar sus deseos, mientras sus ojos hambrientos se dirigen a los antiguos maestros del Vacío...","blurb":"Una horripilante emperatriz creada a partir de los restos de una ciudad devorada por completo, Bel'Veth es el fin de la misma Runaterra... y el comienzo de una realidad monstruosa diseñada por ella. Impulsada por eras de historias, conocimientos y...","allytips":[],"enemytips":[],"tags":["Fighter"],"partype":"","info":{"attack":4,"defense":2,"magic":7,"difficulty":10},"stats":{"hp":610,"hpperlevel":99,"mp":60,"mpperlevel":0,"movespeed":340,"armor":32,"armorperlevel":4.7,"spellblock":32,"spellblockperlevel":2.05,"attackrange":175,"hpregen":6,"hpregenperlevel":0.6,"mpregen":0,"mpregenperlevel":0,"crit":0,"critperlevel":0,"attackdamage":60,"attackdamageperlevel":1.5,"attackspeedperlevel":0,"attackspeed":0.85},"spells":[{"id":"BelvethQ","name":"Embate del Vacío","description":"Bel'Veth se desplaza en la dirección deseada e inflige daño a todos los enemigos que atraviesa.","tooltip":"Bel'Veth se desplaza para infligir <physicalDamage>{{ basedamage }} de daño físico</physicalDamage> a los enemigos que atraviesa.<br /><br />Cada dirección tiene un enfriamiento único de {{ f1 }} seg que se reduce según su <attackSpeed>velocidad de ataque</attackSpeed>.<br />{{ spellmodifierdescriptionappend }}","leveltip":{"label":["Daño","Enfriamiento por dirección","Daño a súbditos"],"effect":["{{ damage }} -> {{ damageNL }}","{{ persidecooldown }} -> {{ persidecooldownNL }}","{{ minonmod*100.000000 }}% -> {{ minonmodnl*100.000000 }}%"]},"maxrank":5,"cooldown":[1,1,1,1,1],"cooldownBurn":"1","cost":[0,0,0,0,0],"costBurn":"0","datavalues":{},"effect":[null,[0,0,0,0,0],[0,0,0,0,0],[0,0,0,0,0],[0,0,0,0,0],[0,0,0,0,0],[0,0,0,0,0],[0,0,0,0,0],[0,0,0,0,0],[0,0,0,0,0],[0,0,0,0,0]],"effectBurn":[null,"0","0","0","0","0","0","0","0","0","0"],"vars":[],"costType":"Sin costo","maxammo":"-1","range":[450,450,450,450,450],"rangeBurn":"450","image":{"full":"BelvethQ.png","sprite":"spell1.png","group":"spell","x":0,"y":144,"w":48,"h":48},"resource":"Sin costo"},{"id":"BelvethW","name":"Ascenso y Descenso","description":"Bel'Veth golpea el suelo con su cola, lo que inflige daño a sus enemigos, los lanza por el aire y luego los ralentiza.","tooltip":"Bel'Veth golpea con su cola, lo cual inflige <magicDamage>{{ damage }} de daño mágico</magicDamage>, <status>lanza por el aire</status> a sus enemigos por {{ duration }} seg y los <status>ralentiza</status> en un {{ slowpercent*100 }}% por {{ slowduration }} seg. Si un campeón recibe un impacto, el enfriamiento de <spellName>Embate del Vacío</spellName> se restablece en esa dirección.{{ spellmodifierdescriptionappend }}","leveltip":{"label":["Daño","Duración de la ralentización","Enfriamiento"],"effect":["{{ basedamage }} -> {{ basedamageNL }}","{{ slowduration }} -> {{ slowdurationNL }}","{{ cooldown }} -> {{ cooldownNL }}"]},"maxrank":5,"cooldown":[12,11,10,9,8],"cooldownBurn":"12/11/10/9/8","cost":[0,0,0,0,0],"costBurn":"0","datavalues":{},"effect":[null,[0,0,0,0,0],[0,0,0,0,0],[0,0,0,0,0],[0,0,0,0,0],[0,0,0,0,0],[0,0,0,0,0],[0,0,0,0,0],[0,0,0,0,0],[0,0,0,0,0],[0,0,0,0,0]],"effectBurn":[null,"0","0","0","0","0","0","0","0","0","0"],"vars":[],"costType":"Sin costo","maxammo":"-1","range":[715,715,715,715,715],"rangeBurn":"715","image":{"full":"BelvethW.png","sprite":"spell1.png","group":"spell","x":48,"y":144,"w":48,"h":48},"resource":"Sin costo"},{"id":"BelvethE","name":"Vorágine Imperial","description":"Bel'Veth se inmoviliza en el lugar en el que esté mientras canaliza una tormenta de cortes a su alrededor que fija como objetivo al enemigo con menos vida y le otorga robo de vida y reducción de daño.","tooltip":"Bel'Veth canaliza y realiza cortes a su alrededor, con lo que obtiene un {{ drpercent*100 }}% de reducción de daño, {{ totallifesteal }} de robo de vida y ataca {{ f2.0 }} veces a lo largo de {{ totalduration }} seg. El número de ataques aumenta según su <attackSpeed>velocidad de ataque</attackSpeed>. Cada ataque impacta al enemigo con menos vida, lo cual inflige de <physicalDamage>{{ damageperstrike }}</physicalDamage> a <physicalDamage>{{ maxdamageperstriketooltip }} de daño físico</physicalDamage> según la vida faltante del objetivo.<br /><br />Usar otra habilidad o <recast>relanzarla</recast> termina antes esta habilidad.<br />{{ spellmodifierdescriptionappend }}","leveltip":{"label":["Daño","Reducción de daño","Enfriamiento"],"effect":["{{ damageperhit }} -> {{ damageperhitNL }}","{{ drpercent*100.000000 }}% -> {{ drpercentnl*100.000000 }}%","{{ cooldown }} -> {{ cooldownNL }}"]},"maxrank":5,"cooldown":[20,19,18,17,16],"cooldownBurn":"20/19/18/17/16","cost":[0,0,0,0,0],"costBurn":"0","datavalues":{},"effect":[null,[0,0,0,0,0],[0,0,0,0,0],[0,0,0,0,0],[0,0,0,0,0],[0,0,0,0,0],[0,0,0,0,0],[0,0,0,0,0],[0,0,0,0,0],[0,0,0,0,0],[0,0,0,0,0]],"effectBurn":[null,"0","0","0","0","0","0","0","0","0","0"],"vars":[],"costType":"Sin costo","maxammo":"-1","range":[500,500,500,500,500],"rangeBurn":"500","image":{"full":"BelvethE.png","sprite":"spell1.png","group":"spell","x":96,"y":144,"w":48,"h":48},"resource":"Sin costo"},{"id":"BelvethR","name":"Banquete Infinito","description":"Bel'Veth consume remanentes de Coral del Vacío, los cuales la transforman en su forma verdadera y aumenta su vida máxima, alcance de ataque, velocidad de ataque y velocidad de movimiento fuera de combate. Al consumir los remanentes de Coral del Vacío de un monstruo épico del Vacío le otorgará una duración prolongada de su definitiva y el poder para invocar Rémoras del Vacío.","tooltip":"<spellPassive>Pasiva:</spellPassive> Cada segundo ataque contra el mismo objetivo inflige <trueDamage>{{ finalonhitdamage }} de daño verdadero</trueDamage> adicional, el cual se acumula de forma infinita. Los derribos contra campeones y monstruos épicos dejan un pedazo de Coral del Vacío.<br /><br /><spellActive>Activa:</spellActive> Bel'Veth consume Coral del Vacío, lo cual le otorga una acumulación de <keywordMajor>{{ passivestacksondevour }} Lavanda</keywordMajor> y activa su forma verdadera por {{ steroidduration }} seg. Al consumir Coral del Vacío de monstruos épicos del Vacío aumenta la duración a {{ voidduration }} seg y hace que los súbditos que mueran cerca se conviertan en Rémoras del Vacío. Al lanzarlo, Bel'Veth <status>ralentiza</status> a los enemigos cercanos antes de explotar, lo que inflige <trueDamage>{{ totalexplosiondamage }} + {{ missinghealthdamage*100 }}% de la vida faltante como daño verdadero</trueDamage>.<br /><br />En su forma verdadera, Bel'Veth obtiene <healing>{{ maxhealthondevour }} de Vida Máxima</healing>, <speed>{{ oocms }} de Velocidad de Movimiento</speed> fuera de combate, {{ bonusaarange }} de alcance de ataque, un <attackSpeed>{{ totalasmod*100 }}% de Velocidad de Ataque total</attackSpeed> y <spellName>Embate del Vacío</spellName> puede atravesar muros.<br /><br /><br />{{ spellmodifierdescriptionappend }}","leveltip":{"label":["Daño al impacto","Daño de explosión","Vida adicional","Velocidad de movimiento","Velocidad de ataque","Vida de Rémora del Vacío"],"effect":["{{ onhitdamage }} -> {{ onhitdamageNL }}","{{ basedamage }} -> {{ basedamageNL }}","{{ basemaxhealth }} -> {{ basemaxhealthNL }}","{{ oocms }} -> {{ oocmsNL }}","{{ totalasmod*100.000000 }}% -> {{ totalasmodnl*100.000000 }}%","{{ voidlinghpscale*100.000000 }}% -> {{ voidlinghpscalenl*100.000000 }}%"]},"maxrank":3,"cooldown":[1,1,1],"cooldownBurn":"1","cost":[0,0,0],"costBurn":"0","datavalues":{},"effect":[null,[0,0,0],[0,0,0],[0,0,0],[0,0,0],[0,0,0],[0,0,0],[0,0,0],[0,0,0],[0,0,0],[0,0,0]],"effectBurn":[null,"0","0","0","0","0","0","0","0","0","0"],"vars":[],"costType":"Sin costo","maxammo":"-1","range":[275,275,275],"rangeBurn":"275","image":{"full":"BelvethR.png","sprite":"spell1.png","group":"spell","x":144,"y":144,"w":48,"h":48},"resource":"Sin costo"}],"passive":{"name":"Muerte Lavanda ","description":"Bel'Veth obtiene acumulaciones de velocidad de ataque permanentes tras derribar súbditos grandes, monstruos grandes y campeones. Además obtiene velocidad de ataque adicional y temporal tras usar esta habilidad.","image":{"full":"Belveth_Passive.png","sprite":"passive0.png","group":"passive","x":144,"y":48,"w":48,"h":48}},"recommended":[]}}}