{"type":"champion","format":"standAloneComplex","version":"14.3.1","data":{"Blitzcrank":{"id":"Blitzcrank","key":"53","name":"Blitzcrank","title":"el Gran Gólem de Vapor","image":{"full":"Blitzcrank.png","sprite":"champion0.png","group":"champion","x":192,"y":48,"w":48,"h":48},"skins":[{"id":"53000","num":0,"name":"default","chromas":true},{"id":"53001","num":1,"name":"Blitzcrank Oxidado","chromas":false},{"id":"53002","num":2,"name":"Blitzcrank Páralotodo","chromas":false},{"id":"53003","num":3,"name":"Blitzcrank Boxeador","chromas":false},{"id":"53004","num":4,"name":"Blitzcrank Talleres Piltóver","chromas":false},{"id":"53005","num":5,"name":"Este no es Blitzcrank","chromas":false},{"id":"53006","num":6,"name":"iBlitzcrank","chromas":false},{"id":"53007","num":7,"name":"Riot Blitzcrank","chromas":false},{"id":"53011","num":11,"name":"Blitzcrank Subjefe","chromas":true},{"id":"53020","num":20,"name":"Blitzcrank Lancero Sombrío","chromas":false},{"id":"53021","num":21,"name":"Blitzcrank Lancero Radiante","chromas":false},{"id":"53022","num":22,"name":"Blitzcrank Caldero de Bruja","chromas":true},{"id":"53029","num":29,"name":"Blitz y Crank Onda Espacial","chromas":true},{"id":"53036","num":36,"name":"Blitzcrank Victorioso","chromas":true},{"id":"53047","num":47,"name":"Blitzcrank Juegos Cénit","chromas":true},{"id":"53056","num":56,"name":"Blitzzzzcrank","chromas":true}],"lore":"Blitzcrank es un autómata gigantesco y casi indestructible de Zaun, que originalmente fue creado para deshacerse de los desechos tóxicos. Sin embargo, él cree que su propósito principal era demasiado limitado, así que modificó su propia forma para poder servir mejor a la frágil gente del Sumidero. Blitzcrank utiliza su fuerza y durabilidad desinteresadamente para proteger a los demás, extendiendo su puño de metal o lanzando una ráfaga de energía para someter a quienes busquen causar problemas.","blurb":"Blitzcrank es un autómata gigantesco y casi indestructible de Zaun, que originalmente fue creado para deshacerse de los desechos tóxicos. Sin embargo, él cree que su propósito principal era demasiado limitado, así que modificó su propia forma para poder...","allytips":["La combinación 1-2-3 de Agarre Cohete, Puño de Poder y Campo Estático puede aniquilar a un oponente que esté solo.","Si usas el agarre de Blitzcrank para jalar a un enemigo hasta el alcance de tu torre, seguido de un Puño de Poder, permitirá que tu torre pueda atacarlo varias veces."],"enemytips":["La Barrera de Maná pasiva de Blitzcrank le proporciona un escudo cuando le queda poca vida.","Mantenerse detrás de los súbditos puede evitar que sufras el ataque del Agarre Cohete. Este ataque de Blitzcrank sólo arrastra al primer enemigo con el que se tope."],"tags":["Tank","Fighter"],"partype":"Maná","info":{"attack":4,"defense":8,"magic":5,"difficulty":4},"stats":{"hp":650,"hpperlevel":109,"mp":267,"mpperlevel":40,"movespeed":325,"armor":37,"armorperlevel":4.7,"spellblock":32,"spellblockperlevel":2.05,"attackrange":125,"hpregen":7.5,"hpregenperlevel":0.75,"mpregen":8.5,"mpregenperlevel":0.8,"crit":0,"critperlevel":0,"attackdamage":62,"attackdamageperlevel":3.5,"attackspeedperlevel":1.13,"attackspeed":0.625},"spells":[{"id":"RocketGrab","name":"Agarre Cohete","description":"Blitzcrank lanza su mano derecha para atrapar a un oponente en su camino y le inflige daño y lo arrastra hacia sí.","tooltip":"Blitzcrank lanza su mano derecha para <status>arrastrar hacia sí</status> al primer enemigo alcanzado y le inflige <magicDamage>{{ totaldamage }} de daño mágico</magicDamage>.{{ spellmodifierdescriptionappend }}","leveltip":{"label":["Daño","Enfriamiento"],"effect":["{{ basedamage }} -> {{ basedamageNL }}","{{ cooldown }} -> {{ cooldownNL }}"]},"maxrank":5,"cooldown":[20,19,18,17,16],"cooldownBurn":"20/19/18/17/16","cost":[100,100,100,100,100],"costBurn":"100","datavalues":{},"effect":[null,[90,140,190,240,290],[0,0,0,0,0],[0,0,0,0,0],[0,0,0,0,0],[0,0,0,0,0],[0,0,0,0,0],[0,0,0,0,0],[0,0,0,0,0],[0,0,0,0,0],[0,0,0,0,0]],"effectBurn":[null,"90/140/190/240/290","0","0","0","0","0","0","0","0","0"],"vars":[],"costType":" de {{ abilityresourcename }}","maxammo":"-1","range":[1079,1079,1079,1079,1079],"rangeBurn":"1079","image":{"full":"RocketGrab.png","sprite":"spell1.png","group":"spell","x":192,"y":144,"w":48,"h":48},"resource":"{{ cost }} de {{ abilityresourcename }}"},{"id":"Overdrive","name":"Sobremarcha","description":"Blitzcrank se sobrecarga para recibir un aumento drástico de velocidad de ataque y de movimiento. Quedará ralentizado por un momento al terminar el efecto.","tooltip":"Blitzcrank se sobrecarga para obtener un <speed>{{ movespeedmod*100 }}% de Velocidad de Movimiento</speed> y un <attackSpeed>{{ attackspeedmod*100 }}% de Velocidad de Ataque</attackSpeed> que decaen durante {{ duration }} seg.<br /><br />Posteriormente, Blitzcrank queda <status>ralentizado</status> un {{ movespeedmodreduction*100 }}% durante {{ slowduration }} seg.{{ spellmodifierdescriptionappend }}","leveltip":{"label":["Velocidad de movimiento","Velocidad de ataque"],"effect":["{{ movespeedmod*100.000000 }}% -> {{ movespeedmodnl*100.000000 }}%","{{ attackspeedmod*100.000000 }}% -> {{ attackspeedmodnl*100.000000 }}%"]},"maxrank":5,"cooldown":[15,15,15,15,15],"cooldownBurn":"15","cost":[75,75,75,75,75],"costBurn":"75","datavalues":{},"effect":[null,[0,0,0,0,0],[0,0,0,0,0],[0,0,0,0,0],[0,0,0,0,0],[0,0,0,0,0],[0,0,0,0,0],[0,0,0,0,0],[0,0,0,0,0],[0,0,0,0,0],[0,0,0,0,0]],"effectBurn":[null,"0","0","0","0","0","0","0","0","0","0"],"vars":[],"costType":" de {{ abilityresourcename }}","maxammo":"-1","range":[1,1,1,1,1],"rangeBurn":"1","image":{"full":"Overdrive.png","sprite":"spell1.png","group":"spell","x":240,"y":144,"w":48,"h":48},"resource":"{{ cost }} de {{ abilityresourcename }}"},{"id":"PowerFist","name":"Puño de Poder","description":"Blitzcrank carga su puño para que su siguiente ataque inflija el doble de daño y lance a su objetivo por el aire.","tooltip":"Blitzcrank carga su puño para que su próximo ataque <status>lance por el aire</status> durante {{ ccduration }} seg e inflija <physicalDamage>{{ totaldamage }} de daño físico</physicalDamage>.{{ spellmodifierdescriptionappend }}","leveltip":{"label":["Enfriamiento"],"effect":["{{ cooldown }} -> {{ cooldownNL }}"]},"maxrank":5,"cooldown":[9,8,7,6,5],"cooldownBurn":"9/8/7/6/5","cost":[25,25,25,25,25],"costBurn":"25","datavalues":{},"effect":[null,[0,0,0,0,0],[0,0,0,0,0],[0,0,0,0,0],[0,0,0,0,0],[0,0,0,0,0],[0,0,0,0,0],[0,0,0,0,0],[0,0,0,0,0],[0,0,0,0,0],[0,0,0,0,0]],"effectBurn":[null,"0","0","0","0","0","0","0","0","0","0"],"vars":[],"costType":" de {{ abilityresourcename }}","maxammo":"-1","range":[300,300,300,300,300],"rangeBurn":"300","image":{"full":"PowerFist.png","sprite":"spell1.png","group":"spell","x":288,"y":144,"w":48,"h":48},"resource":"{{ cost }} de {{ abilityresourcename }}"},{"id":"StaticField","name":"Campo Estático","description":"Los enemigos atacados por Blitzcrank quedan marcados y sufren daños de relámpago después de 1 seg. Además, Blitzcrank puede activar esta habilidad para eliminar los escudos de enemigos cercanos, infligirles daño y silenciarlos brevemente.","tooltip":"<spellPassive>Pasiva: </spellPassive>Mientras esta habilidad esté disponible, los rayos cargan los puños de Blitzcrank para marcar a aquellos que ataque. Tras 1 seg, reciben <magicDamage>{{ passivedamage }} de daño mágico</magicDamage>.<br /><br /><spellActive>Activa: </spellActive>Blitzcrank se sobrecarga e inflige <magicDamage>{{ activedamage }} de daño mágico</magicDamage> y <status>silencia</status> a los enemigos cercanos por {{ silenceduration }} seg. También destruye sus escudos.{{ spellmodifierdescriptionappend }}","leveltip":{"label":["Daño básico de la pasiva","Tasa de Poder de Habilidad de su pasiva","Daño básico de la activa","Enfriamiento de la activa"],"effect":["{{ passivebasedamage }} -> {{ passivebasedamageNL }}","{{ passiveapratio*100.000000 }}% -> {{ passiveaprationl*100.000000 }}%","{{ activebasedamage }} -> {{ activebasedamageNL }}","{{ cooldown }} -> {{ cooldownNL }}"]},"maxrank":3,"cooldown":[60,40,20],"cooldownBurn":"60/40/20","cost":[100,100,100],"costBurn":"100","datavalues":{},"effect":[null,[0,0,0],[0,0,0],[0,0,0],[0,0,0],[0,0,0],[0,0,0],[0,0,0],[0,0,0],[0,0,0],[0,0,0]],"effectBurn":[null,"0","0","0","0","0","0","0","0","0","0"],"vars":[],"costType":" de {{ abilityresourcename }}","maxammo":"-1","range":[600,600,600],"rangeBurn":"600","image":{"full":"StaticField.png","sprite":"spell1.png","group":"spell","x":336,"y":144,"w":48,"h":48},"resource":"{{ cost }} de {{ abilityresourcename }}"}],"passive":{"name":"Barrera de Maná","description":"Cuando se queda con poca vida, Blitzcrank obtiene un escudo según su maná.","image":{"full":"Blitzcrank_ManaBarrier.png","sprite":"passive0.png","group":"passive","x":192,"y":48,"w":48,"h":48}},"recommended":[]}}}