{"type":"champion","format":"standAloneComplex","version":"14.3.1","data":{"Brand":{"id":"Brand","key":"63","name":"Brand","title":"la Venganza Ardiente","image":{"full":"Brand.png","sprite":"champion0.png","group":"champion","x":240,"y":48,"w":48,"h":48},"skins":[{"id":"63000","num":0,"name":"default","chromas":false},{"id":"63001","num":1,"name":"Brand Apocalíptico","chromas":false},{"id":"63002","num":2,"name":"Brand Vándalo","chromas":false},{"id":"63003","num":3,"name":"Brand Crionuclear","chromas":false},{"id":"63004","num":4,"name":"Brand Zombie","chromas":false},{"id":"63005","num":5,"name":"Brand Fuego Espiritual","chromas":false},{"id":"63006","num":6,"name":"Brand Subjefe","chromas":false},{"id":"63007","num":7,"name":"Brand Arco de Luz","chromas":true},{"id":"63008","num":8,"name":"Brand Dragón Eterno","chromas":true},{"id":"63021","num":21,"name":"Brand Gallardo","chromas":true},{"id":"63022","num":22,"name":"Brand Gallardo Prestigioso","chromas":false},{"id":"63033","num":33,"name":"Brand Demonios Callejeros","chromas":true}],"lore":"La criatura conocida como Brand es una lección de la tentación del poder. Alguna vez fue un simple hombre de la tribu de Fréljord y su nombre era Kegan Rodhe, pero al estar buscando una de las Runas del Mundo, Kegan traicionó a sus compañeros y se la quedó para él mismo. Y en un instante, el hombre se había esfumado. Su alma se quemó y se desvaneció, y su cuerpo ahora es el recipiente de una flama viva. Brand ahora vaga en Valoran en busca de otras Runas, jurando venganza por los males que no pudo haber sufrido ni en una docena de vidas mortales.","blurb":"La criatura conocida como Brand es una lección de la tentación del poder. Alguna vez fue un simple hombre de la tribu de Fréljord y su nombre era Kegan Rodhe, pero al estar buscando una de las Runas del Mundo, Kegan traicionó a sus compañeros y se la...","allytips":["Puedes evitar que los enemigos se queden cerca de sus súbditos prendiéndoles fuego con Conflagración.","Las habilidades de Brand pueden usarse en diversas combinaciones para maximizar el daño en situaciones diferentes.","Piroclasma rebota aleatoriamente entre los enemigos, por lo que suele ser mejor usarla sobre grupos pequeños de enemigos si quieres que impacte varias veces sobre el mismo objetivo."],"enemytips":["Brand deberá impactar con una habilidad antes de poder iniciar un combo. Para cortarle el ritmo bastará con esquivar Abrasar o Columna de Fuego.","Intenta alejarte de tus aliados cuando veas que está preparando Piroclasma. La velocidad inicial del misil es lenta, lo cual debería darle tiempo a tu equipo para reaccionar.","La habilidad pasiva de Brand lo hace destacar contra grupos que actúan juntos. Sepárense al luchar contra él."],"tags":["Mage"],"partype":"Maná","info":{"attack":2,"defense":2,"magic":9,"difficulty":4},"stats":{"hp":570,"hpperlevel":105,"mp":469,"mpperlevel":21,"movespeed":340,"armor":27,"armorperlevel":4.2,"spellblock":30,"spellblockperlevel":1.3,"attackrange":550,"hpregen":5.5,"hpregenperlevel":0.55,"mpregen":10.65,"mpregenperlevel":0.6,"crit":0,"critperlevel":0,"attackdamage":57,"attackdamageperlevel":3,"attackspeedperlevel":2,"attackspeed":0.681},"spells":[{"id":"BrandQ","name":"Abrasar","description":"Brand lanza una bola de fuego hacia adelante que inflige daño mágico. Si el objetivo está en llamas, Abrasar aturdirá al enemigo durante 1.5 seg.","tooltip":"Brand lanza una bola de fuego que inflige <magicDamage>{{ totaldamage }} de daño mágico</magicDamage> al primer enemigo alcanzado.<br /><br />Si el objetivo está <keywordMajor>en llamas</keywordMajor>, quedará <status>aturdido</status> durante 1.5 seg.{{ spellmodifierdescriptionappend }}","leveltip":{"label":["Daño","Enfriamiento"],"effect":["{{ e1 }} -> {{ e1NL }}","{{ cooldown }} -> {{ cooldownNL }}"]},"maxrank":5,"cooldown":[8,7.5,7,6.5,6],"cooldownBurn":"8/7.5/7/6.5/6","cost":[50,50,50,50,50],"costBurn":"50","datavalues":{},"effect":[null,[70,100,130,160,190],[0,0,0,0,0],[0,0,0,0,0],[0,0,0,0,0],[0,0,0,0,0],[0,0,0,0,0],[0,0,0,0,0],[0,0,0,0,0],[0,0,0,0,0],[0,0,0,0,0]],"effectBurn":[null,"70/100/130/160/190","0","0","0","0","0","0","0","0","0"],"vars":[],"costType":" de {{ abilityresourcename }}","maxammo":"-1","range":[1050,1050,1050,1050,1050],"rangeBurn":"1050","image":{"full":"BrandQ.png","sprite":"spell1.png","group":"spell","x":384,"y":144,"w":48,"h":48},"resource":"{{ cost }} de {{ abilityresourcename }}"},{"id":"BrandW","name":"Columna de Fuego","description":"Tras unos momentos, Brand crea una Columna de Fuego en la zona objetivo, lo que inflige daño mágico a las unidades enemigas dentro del área. Las unidades en llamas reciben un 25% de daño adicional.","tooltip":"Brand crea un pilar de fuego puro que inflige <magicDamage>{{ totaldamage }} de daño mágico</magicDamage>.<br /><br />Las unidades <keywordMajor>en llamas</keywordMajor> reciben <magicDamage>{{ empowereddamage }} de daño</magicDamage>.{{ spellmodifierdescriptionappend }}","leveltip":{"label":["Daño","Enfriamiento","Costo de @AbilityResourceName@"],"effect":["{{ e1 }} -> {{ e1NL }}","{{ cooldown }} -> {{ cooldownNL }}","{{ cost }} -> {{ costNL }}"]},"maxrank":5,"cooldown":[10,9.5,9,8.5,8],"cooldownBurn":"10/9.5/9/8.5/8","cost":[60,70,80,90,100],"costBurn":"60/70/80/90/100","datavalues":{},"effect":[null,[75,120,165,210,255],[20,40,60,80,100],[0.25,0.25,0.25,0.25,0.25],[0,0,0,0,0],[0,0,0,0,0],[0,0,0,0,0],[0,0,0,0,0],[0,0,0,0,0],[0,0,0,0,0],[0,0,0,0,0]],"effectBurn":[null,"75/120/165/210/255","20/40/60/80/100","0.25","0","0","0","0","0","0","0"],"vars":[],"costType":" de {{ abilityresourcename }}","maxammo":"-1","range":[900,900,900,900,900],"rangeBurn":"900","image":{"full":"BrandW.png","sprite":"spell1.png","group":"spell","x":432,"y":144,"w":48,"h":48},"resource":"{{ cost }} de {{ abilityresourcename }}"},{"id":"BrandE","name":"Conflagración","description":"Brand conjura un poderoso ataque contra su objetivo que se expande hacia los enemigos cercanos y les inflige daño mágico. Si el objetivo está en llamas, la propagación de Conflagración se duplica.","tooltip":"Brand conjura una poderosa llamarada sobre su objetivo, la cual inflige <magicDamage>{{ edamagecalc }} de daño mágico</magicDamage> a las unidades cercanas. <br /><br />Si el objetivo está <keywordMajor>en llamas</keywordMajor>, el alcance de la propagación se duplica.{{ spellmodifierdescriptionappend }}","leveltip":{"label":["Daño","Enfriamiento","Costo de @AbilityResourceName@"],"effect":["{{ basedamage }} -> {{ basedamageNL }}","{{ cooldown }} -> {{ cooldownNL }}","{{ cost }} -> {{ costNL }}"]},"maxrank":5,"cooldown":[12,11,10,9,8],"cooldownBurn":"12/11/10/9/8","cost":[70,75,80,85,90],"costBurn":"70/75/80/85/90","datavalues":{},"effect":[null,[0,0,0,0,0],[375,375,375,375,375],[0,0,0,0,0],[0,0,0,0,0],[0,0,0,0,0],[0,0,0,0,0],[0,0,0,0,0],[0,0,0,0,0],[0,0,0,0,0],[0,0,0,0,0]],"effectBurn":[null,"0","375","0","0","0","0","0","0","0","0"],"vars":[],"costType":" de {{ abilityresourcename }}","maxammo":"-1","range":[625,625,625,625,625],"rangeBurn":"625","image":{"full":"BrandE.png","sprite":"spell2.png","group":"spell","x":0,"y":0,"w":48,"h":48},"resource":"{{ cost }} de {{ abilityresourcename }}"},{"id":"BrandR","name":"Piroclasma","description":"Brand desata un devastador torrente de fuego que rebota hasta 5 veces contra Brand y los enemigos cercanos, lo que inflige daño mágico cada vez que rebota. Los rebotes tendrán la prioridad de acumular Llamarada al máximo en campeones. Si el objetivo está en llamas, Piroclasma lo ralentizará durante un breve periodo.","tooltip":"Brand desata un torrente de fuego devastador que puede rebotar contra Brand u otro enemigo hasta 5 veces, lo que inflige <magicDamage>{{ totaldamage }} de daño mágico</magicDamage> a los enemigos en cada rebote. Los rebotes priorizan acumular <keywordMajor>Llamarada</keywordMajor> al máximo en campeones.<br /><br />Si el objetivo está <keywordMajor>en llamas</keywordMajor>, lo <status>ralentiza</status> brevemente un {{ slowamount }}%.{{ spellmodifierdescriptionappend }}","leveltip":{"label":["Daño por rebote","Ralentización","Enfriamiento"],"effect":["{{ basedamage }} -> {{ basedamageNL }}","{{ slowamount }}% -> {{ slowamountNL }}%","{{ cooldown }} -> {{ cooldownNL }}"]},"maxrank":3,"cooldown":[105,90,75],"cooldownBurn":"105/90/75","cost":[100,100,100],"costBurn":"100","datavalues":{},"effect":[null,[0,0,0],[0,0,0],[0,0,0],[0,0,0],[0,0,0],[0,0,0],[0,0,0],[0,0,0],[0,0,0],[0,0,0]],"effectBurn":[null,"0","0","0","0","0","0","0","0","0","0"],"vars":[],"costType":" de {{ abilityresourcename }}","maxammo":"-1","range":[750,750,750],"rangeBurn":"750","image":{"full":"BrandR.png","sprite":"spell2.png","group":"spell","x":48,"y":0,"w":48,"h":48},"resource":"{{ cost }} de {{ abilityresourcename }}"}],"passive":{"name":"Llamarada","description":"Los hechizos de Brand prenden a sus objetivos en llamas e infligen daño a lo largo de 4 seg. Se acumula hasta 3 veces. Si Brand mata a un enemigo en llamas, recupera maná. Llamarada se vuelve inestable cuando alcanza el máximo de acumulaciones contra un campeón o un monstruo. Detona en 2 seg, lo que aplica efectos de hechizo e inflige daño masivo en una zona alrededor de la víctima.","image":{"full":"BrandP.png","sprite":"passive0.png","group":"passive","x":240,"y":48,"w":48,"h":48}},"recommended":[]}}}