{"type":"champion","format":"standAloneComplex","version":"14.3.1","data":{"Braum":{"id":"Braum","key":"201","name":"Braum","title":"el Corazón del Fréljord","image":{"full":"Braum.png","sprite":"champion0.png","group":"champion","x":288,"y":48,"w":48,"h":48},"skins":[{"id":"201000","num":0,"name":"default","chromas":false},{"id":"201001","num":1,"name":"Braum Matadragones","chromas":true},{"id":"201002","num":2,"name":"El Tigre Braum","chromas":false},{"id":"201003","num":3,"name":"Braum Corazón de León","chromas":false},{"id":"201010","num":10,"name":"Braum Santa","chromas":false},{"id":"201011","num":11,"name":"Braum Ciudad del Crimen","chromas":true},{"id":"201024","num":24,"name":"Braum Soldado de Galleta","chromas":true},{"id":"201033","num":33,"name":"Braum Veraniego","chromas":true}],"lore":"Dotado de bíceps masivos y un corazón aún más grande, Braum es un querido héroe de Fréljord. Todas las tabernas al norte de Frostheld brindan por su fuerza legendaria; se dice que taló un bosque de robles en una sola noche y que hizo añicos una montaña entera con un solo golpe. Con una puerta de bóveda encantada como escudo, Braum vaga el norte congelado portando una sonrisa bigotona tan grande como sus músculos: un verdadero amigo para aquellos que lo necesitan.","blurb":"Dotado de bíceps masivos y un corazón aún más grande, Braum es un querido héroe de Fréljord. Todas las tabernas al norte de Frostheld brindan por su fuerza legendaria; se dice que taló un bosque de robles en una sola noche y que hizo añicos una montaña...","allytips":["Colabora con tus aliados para acumular Golpes Conmocionantes y anímalos a utilizar ataques básicos contra los objetivos marcados.","Salta para interponerte delante de tus aliados más frágiles y protégelos de los proyectiles con Inquebrantable.","Fisura Glacial genera una importante zona de ralentización, así que úsala para dividir al enemigo en los combates de equipo y frenar su avance."],"enemytips":["Braum debe impactar con Rigor del Invierno o un ataque básico para iniciar Golpes Conmocionantes. Si te marca, sal de su alcance antes de que te golpee 3 veces más para que no te aturda.","Su definitiva tiene un tiempo de lanzamiento largo. Aprovéchalo para esquivar. El suelo helado que deja atrás te ralentizará, así que trata de no pasar sobre él.","Inquebrantable le da una gran defensa frente a una dirección. Espera a que pase o intenta flanquearlo."],"tags":["Support","Tank"],"partype":"Maná","info":{"attack":3,"defense":9,"magic":4,"difficulty":3},"stats":{"hp":610,"hpperlevel":112,"mp":311,"mpperlevel":45,"movespeed":335,"armor":47,"armorperlevel":5.2,"spellblock":32,"spellblockperlevel":2.05,"attackrange":125,"hpregen":8.5,"hpregenperlevel":1,"mpregen":7,"mpregenperlevel":0.8,"crit":0,"critperlevel":0,"attackdamage":55,"attackdamageperlevel":3.2,"attackspeedperlevel":3.5,"attackspeed":0.644},"spells":[{"id":"BraumQ","name":"Rigor del Invierno","description":"Braum lanza hielo de su escudo, lo que ralentiza e inflige daño mágico.<br><br>Aplica una acumulación de <font color='#FFF673'>Golpes Conmocionantes</font>.","tooltip":"Braum lanza hielo de su escudo, lo que inflige <magicDamage>{{ totaldamage }} de daño mágico</magicDamage> al primer enemigo que impacta y lo <status>ralentiza</status> un {{ e2 }}%. Este efecto decae a lo largo de los próximos {{ e5 }} seg.<br /><br />Aplica una acumulación de <keywordMajor>Golpes Conmocionantes</keywordMajor>. {{ spellmodifierdescriptionappend }}","leveltip":{"label":["Daño","Enfriamiento","Costo de @AbilityResourceName@"],"effect":["{{ e1 }} -> {{ e1NL }}","{{ cooldown }} -> {{ cooldownNL }}","{{ cost }} -> {{ costNL }}"]},"maxrank":5,"cooldown":[8,7.5,7,6.5,6],"cooldownBurn":"8/7.5/7/6.5/6","cost":[45,50,55,60,65],"costBurn":"45/50/55/60/65","datavalues":{},"effect":[null,[75,125,175,225,275],[70,70,70,70,70],[30,30,30,30,30],[0.02,0.02,0.02,0.02,0.02],[2,2,2,2,2],[1050,1050,1050,1050,1050],[4,4,4,4,4],[0,0,0,0,0],[0,0,0,0,0],[0,0,0,0,0]],"effectBurn":[null,"75/125/175/225/275","70","30","0.02","2","1050","4","0","0","0"],"vars":[],"costType":" de {{ abilityresourcename }}","maxammo":"-1","range":[1000,1000,1000,1000,1000],"rangeBurn":"1000","image":{"full":"BraumQ.png","sprite":"spell2.png","group":"spell","x":96,"y":0,"w":48,"h":48},"resource":"{{ cost }} de {{ abilityresourcename }}"},{"id":"BraumW","name":"Detrás de Mí","description":"Braum salta hacia un campeón o súbdito aliado. Al llegar, Braum y el aliado obtienen armadura y resistencia mágica durante algunos segundos.","tooltip":"Braum salta hacia un campeón aliado o súbdito. Al llegar, Braum le otorga al objetivo <scaleArmor>{{ grantedallyarmor }} de Armadura</scaleArmor> y <scaleMR>{{ grantedallymr }} de Resistencia Mágica</scaleMR> durante {{ e1 }} seg. Braum se otorga a sí mismo <scaleArmor>{{ grantedbraumarmor }} de Armadura</scaleArmor> y <scaleMR>{{ grantedbraummr }} de Resistencia Mágica</scaleMR> con la misma duración.{{ spellmodifierdescriptionappend }}","leveltip":{"label":["Resistencias básicas","Enfriamiento"],"effect":["{{ baseresists }} -> {{ baseresistsNL }}","{{ cooldown }} -> {{ cooldownNL }}"]},"maxrank":5,"cooldown":[12,11,10,9,8],"cooldownBurn":"12/11/10/9/8","cost":[40,40,40,40,40],"costBurn":"40","datavalues":{},"effect":[null,[3,3,3,3,3],[750,750,750,750,750],[0,0,0,0,0],[0,0,0,0,0],[0,0,0,0,0],[40,40,40,40,40],[0,0,0,0,0],[0,0,0,0,0],[0,0,0,0,0],[0,0,0,0,0]],"effectBurn":[null,"3","750","0","0","0","40","0","0","0","0"],"vars":[],"costType":" de {{ abilityresourcename }}","maxammo":"-1","range":[650,650,650,650,650],"rangeBurn":"650","image":{"full":"BraumW.png","sprite":"spell2.png","group":"spell","x":144,"y":0,"w":48,"h":48},"resource":"{{ cost }} de {{ abilityresourcename }}"},{"id":"BraumE","name":"Inquebrantable","description":"Braum levanta su escudo en una dirección durante varios segundos e intercepta todos los proyectiles para destruirlos en el proceso. Repele el daño del primer ataque por completo y reduce el daño de todos los ataques subsecuentes en esa dirección.","tooltip":"Braum levanta su escudo durante {{ e2 }} seg, lo que intercepta misiles enemigos desde la dirección elegida para que golpeen a Braum y se destruyan. El primer proyectil que Braum bloquea no le inflige daño, y los proyectiles posteriores le infligen un {{ e3 }}% de daño reducido.<br /><br />Braum gana un <speed>{{ e4 }}% de Velocidad de Movimiento</speed> mientras su escudo está levantado.{{ spellmodifierdescriptionappend }}","leveltip":{"label":["Duración","Reducción de daño","Enfriamiento","Costo de @AbilityResourceName@"],"effect":["{{ e2 }} -> {{ e2NL }}","{{ e3 }}% -> {{ e3NL }}%","{{ cooldown }} -> {{ cooldownNL }}","{{ cost }} -> {{ costNL }}"]},"maxrank":5,"cooldown":[16,14,12,10,8],"cooldownBurn":"16/14/12/10/8","cost":[30,35,40,45,50],"costBurn":"30/35/40/45/50","datavalues":{},"effect":[null,[0,0,0,0,0],[3,3.25,3.5,3.75,4],[35,40,45,50,55],[10,10,10,10,10],[0,0,0,0,0],[0,0,0,0,0],[0,0,0,0,0],[0,0,0,0,0],[0,0,0,0,0],[0,0,0,0,0]],"effectBurn":[null,"0","3/3.25/3.5/3.75/4","35/40/45/50/55","10","0","0","0","0","0","0"],"vars":[],"costType":" de {{ abilityresourcename }}","maxammo":"-1","range":[25000,25000,25000,25000,25000],"rangeBurn":"25000","image":{"full":"BraumE.png","sprite":"spell2.png","group":"spell","x":192,"y":0,"w":48,"h":48},"resource":"{{ cost }} de {{ abilityresourcename }}"},{"id":"BraumRWrapper","name":"Fisura Glacial","description":"Braum golpea con fuerza el piso y lanza por el aire a los enemigos cercanos y en línea frente a él. A lo largo de la línea permanece una fisura que ralentiza a los enemigos.","tooltip":"Braum golpea el suelo, lo que envía una fisura que <status>lanza por el aire</status> a los enemigos en su camino y cerca de Braum. Inflige <magicDamage>{{ totaldamage }} de daño mágico</magicDamage>. <status>Lanza por el aire</status> al primer objetivo durante {{ minknockup }} a {{ maxknockup }} seg. Aumenta según la distancia de Braum. <status>Lanza por el aire</status> a los demás enemigos alcanzados durante {{ minknockup }} seg.<br /><br />La fisura también crea una zona durante {{ slowzoneduration }} seg que <status>ralentiza</status> un {{ movespeedmod }}%.<br />{{ spellmodifierdescriptionappend }}","leveltip":{"label":["Daño","Duración de levantamiento","Ralentización","Enfriamiento"],"effect":["{{ basedamage }} -> {{ basedamageNL }}","{{ firstknockupduration }} -> {{ firstknockupdurationNL }}","{{ movespeedmod }}% -> {{ movespeedmodNL }}%","{{ cooldown }} -> {{ cooldownNL }}"]},"maxrank":3,"cooldown":[120,100,80],"cooldownBurn":"120/100/80","cost":[100,100,100],"costBurn":"100","datavalues":{},"effect":[null,[0,0,0],[0,0,0],[0,0,0],[0,0,0],[0,0,0],[0,0,0],[0,0,0],[0,0,0],[0,0,0],[0,0,0]],"effectBurn":[null,"0","0","0","0","0","0","0","0","0","0"],"vars":[],"costType":" de {{ abilityresourcename }}","maxammo":"-1","range":[1250,1250,1250],"rangeBurn":"1250","image":{"full":"BraumRWrapper.png","sprite":"spell2.png","group":"spell","x":240,"y":0,"w":48,"h":48},"resource":"{{ cost }} de {{ abilityresourcename }}"}],"passive":{"name":"Golpes Conmocionantes","description":"Los ataques básicos de Braum aplican Golpes Conmocionantes. Una vez que se aplique la primera acumulación, los ataques básicos de <font color='#FFF673'>aliados</font> también acumulan Golpes Conmocionantes. <br><br>Al alcanzar 4 acumulaciones, el objetivo queda aturdido y recibe daño mágico. No pueden recibir acumulaciones nuevas durante los siguientes segundos, pero reciben daño mágico adicional de los ataques de Braum.","image":{"full":"Braum_Passive.png","sprite":"passive0.png","group":"passive","x":288,"y":48,"w":48,"h":48}},"recommended":[]}}}