{"type":"champion","format":"standAloneComplex","version":"14.3.1","data":{"Briar":{"id":"Briar","key":"233","name":"Briar","title":"el Hambre Contenida","image":{"full":"Briar.png","sprite":"champion0.png","group":"champion","x":336,"y":48,"w":48,"h":48},"skins":[{"id":"233000","num":0,"name":"default","chromas":false},{"id":"233001","num":1,"name":"Briar Demonios Callejeros","chromas":true}],"lore":"La sed de sangre incontrolable de Briar, un experimento fallido de la Rosa Negra, la obliga a llevar un cepo especial que calma su frenética mente. Tras años de confinamiento, esta arma viviente se ha liberado de sus ataduras para abalanzarse sobre el mundo. Ahora nadie la controla; obedece únicamente a su hambre de conocimientos... y de sangre. Saborea cada oportunidad para dejarse llevar, aunque recuperar el control de su frenesí le cueste trabajo.","blurb":"La sed de sangre incontrolable de Briar, un experimento fallido de la Rosa Negra, la obliga a llevar un cepo especial que calma su frenética mente. Tras años de confinamiento, esta arma viviente se ha liberado de sus ataduras para abalanzarse sobre el...","allytips":[],"enemytips":[],"tags":["Fighter","Assassin"],"partype":"Furia","info":{"attack":9,"defense":5,"magic":3,"difficulty":3},"stats":{"hp":590,"hpperlevel":100,"mp":0,"mpperlevel":0,"movespeed":340,"armor":30,"armorperlevel":4.2,"spellblock":32,"spellblockperlevel":2.05,"attackrange":125,"hpregen":0,"hpregenperlevel":0,"mpregen":0,"mpregenperlevel":0,"crit":0,"critperlevel":0,"attackdamage":60,"attackdamageperlevel":3,"attackspeedperlevel":2,"attackspeed":0.644},"spells":[{"id":"BriarQ","name":"Golpe de Adrenalina","description":"Briar salta hacia una unidad y golpea a los enemigos con la Patada de Talón (del Dolor), los aturde y rompe su armadura.","tooltip":"Briar salta hacia un objetivo, <status>aturdiéndolo</status> por {{ stunduration }} seg, le inflige <magicDamage>{{ totaldamage }} de daño mágico</magicDamage>, y reduce en un {{ shredpercent*100 }}% su <scaleArmor>Armadura</scaleArmor> y su <scaleMR>Resistencia Mágica</scaleMR> durante {{ shredduration }} seg. <br /><br /><rules>Briar dejará de priorizar campeones si lanza esta habilidad contra un súbdito o un monstruo al estar bajo los efectos de <keywordMajor>Frenesí Sangriento</keywordMajor>.</rules>{{ spellmodifierdescriptionappend }}","leveltip":{"label":["Daño","Reducción de armadura","Enfriamiento"],"effect":["{{ basedamage }} -> {{ basedamageNL }}","{{ shredpercent*100.000000 }}% -> {{ shredpercentnl*100.000000 }}%","{{ cooldown }} -> {{ cooldownNL }}"]},"maxrank":5,"cooldown":[13,12,11,10,9],"cooldownBurn":"13/12/11/10/9","cost":[0,0,0,0,0],"costBurn":"0","datavalues":{},"effect":[null,[0,0,0,0,0],[0,0,0,0,0],[0,0,0,0,0],[0,0,0,0,0],[0,0,0,0,0],[0,0,0,0,0],[0,0,0,0,0],[0,0,0,0,0],[0,0,0,0,0],[0,0,0,0,0]],"effectBurn":[null,"0","0","0","0","0","0","0","0","0","0"],"vars":[],"costType":"% de la Vida actual","maxammo":"-1","range":[450,450,450,450,450],"rangeBurn":"450","image":{"full":"BriarQ.png","sprite":"spell2.png","group":"spell","x":288,"y":0,"w":48,"h":48},"resource":"Cuesta un {{ spell.briarp:currenthealthpercentcost*100 }}% de la Vida actual"},{"id":"BriarW","name":"Frenesí Sangriento / Mordisco","description":"Briar salta hacia adelante, destroza su cepo y entra en Frenesí Sangriento, lo que hace que persiga sin cesar al enemigo más cercano (prioriza a campeones). Mientras esté bajo el efecto de frenesí, obtiene velocidad de ataque y velocidad de movimiento aumentadas y sus ataques infligen daño en área alrededor de su objetivo.<br><br>Durante frenesí, Briar puede reactivar esta habilidad para darle un MORDISCO a su objetivo en su próximo ataque, lo cual inflige daño adicional según la vida faltante de éste y la cura según el daño que inflija.","tooltip":"Briar salta y entra en <keywordMajor>Frenesí Sangriento</keywordMajor>, se provoca a sí misma a atacar al enemigo más cercano durante {{ berserkduration }} seg y prioriza campeones. Mientras se encuentre bajo el efecto de <keywordMajor>Frenesí Sangriento</keywordMajor>, obtiene un <attackSpeed>{{ berserkas*100 }}% de Velocidad de Ataque</attackSpeed> y un <speed>{{ berserkms*100 }}% de Velocidad de Movimiento</speed>, y sus ataques infligen <physicalDamage>{{ totalaoedamage }} de daño físico</physicalDamage> a los enemigos alrededor de su objetivo. <br /><br />Briar puede <recast>relanzar</recast> esta habilidad para potenciar su siguiente ataque. Inflige <physicalDamage>{{ totalattackbonusdamage }} + un {{ totalattackpercentmissinghealth }}% de Vida faltante como daño físico</physicalDamage> y Briar se <healing>cura por {{ attackmaxhpheal }} + un {{ attackhealpercent*100 }}% del daño infligido</healing>.<br />{{ spellmodifierdescriptionappend }}","leveltip":{"label":["Velocidad de ataque","Velocidad de movimiento","Tasa de daño de ataque de daño de área","Daño","Curación","Enfriamiento"],"effect":["{{ berserkas*100.000000 }}% -> {{ berserkasnl*100.000000 }}%","{{ berserkms*100.000000 }}% -> {{ berserkmsnl*100.000000 }}%","{{ aoeattackdamagepercent*100.000000 }}% -> {{ aoeattackdamagepercentnl*100.000000 }}%","{{ attackbonusdamage }} -> {{ attackbonusdamageNL }}","{{ attackhealpercent*100.000000 }}% -> {{ attackhealpercentnl*100.000000 }}%","{{ cooldown }} -> {{ cooldownNL }}"]},"maxrank":5,"cooldown":[14,13,12,11,10],"cooldownBurn":"14/13/12/11/10","cost":[0,0,0,0,0],"costBurn":"0","datavalues":{},"effect":[null,[0,0,0,0,0],[0,0,0,0,0],[0,0,0,0,0],[0,0,0,0,0],[0,0,0,0,0],[0,0,0,0,0],[0,0,0,0,0],[0,0,0,0,0],[0,0,0,0,0],[0,0,0,0,0]],"effectBurn":[null,"0","0","0","0","0","0","0","0","0","0"],"vars":[],"costType":"% de la Vida actual","maxammo":"-1","range":[350,350,350,350,350],"rangeBurn":"350","image":{"full":"BriarW.png","sprite":"spell2.png","group":"spell","x":336,"y":0,"w":48,"h":48},"resource":"Cuesta un {{ spell.briarp:currenthealthpercentcost*100 }}% de la Vida actual"},{"id":"BriarE","name":"Grito Escalofriante","description":"Briar se concentra, elimina el efecto de Frenesí Sangriento y canaliza su energía en un poderoso grito que inflige daño y ralentiza a los enemigos. Mientras carga, recibe daño reducido y se cura por un porcentaje de su vida máxima. Un grito cargado por completo lanza hacia atrás a los enemigos, lo que inflige daño adicional y aturde a aquellos que choquen contra un muro.","tooltip":"<charge>Inicio de la carga:</charge> Briar elimina el efecto de <keywordMajor>Frenesí Sangriento</keywordMajor> y acumula energía, obtiene un {{ drpercent }}% de reducción de daño y recupera <healing>{{ percentmaxhpheal }} de Vida</healing> durante 1 seg.<br /><br /><release>Al liberar</release>: Briar lanza un grito que inflige hasta <magicDamage>{{ damage }} de daño mágico</magicDamage> según el tiempo de carga y <status>Ralentiza</status> en un {{ slowpercent*100 }}% durante {{ slowduration }} seg. Al cargarse por completo, el grito <status>lanza hacia atrás</status> a los enemigos, lo que inflige <magicDamage>{{ wallhitdamage }} de daño mágico</magicDamage> a los enemigos que choquen contra un muro y los <status>Aturde</status> durante {{ wallstunduration }} seg.{{ spellmodifierdescriptionappend }}","leveltip":{"label":["Daño","Daño adicional","Tasa de curación"],"effect":["{{ maxbasedamage }} -> {{ maxbasedamageNL }}","{{ wallhitbasedamage }} -> {{ wallhitbasedamageNL }}","{{ healhppercent*100.000000 }}% -> {{ healhppercentnl*100.000000 }}%"]},"maxrank":5,"cooldown":[16,16,16,16,16],"cooldownBurn":"16","cost":[0,0,0,0,0],"costBurn":"0","datavalues":{},"effect":[null,[0,0,0,0,0],[0,0,0,0,0],[0,0,0,0,0],[0,0,0,0,0],[0,0,0,0,0],[0,0,0,0,0],[0,0,0,0,0],[0,0,0,0,0],[0,0,0,0,0],[0,0,0,0,0]],"effectBurn":[null,"0","0","0","0","0","0","0","0","0","0"],"vars":[],"costType":"% de la Vida actual","maxammo":"-1","range":[400,400,400,400,400],"rangeBurn":"400","image":{"full":"BriarE.png","sprite":"spell2.png","group":"spell","x":384,"y":0,"w":48,"h":48},"resource":"Cuesta un {{ spell.briarp:currenthealthpercentcost*100 }}% de la Vida actual"},{"id":"BriarR","name":"Muerte Certera","description":"Briar patea el hemolito de su cepo y marca como su presa al primer campeón que impacte. Después, se dirige en línea recta hacia él. Al alcanzar su objetivo atemoriza a los enemigos a su alrededor y entra en un estado de completa hemomanía. Briar perseguirá a su presa hasta la muerte, con lo que obtiene los efectos de Frenesí Sangriento, así como armadura, resistencia mágica, robo de vida y velocidad de movimiento adicionales.","tooltip":"Briar patea el hemolito de su cepo, se desplaza hacia la ubicación del primer campeón que impacte la gema y lo marca como su presa. Al impactar, inflige <magicDamage>{{ damage }} de daño físico</magicDamage> a todo lo que se encuentre cerca, y hace que los enemigos que no sean sus presas <status>huyan</status> durante {{ fearduration }} seg. Después, entra en <keywordMajor>Frenesí Sangriento</keywordMajor> potenciado y perseguirá a su presa hasta la muerte. Durante ese tiempo obtiene {{ totalresists }} <scaleArmor>de Armadura</scaleArmor> y de <scaleMR>Resistencia Mágica</scaleMR>, un {{ lifestealpercent*100 }}% de Robo de Vida y un <speed>{{ extramovespeedpercent*100 }}% de Velocidad de Movimiento</speed> adicional.{{ spellmodifierdescriptionappend }}","leveltip":{"label":["Daño","Robo de Vida","Velocidad de movimiento","Enfriamiento"],"effect":["{{ basedamage }} -> {{ basedamageNL }}","{{ lifestealpercent*100.000000 }}% -> {{ lifestealpercentnl*100.000000 }}%","{{ extramovespeedpercent*100.000000 }}% -> {{ extramovespeedpercentnl*100.000000 }}%","{{ cooldown }} -> {{ cooldownNL }}"]},"maxrank":3,"cooldown":[120,100,80],"cooldownBurn":"120/100/80","cost":[0,0,0],"costBurn":"0","datavalues":{},"effect":[null,[0,0,0],[0,0,0],[0,0,0],[0,0,0],[0,0,0],[0,0,0],[0,0,0],[0,0,0],[0,0,0],[0,0,0]],"effectBurn":[null,"0","0","0","0","0","0","0","0","0","0"],"vars":[],"costType":"% de la Vida actual","maxammo":"-1","range":[10000,10000,10000],"rangeBurn":"10000","image":{"full":"BriarR.png","sprite":"spell2.png","group":"spell","x":432,"y":0,"w":48,"h":48},"resource":"Cuesta un {{ spell.briarp:currenthealthpercentcost*100 }}% de la Vida actual"}],"passive":{"name":"Maldición Carmesí","description":"Los ataques y habilidades de Briar aplican una acumulación de sangrado que la cura por un porcentaje del daño infligido. Eternamente hambrienta, obtiene aumento de curación según su vida faltante, pero carece de Regeneración de Vida nata.","image":{"full":"BriarP.png","sprite":"passive0.png","group":"passive","x":336,"y":48,"w":48,"h":48}},"recommended":[]}}}