{"type":"champion","format":"standAloneComplex","version":"14.3.1","data":{"Caitlyn":{"id":"Caitlyn","key":"51","name":"Caitlyn","title":"la Sheriff de Piltóver","image":{"full":"Caitlyn.png","sprite":"champion0.png","group":"champion","x":384,"y":48,"w":48,"h":48},"skins":[{"id":"51000","num":0,"name":"default","chromas":true},{"id":"51001","num":1,"name":"Caitlyn Rebelde","chromas":false},{"id":"51002","num":2,"name":"Sheriff Caitlyn","chromas":false},{"id":"51003","num":3,"name":"Caitlyn Safari","chromas":false},{"id":"51004","num":4,"name":"Caitlyn Guerras Árticas","chromas":false},{"id":"51005","num":5,"name":"Oficial Caitlyn","chromas":false},{"id":"51006","num":6,"name":"Caitlyn Cazadora de Cabezas","chromas":false},{"id":"51010","num":10,"name":"Caitlyn Espectro Lunar","chromas":true},{"id":"51011","num":11,"name":"Caitlyn Pulso de Fuego","chromas":true},{"id":"51013","num":13,"name":"Caitlyn Veraniega","chromas":true},{"id":"51019","num":19,"name":"Caitlyn de Arcadia","chromas":false},{"id":"51020","num":20,"name":"Caitlyn de Arcadia Prestigiosa","chromas":false},{"id":"51022","num":22,"name":"Caitlyn Academia de Combate","chromas":true},{"id":"51028","num":28,"name":"Caitlyn Arcane","chromas":false},{"id":"51029","num":29,"name":"Caitlyn de Arcadia Prestigiosa (2022)","chromas":false},{"id":"51030","num":30,"name":"Caitlyn Luna de Nieve","chromas":true},{"id":"51039","num":39,"name":"Caitlyn Robacorazones","chromas":true},{"id":"51048","num":48,"name":"Caitlyn DRX","chromas":true}],"lore":"Reconocida como la mejor pacificadora, Caitlyn también es la mejor oportunidad de Piltóver para deshacerse de los elementos criminales elusivos de su ciudad. A veces hace equipo con Vi y es un buen contrapunto para la naturaleza más impulsiva de su compañera. Aunque carga un rifle hextech único, el arma más poderosa de Caitlyn es su intelecto superior, el cual le permite tender trampas elaboradas para malhechores que son suficientemente tontos para operar en la Ciudad del Progreso.","blurb":"Reconocida como la mejor pacificadora, Caitlyn también es la mejor oportunidad de Piltóver para deshacerse de los elementos criminales elusivos de su ciudad. A veces hace equipo con Vi y es un buen contrapunto para la naturaleza más impulsiva de su...","allytips":["Utiliza las trampas para yordles de modo que tengas siempre una disponible durante el combate.","Evita utilizar As bajo la Mira en combates melé de equipos numerosos, ya que podría impactar en el objetivo equivocado.","Lanza la Red Calibre 90 lejos del oponente para recortar distancias o saltar muros."],"enemytips":["Mantente detrás de los súbditos aliados si Caitlyn te está hostigando con Pacificadora de Piltóver (causa menos daño a cada unidad adicional).","Es posible interceptar el misil de As bajo la Mira y evitar que golpee a un aliado poniéndote en medio."],"tags":["Marksman"],"partype":"Maná","info":{"attack":8,"defense":2,"magic":2,"difficulty":6},"stats":{"hp":580,"hpperlevel":107,"mp":315,"mpperlevel":40,"movespeed":325,"armor":27,"armorperlevel":4.7,"spellblock":30,"spellblockperlevel":1.3,"attackrange":650,"hpregen":3.5,"hpregenperlevel":0.55,"mpregen":7.4,"mpregenperlevel":0.7,"crit":0,"critperlevel":0,"attackdamage":60,"attackdamageperlevel":3.8,"attackspeedperlevel":4,"attackspeed":0.681},"spells":[{"id":"CaitlynQ","name":"Pacificadora de Piltóver","description":"Caitlyn carga su rifle durante 1 segundo para liberar un disparo penetrante que provoca daño físico (causa menos daños a los objetivos posteriores).","tooltip":"Caitlyn carga su rifle para disparar un tiro perforante que inflige <physicalDamage>{{ initialdamage }} de daño físico</physicalDamage>. Después de que el proyectil alcanza al primer objetivo, se abre en un disparo más amplio que inflige <physicalDamage>{{ secondarydamage }} de daño físico</physicalDamage>.<br /><br />Los enemigos revelados por <spellName>Trampa para Yordles</spellName> siempre reciben el daño completo.{{ spellmodifierdescriptionappend }}","leveltip":{"label":["Daño","Tasa de DA total","Enfriamiento","Costo de @AbilityResourceName@"],"effect":["{{ basedamage }} -> {{ basedamageNL }}","{{ tadratio*100.000000 }}% -> {{ tadrationl*100.000000 }}%","{{ cooldown }} -> {{ cooldownNL }}","{{ cost }} -> {{ costNL }}"]},"maxrank":5,"cooldown":[10,9,8,7,6],"cooldownBurn":"10/9/8/7/6","cost":[55,60,65,70,75],"costBurn":"55/60/65/70/75","datavalues":{},"effect":[null,[0,0,0,0,0],[0,0,0,0,0],[50,50,50,50,50],[1,1,1,1,1],[1.3,1.45,1.6,1.75,1.9],[0,0,0,0,0],[0,0,0,0,0],[0,0,0,0,0],[0,0,0,0,0],[0,0,0,0,0]],"effectBurn":[null,"0","0","50","1","1.3/1.45/1.6/1.75/1.9","0","0","0","0","0"],"vars":[],"costType":" de {{ abilityresourcename }}","maxammo":"-1","range":[1250,1250,1250,1250,1250],"rangeBurn":"1250","image":{"full":"CaitlynQ.png","sprite":"spell2.png","group":"spell","x":0,"y":48,"w":48,"h":48},"resource":"{{ cost }} de {{ abilityresourcename }}"},{"id":"CaitlynW","name":"Trampa para Yordles","description":"Caitlyn coloca una trampa que, al activarse, revela e inmoviliza al campeón enemigo durante 1.5 seg, lo que le otorga a Caitlyn un Disparo a la Cabeza potenciado.","tooltip":"Caitlyn coloca una trampa que <status>inmoviliza</status> al primer campeón que la pisa durante {{ e6 }} seg y le otorga <keywordStealth>Visión Verdadera</keywordStealth> de él durante 3 seg. Las trampas duran {{ e3 }} seg y se pueden activar {{ e5 }} trampas a la vez. Esta habilidad tiene {{ e5 }} cargas ({{ ammorechargetime }} seg de restauración).{{ spellmodifierdescriptionappend }}","leveltip":{"label":["Bonificación de daño de Disparo a la Cabeza a objetivos atrapados","Bonificación de tasa de Daño de Ataque","Tiempo de recarga","Máximo de trampas","Duración de trampas"],"effect":["{{ e2 }} -> {{ e2NL }}","{{ e7 }}% -> {{ e7NL }}%","{{ ammorechargetime }} -> {{ ammorechargetimeNL }}","{{ e4 }} -> {{ e4NL }}","{{ e3 }} -> {{ e3NL }}"]},"maxrank":5,"cooldown":[0.5,0.5,0.5,0.5,0.5],"cooldownBurn":"0.5","cost":[20,20,20,20,20],"costBurn":"20","datavalues":{},"effect":[null,[2,2,2,2,2],[40,85,130,175,220],[30,35,40,45,50],[3,3,4,4,5],[3,3,4,4,5],[1.5,1.5,1.5,1.5,1.5],[40,50,60,70,80],[0,0,0,0,0],[0,0,0,0,0],[0,0,0,0,0]],"effectBurn":[null,"2","40/85/130/175/220","30/35/40/45/50","3/3/4/4/5","3/3/4/4/5","1.5","40/50/60/70/80","0","0","0"],"vars":[],"costType":" de {{ abilityresourcename }}","maxammo":"2","range":[800,800,800,800,800],"rangeBurn":"800","image":{"full":"CaitlynW.png","sprite":"spell2.png","group":"spell","x":48,"y":48,"w":48,"h":48},"resource":"{{ cost }} de {{ abilityresourcename }}"},{"id":"CaitlynE","name":"Red Calibre 90","description":"Caitlyn lanza una red pesada para ralentizar a su objetivo. El retroceso empuja hacia atrás a Caitlyn.","tooltip":"Caitlyn dispara una red, lo que la empuja hacia atrás. La red <status>ralentiza</status> al primer objetivo alcanzado en un {{ e3 }}% durante {{ e2 }} seg e inflige <magicDamage>{{ netdamage }} de daño mágico</magicDamage>.{{ spellmodifierdescriptionappend }}","leveltip":{"label":["Daño","Enfriamiento"],"effect":["{{ e1 }} -> {{ e1NL }}","{{ cooldown }} -> {{ cooldownNL }}"]},"maxrank":5,"cooldown":[16,14,12,10,8],"cooldownBurn":"16/14/12/10/8","cost":[75,75,75,75,75],"costBurn":"75","datavalues":{},"effect":[null,[80,130,180,230,280],[1,1,1,1,1],[50,50,50,50,50],[0,0,0,0,0],[0,0,0,0,0],[0,0,0,0,0],[0,0,0,0,0],[0,0,0,0,0],[0,0,0,0,0],[0,0,0,0,0]],"effectBurn":[null,"80/130/180/230/280","1","50","0","0","0","0","0","0","0"],"vars":[],"costType":" de {{ abilityresourcename }}","maxammo":"-1","range":[750,750,750,750,750],"rangeBurn":"750","image":{"full":"CaitlynE.png","sprite":"spell2.png","group":"spell","x":96,"y":48,"w":48,"h":48},"resource":"{{ cost }} de {{ abilityresourcename }}"},{"id":"CaitlynR","name":"As bajo la Mira","description":"Caitlyn se toma su tiempo para preparar el tiro perfecto, causando una gran cantidad de Daño a un solo objetivo a gran distancia. Los campeones enemigos pueden interceptar la bala para sus aliados.","tooltip":"Caitlyn canaliza un momento y prepara el tiro perfecto, luego dispara e inflige <physicalDamage>{{ rtotaldamage }} de daño físico</physicalDamage>, pero otros campeones enemigos pueden interceptarlo. Esta habilidad le otorga <keywordStealth>Visión Verdadera</keywordStealth> del objetivo durante la canalización.<br /><br /><rules>Inflige hasta un {{ critchanceamp*100 }}% adicional según la probabilidad de golpe crítico de Caitlyn.</rules>{{ spellmodifierdescriptionappend }}","leveltip":{"label":["Daño"],"effect":["{{ rbasedamage }} -> {{ rbasedamageNL }}"]},"maxrank":3,"cooldown":[90,90,90],"cooldownBurn":"90","cost":[100,100,100],"costBurn":"100","datavalues":{},"effect":[null,[0,0,0],[0,0,0],[0,0,0],[0,0,0],[0,0,0],[0,0,0],[0,0,0],[0,0,0],[0,0,0],[0,0,0]],"effectBurn":[null,"0","0","0","0","0","0","0","0","0","0"],"vars":[],"costType":" de {{ abilityresourcename }}","maxammo":"-1","range":[3500,3500,3500],"rangeBurn":"3500","image":{"full":"CaitlynR.png","sprite":"spell2.png","group":"spell","x":144,"y":48,"w":48,"h":48},"resource":"{{ cost }} de {{ abilityresourcename }}"}],"passive":{"name":"Disparo a la Cabeza","description":"Caitlyn disparará a la cabeza tras cierto número de ataques básicos o contra un objetivo que atrape. Los disparos a la cabeza infligen daño adicional que aumenta con su probabilidad de golpe crítico. El alcance de ataque del Disparo a la Cabeza de Caitlyn se duplica contra objetivos que estén atrapados.","image":{"full":"Caitlyn_Headshot.png","sprite":"passive0.png","group":"passive","x":384,"y":48,"w":48,"h":48}},"recommended":[]}}}