{"type":"champion","format":"standAloneComplex","version":"14.3.1","data":{"Camille":{"id":"Camille","key":"164","name":"Camille","title":"la Sombra de Acero","image":{"full":"Camille.png","sprite":"champion0.png","group":"champion","x":432,"y":48,"w":48,"h":48},"skins":[{"id":"164000","num":0,"name":"default","chromas":false},{"id":"164001","num":1,"name":"Programa Camille","chromas":false},{"id":"164002","num":2,"name":"Camille Aquelarre","chromas":true},{"id":"164010","num":10,"name":"Camille Invictus Gaming","chromas":false},{"id":"164011","num":11,"name":"Camille Arcana","chromas":true},{"id":"164021","num":21,"name":"Camille Comandante de Ataque","chromas":true},{"id":"164031","num":31,"name":"Camille Favor del Invierno","chromas":true},{"id":"164032","num":32,"name":"Camille Favor del Invierno Prestigiosa","chromas":false}],"lore":"Armada para operar fuera de los límites de la ley, Camille es la principal inteligencia del Clan Ferros: una elegante agente de élite que se asegura de que la máquina de Piltóver y el submundo zaunita funcione sin problemas. Al ser adaptable y precisa, ella ve las técnicas torpes como una vergüenza que necesita ponerse en línea. Con una mente tan brillante y afilada como las cuchillas que porta, la búsqueda de Camille por la superioridad a través de las mejoras de cuerpo de hextech, han hecho que la gente se pregunte si es más máquina que mujer.","blurb":"Armada para operar fuera de los límites de la ley, Camille es la principal inteligencia del Clan Ferros: una elegante agente de élite que se asegura de que la máquina de Piltóver y el submundo zaunita funcione sin problemas. Al ser adaptable y precisa...","allytips":["Cuando el otro equipo esté distraído luchando contra el tuyo, usa Gancho para eliminar a los objetivos vulnerables.","Usa el CA de tus habilidades para lanzar ambos ataques de Protocolo de Precisión a tus enemigos."],"enemytips":["El escudo de Camille solo funciona contra un tipo de daño, por lo que es mejor atacarla cuando es vulnerable a tu tipo de daño.","El Ultimátum Hextech tiene un alcance de lanzamiento corto, así que usa Destello para alejarte de ella si se acerca demasiado."],"tags":["Fighter","Tank"],"partype":"Maná","info":{"attack":8,"defense":6,"magic":3,"difficulty":4},"stats":{"hp":670,"hpperlevel":99,"mp":339,"mpperlevel":52,"movespeed":340,"armor":35,"armorperlevel":5,"spellblock":32,"spellblockperlevel":2.05,"attackrange":125,"hpregen":8.5,"hpregenperlevel":0.8,"mpregen":8.15,"mpregenperlevel":0.75,"crit":0,"critperlevel":0,"attackdamage":68,"attackdamageperlevel":3.8,"attackspeedperlevel":2.5,"attackspeed":0.644},"spells":[{"id":"CamilleQ","name":"Protocolo de Precisión","description":"El siguiente ataque de Camille inflige daño adicional y le otorga velocidad de movimiento adicional. Puedes volver a lanzar este hechizo durante un breve periodo e infligirá mucho daño adicional si Camille se toma un momento entre ambos ataques.","tooltip":"El próximo ataque de Camille inflige <physicalDamage>{{ bonusdamage }} de daño físico</physicalDamage> adicional y le otorga un <speed>{{ msbonus*100 }}% de Velocidad de Movimiento</speed> durante {{ msduration }} seg. Esta habilidad se puede <recast>volver a lanzar</recast> en los siguientes {{ qtotalrecasttime }} seg.<br /><br />Si el ataque <recast>relanzado</recast> impacta al menos {{ qrampuptime }} seg tras el primero, el daño adicional aumenta a <physicalDamage>{{ empoweredbonusdamage }}</physicalDamage> y {{ damageconversionpercentage }} del daño del ataque se convierte en <trueDamage>daño verdadero</trueDamage>.<br /><br /><rules>Esta habilidad activa efectos de hechizo al infligir daño.</rules>{{ spellmodifierdescriptionappend }}","leveltip":{"label":["Tasa de DA total","Enfriamiento","Velocidad de movimiento"],"effect":["{{ tadratio*100.000000 }}% -> {{ tadrationl*100.000000 }}%","{{ cooldown }} -> {{ cooldownNL }}","{{ msbonus*100.000000 }}% -> {{ msbonusnl*100.000000 }}%"]},"maxrank":5,"cooldown":[9,8.25,7.5,6.75,6],"cooldownBurn":"9/8.25/7.5/6.75/6","cost":[25,25,25,25,25],"costBurn":"25","datavalues":{},"effect":[null,[0,0,0,0,0],[0,0,0,0,0],[0,0,0,0,0],[0,0,0,0,0],[0,0,0,0,0],[0,0,0,0,0],[0,0,0,0,0],[0,0,0,0,0],[0,0,0,0,0],[0,0,0,0,0]],"effectBurn":[null,"0","0","0","0","0","0","0","0","0","0"],"vars":[],"costType":" de {{ abilityresourcename }}","maxammo":"-1","range":[325,325,325,325,325],"rangeBurn":"325","image":{"full":"CamilleQ.png","sprite":"spell2.png","group":"spell","x":192,"y":48,"w":48,"h":48},"resource":"{{ cost }} de {{ abilityresourcename }}"},{"id":"CamilleW","name":"Barrido Táctico","description":"Camille ataca en un área en cono después de una espera, lo que inflige daño. Los enemigos que se encuentren en la mitad exterior quedarán ralentizados y recibirán daño adicional, lo que le restaura vida a Camille.","tooltip":"Camille se prepara y hace un corte, lo que inflige <physicalDamage>{{ basedamagetotal }} de daño físico</physicalDamage>.<br /><br />Los enemigos alcanzados por la mitad exterior quedan <status>ralentizados</status> un {{ slowpercentage }}%. La ralentización decae a lo largo de {{ slowduration }} seg y reciben un <physicalDamage>{{ outeredgetooltip }} de su Vida Máxima como daño físico</physicalDamage> adicional. Camille se recupera un <healing>{{ outerconehealingratio }}% del daño adicional infligido a campeones como Vida</healing>.{{ spellmodifierdescriptionappend }}","leveltip":{"label":["Costo de @AbilityResourceName@","Daño","Daño de vida máxima","Enfriamiento"],"effect":["{{ cost }} -> {{ costNL }}","{{ basedamage }} -> {{ basedamageNL }}","{{ outerconemaxhpdamage*100.000000 }}% -> {{ outerconemaxhpdamagenl*100.000000 }}%","{{ cooldown }} -> {{ cooldownNL }}"]},"maxrank":5,"cooldown":[17,15.5,14,12.5,11],"cooldownBurn":"17/15.5/14/12.5/11","cost":[50,55,60,65,70],"costBurn":"50/55/60/65/70","datavalues":{},"effect":[null,[0,0,0,0,0],[0,0,0,0,0],[0,0,0,0,0],[0,0,0,0,0],[0,0,0,0,0],[0,0,0,0,0],[0,0,0,0,0],[0,0,0,0,0],[0,0,0,0,0],[0,0,0,0,0]],"effectBurn":[null,"0","0","0","0","0","0","0","0","0","0"],"vars":[],"costType":" de {{ abilityresourcename }}","maxammo":"-1","range":[610,610,610,610,610],"rangeBurn":"610","image":{"full":"CamilleW.png","sprite":"spell2.png","group":"spell","x":240,"y":48,"w":48,"h":48},"resource":"{{ cost }} de {{ abilityresourcename }}"},{"id":"CamilleE","name":"Gancho","description":"Camille se impulsa a sí misma hacia un muro, salta y, al aterrizar, lanza a los campeones enemigos por el aire.","tooltip":"Camille dispara un gancho que se sujeta al terreno y la lleva hasta ese punto. Después, Camille tiene 1 seg para <recast>volver a lanzar esta habilidad</recast>.<br /><br /><recast>Relanzamiento:</recast> Camille se desplaza desde el muro y choca con el primer campeón enemigo alcanzado. Al aterrizar, inflige <physicalDamage>{{ totaldamage }} de daño físico</physicalDamage> a enemigos cercanos y <status>aturde</status> a los campeones enemigos cercanos durante {{ knockupduration }} seg. Los desplazamientos hacia campeones enemigos tienen el doble de alcance y otorgan un <attackSpeed>{{ asbuff*100 }}% de Velocidad de Ataque</attackSpeed> durante {{ asduration }} seg al impacto.{{ spellmodifierdescriptionappend }}","leveltip":{"label":["Enfriamiento","Daño","Velocidad de ataque"],"effect":["{{ cooldown }} -> {{ cooldownNL }}","{{ basedamage }} -> {{ basedamageNL }}","{{ asbuff*100.000000 }}% -> {{ asbuffnl*100.000000 }}%"]},"maxrank":5,"cooldown":[16,15,14,13,12],"cooldownBurn":"16/15/14/13/12","cost":[70,70,70,70,70],"costBurn":"70","datavalues":{},"effect":[null,[0,0,0,0,0],[0,0,0,0,0],[0,0,0,0,0],[0,0,0,0,0],[0,0,0,0,0],[0,0,0,0,0],[0,0,0,0,0],[0,0,0,0,0],[0,0,0,0,0],[0,0,0,0,0]],"effectBurn":[null,"0","0","0","0","0","0","0","0","0","0"],"vars":[],"costType":" de {{ abilityresourcename }}","maxammo":"-1","range":[800,800,800,800,800],"rangeBurn":"800","image":{"full":"CamilleE.png","sprite":"spell2.png","group":"spell","x":288,"y":48,"w":48,"h":48},"resource":"{{ cost }} de {{ abilityresourcename }}"},{"id":"CamilleR","name":"El Ultimátum Hextech","description":"Camille se desplaza a un campeón objetivo y lo inmoviliza en el área. Además, inflige daño mágico adicional al objetivo con sus ataques básicos.","tooltip":"Camille se vuelve inalcanzable durante un breve periodo y salta hacia un campeón enemigo, lo cual interrumpe cualquier canalización y lo restringe a un área de la que no podrá escapar por ningún medio durante {{ rduration }} seg. <status>Repele</status> al resto de los enemigos cercanos. Sus ataques contra el enemigo atrapado infligen <magicDamage>{{ ronhitdamage }} de daño adicional más un {{ rpercentcurrenthpdamage }}% de la Vida actual como daño mágico</magicDamage>.{{ spellmodifierdescriptionappend }}","leveltip":{"label":["Duración","Enfriamiento","Daño adicional","Daño de vida actual"],"effect":["{{ rduration }} -> {{ rdurationNL }}","{{ cooldown }} -> {{ cooldownNL }}","{{ ronhitdamage }} -> {{ ronhitdamageNL }}","{{ rpercentcurrenthpdamage }}% -> {{ rpercentcurrenthpdamageNL }}%"]},"maxrank":3,"cooldown":[140,115,90],"cooldownBurn":"140/115/90","cost":[100,100,100],"costBurn":"100","datavalues":{},"effect":[null,[0,0,0],[0,0,0],[0,0,0],[0,0,0],[0,0,0],[0,0,0],[0,0,0],[0,0,0],[0,0,0],[0,0,0]],"effectBurn":[null,"0","0","0","0","0","0","0","0","0","0"],"vars":[],"costType":" de {{ abilityresourcename }}","maxammo":"-1","range":[475,475,475],"rangeBurn":"475","image":{"full":"CamilleR.png","sprite":"spell2.png","group":"spell","x":336,"y":48,"w":48,"h":48},"resource":"{{ cost }} de {{ abilityresourcename }}"}],"passive":{"name":"Defensas Flexibles","description":"Los ataques básicos contra campeones otorgan un escudo igual al porcentaje de la Vida Máxima de Camille contra su tipo de daño (físico o mágico) por un breve momento.","image":{"full":"Camille_Passive.png","sprite":"passive0.png","group":"passive","x":432,"y":48,"w":48,"h":48}},"recommended":[]}}}