{"type":"champion","format":"standAloneComplex","version":"14.3.1","data":{"Cassiopeia":{"id":"Cassiopeia","key":"69","name":"Cassiopeia","title":"el Abrazo de la Serpiente","image":{"full":"Cassiopeia.png","sprite":"champion0.png","group":"champion","x":0,"y":96,"w":48,"h":48},"skins":[{"id":"69000","num":0,"name":"default","chromas":true},{"id":"69001","num":1,"name":"Cassiopeia Bandida","chromas":false},{"id":"69002","num":2,"name":"Sirena Cassiopeia","chromas":false},{"id":"69003","num":3,"name":"Cassiopeia Mítica","chromas":false},{"id":"69004","num":4,"name":"Cassiopeia Colmillo de Jade","chromas":false},{"id":"69008","num":8,"name":"Cassiopeia Eternum","chromas":false},{"id":"69009","num":9,"name":"Cassiopeia Flor Espiritual","chromas":true},{"id":"69018","num":18,"name":"Cassiopeia Aquelarre","chromas":true},{"id":"69028","num":28,"name":"Cassiopeia Embrujada","chromas":true}],"lore":"Cassiopeia es una criatura mortífera que disfruta manipular a otros para que hagan su voluntad siniestra. La más joven y más hermosa hija de la familia noble de Du Couteau de Noxus, se aventuró a las profundidades de la cripta debajo de Shurima en búsqueda de un poder antiguo. Ahí la mordió un espantoso guardián de la tumba y su veneno la transformó en un depredador similar a una víbora. Astuta y ágil, Cassiopeia ahora se desliza bajo el velo de la noche y petrifica a sus enemigos con su maléfica mirada.","blurb":"Cassiopeia es una criatura mortífera que disfruta manipular a otros para que hagan su voluntad siniestra. La más joven y más hermosa hija de la familia noble de Du Couteau de Noxus, se aventuró a las profundidades de la cripta debajo de Shurima en...","allytips":["Usa Colmillos Gemelos contra los objetivos inmóviles envenenados, como los monstruos y las unidades aturdidas por Mirada Petrificante, para causar todo el daño posible.","Guía a tu enemigo cuando apuntes con Explosión Nociva para garantizar el impacto."],"enemytips":["Cassiopeia puede causarte mucho daño con Colmillos Gemelos si te envenena.","Aléjate de Cassiopeia cuando lance Mirada Petrificante para que te ralentice en lugar de aturdirte."],"tags":["Mage"],"partype":"Maná","info":{"attack":2,"defense":3,"magic":9,"difficulty":10},"stats":{"hp":630,"hpperlevel":104,"mp":350,"mpperlevel":60,"movespeed":328,"armor":18,"armorperlevel":4.7,"spellblock":32,"spellblockperlevel":1.3,"attackrange":550,"hpregen":5.5,"hpregenperlevel":0.5,"mpregen":8,"mpregenperlevel":0.8,"crit":0,"critperlevel":0,"attackdamage":53,"attackdamageperlevel":3,"attackspeedperlevel":1.5,"attackspeed":0.647},"spells":[{"id":"CassiopeiaQ","name":"Explosión Nociva","description":"Cassiopeia lanza Veneno sobre un área después de un breve momento. Si impacta a un campeón enemigo, obtiene velocidad de movimiento aumentada.","tooltip":"Cassiopeia lanza gas nocivo, lo que <keywordMajor>envenena</keywordMajor> a los enemigos e inflige <magicDamage>{{ tooltiptotaldamage }} de daño mágico</magicDamage> a lo largo de {{ e2 }} seg. Golpear a un campeón le otorga a Cassiopeia un <speed>{{ e3 }}% de Velocidad de Movimiento</speed> que decae a lo largo de {{ e4 }} seg.{{ spellmodifierdescriptionappend }}","leveltip":{"label":["Daño","Velocidad de movimiento","Costo de @AbilityResourceName@"],"effect":["{{ e1 }} -> {{ e1NL }}","{{ e3 }}% -> {{ e3NL }}%","{{ cost }} -> {{ costNL }}"]},"maxrank":5,"cooldown":[3.5,3.5,3.5,3.5,3.5],"cooldownBurn":"3.5","cost":[50,60,70,80,90],"costBurn":"50/60/70/80/90","datavalues":{},"effect":[null,[75,110,145,180,215],[3,3,3,3,3],[30,35,40,45,50],[3,3,3,3,3],[7,7,7,7,7],[0,0,0,0,0],[0,0,0,0,0],[0,0,0,0,0],[0,0,0,0,0],[0,0,0,0,0]],"effectBurn":[null,"75/110/145/180/215","3","30/35/40/45/50","3","7","0","0","0","0","0"],"vars":[],"costType":" de {{ abilityresourcename }}","maxammo":"-1","range":[850,850,850,850,850],"rangeBurn":"850","image":{"full":"CassiopeiaQ.png","sprite":"spell2.png","group":"spell","x":384,"y":48,"w":48,"h":48},"resource":"{{ cost }} de {{ abilityresourcename }}"},{"id":"CassiopeiaW","name":"Miasma","description":"Cassiopeia libera varias nubes de veneno que ralentizan, anclan y dañan ligeramente a los enemigos que pasen a través de ellas. Los enemigos anclados no podrán utilizar habilidades de movimiento.","tooltip":"Cassiopeia escupe veneno, lo que deja nubes tóxicas por {{ e4 }} seg. Los enemigos que estén dentro de las nubes reciben <magicDamage>{{ damagepersecond }} de daño mágico</magicDamage> por seg, son <keywordMajor>envenenados</keywordMajor>, <status>anclados</status> y <status>ralentizados</status> un {{ e2 }}%.{{ spellmodifierdescriptionappend }}","leveltip":{"label":["Daño","Ralentización","Enfriamiento","Costo de @AbilityResourceName@"],"effect":["{{ e1 }} -> {{ e1NL }}","{{ e2 }}% -> {{ e2NL }}%","{{ cooldown }} -> {{ cooldownNL }}","{{ cost }} -> {{ costNL }}"]},"maxrank":5,"cooldown":[24,22,20,18,16],"cooldownBurn":"24/22/20/18/16","cost":[70,80,90,100,110],"costBurn":"70/80/90/100/110","datavalues":{},"effect":[null,[20,25,30,35,40],[40,50,60,70,80],[1,1,1,1,1],[5,5,5,5,5],[0,0,0,0,0],[0,0,0,0,0],[0,0,0,0,0],[0,0,0,0,0],[0,0,0,0,0],[0,0,0,0,0]],"effectBurn":[null,"20/25/30/35/40","40/50/60/70/80","1","5","0","0","0","0","0","0"],"vars":[],"costType":" de {{ abilityresourcename }}","maxammo":"-1","range":[700,700,700,700,700],"rangeBurn":"700","image":{"full":"CassiopeiaW.png","sprite":"spell2.png","group":"spell","x":432,"y":48,"w":48,"h":48},"resource":"{{ cost }} de {{ abilityresourcename }}"},{"id":"CassiopeiaE","name":"Colmillos Gemelos","description":"Cassiopeia libera un ataque que inflige daño adicional a objetivos afectados con Veneno y se cura a sí misma por un porcentaje del daño infligido. Si el objetivo muere por este ataque, Cassiopeia recupera maná.","tooltip":"Cassiopeia lanza colmillos mortíferos, lo que inflige <magicDamage>{{ totaldamage }} de daño mágico</magicDamage>. Si el enemigo está <keywordMajor>envenenado</keywordMajor>, recibe <magicDamage>{{ bouspoisoneddamage }} de daño mágico</magicDamage> adicional y Cassiopeia recupera <healing>{{ healcalc }} de Vida</healing>.<br /><br />Si con esto asesina al objetivo, Cassiopeia recupera <scaleMana>{{ cost }} de Maná</scaleMana>.<br /><br />{{ spellmodifierdescriptionappend }}","leveltip":{"label":["Daño adicional por veneno","Curación de poder de habilidad","Costo de @AbilityResourceName@"],"effect":["{{ e1 }} -> {{ e1NL }}","{{ healratio*100.000000 }}% -> {{ healrationl*100.000000 }}%","{{ cost }} -> {{ costNL }}"]},"maxrank":5,"cooldown":[0.75,0.75,0.75,0.75,0.75],"cooldownBurn":"0.75","cost":[50,48,46,44,42],"costBurn":"50/48/46/44/42","datavalues":{},"effect":[null,[20,40,60,80,100],[0,0,0,0,0],[0.1,0.1,0.1,0.1,0.1],[0,0,0,0,0],[0,0,0,0,0],[0,0,0,0,0],[0,0,0,0,0],[0,0,0,0,0],[0,0,0,0,0],[0,0,0,0,0]],"effectBurn":[null,"20/40/60/80/100","0","0.1","0","0","0","0","0","0","0"],"vars":[],"costType":" de {{ abilityresourcename }}","maxammo":"-1","range":[700,700,700,700,700],"rangeBurn":"700","image":{"full":"CassiopeiaE.png","sprite":"spell2.png","group":"spell","x":0,"y":96,"w":48,"h":48},"resource":"{{ cost }} de {{ abilityresourcename }}"},{"id":"CassiopeiaR","name":"Mirada Petrificante","description":"Cassiopeia lanza un rayo de energía mágica de sus ojos que aturde a los enemigos frente a ella que la estén viendo y ralentiza a los enemigos que le estén dando la espalda.","tooltip":"Cassiopeia lanza una mirada petrificante, que inflige <magicDamage>{{ rdamage }} de daño mágico</magicDamage> y <status>aturde</status> a los enemigos que estén mirando en su dirección durante {{ rccduration }} seg. Los enemigos que no estén mirando en su dirección quedan <status>ralentizados</status> un {{ rslowpercent }}%, que decae a lo largo de la misma duración.{{ spellmodifierdescriptionappend }}","leveltip":{"label":["Daño","Enfriamiento"],"effect":["{{ rbasedamage }} -> {{ rbasedamageNL }}","{{ cooldown }} -> {{ cooldownNL }}"]},"maxrank":3,"cooldown":[120,100,80],"cooldownBurn":"120/100/80","cost":[100,100,100],"costBurn":"100","datavalues":{},"effect":[null,[0,0,0],[0,0,0],[0,0,0],[0,0,0],[0,0,0],[0,0,0],[0,0,0],[0,0,0],[0,0,0],[0,0,0]],"effectBurn":[null,"0","0","0","0","0","0","0","0","0","0"],"vars":[],"costType":" de {{ abilityresourcename }}","maxammo":"-1","range":[825,825,825],"rangeBurn":"825","image":{"full":"CassiopeiaR.png","sprite":"spell2.png","group":"spell","x":48,"y":96,"w":48,"h":48},"resource":"{{ cost }} de {{ abilityresourcename }}"}],"passive":{"name":"Gracia Serpentina","description":"Cassiopeia obtiene velocidad de movimiento por nivel, pero no puede comprar objetos de botas.","image":{"full":"Cassiopeia_Passive.png","sprite":"passive0.png","group":"passive","x":0,"y":96,"w":48,"h":48}},"recommended":[]}}}