{"type":"champion","format":"standAloneComplex","version":"14.3.1","data":{"Chogath":{"id":"Chogath","key":"31","name":"Cho'Gath","title":"el Terror del Vacío","image":{"full":"Chogath.png","sprite":"champion0.png","group":"champion","x":48,"y":96,"w":48,"h":48},"skins":[{"id":"31000","num":0,"name":"default","chromas":false},{"id":"31001","num":1,"name":"Pesadilla Cho'Gath","chromas":false},{"id":"31002","num":2,"name":"Finísimo Caballero Cho'Gath","chromas":false},{"id":"31003","num":3,"name":"Cho'Gath del Lago Ness","chromas":false},{"id":"31004","num":4,"name":"Cho'Gath Jurásico","chromas":false},{"id":"31005","num":5,"name":"Cho'Gath Blindaje Superior","chromas":true},{"id":"31006","num":6,"name":"Cho'Gath Prehistórico","chromas":false},{"id":"31007","num":7,"name":"Cho'Gath Estrella Oscura","chromas":false},{"id":"31014","num":14,"name":"Cho'Gath Pergaminos Shan Hai","chromas":true},{"id":"31023","num":23,"name":"Cho'Gath Pacto Quebrantado","chromas":true}],"lore":"Desde el momento que Cho'Gath emergió por primera vez a la fuerte luz del sol de Runaterra, la bestia se vio consumida por el hambre más pura e insaciable. Como una expresión perfecta del deseo del Vacío para consumir toda vida conocida, la biología compleja de Cho'Gath convierte rápidamente la materia en más crecimiento para su cuerpo, aumentando su masa y densidad muscular o endureciendo su caparazón como diamante orgánico. Cuando crecer más no cumple con las necesidades del engendro del Vacío, este vomita el material excedente en forma de espinas filosas como navajas, dejando a la presa como brocheta, lista para comerse más tarde.","blurb":"Desde el momento que Cho'Gath emergió por primera vez a la fuerte luz del sol de Runaterra, la bestia se vio consumida por el hambre más pura e insaciable. Como una expresión perfecta del deseo del Vacío para consumir toda vida conocida, la biología...","allytips":["Cuando ataques con Clavos Vorpalinos, procura colocarte de tal manera que puedas matar súbditos y hostigar a los campeones enemigos al mismo tiempo.","Si te cuesta trabajo devorar campeones, intenta comer súbditos hasta que seas más grande.","Usar Ruptura sobre bichos junto con Carnívoro es una buena forma de obtener Vida y Maná."],"enemytips":["Comprar algunos objetos de PV disminuye la posibilidad de que Cho'Gath te mate rápidamente.","Enfócate en evitar que Cho'Gath alcance su tamaño máximo.","Ruptura tiene una nube de humo que indica la zona donde impactará. Mantente alerta para evitar que Cho'Gath pueda hacer un combo con sus habilidades."],"tags":["Tank","Mage"],"partype":"Maná","info":{"attack":3,"defense":7,"magic":7,"difficulty":5},"stats":{"hp":644,"hpperlevel":94,"mp":270,"mpperlevel":60,"movespeed":345,"armor":38,"armorperlevel":5,"spellblock":32,"spellblockperlevel":2.05,"attackrange":125,"hpregen":9,"hpregenperlevel":0.85,"mpregen":7.2,"mpregenperlevel":0.45,"crit":0,"critperlevel":0,"attackdamage":69,"attackdamageperlevel":4.2,"attackspeedperlevel":1.44,"attackspeed":0.625},"spells":[{"id":"Rupture","name":"Ruptura","description":"Provoca una ruptura en el piso en la ubicación objetivo que hace volar a las unidades enemigas, les inflige daño y las ralentiza.","tooltip":"Cho'Gath provoca una ruptura en el suelo, lo que <status>lanza por el aire</status> a los enemigos durante {{ e5 }} seg, inflige <magicDamage>{{ totaldamagetooltip }} de daño mágico</magicDamage> y los <status>ralentiza</status> un {{ e2 }}% durante {{ e3 }} seg.{{ spellmodifierdescriptionappend }}","leveltip":{"label":["Daño"],"effect":["{{ basedamage }} -> {{ basedamageNL }}"]},"maxrank":5,"cooldown":[6,6,6,6,6],"cooldownBurn":"6","cost":[50,50,50,50,50],"costBurn":"50","datavalues":{},"effect":[null,[80,140,200,260,320],[60,60,60,60,60],[1.5,1.5,1.5,1.5,1.5],[0.625,0.625,0.625,0.625,0.625],[1,1,1,1,1],[0,0,0,0,0],[0,0,0,0,0],[0,0,0,0,0],[0,0,0,0,0],[0,0,0,0,0]],"effectBurn":[null,"80/140/200/260/320","60","1.5","0.63","1","0","0","0","0","0"],"vars":[],"costType":" de {{ abilityresourcename }}","maxammo":"-1","range":[950,950,950,950,950],"rangeBurn":"950","image":{"full":"Rupture.png","sprite":"spell2.png","group":"spell","x":96,"y":96,"w":48,"h":48},"resource":"{{ cost }} de {{ abilityresourcename }}"},{"id":"FeralScream","name":"Grito Salvaje","description":"Cho'Gath desata un terrible grito en forma de cono a los enemigos, les inflige daño mágico y los silencia durante unos segundos.","tooltip":"Cho'Gath ruge, lo que <status>silencia</status> a los enemigos durante {{ e2 }} seg e inflige <magicDamage>{{ totaldamagetooltip }} de daño mágico</magicDamage>.{{ spellmodifierdescriptionappend }}","leveltip":{"label":["Daño","Enfriamiento","Duración de silencio","Costo de @AbilityResourceName@"],"effect":["{{ e1 }} -> {{ e1NL }}","{{ cooldown }} -> {{ cooldownNL }}","{{ e2 }} -> {{ e2NL }}","{{ cost }} -> {{ costNL }}"]},"maxrank":5,"cooldown":[13,12,11,10,9],"cooldownBurn":"13/12/11/10/9","cost":[70,75,80,85,90],"costBurn":"70/75/80/85/90","datavalues":{},"effect":[null,[80,135,190,245,300],[1.6,1.7,1.8,1.9,2],[0,0,0,0,0],[0,0,0,0,0],[0,0,0,0,0],[0,0,0,0,0],[0,0,0,0,0],[0,0,0,0,0],[0,0,0,0,0],[0,0,0,0,0]],"effectBurn":[null,"80/135/190/245/300","1.6/1.7/1.8/1.9/2","0","0","0","0","0","0","0","0"],"vars":[],"costType":" de {{ abilityresourcename }}","maxammo":"-1","range":[300,300,300,300,300],"rangeBurn":"300","image":{"full":"FeralScream.png","sprite":"spell2.png","group":"spell","x":144,"y":96,"w":48,"h":48},"resource":"{{ cost }} de {{ abilityresourcename }}"},{"id":"VorpalSpikes","name":"Clavos Vorpalinos","description":"Los ataques de Cho'Gath liberan púas mortales que dañan y ralentizan a todas las unidades enemigas frente a él.","tooltip":"Los siguientes 3 ataques de Cho'Gath lanzan púas que infligen <magicDamage>{{ basedamagetotaltooltip }} más {{ maxhealthpercentcalc }} de la Vida Máxima del objetivo como daño mágico</magicDamage> y <status>ralentizan</status> en un {{ slowamountpercentage }}%, lo que decae a lo largo de {{ e3 }} seg.{{ spellmodifierdescriptionappend }}","leveltip":{"label":["Daño","Enfriamiento","Ralentización"],"effect":["{{ basedamage }} -> {{ basedamageNL }}","{{ cooldown }} -> {{ cooldownNL }}","{{ slowamountpercentage }}% -> {{ slowamountpercentageNL }}%"]},"maxrank":5,"cooldown":[8,7,6,5,4],"cooldownBurn":"8/7/6/5/4","cost":[30,30,30,30,30],"costBurn":"30","datavalues":{},"effect":[null,[22,34,46,58,70],[30,35,40,45,50],[1.5,1.5,1.5,1.5,1.5],[6,6,6,6,6],[3,3,3,3,3],[3,3,3,3,3],[0.5,0.5,0.5,0.5,0.5],[60,80,100,120,140],[6,6,6,6,6],[50,50,50,50,50]],"effectBurn":[null,"22/34/46/58/70","30/35/40/45/50","1.5","6","3","3","0.5","60/80/100/120/140","6","50"],"vars":[],"costType":" de {{ abilityresourcename }}","maxammo":"-1","range":[40,40,40,40,40],"rangeBurn":"40","image":{"full":"VorpalSpikes.png","sprite":"spell2.png","group":"spell","x":192,"y":96,"w":48,"h":48},"resource":"{{ cost }} de {{ abilityresourcename }}"},{"id":"Feast","name":"Festín","description":"Devora a una unidad enemiga y le inflige una gran cantidad de daño verdadero. Si el objetivo muere, Cho'Gath crece y obtiene vida máxima.","tooltip":"Cho'Gath devora vorazmente a un enemigo e inflige <trueDamage>{{ rdamage }} de daño verdadero</trueDamage> a campeones o <trueDamage>{{ rmonsterdamage }}</trueDamage> a súbditos y monstruos de la jungla. Si esto mata al objetivo, Cho'Gath obtiene una acumulación, lo que aumenta su tamaño y le otorga <healing>{{ rhealthperstack }} de Vida Máxima</healing>. Solo se puede obtener un total de {{ rminionmaxstacks }} acumulaciones de súbditos y de monstruos de la jungla no épicos. {{ spellmodifierdescriptionappend }}","leveltip":{"label":["Daño a campeones","Vida por acumulación","Alcance de ataque por acumulación","Enfriamiento"],"effect":["{{ rbasedamage }} -> {{ rbasedamageNL }}","{{ rhealthperstack }} -> {{ rhealthperstackNL }}","{{ attackrangeperstack }} -> {{ attackrangeperstackNL }}","{{ cooldown }} -> {{ cooldownNL }}"]},"maxrank":3,"cooldown":[80,70,60],"cooldownBurn":"80/70/60","cost":[100,100,100],"costBurn":"100","datavalues":{},"effect":[null,[0,0,0],[0,0,0],[0,0,0],[0,0,0],[0,0,0],[0,0,0],[0,0,0],[0,0,0],[0,0,0],[0,0,0]],"effectBurn":[null,"0","0","0","0","0","0","0","0","0","0"],"vars":[],"costType":" de {{ abilityresourcename }}","maxammo":"-1","range":[175,175,175],"rangeBurn":"175","image":{"full":"Feast.png","sprite":"spell2.png","group":"spell","x":240,"y":96,"w":48,"h":48},"resource":"{{ cost }} de {{ abilityresourcename }}"}],"passive":{"name":"Carnívoro","description":"Cho'Gath restaura Vida y Maná cada vez que elimina a un enemigo. La cantidad aumenta con el nivel de Cho'Gath.","image":{"full":"GreenTerror_TailSpike.png","sprite":"passive0.png","group":"passive","x":48,"y":96,"w":48,"h":48}},"recommended":[]}}}