{"type":"champion","format":"standAloneComplex","version":"14.3.1","data":{"Corki":{"id":"Corki","key":"42","name":"Corki","title":"el Bombardero Osado","image":{"full":"Corki.png","sprite":"champion0.png","group":"champion","x":96,"y":96,"w":48,"h":48},"skins":[{"id":"42000","num":0,"name":"default","chromas":false},{"id":"42001","num":1,"name":"Objeto Volador No IdentiCorki","chromas":false},{"id":"42002","num":2,"name":"Corki Trineo de Hielo","chromas":false},{"id":"42003","num":3,"name":"Corki Barón Rojo","chromas":false},{"id":"42004","num":4,"name":"Enchúlame la Corkinave","chromas":false},{"id":"42005","num":5,"name":"Corki MontaUrfs","chromas":false},{"id":"42006","num":6,"name":"Corki Ala de Dragón","chromas":true},{"id":"42007","num":7,"name":"Corki Fnatic","chromas":false},{"id":"42008","num":8,"name":"Corki de Arcadia","chromas":true},{"id":"42018","num":18,"name":"Corki Corgi","chromas":true},{"id":"42026","num":26,"name":"AstroCorki","chromas":true}],"lore":"Corki, el piloto yordle, adora dos cosas sobre todo lo demás: volar y su glamoroso bigote... aunque no siempre en ese orden. Luego de dejar la Ciudad de Bandle, se estableció en Piltóver y se enamoró de las máquinas maravillosas que encontró ahí. Se dedicó al desarrollo de artilugios voladores, liderando una fuerza de defensa área de veteranos que se conocen como Serpientes Aulladoras. Corki, quien mantiene la calma bajo fuego enemigo, patrulla los cielos alrededor de su hogar adoptivo y nunca ha encontrado un problema que unos cuantos misiles no puedan resolver.","blurb":"Corki, el piloto yordle, adora dos cosas sobre todo lo demás: volar y su glamoroso bigote... aunque no siempre en ese orden. Luego de dejar la Ciudad de Bandle, se estableció en Piltóver y se enamoró de las máquinas maravillosas que encontró ahí. Se...","allytips":["Bomba Fosfórica se puede usar para revelar a las unidades enemigas que puedan estar ocultas en la maleza cercana.","Valquiria se puede usar también de manera defensiva, así que intenta usarla para una huida rápida.","Corki puede seguir atacando con el Cañón de Repetición. Maximizar el Cañón de Repetición es fundamental para dominar a Corki."],"enemytips":["Cuidado con la Descarga de Misiles de Corki. Inflige daño esparcido, por lo que podría darte incluso si te ocultas detrás de tus súbditos.","Corki es vulnerable después de usar su Valquiria o Entrega Especial; si las utiliza para entrar en combate, procura concentrarte en él."],"tags":["Marksman"],"partype":"Maná","info":{"attack":8,"defense":3,"magic":6,"difficulty":6},"stats":{"hp":610,"hpperlevel":103,"mp":350,"mpperlevel":54,"movespeed":325,"armor":28,"armorperlevel":4.7,"spellblock":30,"spellblockperlevel":1.3,"attackrange":550,"hpregen":5.5,"hpregenperlevel":0.55,"mpregen":7.4,"mpregenperlevel":0.55,"crit":0,"critperlevel":0,"attackdamage":61,"attackdamageperlevel":2.5,"attackspeedperlevel":2.3,"attackspeed":0.638},"spells":[{"id":"PhosphorusBomb","name":"Bomba Fosfórica","description":"Corki dispara una bomba luminosa a una ubicación objetivo e inflige daño mágico a los enemigos que estén en el área. Además, este ataque revelará unidades en el área mientras dure su efecto.","tooltip":"Corki lanza una bomba que inflige <magicDamage>{{ totaldamage }} de daño mágico</magicDamage>. El área y los campeones alcanzados quedarán revelados durante {{ e2 }} seg.{{ spellmodifierdescriptionappend }}","leveltip":{"label":["Daño","Costo de @AbilityResourceName@"],"effect":["{{ e1 }} -> {{ e1NL }}","{{ cost }} -> {{ costNL }}"]},"maxrank":5,"cooldown":[8,8,8,8,8],"cooldownBurn":"8","cost":[60,70,80,90,100],"costBurn":"60/70/80/90/100","datavalues":{},"effect":[null,[75,120,165,210,255],[6,6,6,6,6],[0,0,0,0,0],[0,0,0,0,0],[0,0,0,0,0],[0,0,0,0,0],[0,0,0,0,0],[0,0,0,0,0],[0,0,0,0,0],[0,0,0,0,0]],"effectBurn":[null,"75/120/165/210/255","6","0","0","0","0","0","0","0","0"],"vars":[],"costType":" de {{ abilityresourcename }}","maxammo":"-1","range":[825,825,825,825,825],"rangeBurn":"825","image":{"full":"PhosphorusBomb.png","sprite":"spell2.png","group":"spell","x":288,"y":96,"w":48,"h":48},"resource":"{{ cost }} de {{ abilityresourcename }}"},{"id":"CarpetBomb","name":"Valquiria","description":"Corki vuela una distancia corta y suelta bombas que dejan un rastro de fuego que dañará a los oponentes que permanezcan sobre él.","tooltip":"Corki vuela y deja un camino en llamas que arde durante {{ trailduration }} seg. Los enemigos dentro del fuego reciben <magicDamage>{{ totaldamagepersecond }} de daño mágico</magicDamage> por segundo.<br /><br />Si Corki tiene <keywordMajor>El Paquete</keywordMajor>, lo consume para volar una distancia mucho mayor, restablecer el enfriamiento de esta habilidad, <status>lanzar hacia un lado</status> a los enemigos alcanzados y quemar el camino durante {{ megatrailduration }} seg. Los enemigos alcanzados o dentro del camino quedan <status>ralentizados</status> un {{ spell.carpetbombmega:slowamount*100 }}% y reciben <magicDamage>{{ spell.carpetbombmega:totaldamagepersecond }} de daño mágico</magicDamage> por segundo durante {{ spell.carpetbombmega:directburnduration }} seg.{{ spellmodifierdescriptionappend }}","leveltip":{"label":["Daño por segundo","Enfriamiento"],"effect":["{{ basedamagepersecond }} -> {{ basedamagepersecondNL }}","{{ cooldown }} -> {{ cooldownNL }}"]},"maxrank":5,"cooldown":[20,18,16,14,12],"cooldownBurn":"20/18/16/14/12","cost":[80,80,80,80,80],"costBurn":"80","datavalues":{},"effect":[null,[0,0,0,0,0],[0,0,0,0,0],[0,0,0,0,0],[0,0,0,0,0],[0,0,0,0,0],[0,0,0,0,0],[0,0,0,0,0],[0,0,0,0,0],[0,0,0,0,0],[0,0,0,0,0]],"effectBurn":[null,"0","0","0","0","0","0","0","0","0","0"],"vars":[],"costType":" de {{ abilityresourcename }}","maxammo":"-1","range":[600,600,600,600,600],"rangeBurn":"600","image":{"full":"CarpetBomb.png","sprite":"spell2.png","group":"spell","x":336,"y":96,"w":48,"h":48},"resource":"{{ cost }} de {{ abilityresourcename }}"},{"id":"GGun","name":"Cañón de Repetición","description":"El cañón de repetición de Corki dispara rápidamente hacia adelante en forma de cono. Inflige daño, y reduce la armadura y la resistencia mágica de los enemigos.","tooltip":"Corki dispara un cañón de repetición frente a él, lo que inflige <physicalDamage>{{ physicaldamagepersecond }} de daño físico</physicalDamage> y <magicDamage>{{ magicaldamagepersecond }} de daño mágico</magicDamage> por segundo y reduce hasta <scaleArmor>{{ e4 }} de Armadura</scaleArmor> y <scaleMR>Resistencia Mágica</scaleMR> durante {{ e2 }} seg.<br /><br />Daño total por segundo: {{ totaldamagepersecond }}{{ spellmodifierdescriptionappend }}","leveltip":{"label":["Daño","Reducción de defensa"],"effect":["{{ e1 }} -> {{ e1NL }}","{{ effect4amount*-1.000000 }} -> {{ effect4amountnl*-1.000000 }}"]},"maxrank":5,"cooldown":[16,16,16,16,16],"cooldownBurn":"16","cost":[50,50,50,50,50],"costBurn":"50","datavalues":{},"effect":[null,[120,170,220,270,320],[4,4,4,4,4],[4,4,4,4,4],[8,11,14,17,20],[8,8,8,8,8],[2,2,2,2,2],[0.5,0.5,0.5,0.5,0.5],[0.5,0.5,0.5,0.5,0.5],[0,0,0,0,0],[0,0,0,0,0]],"effectBurn":[null,"120/170/220/270/320","4","4","8/11/14/17/20","8","2","0.5","0.5","0","0"],"vars":[],"costType":" de {{ abilityresourcename }}","maxammo":"-1","range":[600,600,600,600,600],"rangeBurn":"600","image":{"full":"GGun.png","sprite":"spell2.png","group":"spell","x":384,"y":96,"w":48,"h":48},"resource":"{{ cost }} de {{ abilityresourcename }}"},{"id":"MissileBarrage","name":"Descarga de Misiles","description":"Corki dispara un misil en dirección a su ubicación objetivo, el cual explota al impacto e inflige daño a los enemigos del área. Corki acumula misiles progresivamente hasta llegar a un máximo. Cada tercer misil disparará un misil grande que inflige daño adicional.","tooltip":"Corki lanza un misil que explota contra el primer enemigo alcanzado, lo que inflige <magicDamage>{{ rsmallmissiledamage }} de daño mágico</magicDamage> a los enemigos circundantes. Cada tercer misil inflige <magicDamage>{{ rbigmissiledamage }} de daño mágico</magicDamage>.<br /><br />Esta habilidad tiene 7 cargas.{{ spellmodifierdescriptionappend }}","leveltip":{"label":["Daño","Tasa de daño de ataque","Tiempo de recarga de misiles"],"effect":["{{ rbasedamage }} -> {{ rbasedamageNL }}","{{ radratio*100.000000 }}% -> {{ radrationl*100.000000 }}%","{{ ammorechargetime }} -> {{ ammorechargetimeNL }}"]},"maxrank":3,"cooldown":[2,2,2],"cooldownBurn":"2","cost":[20,20,20],"costBurn":"20","datavalues":{},"effect":[null,[0,0,0],[0,0,0],[0,0,0],[0,0,0],[0,0,0],[0,0,0],[0,0,0],[0,0,0],[0,0,0],[0,0,0]],"effectBurn":[null,"0","0","0","0","0","0","0","0","0","0"],"vars":[],"costType":" de {{ abilityresourcename }}","maxammo":"7","range":[1225,1225,1225],"rangeBurn":"1225","image":{"full":"MissileBarrage.png","sprite":"spell2.png","group":"spell","x":432,"y":96,"w":48,"h":48},"resource":"{{ cost }} de {{ abilityresourcename }}"}],"passive":{"name":"Munición Hextech","description":"Un porcentaje del daño de los ataques básicos de Corki se convierte en <magicDamage>daño mágico</magicDamage>.<br><br>Corki puede recolectar ocasionalmente El Paquete dentro de su base para recibir velocidad de movimiento y un lanzamiento potenciado de Valquiria.","image":{"full":"Corki_RapidReload.png","sprite":"passive0.png","group":"passive","x":96,"y":96,"w":48,"h":48}},"recommended":[]}}}