{"type":"champion","format":"standAloneComplex","version":"14.3.1","data":{"Darius":{"id":"Darius","key":"122","name":"Darius","title":"la mano de Noxus","image":{"full":"Darius.png","sprite":"champion0.png","group":"champion","x":144,"y":96,"w":48,"h":48},"skins":[{"id":"122000","num":0,"name":"default","chromas":true},{"id":"122001","num":1,"name":"Lord Darius","chromas":false},{"id":"122002","num":2,"name":"Darius Bioforjado","chromas":false},{"id":"122003","num":3,"name":"Darius Rey de la Tribu Woad","chromas":false},{"id":"122004","num":4,"name":"Darius Rey de las Clavadas","chromas":true},{"id":"122008","num":8,"name":"Darius Academia","chromas":false},{"id":"122014","num":14,"name":"Darius Nova Terrorífica","chromas":false},{"id":"122015","num":15,"name":"Darius Rey Divino","chromas":false},{"id":"122016","num":16,"name":"Darius el Forajido","chromas":true},{"id":"122024","num":24,"name":"Darius Bestia Lunar","chromas":true},{"id":"122033","num":33,"name":"Darius Pesadilla en la Ciudad del Crimen","chromas":false},{"id":"122043","num":43,"name":"Darius Flor Espiritual","chromas":false}],"lore":"No hay símbolo más grande del poder noxiano que Darius, el líder más temido y con más experiencia en la guerra. Desde sus orígenes humildes hasta convertirse en la Mano de Noxus, Darius acaba con los enemigos del imperio, de los cuales, muchos también son noxianos. Al saber que él nunca dudará si su causa es justa y que no titubeará una vez que levanta su hacha, quienes se enfrentan al comandante de la Legión Trifariana saben no les tendrá misericordia.","blurb":"No hay símbolo más grande del poder noxiano que Darius, el líder más temido y con más experiencia en la guerra. Desde sus orígenes humildes hasta convertirse en la Mano de Noxus, Darius acaba con los enemigos del imperio, de los cuales, muchos también...","allytips":["Diezmar es una habilidad de hostigamiento muy potente. Alcanza a un enemigo desde lo más lejos posible para lograr el máximo efecto.","Guillotina Noxiana inflige más daño entre más ataques conectes antes de lanzarla. Usa Poder Noxiano para causar el máximo de daño.","Darius se beneficia mucho de su gran resistencia. Cuanto más se prolongue el combate, más poderoso se vuelve."],"enemytips":["Cuando el agarre con hacha de Darius está en enfriamiento, se vuelve vulnerable a los ataques de hostigamiento.","La capacidad de huir de Darius es bastante limitada. Si estás en ventaja contra él, sigue atacándolo."],"tags":["Fighter","Tank"],"partype":"Maná","info":{"attack":9,"defense":5,"magic":1,"difficulty":2},"stats":{"hp":652,"hpperlevel":114,"mp":263,"mpperlevel":58,"movespeed":340,"armor":39,"armorperlevel":5.2,"spellblock":32,"spellblockperlevel":2.05,"attackrange":175,"hpregen":10,"hpregenperlevel":0.95,"mpregen":6.6,"mpregenperlevel":0.35,"crit":0,"critperlevel":0,"attackdamage":64,"attackdamageperlevel":5,"attackspeedperlevel":1,"attackspeed":0.625},"spells":[{"id":"DariusCleave","name":"Diezmar","description":"Darius reúne fuerzas y lanza un ataque circular amplio con su hacha. Los enemigos alcanzados por el filo recibirán más daño que los alcanzados por el mango. Darius se cura con los impactos a campeones enemigos y monstruos grandes con el filo del hacha.","tooltip":"Darius alza su hacha y la hacer girar a su alrededor, lo que inflige <physicalDamage>{{ bladedamage }} de daño físico</physicalDamage> con el filo y <physicalDamage>{{ handledamage }} de daño</physicalDamage> con la empuñadura. Los enemigos impactados con la empuñadura no reciben una acumulación de <keywordMajor>Hemorragia</keywordMajor>.<br /><br />Darius recupera un <healing>{{ e5 }}% de Vida faltante</healing> por cada campeón enemigo o monstruo grande de la jungla impactado con el filo, hasta un máximo del <healing>{{ e7 }}%</healing>.{{ spellmodifierdescriptionappend }}","leveltip":{"label":["Daño","Tasa de DA total","Enfriamiento","Costo de @AbilityResourceName@"],"effect":["{{ e2 }} -> {{ e2NL }}","{{ e1 }}% -> {{ e1NL }}%","{{ cooldown }} -> {{ cooldownNL }}","{{ cost }} -> {{ costNL }}"]},"maxrank":5,"cooldown":[9,8,7,6,5],"cooldownBurn":"9/8/7/6/5","cost":[25,30,35,40,45],"costBurn":"25/30/35/40/45","datavalues":{},"effect":[null,[100,110,120,130,140],[50,80,110,140,170],[99,99,99,99,99],[0.1,0.1,0.1,0.1,0.1],[15,15,15,15,15],[35,35,35,35,35],[45,45,45,45,45],[0,0,0,0,0],[0,0,0,0,0],[0,0,0,0,0]],"effectBurn":[null,"100/110/120/130/140","50/80/110/140/170","99","0.1","15","35","45","0","0","0"],"vars":[],"costType":" de {{ abilityresourcename }}","maxammo":"-1","range":[1,1,1,1,1],"rangeBurn":"1","image":{"full":"DariusCleave.png","sprite":"spell2.png","group":"spell","x":0,"y":144,"w":48,"h":48},"resource":"{{ cost }} de {{ abilityresourcename }}"},{"id":"DariusNoxianTacticsONH","name":"Golpe Incapacitante","description":"El siguiente ataque de Darius golpeará una arteria crucial del enemigo. Dicho enemigo perderá velocidad de movimiento a medida que se desangra.","tooltip":"El siguiente ataque de Darius inflige <physicalDamage>{{ empoweredattackdamage }} de daño físico</physicalDamage> y <status>ralentiza</status> en un {{ e2 }}% durante {{ e5 }} seg.<br /><br />Esta habilidad restaura su costo de maná y reduce su enfriamiento en un {{ e3 }}% si mata al objetivo.<br /><br /><rules>Esta habilidad activa efectos de hechizo al infligir daño.</rules>{{ spellmodifierdescriptionappend }}","leveltip":{"label":["Tasa de DA total"],"effect":["{{ effect4amount*100.000000 }} -> {{ effect4amountnl*100.000000 }}"]},"maxrank":5,"cooldown":[5,5,5,5,5],"cooldownBurn":"5","cost":[40,40,40,40,40],"costBurn":"40","datavalues":{},"effect":[null,[0,0,0,0,0],[90,90,90,90,90],[50,50,50,50,50],[1.4,1.45,1.5,1.55,1.6],[1,1,1,1,1],[0,0,0,0,0],[0,0,0,0,0],[0,0,0,0,0],[0,0,0,0,0],[0,0,0,0,0]],"effectBurn":[null,"0","90","50","1.4/1.45/1.5/1.55/1.6","1","0","0","0","0","0"],"vars":[],"costType":" de {{ abilityresourcename }}","maxammo":"-1","range":[300,300,300,300,300],"rangeBurn":"300","image":{"full":"DariusNoxianTacticsONH.png","sprite":"spell2.png","group":"spell","x":48,"y":144,"w":48,"h":48},"resource":"{{ cost }} de {{ abilityresourcename }}"},{"id":"DariusAxeGrabCone","name":"Aprehender","description":"Darius afila su hacha, lo que le permite ignorar parte de la armadura de su objetivo de manera pasiva. Al activarla, Darius barre a los enemigos con su hacha y los trae hacia él.","tooltip":"<spellPassive>Pasiva:</spellPassive> Darius obtiene un {{ e1 }}% de Penetración de armadura.<br /><br /><spellActive>Activa:</spellActive> Darius engancha con su hacha, lo que <status>Arrastra</status>, <status>Lanza por el aire</status> y <status>Ralentiza</status> en un {{ e2 }}% por {{ e3 }} seg.{{ spellmodifierdescriptionappend }}","leveltip":{"label":["Penetración de armadura porcentual","Costo de @AbilityResourceName@","Enfriamiento"],"effect":["{{ e1 }} -> {{ e1NL }}","{{ cost }} -> {{ costNL }}","{{ cooldown }} -> {{ cooldownNL }}"]},"maxrank":5,"cooldown":[24,21.5,19,16.5,14],"cooldownBurn":"24/21.5/19/16.5/14","cost":[70,60,50,40,30],"costBurn":"70/60/50/40/30","datavalues":{},"effect":[null,[20,25,30,35,40],[40,40,40,40,40],[1,1,1,1,1],[0,0,0,0,0],[0,0,0,0,0],[0,0,0,0,0],[0,0,0,0,0],[0,0,0,0,0],[0,0,0,0,0],[0,0,0,0,0]],"effectBurn":[null,"20/25/30/35/40","40","1","0","0","0","0","0","0","0"],"vars":[],"costType":" de {{ abilityresourcename }}","maxammo":"-1","range":[535,535,535,535,535],"rangeBurn":"535","image":{"full":"DariusAxeGrabCone.png","sprite":"spell2.png","group":"spell","x":96,"y":144,"w":48,"h":48},"resource":"{{ cost }} de {{ abilityresourcename }}"},{"id":"DariusExecute","name":"Guillotina Noxiana","description":"Darius salta hacia un campeón enemigo y le asesta un golpe letal que inflige daño verdadero. El daño aumenta con cada acumulación de Hemorragia que tenga el objetivo. Guillotina Noxiana restaura su enfriamiento durante unos segundos si causó un asesinato.","tooltip":"Darius salta hacia un enemigo y le asesta un golpe letal que inflige <trueDamage>{{ damage }} de daño verdadero</trueDamage>. Por cada acumulación de <keywordMajor>Hemorragia</keywordMajor> en el objetivo, esta habilidad inflige un {{ rdamagepercentperhemostack*100 }}% de daño adicional, hasta un máximo de <trueDamage>{{ maximumdamage }} de daño</trueDamage>.<br /><br />Si esta habilidad mata al objetivo, Darius puede <recast>volver a lanzarla</recast> una vez en los próximos {{ rrecastduration }} seg. En el rango 3, esta habilidad no costará maná y los asesinatos restablecen el enfriamiento por completo.{{ spellmodifierdescriptionappend }}","leveltip":{"label":["Daño","Enfriamiento"],"effect":["{{ rbasedamage }} -> {{ rbasedamageNL }}","{{ cooldown }} -> {{ cooldownNL }}"]},"maxrank":3,"cooldown":[120,100,80],"cooldownBurn":"120/100/80","cost":[100,100,0],"costBurn":"100/100/0","datavalues":{},"effect":[null,[0,0,0],[0,0,0],[0,0,0],[0,0,0],[0,0,0],[0,0,0],[0,0,0],[0,0,0],[0,0,0],[0,0,0]],"effectBurn":[null,"0","0","0","0","0","0","0","0","0","0"],"vars":[],"costType":" de {{ abilityresourcename }}","maxammo":"-1","range":[460,460,460],"rangeBurn":"460","image":{"full":"DariusExecute.png","sprite":"spell2.png","group":"spell","x":144,"y":144,"w":48,"h":48},"resource":"{{ cost }} de {{ abilityresourcename }}"}],"passive":{"name":"Hemorragia","description":"Los ataques y habilidades de daño de Darius provocan que los enemigos sangren y reciban daño físico a lo largo de 5 seg. Se acumula hasta 5 veces. Darius se enfurece y obtiene daño de ataque masivo cuando su objetivo alcanza el máximo de acumulaciones.","image":{"full":"Darius_Icon_Hemorrhage.png","sprite":"passive0.png","group":"passive","x":144,"y":96,"w":48,"h":48}},"recommended":[]}}}