{"type":"champion","format":"standAloneComplex","version":"14.3.1","data":{"Diana":{"id":"Diana","key":"131","name":"Diana","title":"el Desdén de la Luna","image":{"full":"Diana.png","sprite":"champion0.png","group":"champion","x":192,"y":96,"w":48,"h":48},"skins":[{"id":"131000","num":0,"name":"default","chromas":false},{"id":"131001","num":1,"name":"Diana Valquiria Oscura","chromas":false},{"id":"131002","num":2,"name":"Diana Deidad Lunar","chromas":true},{"id":"131003","num":3,"name":"Diana Infernal","chromas":false},{"id":"131011","num":11,"name":"Diana Luna de Sangre","chromas":false},{"id":"131012","num":12,"name":"Diana Aguas Oscuras","chromas":true},{"id":"131018","num":18,"name":"Diana Matadragones","chromas":true},{"id":"131025","num":25,"name":"Diana Reina Guerrera","chromas":false},{"id":"131026","num":26,"name":"Diana Reina Guerrera Prestigiosa","chromas":false},{"id":"131027","num":27,"name":"Diana Centinela","chromas":true},{"id":"131037","num":37,"name":"Diana Año Nuevo Chino","chromas":true},{"id":"131047","num":47,"name":"Diana Favor del Invierno","chromas":true},{"id":"131054","num":54,"name":"Diana Reino Celestial","chromas":true}],"lore":"Portando su hoja lunar creciente, Diana pelea como una guerrera de los Lunari, una poderosa fe que impera en las tierras alrededor del Monte Targón. Blindada con una armadura reluciente del color de la nieve de invierno durante la noche, ella es la encarnación viviente del poder de la luna de plata. Imbuida con la esencia de un Aspecto que viene de más allá de la cúspide de torres de Targón, Diana ya no es completamente humana, y le cuesta entender su poder y propósito en este mundo","blurb":"Portando su hoja lunar creciente, Diana pelea como una guerrera de los Lunari, una poderosa fe que impera en las tierras alrededor del Monte Targón. Blindada con una armadura reluciente del color de la nieve de invierno durante la noche, ella es la...","allytips":["Asestar Golpe Creciente es muy importante, pero no temas errar. El Enfriamiento es corto y el costo de maná es bajo.","Prevé cuándo lanzar Impulso Lunar sin Luz Lunar y cuándo esperar para asestar otro Golpe Creciente.","Utiliza Caída de la Luna e Impulso Lunar para permanecer cerca de los objetivos y activar Navaja de Lunaplata para infligir Daño adicional."],"enemytips":["Esquiva el Golpe Creciente, o muévete a un lugar seguro si estás afectado por Luz Lunar.","Cascada Pálida sólo dura unos segundos. Evita a Diana y enfréntate a ella después de que desaparezca el escudo.","Diana puede ser muy agresiva si utiliza Impulso Lunar sin Luz Lunar, pero puedes castigarla ralentizándola o aturdiéndola cuando no tenga ocasión de retroceder."],"tags":["Fighter","Mage"],"partype":"Maná","info":{"attack":7,"defense":6,"magic":8,"difficulty":4},"stats":{"hp":640,"hpperlevel":109,"mp":375,"mpperlevel":25,"movespeed":345,"armor":31,"armorperlevel":4.3,"spellblock":32,"spellblockperlevel":2.05,"attackrange":150,"hpregen":6.5,"hpregenperlevel":0.85,"mpregen":8,"mpregenperlevel":0.8,"crit":0,"critperlevel":0,"attackdamage":57,"attackdamageperlevel":3,"attackspeedperlevel":2.25,"attackspeed":0.625},"spells":[{"id":"DianaQ","name":"Golpe Creciente","description":"Desata un rayo de energía lunar en forma de arco que inflige daño mágico.<br><br>Los enemigos impactados quedan afectados con Luz Lunar y Diana los revela durante 3 seg si no están en sigilo.","tooltip":"Diana desata un arco de energía lunar, lo que inflige <magicDamage>{{ totaldamage }} de daño mágico</magicDamage> y marca con <keywordMajor>Luz Lunar</keywordMajor> durante {{ moonlightduration }} seg. <br /><br /><keywordMajor>Luz Lunar</keywordMajor> revela a los enemigos que no están en <keywordStealth>sigilo</keywordStealth>.{{ spellmodifierdescriptionappend }}","leveltip":{"label":["Enfriamiento","Daño"],"effect":["{{ cooldown }} -> {{ cooldownNL }}","{{ basedamage }} -> {{ basedamageNL }}"]},"maxrank":5,"cooldown":[8,7.5,7,6.5,6],"cooldownBurn":"8/7.5/7/6.5/6","cost":[50,50,50,50,50],"costBurn":"50","datavalues":{},"effect":[null,[60,95,130,165,200],[1,1,1,1,1],[1.5,1.5,1.5,1.5,1.5],[3,3,3,3,3],[0,0,0,0,0],[0,0,0,0,0],[0,0,0,0,0],[0,0,0,0,0],[0,0,0,0,0],[0,0,0,0,0]],"effectBurn":[null,"60/95/130/165/200","1","1.5","3","0","0","0","0","0","0"],"vars":[],"costType":" de {{ abilityresourcename }}","maxammo":"-1","range":[900,900,900,900,900],"rangeBurn":"900","image":{"full":"DianaQ.png","sprite":"spell2.png","group":"spell","x":192,"y":144,"w":48,"h":48},"resource":"{{ cost }} de {{ abilityresourcename }}"},{"id":"DianaOrbs","name":"Cascada Pálida","description":"Diana crea tres esferas que orbitan, explotan al contacto con los enemigos e infligen daño de área. Además, obtiene un escudo temporal que absorbe daño. Si la tercera esfera explota, el escudo adquiere fuerza adicional.","tooltip":"Diana crea tres esferas que orbitan durante {{ shieldduration }} seg y explotan al contacto, cada una inflige <magicDamage>{{ totaldamage }} de daño mágico</magicDamage>, hasta un máximo de <magicDamage>{{ totalmaxdamage }} de daño</magicDamage>.<br /><br />Diana también obtiene un <shield>Escudo de {{ shieldvalue }}</shield> durante el mismo tiempo. Cuando la última esfera detona, obtiene un <shield>Escudo de {{ shieldvalue }}</shield> adicional y la duración se restablece.{{ spellmodifierdescriptionappend }}","leveltip":{"label":["Daño","Cantidad de escudo","Costo de @AbilityResourceName@","Enfriamiento"],"effect":["{{ e2 }} -> {{ e2NL }}","{{ shieldbase }} -> {{ shieldbaseNL }}","{{ cost }} -> {{ costNL }}","{{ cooldown }} -> {{ cooldownNL }}"]},"maxrank":5,"cooldown":[15,13.5,12,10.5,9],"cooldownBurn":"15/13.5/12/10.5/9","cost":[40,45,50,55,60],"costBurn":"40/45/50/55/60","datavalues":{},"effect":[null,[5,5,5,5,5],[18,30,42,54,66],[25,40,55,70,85],[1,1,1,1,1],[4,4,4,4,4],[0,0,0,0,0],[0,0,0,0,0],[0,0,0,0,0],[0,0,0,0,0],[0,0,0,0,0]],"effectBurn":[null,"5","18/30/42/54/66","25/40/55/70/85","1","4","0","0","0","0","0"],"vars":[],"costType":" de {{ abilityresourcename }}","maxammo":"-1","range":[800,800,800,800,800],"rangeBurn":"800","image":{"full":"DianaOrbs.png","sprite":"spell2.png","group":"spell","x":240,"y":144,"w":48,"h":48},"resource":"{{ cost }} de {{ abilityresourcename }}"},{"id":"DianaTeleport","name":"Impulso Lunar","description":"Diana se convierte en la encarnación viva de la luna vengativa, se desplaza hacia un enemigo y le inflige daño mágico.<br><br>Impulso Lunar no tiene enfriamiento si Diana lo usa para desplazarse hacia un enemigo marcado con Luz Lunar. El efecto de Luz Lunar en todos los demás enemigos terminará sin importar si hayan sido o no el objetivo de Impulso Lunar.","tooltip":"Diana se convierte en la luna vengativa, se desplaza hacia un enemigo y le inflige <magicDamage>{{ totaldamage }} de daño mágico</magicDamage>. Esta habilidad restablece su enfriamiento si el objetivo está bajo el efecto de <keywordMajor>Luz Lunar</keywordMajor>.{{ spellmodifierdescriptionappend }}","leveltip":{"label":["Enfriamiento","Costo de @AbilityResourceName@","Daño"],"effect":["{{ cooldown }} -> {{ cooldownNL }}","{{ cost }} -> {{ costNL }}","{{ basedamage }} -> {{ basedamageNL }}"]},"maxrank":5,"cooldown":[22,20,18,16,14],"cooldownBurn":"22/20/18/16/14","cost":[40,45,50,55,60],"costBurn":"40/45/50/55/60","datavalues":{},"effect":[null,[4,4,4,0,0],[40,60,80,100,120],[50,75,100,0,0],[0,0,0,0,0],[0,0,0,0,0],[0,0,0,0,0],[0,0,0,0,0],[0,0,0,0,0],[0,0,0,0,0],[0,0,0,0,0]],"effectBurn":[null,"4/4/4/0/0","40/60/80/100/120","50/75/100/0/0","0","0","0","0","0","0","0"],"vars":[],"costType":" de {{ abilityresourcename }}","maxammo":"-1","range":[825,825,825,825,825],"rangeBurn":"825","image":{"full":"DianaTeleport.png","sprite":"spell2.png","group":"spell","x":288,"y":144,"w":48,"h":48},"resource":"{{ cost }} de {{ abilityresourcename }}"},{"id":"DianaR","name":"Caída de la Luna","description":"Diana revela y atrae a todos los enemigos cercanos y luego los ralentiza.<br><br>Si atrae a uno o más campeones enemigos, la luz de luna choca contra ella después de un breve momento, lo que inflige daño mágico en una zona alrededor de ella. Este daño aumenta por cada objetivo adicional atraído.","tooltip":"Diana <status>atrae</status>, <status>ralentiza</status> un {{ slowtooltip }}% y revela a los enemigos cercanos durante {{ slowduration }} seg.<br /><br />Si Diana impacta al menos a un campeón enemigo, llama a la luna, lo que inflige <magicDamage>{{ rexplosiondamage }} de daño mágico</magicDamage> más <magicDamage>{{ rmultihitamplification }}</magicDamage> por cada campeón que atraiga después del primero, hasta un máximo de <magicDamage>{{ maxdamage }} daño</magicDamage> adicional.{{ spellmodifierdescriptionappend }}","leveltip":{"label":["Enfriamiento","Daño","Ralentización"],"effect":["{{ cooldown }} -> {{ cooldownNL }}","{{ damage }} -> {{ damageNL }}","{{ slowtooltip }}% -> {{ slowtooltipNL }}%"]},"maxrank":3,"cooldown":[100,90,80],"cooldownBurn":"100/90/80","cost":[100,100,100],"costBurn":"100","datavalues":{},"effect":[null,[-0.35,-0.4,-0.45],[2,2,2],[0.5,0.5,0.5],[3,3,3],[4,4,4],[0,0,0],[0,0,0],[0,0,0],[0,0,0],[0,0,0]],"effectBurn":[null,"-0.35/-0.4/-0.45","2","0.5","3","4","0","0","0","0","0"],"vars":[],"costType":" de {{ abilityresourcename }}","maxammo":"-1","range":[475,475,475],"rangeBurn":"475","image":{"full":"DianaR.png","sprite":"spell2.png","group":"spell","x":336,"y":144,"w":48,"h":48},"resource":"{{ cost }} de {{ abilityresourcename }}"}],"passive":{"name":"Navaja de Lunaplata","description":"Cada tercer golpe corta a enemigos cercanos e inflige daño mágico adicional. Después de lanzar un hechizo, Diana obtiene velocidad de ataque para sus próximos 3 ataques.","image":{"full":"Diana_Passive_LunarBlade.png","sprite":"passive0.png","group":"passive","x":192,"y":96,"w":48,"h":48}},"recommended":[]}}}