{"type":"champion","format":"standAloneComplex","version":"14.3.1","data":{"Draven":{"id":"Draven","key":"119","name":"Draven","title":"el Glorioso Ejecutor","image":{"full":"Draven.png","sprite":"champion0.png","group":"champion","x":240,"y":96,"w":48,"h":48},"skins":[{"id":"119000","num":0,"name":"default","chromas":false},{"id":"119001","num":1,"name":"Draven Saqueador de Almas","chromas":false},{"id":"119002","num":2,"name":"Draven Gladiador","chromas":false},{"id":"119003","num":3,"name":"Draven Horario Estelar","chromas":true},{"id":"119004","num":4,"name":"Draven Veraniego","chromas":false},{"id":"119005","num":5,"name":"Draven Cazador de Bestias","chromas":false},{"id":"119006","num":6,"name":"Draven Draven","chromas":false},{"id":"119012","num":12,"name":"Draven Santa","chromas":false},{"id":"119013","num":13,"name":"Draven Reinos Mecha","chromas":true},{"id":"119020","num":20,"name":"Draven Arruinado","chromas":true},{"id":"119029","num":29,"name":"Draven Gallardo","chromas":true},{"id":"119039","num":39,"name":"Draven Noche de Terror","chromas":true},{"id":"119048","num":48,"name":"Draven La Ilusión","chromas":true}],"lore":"En Noxus, los guerreros llamados ''jueces'' se enfrentan unos a otros en arenas donde la sangre corre y la fuerza se pone a prueba, pero nadie ha sido tan celebrado como Draven. Este exsoldado encontró que el público en verdad apreciaba su habilidad para el melodrama y su talento sinigual para manejar hachas giratorias. Adicto al espectáculo de su propia creación audaz, Draven juró vencer a quien sea necesario para asegurar que su nombre se cante por todo el imperio durante toda la eternidad.","blurb":"En Noxus, los guerreros llamados ''jueces'' se enfrentan unos a otros en arenas donde la sangre corre y la fuerza se pone a prueba, pero nadie ha sido tan celebrado como Draven. Este exsoldado encontró que el público en verdad apreciaba su habilidad...","allytips":["Si Draven no se mueve, Hacha Giratoria caerá cerca de su ubicación actual. Caerá justo sobre él, o un poco a la izquierda o derecha.","Si Draven se mueve tras atacar, Hacha Giratoria lo seguirá en la dirección de su movimiento. Usa esto para controlar hacia dónde irá Hacha Giratoria."],"enemytips":["Lanza un hechizo hacia la posición de aterrizaje de las hachas giratorias de Draven.","Interrumpe a Draven para hacer que suelte sus hachas. Si lo consigues, su poder disminuye drásticamente."],"tags":["Marksman"],"partype":"Maná","info":{"attack":9,"defense":3,"magic":1,"difficulty":8},"stats":{"hp":675,"hpperlevel":104,"mp":361,"mpperlevel":39,"movespeed":330,"armor":29,"armorperlevel":4.5,"spellblock":30,"spellblockperlevel":1.3,"attackrange":550,"hpregen":3.75,"hpregenperlevel":0.7,"mpregen":8.05,"mpregenperlevel":0.65,"crit":0,"critperlevel":0,"attackdamage":62,"attackdamageperlevel":3.6,"attackspeedperlevel":2.7,"attackspeed":0.679},"spells":[{"id":"DravenSpinning","name":"Hacha Giratoria","description":"El siguiente ataque de Draven infligirá daño físico adicional. Esta hacha rebotará del enemigo hacia el aire. Si Draven la atrapa, preparará automáticamente otra Hacha Giratoria. Draven puede manejar dos Hachas Giratorias al mismo tiempo.","tooltip":"Draven prepara un <keywordMajor>Hacha Giratoria</keywordMajor>, lo que causa que su siguiente ataque inflija <physicalDamage>{{ totaldamage }} de daño físico</physicalDamage> adicional y rebote por el aire. Si Draven la atrapa, preparará otra <keywordMajor>Hacha Giratoria</keywordMajor>.<br /><br />Draven puede manejar dos <keywordMajor>Hachas Giratorias</keywordMajor> al mismo tiempo.{{ spellmodifierdescriptionappend }}","leveltip":{"label":["Daño","Porcentaje de DA adicional","Enfriamiento"],"effect":["{{ e5 }} -> {{ e5NL }}","{{ e2 }}% -> {{ e2NL }}%","{{ cooldown }} -> {{ cooldownNL }}"]},"maxrank":5,"cooldown":[12,11,10,9,8],"cooldownBurn":"12/11/10/9/8","cost":[45,45,45,45,45],"costBurn":"45","datavalues":{},"effect":[null,[100,100,100,100,100],[75,85,95,105,115],[30,35,40,45,50],[5.75,5.75,5.75,5.75,5.75],[40,45,50,55,60],[0,0,0,0,0],[0,0,0,0,0],[0,0,0,0,0],[0,0,0,0,0],[0,0,0,0,0]],"effectBurn":[null,"100","75/85/95/105/115","30/35/40/45/50","5.75","40/45/50/55/60","0","0","0","0","0"],"vars":[],"costType":" de {{ abilityresourcename }}","maxammo":"-1","range":[300,300,300,300,300],"rangeBurn":"300","image":{"full":"DravenSpinning.png","sprite":"spell2.png","group":"spell","x":384,"y":144,"w":48,"h":48},"resource":"{{ cost }} de {{ abilityresourcename }}"},{"id":"DravenFury","name":"Impulso Sangriento","description":"Draven obtiene velocidad de movimiento y de ataque aumentadas. La velocidad de movimiento adicional se reduce rápidamente a lo largo de su duración. Atrapar un Hacha Giratoria restablecerá el enfriamiento de Impulso Sangriento.","tooltip":"Draven se vuelve Fantasma y obtiene un <speed>{{ e2 }}% de Velocidad de Movimiento</speed> que decae a lo largo de {{ e3 }} seg y un <attackSpeed>{{ e4 }}% de Velocidad de Ataque</attackSpeed> durante {{ e5 }} seg.<br /><br />El enfriamiento de esta habilidad se restablece cuando Draven atrapa un <keywordMajor>Hacha Giratoria</keywordMajor>.{{ spellmodifierdescriptionappend }}","leveltip":{"label":["Velocidad de ataque","Costo de @AbilityResourceName@","Velocidad de movimiento"],"effect":["{{ e4 }}% -> {{ e4NL }}%","{{ cost }} -> {{ costNL }}","{{ e2 }}% -> {{ e2NL }}%"]},"maxrank":5,"cooldown":[12,12,12,12,12],"cooldownBurn":"12","cost":[40,35,30,25,20],"costBurn":"40/35/30/25/20","datavalues":{},"effect":[null,[4,5,6,7,8],[50,55,60,65,70],[1.5,1.5,1.5,1.5,1.5],[20,25,30,35,40],[3,3,3,3,3],[-0.062,-0.069,-0.075,-0.081,-0.087],[0,0,0,0,0],[0,0,0,0,0],[0,0,0,0,0],[0,0,0,0,0]],"effectBurn":[null,"4/5/6/7/8","50/55/60/65/70","1.5","20/25/30/35/40","3","-0.062/-0.069/-0.075/-0.081/-0.087","0","0","0","0"],"vars":[],"costType":" de {{ abilityresourcename }}","maxammo":"-1","range":[1000,1000,1000,1000,1000],"rangeBurn":"1000","image":{"full":"DravenFury.png","sprite":"spell2.png","group":"spell","x":432,"y":144,"w":48,"h":48},"resource":"{{ cost }} de {{ abilityresourcename }}"},{"id":"DravenDoubleShot","name":"Apártate","description":"Draven lanza sus hachas, lo que inflige daño físico a los objetivos impactados y los lanza a un lado. Los objetivos impactados quedan ralentizados.","tooltip":"Draven arroja un hacha hacia los lados que inflige <physicalDamage>{{ totaldamage }} de daño físico</physicalDamage>, <status>lanza hacia atrás</status> y <status>ralentiza</status> en un {{ e2 }}% durante {{ e3 }} seg.{{ spellmodifierdescriptionappend }}","leveltip":{"label":["Daño","Ralentización","Enfriamiento"],"effect":["{{ e1 }} -> {{ e1NL }}","{{ e2 }}% -> {{ e2NL }}%","{{ cooldown }} -> {{ cooldownNL }}"]},"maxrank":5,"cooldown":[18,17,16,15,14],"cooldownBurn":"18/17/16/15/14","cost":[70,70,70,70,70],"costBurn":"70","datavalues":{},"effect":[null,[75,110,145,180,215],[20,25,30,35,40],[2,2,2,2,2],[0.5,0.5,0.5,0.5,0.5],[0,0,0,0,0],[0,0,0,0,0],[0,0,0,0,0],[0,0,0,0,0],[0,0,0,0,0],[0,0,0,0,0]],"effectBurn":[null,"75/110/145/180/215","20/25/30/35/40","2","0.5","0","0","0","0","0","0"],"vars":[],"costType":" de {{ abilityresourcename }}","maxammo":"-1","range":[1050,1050,1050,1050,1050],"rangeBurn":"1050","image":{"full":"DravenDoubleShot.png","sprite":"spell3.png","group":"spell","x":0,"y":0,"w":48,"h":48},"resource":"{{ cost }} de {{ abilityresourcename }}"},{"id":"DravenRCast","name":"Muerte Rodante","description":"Draven arroja dos hachas gigantes que infligen daño físico a cada unidad alcanzada. Muerte Rodante revierte lentamente su dirección y regresa a Draven después de impactar a un campeón enemigo. Draven también puede activar esta habilidad mientras las hachas estén a medio trayecto para hacer que vuelvan antes. Inflige menos daño por cada unidad impactada y se reinicia cuando las hachas revierten su dirección. Ejecuta a los enemigos que tienen menos vida que el número de acumulaciones de Adoración de Draven.","tooltip":"Draven lanza dos hachas enormes que infligen <physicalDamage>{{ rcalculateddamage }} de daño físico</physicalDamage>. Tras impactar a un campeón o <recast>relanzar</recast>, cambian de dirección y regresan a Draven. Las hachas infligen un {{ rdamagereductionperhit*100 }}% menos de daño por cada enemigo impactado, hasta un mínimo de un {{ rmindamagepercent }}%.<br /><br />Si <keywordMajor>Muerte Rodante</keywordMajor> deja a un campeón enemigo con menos vida que el {{ rpassivestackscoefficient*100 }}% de las acumulaciones actuales de Draven de <keywordMajor>League of Draven</keywordMajor> ({{ rpassivetruedamage }}), lo ejecutará.{{ spellmodifierdescriptionappend }}","leveltip":{"label":["Daño","Enfriamiento","Tasa de DA adicional"],"effect":["{{ rbasedamage }} -> {{ rbasedamageNL }}","{{ cooldown }} -> {{ cooldownNL }}","{{ rcoefficient*100.000000 }}% -> {{ rcoefficientnl*100.000000 }}%"]},"maxrank":3,"cooldown":[100,90,80],"cooldownBurn":"100/90/80","cost":[100,100,100],"costBurn":"100","datavalues":{},"effect":[null,[0,0,0],[0,0,0],[0,0,0],[0,0,0],[0,0,0],[0,0,0],[0,0,0],[0,0,0],[0,0,0],[0,0,0]],"effectBurn":[null,"0","0","0","0","0","0","0","0","0","0"],"vars":[],"costType":" de {{ abilityresourcename }}","maxammo":"-1","range":[20000,20000,20000],"rangeBurn":"20000","image":{"full":"DravenRCast.png","sprite":"spell3.png","group":"spell","x":48,"y":0,"w":48,"h":48},"resource":"{{ cost }} de {{ abilityresourcename }}"}],"passive":{"name":"League of Draven","description":"Draven obtiene Adoración de sus seguidores cuando atrapa un Hacha Giratoria o cuando mata a un súbdito, monstruo o torre. Asesinar campeones enemigos le otorga oro adicional a Draven según la cantidad de Adoración que tenga.","image":{"full":"Draven_passive.png","sprite":"passive0.png","group":"passive","x":240,"y":96,"w":48,"h":48}},"recommended":[]}}}