{"type":"champion","format":"standAloneComplex","version":"14.3.1","data":{"Ekko":{"id":"Ekko","key":"245","name":"Ekko","title":"el Joven que Fragmentó el Tiempo","image":{"full":"Ekko.png","sprite":"champion0.png","group":"champion","x":336,"y":96,"w":48,"h":48},"skins":[{"id":"245000","num":0,"name":"default","chromas":false},{"id":"245001","num":1,"name":"Ekko Tormenta de Arena","chromas":true},{"id":"245002","num":2,"name":"Ekko Academia","chromas":false},{"id":"245003","num":3,"name":"PROYECTO: Ekko","chromas":false},{"id":"245011","num":11,"name":"Ekko SKT T1","chromas":false},{"id":"245012","num":12,"name":"Ekko Dulce o Truco","chromas":true},{"id":"245019","num":19,"name":"Ekko True Damage","chromas":true},{"id":"245028","num":28,"name":"Ekko Pulso de Fuego","chromas":true},{"id":"245036","num":36,"name":"Ekko Firelight","chromas":true},{"id":"245045","num":45,"name":"Ekko Guardián Estelar","chromas":true},{"id":"245046","num":46,"name":"Ekko Guardián Estelar Prestigioso","chromas":false},{"id":"245056","num":56,"name":"Ekko True Damage Revelación","chromas":false}],"lore":"Ekko, un prodigio surgido de las duras calles de Zaun, es capaz de manipular el tiempo para su propio beneficio. Usando una máquina de su invención llamada Pulsar-Z, explora las distintas posibilidades de la realidad para crear el momento perfecto. Aunque adora su libertad, si algo amenaza a sus amigos hará lo que sea para defenderlos. Para quien no sepa quién es en realidad este muchacho, su capacidad de hacer lo imposible una y otra vez resulta increíble.","blurb":"Ekko, un prodigio surgido de las duras calles de Zaun, es capaz de manipular el tiempo para su propio beneficio. Usando una máquina de su invención llamada Pulsar-Z, explora las distintas posibilidades de la realidad para crear el momento perfecto...","allytips":["Cronorruptura es muy útil para escapar, pero también puede ser muy potente cuando se utiliza de manera ofensiva. No subestimes su potencial de daño.","Si crees que puedes lanzar Resonancia Pulsar-Z sobre un campeón enemigo, vale la pena correr el riesgo de intentarlo. Gracias a la velocidad de movimiento adicional que otorga, luego es fácil escapar.","Salto de Fase es muy útil para preparar las demás habilidades de Ekko. Úsala para alcanzar a un mismo objetivo con los dos impactos del Rebobinador del Tiempo o para lanzar Convergencia Paralela desde una posición idónea."],"enemytips":["Ekko es mucho más débil cuando no puede usar su definitiva. Busca el rastro que deja para ver si tiene acceso a Cronorruptura.","Su zona de aturdimiento tarda 3 segundos en armarse. Busca la imagen que se crea cuando la lanza y trata de adivinar dónde la colocó.","El segundo impacto del Rebobinador de Tiempo causa más daño que el primero. Procura evitarlo."],"tags":["Assassin","Fighter"],"partype":"Maná","info":{"attack":5,"defense":3,"magic":7,"difficulty":8},"stats":{"hp":655,"hpperlevel":99,"mp":280,"mpperlevel":70,"movespeed":340,"armor":32,"armorperlevel":4.2,"spellblock":32,"spellblockperlevel":2.05,"attackrange":125,"hpregen":9,"hpregenperlevel":0.9,"mpregen":7,"mpregenperlevel":0.8,"crit":0,"critperlevel":0,"attackdamage":58,"attackdamageperlevel":3,"attackspeedperlevel":3.3,"attackspeed":0.688},"spells":[{"id":"EkkoQ","name":"Rebobinador de Tiempo","description":"Ekko lanza una granada temporal que, al alcanzar a un campeón enemigo, genera un campo de distorsión cronológica. Las unidades sorprendidas en su interior sufren daño y quedan ralentizadas. Al cabo de unos instantes, la granada regresa a Ekko y daña a todo lo que esté en su camino.","tooltip":"Ekko lanza un dispositivo que inflige <magicDamage>{{ initialdamage }} de daño mágico</magicDamage>. Al impactar a un campeón o alcanzar el límite de su alcance, se expande en un campo que <status>ralentiza</status> a los enemigos en su interior un {{ e2 }}%. Tras expandirse, Ekko lo atrae hacia él e inflige <magicDamage>{{ recalldamage }} de daño mágico</magicDamage>.{{ spellmodifierdescriptionappend }}","leveltip":{"label":["Enfriamiento","Costo de @AbilityResourceName@","Daño de Salida","Ralentización","Daño de Retorno"],"effect":["{{ cooldown }} -> {{ cooldownNL }}","{{ cost }} -> {{ costNL }}","{{ outgoingdamage }} -> {{ outgoingdamageNL }}","{{ effect2amount*-100.000000 }}% -> {{ effect2amountnl*-100.000000 }}%","{{ returndamage }} -> {{ returndamageNL }}"]},"maxrank":5,"cooldown":[9,8.5,8,7.5,7],"cooldownBurn":"9/8.5/8/7.5/7","cost":[50,60,70,80,90],"costBurn":"50/60/70/80/90","datavalues":{},"effect":[null,[70,85,100,115,130],[40,45,50,55,60],[40,65,90,115,140],[100,100,100,100,100],[0,0,0,0,0],[165,165,165,165,165],[1.75,1.75,1.75,1.75,1.75],[0,0,0,0,0],[0,0,0,0,0],[0,0,0,0,0]],"effectBurn":[null,"70/85/100/115/130","40/45/50/55/60","40/65/90/115/140","100","0","165","1.75","0","0","0"],"vars":[],"costType":" de {{ abilityresourcename }}","maxammo":"-1","range":[1075,1075,1075,1075,1075],"rangeBurn":"1075","image":{"full":"EkkoQ.png","sprite":"spell3.png","group":"spell","x":288,"y":0,"w":48,"h":48},"resource":"{{ cost }} de {{ abilityresourcename }}"},{"id":"EkkoW","name":"Convergencia Paralela","description":"Los ataques básicos de Ekko infligen daño mágico adicional a enemigos con poca vida. Puede lanzar Convergencia Paralela para dividir la línea de tiempo y, tras unos momentos, crear una anomalía que ralentiza a los enemigos atrapados en su interior. Si Ekko entra a la anomalía, obtiene un escudo y suspende a sus enemigos en el tiempo para dejarlos aturdidos.","tooltip":"<spellPassive>Pasiva:</spellPassive> Los ataques de Ekko contra enemigos por debajo del 30% de Vida infligen <magicDamage>{{ missinghealthpercent }} de su Vida faltante como daño mágico</magicDamage>.<br /><br /><spellActive>Activa:</spellActive> Ekko lanza una cronósfera que dura 1.5 seg tras un retraso que <status>ralentiza</status> a los enemigos en su interior un {{ e0 }}%. Si Ekko entra en la esfera, la detona, lo que <status>aturde</status> durante {{ e2 }} seg y obtiene un <shield>Escudo de {{ totalshield }}</shield>.{{ spellmodifierdescriptionappend }}","leveltip":{"label":["Cantidad de escudo","Enfriamiento","Costo de @AbilityResourceName@"],"effect":["{{ e4 }} -> {{ e4NL }}","{{ cooldown }} -> {{ cooldownNL }}","{{ cost }} -> {{ costNL }}"]},"maxrank":5,"cooldown":[22,20,18,16,14],"cooldownBurn":"22/20/18/16/14","cost":[30,35,40,45,50],"costBurn":"30/35/40/45/50","datavalues":{},"effect":[null,[375,375,375,375,375],[2.25,2.25,2.25,2.25,2.25],[3,3,3,3,3],[100,120,140,160,180],[150,150,150,150,150],[15,15,15,15,15],[1.5,1.5,1.5,1.5,1.5],[3,3,3,3,3],[2,2,2,2,2],[40,40,40,40,40]],"effectBurn":[null,"375","2.25","3","100/120/140/160/180","150","15","1.5","3","2","40"],"vars":[],"costType":" de {{ abilityresourcename }}","maxammo":"-1","range":[1600,1600,1600,1600,1600],"rangeBurn":"1600","image":{"full":"EkkoW.png","sprite":"spell3.png","group":"spell","x":336,"y":0,"w":48,"h":48},"resource":"{{ cost }} de {{ abilityresourcename }}"},{"id":"EkkoE","name":"Salto de Fase","description":"Ekko rueda por el suelo en un movimiento evasivo mientras activa su Pulsar-Z. Su siguiente ataque inflige daño adicional y distorsiona la realidad para teleportarlo hasta su objetivo.","tooltip":"Ekko se desplaza y potencia su siguiente ataque para tener alcance adicional, teletransportarse a su objetivo e infligir <magicDamage>{{ totaldamage }} de daño mágico</magicDamage> adicional.{{ spellmodifierdescriptionappend }}","leveltip":{"label":["Daño","Enfriamiento","Costo de @AbilityResourceName@"],"effect":["{{ e1 }} -> {{ e1NL }}","{{ cooldown }} -> {{ cooldownNL }}","{{ cost }} -> {{ costNL }}"]},"maxrank":5,"cooldown":[9,8.5,8,7.5,7],"cooldownBurn":"9/8.5/8/7.5/7","cost":[40,45,50,55,60],"costBurn":"40/45/50/55/60","datavalues":{},"effect":[null,[50,75,100,125,150],[350,350,350,350,350],[3,3,3,3,3],[300,300,300,300,300],[0,0,0,0,0],[0,0,0,0,0],[0,0,0,0,0],[0,0,0,0,0],[0,0,0,0,0],[0,0,0,0,0]],"effectBurn":[null,"50/75/100/125/150","350","3","300","0","0","0","0","0","0"],"vars":[],"costType":" de {{ abilityresourcename }}","maxammo":"-1","range":[325,325,325,325,325],"rangeBurn":"325","image":{"full":"EkkoE.png","sprite":"spell3.png","group":"spell","x":384,"y":0,"w":48,"h":48},"resource":"{{ cost }} de {{ abilityresourcename }}"},{"id":"EkkoR","name":"Cronorruptura","description":"Ekko fragmenta su línea temporal y se vuelve imposible de seleccionar como objetivo mientras regresa a un momento pasado más favorable. Reaparece en el mismo sitio donde se encontraba hace unos segundos y recupera una parte de la vida que hubiera perdido en ese tiempo. Los enemigos situados cerca de su zona de llegada reciben muchísimo daño.","tooltip":"Ekko vuelve en el tiempo, entra en Estasis mientras se teletransporta a su ubicación de hace 4 seg e inflige <magicDamage>{{ totaldamage }} de daño mágico</magicDamage> a los enemigos cercanos. Además, Ekko recupera <healing>{{ totalbaseheal }} de Vida</healing>, que aumenta un {{ percenthealampperpercentmissinghealth }}% por cada 1% de la Vida que haya perdido en los últimos 4 seg.{{ spellmodifierdescriptionappend }}","leveltip":{"label":["Daño","Curación","Enfriamiento"],"effect":["{{ damage }} -> {{ damageNL }}","{{ flatheal }} -> {{ flathealNL }}","{{ cooldown }} -> {{ cooldownNL }}"]},"maxrank":3,"cooldown":[110,80,50],"cooldownBurn":"110/80/50","cost":[100,100,100],"costBurn":"100","datavalues":{},"effect":[null,[0,0,0],[0,0,0],[0,0,0],[0,0,0],[0,0,0],[0,0,0],[0,0,0],[0,0,0],[0,0,0],[0,0,0]],"effectBurn":[null,"0","0","0","0","0","0","0","0","0","0"],"vars":[],"costType":" de {{ abilityresourcename }}","maxammo":"-1","range":[850,850,850],"rangeBurn":"850","image":{"full":"EkkoR.png","sprite":"spell3.png","group":"spell","x":432,"y":0,"w":48,"h":48},"resource":"{{ cost }} de {{ abilityresourcename }}"}],"passive":{"name":"Resonancia Pulsar-Z","description":"Cada tercer ataque o hechizo dañino al mismo objetivo inflige daño mágico adicional y Ekko obtiene una ráfaga de velocidad si el objetivo es un campeón.<br><br>","image":{"full":"Ekko_P.png","sprite":"passive0.png","group":"passive","x":336,"y":96,"w":48,"h":48}},"recommended":[]}}}