{"type":"champion","format":"standAloneComplex","version":"14.3.1","data":{"Elise":{"id":"Elise","key":"60","name":"Elise","title":"la Reina de las Arañas","image":{"full":"Elise.png","sprite":"champion0.png","group":"champion","x":384,"y":96,"w":48,"h":48},"skins":[{"id":"60000","num":0,"name":"default","chromas":false},{"id":"60001","num":1,"name":"Elise Pétalo Mortal","chromas":false},{"id":"60002","num":2,"name":"Elise Victoriosa","chromas":false},{"id":"60003","num":3,"name":"Elise Luna de Sangre","chromas":false},{"id":"60004","num":4,"name":"Elise SKT T1","chromas":false},{"id":"60005","num":5,"name":"Elise Supergaláctica","chromas":false},{"id":"60006","num":6,"name":"Elise Embrujada","chromas":true},{"id":"60015","num":15,"name":"Elise Rosa Marchita","chromas":true},{"id":"60024","num":24,"name":"Elise Aquelarre","chromas":true}],"lore":"Elise es una depredadora mortífera que reside en un palacio cerrado y sin luz, en las profundidades de la ciudad más vieja de Noxus. Cuando era mortal era la señora de una poderosa casa, pero la mordida de un vil semidiós la transformó en algo hermoso, pero inhumano: una criatura con forma de araña, quien manda a sus ignorantes presas hacia su telaraña. Para mantener la juventud eterna, Elise ahora prefiere alimentarse de los ingenuos e inocentes y pocos pueden resistirse a su encanto.","blurb":"Elise es una depredadora mortífera que reside en un palacio cerrado y sin luz, en las profundidades de la ciudad más vieja de Noxus. Cuando era mortal era la señora de una poderosa casa, pero la mordida de un vil semidiós la transformó en algo hermoso...","allytips":["La Forma Arácnida es más efectiva para rematar a los enemigos con poca vida. La Neurotoxina de la Forma Humana hace más Daño a los enemigos con mucha vida. ","Estando en Forma Arácnida, las arañitas atacarán al objetivo sobre el que Elise use Mordida Venenosa. ","La Forma Arácnida de Elise y sus habilidades no cuestan Maná y se les puede dar prioridad cuando intentas conservar Maná."],"enemytips":["La Forma Arácnida de Elise es más peligrosa cuando tienes poca vida, mientras que su Forma Humana es más poderosa con mucha Vida. ","Rápel sólo moverá a Elise en vertical, arriba y abajo, a menos que pueda descender sobre una unidad enemiga.","Rápel tiene mucho Enfriamiento. Elise es vulnerable tras usarlo."],"tags":["Mage","Fighter"],"partype":"Maná","info":{"attack":6,"defense":5,"magic":7,"difficulty":9},"stats":{"hp":650,"hpperlevel":109,"mp":324,"mpperlevel":50,"movespeed":330,"armor":30,"armorperlevel":5.2,"spellblock":30,"spellblockperlevel":1.3,"attackrange":550,"hpregen":5.5,"hpregenperlevel":0.6,"mpregen":6,"mpregenperlevel":0.8,"crit":0,"critperlevel":0,"attackdamage":55,"attackdamageperlevel":3,"attackspeedperlevel":1.75,"attackspeed":0.625},"spells":[{"id":"EliseHumanQ","name":"Neurotoxina / Mordida Venenosa","description":"Forma Humana: inflige daño según la vida actual del objetivo.<br><br>Forma Arácnida: ataca a un enemigo e inflige daño según su vida faltante.","tooltip":"<keywordMajor>Forma Humana</keywordMajor>: Elise inyecta una neurotoxina que inflige <magicDamage>{{ e1 }} más un {{ humanpercenthealth }} de la Vida actual como daño mágico</magicDamage>.{{ spellmodifierdescriptionappend }}","leveltip":{"label":["Daño de Neurotoxina","Daño de Mordida Venenosa","Límite de daño a monstruos","Costo de maná (Neurotoxina)"],"effect":["{{ e1 }} -> {{ e1NL }}","{{ e5 }} -> {{ e5NL }}","{{ e2 }} -> {{ e2NL }}","{{ cost }} -> {{ costNL }}"]},"maxrank":5,"cooldown":[6,6,6,6,6],"cooldownBurn":"6","cost":[80,85,90,95,100],"costBurn":"80/85/90/95/100","datavalues":{},"effect":[null,[40,75,110,145,180],[75,100,125,150,175],[15,20,25,30,35],[36,42,48,54,60],[60,90,120,150,180],[4,4,4,4,4],[0,0,0,0,0],[0,0,0,0,0],[0,0,0,0,0],[0,0,0,0,0]],"effectBurn":[null,"40/75/110/145/180","75/100/125/150/175","15/20/25/30/35","36/42/48/54/60","60/90/120/150/180","4","0","0","0","0"],"vars":[],"costType":" de {{ abilityresourcename }}","maxammo":"-1","range":[615,615,615,615,615],"rangeBurn":"615","image":{"full":"EliseHumanQ.png","sprite":"spell3.png","group":"spell","x":0,"y":48,"w":48,"h":48},"resource":"{{ cost }} de {{ abilityresourcename }}"},{"id":"EliseHumanW","name":"Araña Volátil / Raudo Frenesí","description":"Forma Humana: libera una arañita con veneno que explota al acercarse a un objetivo.<br><br>Forma Arácnida: Elise y sus arañitas obtienen velocidad de ataque.","tooltip":"<keywordMajor>Forma Humana</keywordMajor>: Elise invoca una araña explosiva que se mueve hacia una ubicación y explota al acercarse a un enemigo o después de 3 seg. La araña inflige <magicDamage>{{ spell.elisehumanw:totalspiderdamage }} de daño mágico</magicDamage>.{{ spellmodifierdescriptionappend }}","leveltip":{"label":["Daño","Costo de @AbilityResourceName@"],"effect":["{{ e3 }} -> {{ e3NL }}","{{ cost }} -> {{ costNL }}"]},"maxrank":5,"cooldown":[12,12,12,12,12],"cooldownBurn":"12","cost":[60,70,80,90,100],"costBurn":"60/70/80/90/100","datavalues":{},"effect":[null,[4,4,4,4,4],[60,80,100,120,140],[60,105,150,195,240],[3,3,3,3,3],[65,75,85,95,105],[275,275,275,275,275],[0,0,0,0,0],[0,0,0,0,0],[0,0,0,0,0],[0,0,0,0,0]],"effectBurn":[null,"4","60/80/100/120/140","60/105/150/195/240","3","65/75/85/95/105","275","0","0","0","0"],"vars":[],"costType":" de {{ abilityresourcename }}","maxammo":"-1","range":[950,950,950,950,950],"rangeBurn":"950","image":{"full":"EliseHumanW.png","sprite":"spell3.png","group":"spell","x":48,"y":48,"w":48,"h":48},"resource":"{{ cost }} de {{ abilityresourcename }}"},{"id":"EliseHumanE","name":"Capullo / Rápel","description":"Forma Humana: aturde al primer enemigo alcanzado y lo revela si no está en sigilo.<br><br>Forma Arácnida: Elise y sus arañitas ascienden por el aire y luego descienden sobre el objetivo enemigo. Después de descender sobre un objetivo enemigo, el daño adicional de Elise y la curación de Reina de las Arañas aumenta.","tooltip":"<keywordMajor>Forma Humana</keywordMajor>: Elise lanza un capullo que <status>aturde</status> y revela al primer enemigo alcanzado durante {{ e5 }} seg.{{ spellmodifierdescriptionappend }}","leveltip":{"label":["Duración de aturdimiento","Reducción de Enfriamiento (Capullo)","Reducción de Enfriamiento (Rápel)","Daño y curación aumentados"],"effect":["{{ e5 }} -> {{ e5NL }}","{{ cooldown }} -> {{ cooldownNL }}","{{ e3 }} -> {{ e3NL }}","{{ effect6amount*100.000000 }}% -> {{ effect6amountnl*100.000000 }}%"]},"maxrank":5,"cooldown":[12,11.5,11,10.5,10],"cooldownBurn":"12/11.5/11/10.5/10","cost":[50,50,50,50,50],"costBurn":"50","datavalues":{},"effect":[null,[12,11.5,11,10.5,10],[15,20,25,30,35],[22,21,20,19,18],[2,2,2,2,2],[1.6,1.8,2,2.2,2.4],[40,55,70,85,100],[250,250,250,250,250],[0,0,0,0,0],[0,0,0,0,0],[0,0,0,0,0]],"effectBurn":[null,"12/11.5/11/10.5/10","15/20/25/30/35","22/21/20/19/18","2","1.6/1.8/2/2.2/2.4","40/55/70/85/100","250","0","0","0"],"vars":[],"costType":" de {{ abilityresourcename }}","maxammo":"-1","range":[1075,1075,1075,1075,1075],"rangeBurn":"1075","image":{"full":"EliseHumanE.png","sprite":"spell3.png","group":"spell","x":96,"y":48,"w":48,"h":48},"resource":"{{ cost }} de {{ abilityresourcename }}"},{"id":"EliseR","name":"Forma Arácnida","description":"Se transforma en una araña amenazante y reduce su alcance de ataque a cambio de velocidad de movimiento, habilidades nuevas y un conjunto de arañitas que atacará a sus enemigos.","tooltip":"<keywordMajor>Forma Humana</keywordMajor>: Elise se transforma en una araña amenazante, su alcance se vuelve cuerpo a cuerpo y obtiene <speed>{{ e3 }} de Velocidad de Movimiento</speed> y acceso a las habilidades de la <keywordMajor>Forma Arácnida</keywordMajor>. Además, invoca a todas las <keywordMajor>Arañitas</keywordMajor> inactivas.{{ spellmodifierdescriptionappend }}","leveltip":{"label":["Daño de mordida de Forma Arácnida","Daño adicional de arañitas","Número máximo de arañitas","Armadura de arañitas","Resistencia mágica de arañitas"],"effect":["{{ e2 }} -> {{ e2NL }}","{{ e1 }} -> {{ e1NL }}","{{ e5 }} -> {{ e5NL }}","{{ e6 }} -> {{ e6NL }}","{{ e7 }} -> {{ e7NL }}"]},"maxrank":4,"cooldown":[4,4,4,4],"cooldownBurn":"4","cost":[0,0,0,0],"costBurn":"0","datavalues":{},"effect":[null,[8,14,20,26],[12,22,32,42],[25,25,25,25],[25,25,25,25],[2,3,4,5],[30,50,70,90],[50,70,90,110],[6,8,10,12],[0.08,0.08,0.08,0.08],[0,0,0,0]],"effectBurn":[null,"8/14/20/26","12/22/32/42","25","25","2/3/4/5","30/50/70/90","50/70/90/110","6/8/10/12","0.08","0"],"vars":[],"costType":"Sin costo","maxammo":"-1","range":[20,20,20,20],"rangeBurn":"20","image":{"full":"EliseR.png","sprite":"spell3.png","group":"spell","x":144,"y":48,"w":48,"h":48},"resource":"Sin costo"}],"passive":{"name":"Reina de las Arañas","description":"Forma Humana: cuando las habilidades de Elise alcanzan a un enemigo, obtiene una arañita inactiva.<br><br>Forma Arácnida: los ataques básicos infligen daño mágico adicional y restauran la vida de Elise.","image":{"full":"ElisePassive.png","sprite":"passive0.png","group":"passive","x":384,"y":96,"w":48,"h":48}},"recommended":[]}}}