{"type":"champion","format":"standAloneComplex","version":"14.3.1","data":{"Evelynn":{"id":"Evelynn","key":"28","name":"Evelynn","title":"Abrazo de la Agonía","image":{"full":"Evelynn.png","sprite":"champion0.png","group":"champion","x":432,"y":96,"w":48,"h":48},"skins":[{"id":"28000","num":0,"name":"default","chromas":false},{"id":"28001","num":1,"name":"Evelynn de las Sombras","chromas":false},{"id":"28002","num":2,"name":"Evelynn Enmascarada","chromas":false},{"id":"28003","num":3,"name":"Evelynn Tanguera","chromas":false},{"id":"28004","num":4,"name":"Evelynn Rompecerrojos","chromas":false},{"id":"28005","num":5,"name":"Evelynn Luna de Sangre","chromas":false},{"id":"28006","num":6,"name":"Evelynn K/DA","chromas":false},{"id":"28007","num":7,"name":"Evelynn K/DA Prestigiosa","chromas":false},{"id":"28008","num":8,"name":"Evelynn Chocofresas","chromas":true},{"id":"28015","num":15,"name":"Evelynn K/DA ALL OUT","chromas":true},{"id":"28024","num":24,"name":"Evelynn Aquelarre","chromas":true},{"id":"28031","num":31,"name":"Evelynn K/DA Prestigiosa (2022)","chromas":false},{"id":"28032","num":32,"name":"Evelynn Flor Espiritual","chromas":true},{"id":"28042","num":42,"name":"Evelynn Peleadora Álmica","chromas":true}],"lore":"Dentro de las oscuras vetas de Runaterra, la demonio Evelynn acecha a su siguiente víctima. Seduce a su presa con la apariencia voluptuosa de una mujer humana, pero una vez que alguien sucumbe ante sus encantos, Evelynn revela su verdadera forma. Es en ese momento somete a su víctima a un inimaginable tormento y se deleita con su dolor. Para el demonio, estos encuentros son amoríos inocentes. Para el resto de Runaterra, son historias macabras de lujuria que terminaron mal y atroces recordatorios del costo que tiene el deseo lascivo.","blurb":"Dentro de las oscuras vetas de Runaterra, la demonio Evelynn acecha a su siguiente víctima. Seduce a su presa con la apariencia voluptuosa de una mujer humana, pero una vez que alguien sucumbe ante sus encantos, Evelynn revela su verdadera forma. Es en...","allytips":["El tiempo de activación de Seducción puede parecer largo, pero el efecto de Encanto y la reducción de resistencia mágica dejan a Evelynn con una enorme ventaja, así que vale la pena esperar.","Al estar en sigilo, presta atención cuando los campeones enemigos estén por detectarte. Podrás identificar esto con los ojos brillantes amarillos o rojos sobre los campeones enemigos.","Si tienes poca vida, puedes aprovechar la curación que otorga Sombra Demoníaca y de Camuflaje para regresar a la pelea y sorprender a tus oponentes."],"enemytips":["Comprar Centinelas de Visión puede ayudarte a detectar la ubicación de Evelynn para prevenir sus emboscadas.","Una gran parte de la amenaza de Evelynn viene de su efecto de encanto, ''Seducción''. Protege a los aliados marcados con 'Seducción' o, si llevas la marca, asegúrate que los aliados estén entre tu y el punto desde donde Evelynn puede atacar.","Si sospechas que Evelynn está por emboscar a uno de tus compañeros, avísales a través de un ping en el minimapa y escribiendo en el chat."],"tags":["Assassin","Mage"],"partype":"Maná","info":{"attack":4,"defense":2,"magic":7,"difficulty":10},"stats":{"hp":642,"hpperlevel":98,"mp":315,"mpperlevel":42,"movespeed":335,"armor":37,"armorperlevel":4.7,"spellblock":32,"spellblockperlevel":2.05,"attackrange":125,"hpregen":8.5,"hpregenperlevel":0.75,"mpregen":8.11,"mpregenperlevel":0.6,"crit":0,"critperlevel":0,"attackdamage":61,"attackdamageperlevel":3,"attackspeedperlevel":2.1,"attackspeed":0.667},"spells":[{"id":"EvelynnQ","name":"Púas de Odio","description":"Evelynn ataca con su látigo, lo que inflige daño a la primera unidad que alcanza. Luego, Evelynn puede disparar una línea de púas a los enemigos cercanos hasta 3 veces.","tooltip":"Evelynn ataca con su látigo, lo que inflige <magicDamage>{{ missiledamagetooltip }} de daño mágico</magicDamage> al primer enemigo alcanzado y provoca que los siguientes 3 ataques o habilidades de Evelynn a esa unidad inflijan <magicDamage>{{ totalbonusdamagetooltip }} de daño mágico</magicDamage> adicional. Evelynn puede <recast>volver a lanzar</recast> esta habilidad hasta 3 veces más.<br /><br /><recast>Relanzamiento:</recast> Evelynn dispara púas al enemigo más cercano e inflige <magicDamage>{{ missiledamagetooltip }} de daño mágico</magicDamage> a todas las unidades alcanzadas.{{ spellmodifierdescriptionappend }}","leveltip":{"label":["Daño de Látigo y Púa","Daño adicional","Costo de @AbilityResourceName@"],"effect":["{{ hatespikebasedamage }} -> {{ hatespikebasedamageNL }}","{{ bonusdamagebase }} -> {{ bonusdamagebaseNL }}","{{ cost }} -> {{ costNL }}"]},"maxrank":5,"cooldown":[4,4,4,4,4],"cooldownBurn":"4","cost":[40,45,50,55,60],"costBurn":"40/45/50/55/60","datavalues":{},"effect":[null,[0,0,0,0,0],[30,30,30,30,30],[60,60,60,60,60],[15,25,35,45,55],[25,30,35,40,45],[6,6,6,6,6],[30,30,30,30,30],[50,50,50,50,50],[4,4,4,4,4],[-0.25,-0.25,-0.25,-0.25,-0.25]],"effectBurn":[null,"0","30","60","15/25/35/45/55","25/30/35/40/45","6","30","50","4","-0.25"],"vars":[],"costType":" de {{ abilityresourcename }}","maxammo":"-1","range":[800,800,800,800,800],"rangeBurn":"800","image":{"full":"EvelynnQ.png","sprite":"spell3.png","group":"spell","x":192,"y":48,"w":48,"h":48},"resource":"{{ cost }} de {{ abilityresourcename }}"},{"id":"EvelynnW","name":"Seducción","description":"Evelynn maldice a su objetivo, lo que hace que, tras una espera, su siguiente ataque o hechizo encante y reduzca la resistencia mágica de su objetivo.","tooltip":"Evelynn marca a un campeón o monstruo por 5 seg. Si Evelynn impacta al objetivo con un ataque o habilidad, eliminará la marca, reembolsará su costo y <status>ralentizará</status> al objetivo en un {{ slowamount*100 }}% durante {{ slowduration }} seg.<br /><br />Si la marca dura al menos 2.5 seg, su eliminación generará efectos adicionales:<li>Contra campeones: <status>Lo encantará</status> durante {{ charmduration }} seg y eliminará un <scaleMR>{{ mrshred*100 }}% de Resistencia Mágica</scaleMR> durante {{ shredduration }} seg.<li>Contra monstruos: <status>Lo encantará</status> durante {{ monstercharm }} seg e infligirá <magicDamage>{{ monsterdamagetotaltooltip }} de daño mágico</magicDamage>.{{ spellmodifierdescriptionappend }}","leveltip":{"label":["Duración de encantamiento","Duración de encantamiento contra monstruos","Reducción de Resistencia Mágica","Daño a monstruos","Enfriamiento","Alcance"],"effect":["{{ e2 }} -> {{ e2NL }}","{{ monstercharm }} -> {{ monstercharmNL }}","{{ effect9amount*100.000000 }}% -> {{ effect9amountnl*100.000000 }}%","{{ e7 }} -> {{ e7NL }}","{{ cooldown }} -> {{ cooldownNL }}","{{ castrange }} -> {{ castrangeNL }}"]},"maxrank":5,"cooldown":[15,14,13,12,11],"cooldownBurn":"15/14/13/12/11","cost":[60,70,80,90,100],"costBurn":"60/70/80/90/100","datavalues":{},"effect":[null,[2,2,2,2,2],[1.25,1.5,1.75,2,2.25],[-0.65,-0.65,-0.65,-0.65,-0.65],[15,14,13,12,11],[5,5,5,5,5],[1.5,1.5,1.5,1.5,1.5],[250,300,350,400,450],[0.75,0.75,0.75,0.75,0.75],[0.35,0.375,0.4,0.425,0.45],[4,4,4,4,4]],"effectBurn":[null,"2","1.25/1.5/1.75/2/2.25","-0.65","15/14/13/12/11","5","1.5","250/300/350/400/450","0.75","0.35/0.375/0.4/0.425/0.45","4"],"vars":[],"costType":" de {{ abilityresourcename }}","maxammo":"-1","range":[1200,1300,1400,1500,1600],"rangeBurn":"1200/1300/1400/1500/1600","image":{"full":"EvelynnW.png","sprite":"spell3.png","group":"spell","x":240,"y":48,"w":48,"h":48},"resource":"{{ cost }} de {{ abilityresourcename }}"},{"id":"EvelynnE","name":"Latigazo","description":"Evelynn ataca a su objetivo con su látigo, lo que inflige daño. Luego, obtiene velocidad de movimiento durante unos momentos.","tooltip":"Evelynn ataca a un enemigo, lo que inflige <magicDamage>{{ basedamage }} más {{ percenthealthbasetooltip }} de su Vida Máxima como daño mágico</magicDamage>. Evelynn obtiene un <speed>{{ speedamount*100 }}% de Velocidad de Movimiento</speed> durante {{ speedduration }} seg.<br /><br />Al entrar a <keywordMajor>Sombra Demoníaca</keywordMajor>, restablece el enfriamiento de esta habilidad y queda potenciada. Cuando esta habilidad está potenciada, Evelynn se desplaza al objetivo e inflige <magicDamage>{{ empowereddamage }} más un {{ percenthealthempoweredtooltip }} de Vida Máxima como daño mágico</magicDamage> al objetivo y a todos los que estén a su paso.{{ spellmodifierdescriptionappend }}","leveltip":{"label":["Daño","Daño potenciado","Costo de @AbilityResourceName@"],"effect":["{{ e1 }} -> {{ e1NL }}","{{ e2 }} -> {{ e2NL }}","{{ cost }} -> {{ costNL }}"]},"maxrank":5,"cooldown":[8,8,8,8,8],"cooldownBurn":"8","cost":[40,45,50,55,60],"costBurn":"40/45/50/55/60","datavalues":{},"effect":[null,[55,70,85,100,115],[75,100,125,150,175],[0.3,0.3,0.3,0.3,0.3],[2,2,2,2,2],[3,3,3,3,3],[4,4,4,4,4],[450,450,450,450,450],[0.8,0.85,0.9,0.95,1],[2,2,2,2,2],[1.3,1.35,1.4,1.45,1.5]],"effectBurn":[null,"55/70/85/100/115","75/100/125/150/175","0.3","2","3","4","450","0.8/0.85/0.9/0.95/1","2","1.3/1.35/1.4/1.45/1.5"],"vars":[],"costType":" de {{ abilityresourcename }}","maxammo":"-1","range":[210,210,210,210,210],"rangeBurn":"210","image":{"full":"EvelynnE.png","sprite":"spell3.png","group":"spell","x":288,"y":48,"w":48,"h":48},"resource":"{{ cost }} de {{ abilityresourcename }}"},{"id":"EvelynnR","name":"Última Caricia","description":"Evelynn se vuelve inalcanzable y diezma la zona frente a ella antes de teletransportarse una larga distancia hacia atrás.","tooltip":"Evelynn libera su energía demoníaca, lo cual inflige una gran cantidad de daño, se vuelve inalcanzable y se teletransporta hacia atrás. Inflige <magicDamage>{{ damage }} de daño mágico</magicDamage>, que aumenta a <magicDamage>{{ critdamage }}</magicDamage> contra enemigos con menos del <healing>30% de Vida</healing>. Tras lanzarse, el enfriamiento de Sombra Demoníaca se establece en 1.25 seg.{{ spellmodifierdescriptionappend }}","leveltip":{"label":["Daño","Daño potenciado","Enfriamiento"],"effect":["{{ e1 }} -> {{ e1NL }}","{{ effect1amount*2.400000 }} -> {{ effect1amountnl*2.400000 }}","{{ cooldown }} -> {{ cooldownNL }}"]},"maxrank":3,"cooldown":[120,100,80],"cooldownBurn":"120/100/80","cost":[100,100,100],"costBurn":"100","datavalues":{},"effect":[null,[125,250,375],[1.4,1.4,1.4],[2.5,2.5,2.5],[150,225,300],[3,3,3],[5,4,3],[0.3,0.3,0.3],[700,700,700],[30,45,60],[0,0,0]],"effectBurn":[null,"125/250/375","1.4","2.5","150/225/300","3","5/4/3","0.3","700","30/45/60","0"],"vars":[],"costType":" de {{ abilityresourcename }}","maxammo":"-1","range":[25000,25000,25000],"rangeBurn":"25000","image":{"full":"EvelynnR.png","sprite":"spell3.png","group":"spell","x":336,"y":48,"w":48,"h":48},"resource":"{{ cost }} de {{ abilityresourcename }}"}],"passive":{"name":"Sombra Demoníaca","description":"Cuando no se encuentra en combate, Evelynn activa Sombra Demoníaca. Sombra Demoníaca cura a Evelynn cuando tiene poca vida y le otorga Camuflaje a partir del nivel 6.","image":{"full":"Evelynn_Passive.png","sprite":"passive0.png","group":"passive","x":432,"y":96,"w":48,"h":48}},"recommended":[]}}}