{"type":"champion","format":"standAloneComplex","version":"14.3.1","data":{"Ezreal":{"id":"Ezreal","key":"81","name":"Ezreal","title":"el Explorador Pródigo","image":{"full":"Ezreal.png","sprite":"champion1.png","group":"champion","x":0,"y":0,"w":48,"h":48},"skins":[{"id":"81000","num":0,"name":"default","chromas":false},{"id":"81001","num":1,"name":"Ezreal de Nottingham","chromas":false},{"id":"81002","num":2,"name":"Ezreal Goleador","chromas":false},{"id":"81003","num":3,"name":"Ezreal Frío","chromas":false},{"id":"81004","num":4,"name":"Ezreal Explorador","chromas":false},{"id":"81005","num":5,"name":"Ezreal Pulso de Fuego","chromas":false},{"id":"81006","num":6,"name":"Ezreal TPA","chromas":false},{"id":"81007","num":7,"name":"Ezreal Gallardo","chromas":true},{"id":"81008","num":8,"name":"Ezreal As de Espadas","chromas":false},{"id":"81009","num":9,"name":"Ezreal de Arcadia","chromas":false},{"id":"81018","num":18,"name":"Ezreal Guardián Estelar","chromas":false},{"id":"81019","num":19,"name":"Ezreal SSG","chromas":false},{"id":"81020","num":20,"name":"Ezreal Pijama Estelar","chromas":false},{"id":"81021","num":21,"name":"Ezreal Academia de Combate","chromas":true},{"id":"81022","num":22,"name":"Ezreal PsyOps","chromas":false},{"id":"81023","num":23,"name":"Ezreal PsyOps Prestigioso","chromas":false},{"id":"81025","num":25,"name":"Ezreal Protector de Porcelana","chromas":false},{"id":"81033","num":33,"name":"Ezreal Corte Feérica","chromas":false},{"id":"81043","num":43,"name":"Ezreal HEARTSTEEL","chromas":false},{"id":"81044","num":44,"name":"Ezreal Reino Celestial","chromas":true},{"id":"81054","num":54,"name":"Ezreal Reino Celestial Prestigioso","chromas":false}],"lore":"Un aventurero deslumbrante, inconscientemente talentoso para las artes mágicas, Ezreal saquea catacumbas hace mucho tiempo perdidas, se enreda en antiguas maldiciones y supera probabilidades aparentemente imposibles con ligereza. Su valentía no conoce límite, pero prefiere improvisar su manera de escapar de cualquier situación, sobre todo confiando en su ingenio, pero más que nada en su místico guantelete shurimano, que usa para desatar impactos arcanos devastadores. Una cosa es cierta: cada vez que Ezreal está cerca, los problemas no demoran en llegar. O incluso se adelantan. Seguramente están en todos lados.","blurb":"Un aventurero deslumbrante, inconscientemente talentoso para las artes mágicas, Ezreal saquea catacumbas hace mucho tiempo perdidas, se enreda en antiguas maldiciones y supera probabilidades aparentemente imposibles con ligereza. Su valentía no conoce...","allytips":["Usa Desplazamiento Arcano para aprovechar tus otros tiros.","Puedes utilizar a Ezreal como acarreador con Daño de Ataque o acarreador con Poder de Habilidad en función de sus mejoras.","Puedes emplear Descarga de Tiros Certeros para atacar a varias oleadas de súbditos o incluso a monstruos."],"enemytips":["Ezreal es un campeón muy frágil, así que lleva el combate hacia él.","Ezreal depende completamente de sus tiros de habilidad, de manera que coloca súbditos entre él y tú.","Disparo Místico aplica efectos de impacto, incluido el Blasón de Cenizas."],"tags":["Marksman","Mage"],"partype":"Maná","info":{"attack":7,"defense":2,"magic":6,"difficulty":7},"stats":{"hp":600,"hpperlevel":102,"mp":375,"mpperlevel":70,"movespeed":325,"armor":24,"armorperlevel":4.7,"spellblock":30,"spellblockperlevel":1.3,"attackrange":550,"hpregen":4,"hpregenperlevel":0.65,"mpregen":8.5,"mpregenperlevel":1,"crit":0,"critperlevel":0,"attackdamage":62,"attackdamageperlevel":2.5,"attackspeedperlevel":2.5,"attackspeed":0.625},"spells":[{"id":"EzrealQ","name":"Disparo Místico","description":"Ezreal dispara un rayo de energía dañino que reduce ligeramente todos sus enfriamientos si impacta a una unidad enemiga.","tooltip":"Ezreal dispara un proyectil de energía que inflige <physicalDamage>{{ damage }} de daño físico</physicalDamage> al primer enemigo alcanzado y reduce el enfriamiento de sus habilidades en {{ cdrefund }} seg.{{ spellmodifierdescriptionappend }}","leveltip":{"label":["Enfriamiento","Costo de @AbilityResourceName@","Daño"],"effect":["{{ cooldown }} -> {{ cooldownNL }}","{{ cost }} -> {{ costNL }}","{{ basedamage }} -> {{ basedamageNL }}"]},"maxrank":5,"cooldown":[5.5,5.25,5,4.75,4.5],"cooldownBurn":"5.5/5.25/5/4.75/4.5","cost":[28,31,34,37,40],"costBurn":"28/31/34/37/40","datavalues":{},"effect":[null,[0,0,0,0,0],[0,0,0,0,0],[0,0,0,0,0],[0,0,0,0,0],[0,0,0,0,0],[0,0,0,0,0],[0,0,0,0,0],[0,0,0,0,0],[0,0,0,0,0],[0,0,0,0,0]],"effectBurn":[null,"0","0","0","0","0","0","0","0","0","0"],"vars":[],"costType":" de {{ abilityresourcename }}","maxammo":"-1","range":[1150,1150,1150,1150,1150],"rangeBurn":"1150","image":{"full":"EzrealQ.png","sprite":"spell3.png","group":"spell","x":384,"y":48,"w":48,"h":48},"resource":"{{ cost }} de {{ abilityresourcename }}"},{"id":"EzrealW","name":"Flujo de Esencia","description":"Ezreal dispara un orbe que se adhiere al primer campeón u objetivo alcanzado. Si Ezreal ataca a un enemigo con el orbe, lo detona e inflige daño.","tooltip":"Ezreal dispara un orbe mágico que se adhiere al primer campeón, estructura o monstruo de la jungla épico alcanzado durante {{ detonationtimeout }} seg. Si Ezreal alcanza a ese objetivo con un ataque o habilidad, este detona, lo que inflige <magicDamage>{{ damage }} de daño mágico</magicDamage>. Detonarlo con una habilidad restaura el costo Maná de esa habilidad más <scaleMana>{{ manareturn }} de Maná</scaleMana>.{{ spellmodifierdescriptionappend }}","leveltip":{"label":["Daño","Tasa de PH total"],"effect":["{{ basedamage }} -> {{ basedamageNL }}","{{ apratio*100.000000 }}% -> {{ aprationl*100.000000 }}%"]},"maxrank":5,"cooldown":[8,8,8,8,8],"cooldownBurn":"8","cost":[50,50,50,50,50],"costBurn":"50","datavalues":{},"effect":[null,[0,0,0,0,0],[0,0,0,0,0],[0,0,0,0,0],[0,0,0,0,0],[0,0,0,0,0],[0,0,0,0,0],[0,0,0,0,0],[0,0,0,0,0],[0,0,0,0,0],[0,0,0,0,0]],"effectBurn":[null,"0","0","0","0","0","0","0","0","0","0"],"vars":[],"costType":" de {{ abilityresourcename }}","maxammo":"-1","range":[1150,1150,1150,1150,1150],"rangeBurn":"1150","image":{"full":"EzrealW.png","sprite":"spell3.png","group":"spell","x":432,"y":48,"w":48,"h":48},"resource":"{{ cost }} de {{ abilityresourcename }}"},{"id":"EzrealE","name":"Desplazamiento Arcano","description":"Ezreal se teletransporta a una ubicación cercana y le dispara un rayo dirigido a la unidad enemiga más cercana. Da prioridad a los enemigos afectados por Flujo de Esencia.","tooltip":"Ezreal se teletransporta y luego dispara un proyectil contra el enemigo más cercano, lo que inflige <magicDamage>{{ damage }} de daño mágico</magicDamage>. El proyectil prioriza a los enemigos afectados por <spellName>Flujo de Esencia</spellName>.{{ spellmodifierdescriptionappend }}","leveltip":{"label":["Enfriamiento","Daño"],"effect":["{{ cooldown }} -> {{ cooldownNL }}","{{ e1 }} -> {{ e1NL }}"]},"maxrank":5,"cooldown":[26,23,20,17,14],"cooldownBurn":"26/23/20/17/14","cost":[70,70,70,70,70],"costBurn":"70","datavalues":{},"effect":[null,[80,130,180,230,280],[0,0,0,0,0],[0,0,0,0,0],[0,0,0,0,0],[0,0,0,0,0],[0,0,0,0,0],[0,0,0,0,0],[0,0,0,0,0],[0,0,0,0,0],[0,0,0,0,0]],"effectBurn":[null,"80/130/180/230/280","0","0","0","0","0","0","0","0","0"],"vars":[],"costType":" de {{ abilityresourcename }}","maxammo":"-1","range":[475,475,475,475,475],"rangeBurn":"475","image":{"full":"EzrealE.png","sprite":"spell3.png","group":"spell","x":0,"y":96,"w":48,"h":48},"resource":"{{ cost }} de {{ abilityresourcename }}"},{"id":"EzrealR","name":"Descarga de Tiros Certeros","description":"Ezreal concentra su poder para lanzar una poderosa ráfaga de energía que inflige daño masivo a todas las unidades a su paso (el daño se reduce para súbditos y monstruos no épicos).","tooltip":"Ezreal dispara un arco de energía masivo que inflige <magicDamage>{{ damage }} de daño mágico</magicDamage>. El arco inflige un {{ damagereductionwaveclear.0*100 }}% de daño a súbditos y monstruos de la jungla no épicos.{{ spellmodifierdescriptionappend }}","leveltip":{"label":["Daño","Enfriamiento"],"effect":["{{ basedamage }} -> {{ basedamageNL }}","{{ cooldown }} -> {{ cooldownNL }}"]},"maxrank":3,"cooldown":[120,105,90],"cooldownBurn":"120/105/90","cost":[100,100,100],"costBurn":"100","datavalues":{},"effect":[null,[0,0,0],[0,0,0],[0,0,0],[0,0,0],[0,0,0],[0,0,0],[0,0,0],[0,0,0],[0,0,0],[0,0,0]],"effectBurn":[null,"0","0","0","0","0","0","0","0","0","0"],"vars":[],"costType":" de {{ abilityresourcename }}","maxammo":"-1","range":[25000,25000,25000],"rangeBurn":"25000","image":{"full":"EzrealR.png","sprite":"spell3.png","group":"spell","x":48,"y":96,"w":48,"h":48},"resource":"{{ cost }} de {{ abilityresourcename }}"}],"passive":{"name":"Fuerza de Hechizo Creciente","description":"Ezreal obtiene velocidad de ataque que aumenta cada vez que acierta uno de sus hechizos. Se acumula hasta 5 veces.","image":{"full":"Ezreal_RisingSpellForce.png","sprite":"passive1.png","group":"passive","x":0,"y":0,"w":48,"h":48}},"recommended":[]}}}