{"type":"champion","format":"standAloneComplex","version":"14.3.1","data":{"Fiddlesticks":{"id":"Fiddlesticks","key":"9","name":"Fiddlesticks","title":"el Terror Ancestral","image":{"full":"Fiddlesticks.png","sprite":"champion1.png","group":"champion","x":48,"y":0,"w":48,"h":48},"skins":[{"id":"9000","num":0,"name":"default","chromas":false},{"id":"9001","num":1,"name":"Espectro de Fiddlesticks","chromas":false},{"id":"9002","num":2,"name":"Fiddlesticks Union Jack","chromas":false},{"id":"9003","num":3,"name":"Fidel Pistolero","chromas":true},{"id":"9004","num":4,"name":"Fiddle Cabeza de Calabaza","chromas":false},{"id":"9005","num":5,"name":"Por las Barbas de Fiddlesticks","chromas":false},{"id":"9006","num":6,"name":"Fiddlesticks Fiesta Sorpresa","chromas":true},{"id":"9007","num":7,"name":"Fiddlesticks Dulciniestro","chromas":false},{"id":"9008","num":8,"name":"Fiddlesticks Resucitado","chromas":false},{"id":"9009","num":9,"name":"Fiddlesticks Pretoriano","chromas":true},{"id":"9027","num":27,"name":"Fiddlesticks Némesis Estelar","chromas":true}],"lore":"Algo ha despertado en Runaterra. Algo ancestral. Algo terrible. El horror eterno conocido como Fiddlesticks acecha los bordes de la sociedad mortal, atraído por los espacios en donde la paranoia abunda, en los que se alimenta de sus aterradas víctimas. Acompañado de una guadaña dentada, la criatura demacrada y burda siega el miedo mismo y reduce a añicos las mentes de los desafortunados sobrevivientes tras su paso. Cuidado con el graznido del cuervo o con el suspiro de la forma que parece ser casi humana: Fiddlesticks ha vuelto.","blurb":"Algo ha despertado en Runaterra. Algo ancestral. Algo terrible. El horror eterno conocido como Fiddlesticks acecha los bordes de la sociedad mortal, atraído por los espacios en donde la paranoia abunda, en los que se alimenta de sus aterradas víctimas...","allytips":[],"enemytips":[],"tags":["Mage","Support"],"partype":"Maná","info":{"attack":2,"defense":3,"magic":9,"difficulty":9},"stats":{"hp":650,"hpperlevel":106,"mp":500,"mpperlevel":28,"movespeed":335,"armor":34,"armorperlevel":4.7,"spellblock":30,"spellblockperlevel":1.3,"attackrange":480,"hpregen":5.5,"hpregenperlevel":0.6,"mpregen":8,"mpregenperlevel":0.8,"crit":0,"critperlevel":0,"attackdamage":55,"attackdamageperlevel":2.65,"attackspeedperlevel":2.11,"attackspeed":0.625},"spells":[{"id":"FiddleSticksQ","name":"Aterrorizar","description":"Si Fiddlesticks inflige daño a un enemigo con hechizos mientras no está en el campo de visión o utiliza Aterrorizar sobre un enemigo, provocará terror a una unidad objetivo, lo que la hará huir aterrorizada durante un tiempo.","tooltip":"<spellPassive>Pasiva:</spellPassive> Mientras esté fuera del campo de visión y de combate o haciéndose pasar por una <keywordMajor>Efigie</keywordMajor>, infligir daño a un enemigo con una habilidad lo <status>aterrorizará</status> durante {{ fearduration }} seg.<br /><br /><spellActive>Activa:</spellActive> <status>Aterroriza</status> a un enemigo durante {{ fearduration }} seg y le inflige un <magicDamage>{{ totalpercenthealthdamage }} de la Vida actual como daño mágico</magicDamage>. Si el objetivo fue <status>aterrorizado</status> recientemente por Fiddlesticks, le inflige un <magicDamage>{{ totalpercenthealthdamagefeared }} de la Vida actual como daño mágico</magicDamage>.<br />{{ spellmodifierdescriptionappend }}","leveltip":{"label":["Duración","Enfriamiento","% de Vida actual"],"effect":["{{ fearduration }} -> {{ feardurationNL }}","{{ cooldown }} -> {{ cooldownNL }}","{{ maxhealthdamage*100.000000 }}% -> {{ maxhealthdamagenl*100.000000 }}%"]},"maxrank":5,"cooldown":[15,14.5,14,13.5,13],"cooldownBurn":"15/14.5/14/13.5/13","cost":[65,65,65,65,65],"costBurn":"65","datavalues":{},"effect":[null,[0,0,0,0,0],[0,0,0,0,0],[0,0,0,0,0],[0,0,0,0,0],[0,0,0,0,0],[0,0,0,0,0],[0,0,0,0,0],[0,0,0,0,0],[0,0,0,0,0],[0,0,0,0,0]],"effectBurn":[null,"0","0","0","0","0","0","0","0","0","0"],"vars":[],"costType":" de {{ abilityresourcename }}","maxammo":"-1","range":[575,575,575,575,575],"rangeBurn":"575","image":{"full":"FiddleSticksQ.png","sprite":"spell3.png","group":"spell","x":96,"y":96,"w":48,"h":48},"resource":"{{ cost }} de {{ abilityresourcename }}"},{"id":"FiddleSticksW","name":"Extracción Abundante","description":"Fiddlesticks drena la vida de los enemigos cercanos, lo que inflige daño de ejecución adicional al final de la duración.","tooltip":"Fiddlesticks canaliza y drena el alma de los enemigos cercanos, lo que inflige <magicDamage>{{ draindamagecalc }} de daño mágico</magicDamage> por seg a lo largo de 2 seg e inflige un <magicDamage>{{ percentfortooltip }}% de su Vida faltante como daño mágico</magicDamage> al final. Fiddlesticks restaura un <healing>{{ vamppercentage }}% de daño como vida</healing>.<br /><br />Si Fiddlesticks finaliza la canalización sin interrupciones, el enfriamiento restante se reduce en un 60%.<br />{{ spellmodifierdescriptionappend }}","leveltip":{"label":["Daño por segundo","Porcentaje curado","Enfriamiento"],"effect":["{{ damagepersecond }} -> {{ damagepersecondNL }}","{{ vamppercentage }}% -> {{ vamppercentageNL }}%","{{ cooldown }} -> {{ cooldownNL }}"]},"maxrank":5,"cooldown":[10,9.5,9,8.5,8],"cooldownBurn":"10/9.5/9/8.5/8","cost":[60,65,70,75,80],"costBurn":"60/65/70/75/80","datavalues":{},"effect":[null,[0,0,0,0,0],[0,0,0,0,0],[0,0,0,0,0],[0,0,0,0,0],[0,0,0,0,0],[0,0,0,0,0],[0,0,0,0,0],[0,0,0,0,0],[0,0,0,0,0],[0,0,0,0,0]],"effectBurn":[null,"0","0","0","0","0","0","0","0","0","0"],"vars":[],"costType":" de {{ abilityresourcename }}","maxammo":"-1","range":[650,650,650,650,650],"rangeBurn":"650","image":{"full":"FiddleSticksW.png","sprite":"spell3.png","group":"spell","x":144,"y":96,"w":48,"h":48},"resource":"{{ cost }} de {{ abilityresourcename }}"},{"id":"FiddleSticksE","name":"Cosechar","description":"Fiddlesticks hace un corte en un área con su guadaña, lo que ralentiza a todos los enemigos alcanzados y silencia a los que estén en el centro del corte.","tooltip":"Fiddlesticks lanza magia oscura, lo que inflige <magicDamage>{{ damage }} de daño mágico</magicDamage> y <status>ralentiza</status> un {{ slowamount*-100 }}% durante {{ silenceduration }} seg. Además, los enemigos en el centro quedan <status>silenciados</status> durante el efecto.{{ spellmodifierdescriptionappend }}","leveltip":{"label":["Daño","Ralentización","Enfriamiento","Costo de @AbilityResourceName@"],"effect":["{{ basedamage }} -> {{ basedamageNL }}","{{ slowamount*-100.000000 }}% -> {{ slowamountnl*-100.000000 }}%","{{ cooldown }} -> {{ cooldownNL }}","{{ cost }} -> {{ costNL }}"]},"maxrank":5,"cooldown":[10,9,8,7,6],"cooldownBurn":"10/9/8/7/6","cost":[40,45,50,55,60],"costBurn":"40/45/50/55/60","datavalues":{},"effect":[null,[0,0,0,0,0],[0,0,0,0,0],[0,0,0,0,0],[0,0,0,0,0],[0,0,0,0,0],[0,0,0,0,0],[0,0,0,0,0],[0,0,0,0,0],[0,0,0,0,0],[0,0,0,0,0]],"effectBurn":[null,"0","0","0","0","0","0","0","0","0","0"],"vars":[],"costType":" de {{ abilityresourcename }}","maxammo":"-1","range":[850,850,850,850,850],"rangeBurn":"850","image":{"full":"FiddleSticksE.png","sprite":"spell3.png","group":"spell","x":192,"y":96,"w":48,"h":48},"resource":"{{ cost }} de {{ abilityresourcename }}"},{"id":"FiddleSticksR","name":"Tormenta de Cuervos","description":"Una bandada de cuervos vuela salvajemente alrededor de Fiddlesticks. La bandada inflige daño por segundo a todas las unidades enemigas que estén en el área.","tooltip":"Fiddlesticks canaliza por {{ channeltime }} seg, luego se teletransporta y suelta una parvada de cuervos, lo que inflige <magicDamage>{{ totaldamage }} de daño mágico</magicDamage> a lo largo de {{ duration }} seg.{{ spellmodifierdescriptionappend }}","leveltip":{"label":["Daño por segundo","Enfriamiento"],"effect":["{{ damagepersecond }} -> {{ damagepersecondNL }}","{{ cooldown }} -> {{ cooldownNL }}"]},"maxrank":3,"cooldown":[140,110,80],"cooldownBurn":"140/110/80","cost":[100,100,100],"costBurn":"100","datavalues":{},"effect":[null,[125,225,325],[5,5,5],[1.5,1.5,1.5],[0,0,0],[0,0,0],[0,0,0],[0,0,0],[0,0,0],[0,0,0],[0,0,0]],"effectBurn":[null,"125/225/325","5","1.5","0","0","0","0","0","0","0"],"vars":[],"costType":" de {{ abilityresourcename }}","maxammo":"-1","range":[800,800,800],"rangeBurn":"800","image":{"full":"FiddleSticksR.png","sprite":"spell3.png","group":"spell","x":240,"y":96,"w":48,"h":48},"resource":"{{ cost }} de {{ abilityresourcename }}"}],"passive":{"name":"Un Espantapájaros Inofensivo","description":"Las Efigies de Espantapájaros reemplazan la baratija de Fiddlesticks.","image":{"full":"FiddlesticksP.png","sprite":"passive1.png","group":"passive","x":48,"y":0,"w":48,"h":48}},"recommended":[]}}}