{"type":"champion","format":"standAloneComplex","version":"14.3.1","data":{"Fiora":{"id":"Fiora","key":"114","name":"Fiora","title":"la Gran Duelista","image":{"full":"Fiora.png","sprite":"champion1.png","group":"champion","x":96,"y":0,"w":48,"h":48},"skins":[{"id":"114000","num":0,"name":"default","chromas":false},{"id":"114001","num":1,"name":"Fiora Guardia Real","chromas":false},{"id":"114002","num":2,"name":"Fiora Cuervo de la Noche","chromas":false},{"id":"114003","num":3,"name":"Directora Fiora","chromas":true},{"id":"114004","num":4,"name":"PROYECTO: Fiora","chromas":true},{"id":"114005","num":5,"name":"Fiora Veraniega","chromas":true},{"id":"114022","num":22,"name":"Fiora Espada Creciente","chromas":false},{"id":"114023","num":23,"name":"Fiora Rompecorazones","chromas":true},{"id":"114031","num":31,"name":"Fiora Invictus Gaming","chromas":true},{"id":"114041","num":41,"name":"Fiora Pulso de Fuego","chromas":false},{"id":"114050","num":50,"name":"Fiora Bestia Lunar","chromas":false},{"id":"114051","num":51,"name":"Fiora Bestia Lunar Prestigiosa","chromas":false},{"id":"114060","num":60,"name":"Fiora Embrujada","chromas":false},{"id":"114069","num":69,"name":"Fiora Corte Feérica","chromas":true},{"id":"114080","num":80,"name":"Fiora Dracomante","chromas":false}],"lore":"Fiora, la duelista más temida de Valoran, se hizo famosa por sus modales bruscos y su astucia, además de la rapidez y destreza con la que maneja su florete. Nacida en el seno de la Casa Laurent de Demacia, tomó el control de la familia de su padre en medio de un escándalo que casi los destruye. La reputación de la Casa Laurent quedó desquebrajada, pero Fiora pone todo su empeño para restaurar el honor de su familia y devolverla al lugar donde corresponde: en lo más alto de Demacia.","blurb":"Fiora, la duelista más temida de Valoran, se hizo famosa por sus modales bruscos y su astucia, además de la rapidez y destreza con la que maneja su florete. Nacida en el seno de la Casa Laurent de Demacia, tomó el control de la familia de su padre en...","allytips":["Fiora es perfecta para los intercambios rápidos gracias a Baile de Duelista. Usa la velocidad de movimiento adicional obtenida al golpear en un punto vital para salir ileso o preparar el siguiente ataque.","Gran Duelo permite a Fiora acabar hasta con los enemigos más resistentes y luego recobrarse, así que no dudes en atacar la primera línea."],"enemytips":["Baile de Duelista indica dónde intentará atacar Fiora, así que prepárate para responder cuando lo haga.","Cuidado al lanzar efectos de inmovilización contra Fiora. Si tiene Estocada disponible, podría volverlos contra ti."],"tags":["Fighter","Assassin"],"partype":"Maná","info":{"attack":10,"defense":4,"magic":2,"difficulty":3},"stats":{"hp":620,"hpperlevel":99,"mp":300,"mpperlevel":60,"movespeed":345,"armor":33,"armorperlevel":4.7,"spellblock":32,"spellblockperlevel":2.05,"attackrange":150,"hpregen":8.5,"hpregenperlevel":0.55,"mpregen":8,"mpregenperlevel":0.7,"crit":0,"critperlevel":0,"attackdamage":68,"attackdamageperlevel":3.3,"attackspeedperlevel":3.2,"attackspeed":0.69},"spells":[{"id":"FioraQ","name":"Embestida","description":"Fiora se abalanza hacia un punto y asesta una estocada a un enemigo cercano, infligiendo daño y aplica efectos de impacto.","tooltip":"Fiora se desplaza en una dirección y apuñala al enemigo, centinela o estructura más cercanos, lo que inflige <physicalDamage>{{ totaldamage }} de daño físico</physicalDamage>. El ataque dará prioridad a los <keywordMajor>Puntos vitales</keywordMajor> y a los enemigos que pueda matar.<br /><br />Si Fiora impacta a un enemigo, el enfriamiento de esta habilidad se reduce en un {{ cdrefundpercent*100 }}%.{{ spellmodifierdescriptionappend }}","leveltip":{"label":["Daño","Tasa de DA adicional","Enfriamiento","Costo de @AbilityResourceName@"],"effect":["{{ damage }} -> {{ damageNL }}","{{ badratio*100.000000 }}% -> {{ badrationl*100.000000 }}%","{{ cooldown }} -> {{ cooldownNL }}","{{ cost }} -> {{ costNL }}"]},"maxrank":5,"cooldown":[13,11.25,9.5,7.75,6],"cooldownBurn":"13/11.25/9.5/7.75/6","cost":[20,25,30,35,40],"costBurn":"20/25/30/35/40","datavalues":{},"effect":[null,[0,0,0,0,0],[0,0,0,0,0],[0,0,0,0,0],[0,0,0,0,0],[0,0,0,0,0],[0,0,0,0,0],[0,0,0,0,0],[0,0,0,0,0],[0,0,0,0,0],[0,0,0,0,0]],"effectBurn":[null,"0","0","0","0","0","0","0","0","0","0"],"vars":[],"costType":" de {{ abilityresourcename }}","maxammo":"-1","range":[400,400,400,400,400],"rangeBurn":"400","image":{"full":"FioraQ.png","sprite":"spell3.png","group":"spell","x":288,"y":96,"w":48,"h":48},"resource":"{{ cost }} de {{ abilityresourcename }}"},{"id":"FioraW","name":"Estocada","description":"Fiora bloquea todo el daño y los efectos de inhabilitación durante un breve periodo y luego golpea en una dirección. La estocada ralentiza al primer campeón enemigo alcanzado o lo aturde si Fiora bloqueó un efecto de inmovilización con la habilidad.","tooltip":"Fiora esquiva todo el daño, efectos de incapacitación y negativos que reciba por {{ parryduration }} seg y luego ataca con su espada. La estocada inflige <magicDamage>{{ stabdamage }} de daño mágico</magicDamage> al primer campeón impactado y <status>ralentiza</status> la <speed>velocidad de movimiento</speed> y la <attackSpeed>velocidad de ataque en un {{ asmsslowpercent*-100 }}%</attackSpeed> por {{ ccduration }} seg. Si Fiora esquiva un efecto <status>inmovilizante</status>, el enemigo apuñalado queda <status>aturdido</status> en lugar de quedar <status>ralentizado</status>.{{ spellmodifierdescriptionappend }}","leveltip":{"label":["Daño","Enfriamiento"],"effect":["{{ basedamage }} -> {{ basedamageNL }}","{{ cooldown }} -> {{ cooldownNL }}"]},"maxrank":5,"cooldown":[24,22,20,18,16],"cooldownBurn":"24/22/20/18/16","cost":[50,50,50,50,50],"costBurn":"50","datavalues":{},"effect":[null,[0,0,0,0,0],[0,0,0,0,0],[0,0,0,0,0],[0,0,0,0,0],[0,0,0,0,0],[0,0,0,0,0],[0,0,0,0,0],[0,0,0,0,0],[0,0,0,0,0],[0,0,0,0,0]],"effectBurn":[null,"0","0","0","0","0","0","0","0","0","0"],"vars":[],"costType":" de {{ abilityresourcename }}","maxammo":"-1","range":[750,750,750,750,750],"rangeBurn":"750","image":{"full":"FioraW.png","sprite":"spell3.png","group":"spell","x":336,"y":96,"w":48,"h":48},"resource":"{{ cost }} de {{ abilityresourcename }}"},{"id":"FioraE","name":"Esgrima","description":"Fiora cuenta con velocidad de ataque adicional durante dos ataques. El primero ralentiza al objetivo y el segundo asesta un golpe crítico.","tooltip":"Fiora obtiene un <attackSpeed>{{ aspercent*100 }}% de Velocidad de Ataque</attackSpeed> para sus siguientes dos ataques. El primer ataque <status>ralentiza</status> en un {{ slowpercent*-100 }}% durante {{ slowduration }} seg. El segundo ataque siempre infligirá golpes críticos por un <physicalDamage>{{ attacktwopercenttad*100 }}% de daño</physicalDamage>.{{ spellmodifierdescriptionappend }}","leveltip":{"label":["Daño de Golpe Crítico","Enfriamiento","Velocidad de ataque"],"effect":["{{ attacktwopercenttad*100.000000 }}% -> {{ attacktwopercenttadnl*100.000000 }}%","{{ cooldown }} -> {{ cooldownNL }}","{{ aspercent*100.000000 }}% -> {{ aspercentnl*100.000000 }}%"]},"maxrank":5,"cooldown":[11,10,9,8,7],"cooldownBurn":"11/10/9/8/7","cost":[40,40,40,40,40],"costBurn":"40","datavalues":{},"effect":[null,[0,0,0,0,0],[0,0,0,0,0],[0,0,0,0,0],[0,0,0,0,0],[0,0,0,0,0],[0,0,0,0,0],[0,0,0,0,0],[0,0,0,0,0],[0,0,0,0,0],[0,0,0,0,0]],"effectBurn":[null,"0","0","0","0","0","0","0","0","0","0"],"vars":[],"costType":" de {{ abilityresourcename }}","maxammo":"-1","range":[425,425,425,425,425],"rangeBurn":"425","image":{"full":"FioraE.png","sprite":"spell3.png","group":"spell","x":384,"y":96,"w":48,"h":48},"resource":"{{ cost }} de {{ abilityresourcename }}"},{"id":"FioraR","name":"Gran Duelo","description":"Fiora revela los cuatro Puntos vitales de un campeón enemigo y obtiene velocidad de movimiento al estar cerca de él. Si Fiora impacta los cuatro Puntos vitales o si el objetivo muere después de que haya impactado al menos uno, Fiora y sus aliados en el área se curan durante algunos segundos.","tooltip":"<spellPassive>Pasiva:</spellPassive> La <speed>Velocidad de Movimiento</speed> adicional de <spellName>Baile de Duelista</spellName> aumenta un {{ percentms*100 }}%.<br /><br /><spellActive>Activa:</spellActive> Fiora revela los cuatro <keywordMajor>Puntos vitales</keywordMajor> de un campeón para infligir un máximo de <trueDamage>{{ spell.fiorapassive:rdamagetotal }} de su Vida Máxima como daño verdadero</trueDamage> y obtiene <speed>Velocidad de Movimiento</speed> adicional de <spellName>Baile de Duelista</spellName> al estar cerca del objetivo.<br /><br />Si Fiora impacta los cuatro <keywordMajor>puntos vitales</keywordMajor> en los {{ markduration }} seg siguientes o si el objetivo muere después de que haya impactado al menos uno, Fiora restaura <healing>{{ healpersecondcalc }} de Vida por seg</healing> a los campeones aliados circundantes de {{ minhealduration }} a {{ healduration }} seg, lo cual aumenta según la cantidad de <keywordMajor>Puntos vitales</keywordMajor> impactados.{{ spellmodifierdescriptionappend }}","leveltip":{"label":["Enfriamiento","Velocidad de movimiento de Baile de Duelista","Curación por segundo"],"effect":["{{ cooldown }} -> {{ cooldownNL }}","{{ percentms*100.000000 }}% -> {{ percentmsnl*100.000000 }}%","{{ healpersecond }} -> {{ healpersecondNL }}"]},"maxrank":3,"cooldown":[110,90,70],"cooldownBurn":"110/90/70","cost":[100,100,100],"costBurn":"100","datavalues":{},"effect":[null,[0,0,0],[0,0,0],[0,0,0],[0,0,0],[0,0,0],[0,0,0],[0,0,0],[0,0,0],[0,0,0],[0,0,0]],"effectBurn":[null,"0","0","0","0","0","0","0","0","0","0"],"vars":[],"costType":" de {{ abilityresourcename }}","maxammo":"-1","range":[500,500,500],"rangeBurn":"500","image":{"full":"FioraR.png","sprite":"spell3.png","group":"spell","x":432,"y":96,"w":48,"h":48},"resource":"{{ cost }} de {{ abilityresourcename }}"}],"passive":{"name":"Baile de Duelista","description":"Fiora reveló un <keywordMajor>Punto vital</keywordMajor> de este campeón Si impacta el <keywordMajor>Punto vital</keywordMajor>, <healing>recupera vida</healing> y obtiene <speed>velocidad de movimiento</speed>.","image":{"full":"Fiora_P.png","sprite":"passive1.png","group":"passive","x":96,"y":0,"w":48,"h":48}},"recommended":[]}}}