{"type":"champion","format":"standAloneComplex","version":"14.3.1","data":{"Fizz":{"id":"Fizz","key":"105","name":"Fizz","title":"el Bromista de las Mareas","image":{"full":"Fizz.png","sprite":"champion1.png","group":"champion","x":144,"y":0,"w":48,"h":48},"skins":[{"id":"105000","num":0,"name":"default","chromas":true},{"id":"105001","num":1,"name":"Fizz Atlante","chromas":false},{"id":"105002","num":2,"name":"Fizz de la Tundra","chromas":false},{"id":"105003","num":3,"name":"Fizz Pescador","chromas":false},{"id":"105004","num":4,"name":"Fizz del Vacío","chromas":false},{"id":"105008","num":8,"name":"Fizz Colita de Algodón","chromas":false},{"id":"105009","num":9,"name":"Fizz Supergaláctico","chromas":false},{"id":"105010","num":10,"name":"Fizz Escuadrón Omega","chromas":true},{"id":"105014","num":14,"name":"Fizz Perrito","chromas":false},{"id":"105015","num":15,"name":"Fizz Perrito Prestigioso","chromas":false},{"id":"105016","num":16,"name":"Fizz Pequeño Demonio","chromas":true},{"id":"105025","num":25,"name":"Fizz Perrito Prestigioso (2022)","chromas":false},{"id":"105026","num":26,"name":"AstroFizz","chromas":true}],"lore":"Fizz es un yordle anfibio que habita en los arrecifes alrededor de Aguasturbias. A menudo recupera y regresa las monedas lanzadas al mar por capitanes supersticiosos, pero hasta los más escépticos marinos saben que no deben contrariarlo; hay muchas historias de aquellos que subestimaron a este escurridizo personaje. Fizz, a veces confundido con un caprichoso espíritu del océano, comanda la enorme y carnívora bestia de las profundidades, y le gusta confundir a sus aliados y enemigos por igual.","blurb":"Fizz es un yordle anfibio que habita en los arrecifes alrededor de Aguasturbias. A menudo recupera y regresa las monedas lanzadas al mar por capitanes supersticiosos, pero hasta los más escépticos marinos saben que no deben contrariarlo; hay muchas...","allytips":["Como Fizz puede atravesar unidades, encuentra oportunidades en el carril para caminar entre los súbditos y aplicar la pasiva del Tridente Piedramar, seguido del efecto activo de la habilidad tras unos segundos.","Puedes apuntar la definitiva de Fizz, Carnada para Tiburones, hacia el enemigo o hacia la dirección que crees que irá.","Los hechizos de Fizz aumentan con el Poder de Habilidad, así que considera comprar objetos como el Reloj de Arena de Zhonya o Velo de la Banshee contra equipos que tengan potencial de daño de ráfaga, y objetos como la Maldición del Liche y el Sombrero Mortífero de Rabadon si crees poder sobrevivir sin la Vida adicional."],"enemytips":["Los ataques de Fizz se vuelven más letales durante algunos segundos después de usar su ataque potenciado. ¡Aléjate mientras su tridente está iluminado!","Fizz se vuelve un objetivo escurridizo cuando sus habilidades no están en enfriamiento. ¡Oblígalo a usarlas al inicio y remátalo con control de masas y ataques potentes!"],"tags":["Assassin","Fighter"],"partype":"Maná","info":{"attack":6,"defense":4,"magic":7,"difficulty":6},"stats":{"hp":640,"hpperlevel":106,"mp":317,"mpperlevel":52,"movespeed":335,"armor":22,"armorperlevel":4.6,"spellblock":32,"spellblockperlevel":2.05,"attackrange":175,"hpregen":8,"hpregenperlevel":0.7,"mpregen":6,"mpregenperlevel":0.8,"crit":0,"critperlevel":0,"attackdamage":58,"attackdamageperlevel":3,"attackspeedperlevel":3.1,"attackspeed":0.658},"spells":[{"id":"FizzQ","name":"Golpe Travierizo","description":"Fizz atraviesa a su objetivo, le inflige daño mágico y aplica efectos al impacto.","tooltip":"Fizz atraviesa a un enemigo, lo que inflige <physicalDamage>{{ totaldamage }} de daño físico</physicalDamage> más <magicDamage>{{ qdamage }} de daño mágico</magicDamage>.{{ spellmodifierdescriptionappend }}","leveltip":{"label":["Daño","Enfriamiento"],"effect":["{{ e1 }} -> {{ e1NL }}","{{ cooldown }} -> {{ cooldownNL }}"]},"maxrank":5,"cooldown":[8,7.5,7,6.5,6],"cooldownBurn":"8/7.5/7/6.5/6","cost":[50,50,50,50,50],"costBurn":"50","datavalues":{},"effect":[null,[10,25,40,55,70],[0,0,0,0,0],[650,750,850,950,1050],[1.5,1.5,1.5,1.5,1.5],[600,600,600,600,600],[1,1,1,1,1],[0.35,0.35,0.35,0.35,0.35],[40,40,40,40,40],[0,0,0,0,0],[0,0,0,0,0]],"effectBurn":[null,"10/25/40/55/70","0","650/750/850/950/1050","1.5","600","1","0.35","40","0","0"],"vars":[],"costType":" de {{ abilityresourcename }}","maxammo":"-1","range":[550,550,550,550,550],"rangeBurn":"550","image":{"full":"FizzQ.png","sprite":"spell3.png","group":"spell","x":0,"y":144,"w":48,"h":48},"resource":"{{ cost }} de {{ abilityresourcename }}"},{"id":"FizzW","name":"Tridente Piedramar","description":"Los ataques de Fizz hacen sangrar a sus enemigos y les infligen daño mágico durante varios segundos. Fizz puede potenciar su siguiente ataque para que inflija daño adicional y dejar potenciados sus siguientes ataques durante un breve periodo.","tooltip":"<spellPassive>Pasiva</spellPassive>: Los ataques de Fizz hacen sangrar a sus enemigos y les infligen <magicDamage>{{ dotdamage }} de daño mágico</magicDamage> durante {{ bleedduration }} seg. <br /><br /><spellActive>Activa</spellActive>: El próximo ataque de Fizz inflige <magicDamage>{{ activedamage }} de daño mágico adicional</magicDamage>. Si este ataque mata a su objetivo, Fizz recupera <scaleMana>{{ onkillmanarefund }} de Maná</scaleMana> y reduce el enfriamiento de esta habilidad a {{ onkillnewcooldown }} seg. Si el ataque no lo mata, los ataques de Fizz infligen <magicDamage>{{ onhitbuffdamage }} de daño mágico</magicDamage> adicional durante {{ onhitbuffduration }} seg.{{ spellmodifierdescriptionappend }}","leveltip":{"label":["Daño pasivo","Daño de la activa","Daño al impacto","Restauración de maná","Costo de @AbilityResourceName@","Enfriamiento"],"effect":["{{ dotbasedamage }} -> {{ dotbasedamageNL }}","{{ activebasedamage }} -> {{ activebasedamageNL }}","{{ onhitbuffbasedamage }} -> {{ onhitbuffbasedamageNL }}","{{ onkillmanarefund }} -> {{ onkillmanarefundNL }}","{{ cost }} -> {{ costNL }}","{{ cooldown }} -> {{ cooldownNL }}"]},"maxrank":5,"cooldown":[7,6.5,6,5.5,5],"cooldownBurn":"7/6.5/6/5.5/5","cost":[30,40,50,60,70],"costBurn":"30/40/50/60/70","datavalues":{},"effect":[null,[0,0,0,0,0],[0,0,0,0,0],[0,0,0,0,0],[0,0,0,0,0],[0,0,0,0,0],[0,0,0,0,0],[0,0,0,0,0],[0,0,0,0,0],[0,0,0,0,0],[0,0,0,0,0]],"effectBurn":[null,"0","0","0","0","0","0","0","0","0","0"],"vars":[],"costType":" de {{ abilityresourcename }}","maxammo":"-1","range":[600,600,600,600,600],"rangeBurn":"600","image":{"full":"FizzW.png","sprite":"spell3.png","group":"spell","x":48,"y":144,"w":48,"h":48},"resource":"{{ cost }} de {{ abilityresourcename }}"},{"id":"FizzE","name":"Juguetón / Bromista","description":"Fizz salta y aterriza con gracia sobre su lanza, lo que lo vuelve inalcanzable. Desde esta posición, Fizz puede golpear el piso o volver a saltar antes de caer con fuerza.","tooltip":"Fizz salta sobre su tridente, se vuelve inalcanzable por 0.75 seg y luego inflige <magicDamage>{{ edamage }} de daño mágico</magicDamage> a los enemigos cercanos y los <status>ralentiza</status> un {{ slowamount*100 }}% por {{ slowduration }} seg. <br /><br />Fizz puede <recast>volver a lanzar</recast> esta habilidad al ser inalcanzable para desplazarse de nuevo, lo que terminará el efecto antes, infligirá daño en un área más pequeña y ya no <status>ralentizará</status>.{{ spellmodifierdescriptionappend }}","leveltip":{"label":["Enfriamiento","Costo de @AbilityResourceName@","Daño","Ralentización"],"effect":["{{ cooldown }} -> {{ cooldownNL }}","{{ cost }} -> {{ costNL }}","{{ basedamage }} -> {{ basedamageNL }}","{{ slowamount*100.000000 }}% -> {{ slowamountnl*100.000000 }}%"]},"maxrank":5,"cooldown":[16,14,12,10,8],"cooldownBurn":"16/14/12/10/8","cost":[75,80,85,90,95],"costBurn":"75/80/85/90/95","datavalues":{},"effect":[null,[0,0,0,0,0],[0,0,0,0,0],[0,0,0,0,0],[0,0,0,0,0],[0,0,0,0,0],[0,0,0,0,0],[0,0,0,0,0],[0,0,0,0,0],[0,0,0,0,0],[0,0,0,0,0]],"effectBurn":[null,"0","0","0","0","0","0","0","0","0","0"],"vars":[],"costType":" de {{ abilityresourcename }}","maxammo":"-1","range":[400,400,400,400,400],"rangeBurn":"400","image":{"full":"FizzE.png","sprite":"spell3.png","group":"spell","x":96,"y":144,"w":48,"h":48},"resource":"{{ cost }} de {{ abilityresourcename }}"},{"id":"FizzR","name":"Carnada para Tiburones","description":"Fizz arroja un pez que se adhiere y ralentiza a cualquier campeón que lo toca. Después de un momento, un tiburón surge del suelo, lo que levanta al objetivo y a cualquier enemigo cercano. Todos los enemigos alcanzados recibirán daño mágico y quedarán ralentizados.","tooltip":"Fizz arroja un pez que se adhiere al primer campeón enemigo alcanzado. El objetivo queda bajo el efecto de <keywordStealth>Visión Verdadera</keywordStealth> y <status>ralentizado</status> del 40% al 80% según la distancia que recorrió el pez antes de adherirse. <br /><br />Tras {{ detonationtime }} seg, un tiburón surge del suelo contra el objetivo, lo que lo <status>lanza por el aire</status> con el pez durante 1 seg, <status>lanza hacia atrás</status> a todas las demás unidades e inflige de <magicDamage>{{ smallsharkdamage }} a {{ bigsharkdamage }} de daño mágico</magicDamage> según la distancia que recorrió el pez antes de adherirse.{{ spellmodifierdescriptionappend }}","leveltip":{"label":["Enfriamiento","Daño de Tiburón Pequeño","Daño de Tiburón Mediano","Daño de Tiburón Grande"],"effect":["{{ cooldown }} -> {{ cooldownNL }}","{{ smalldamage }} -> {{ smalldamageNL }}","{{ middamage }} -> {{ middamageNL }}","{{ bigdamage }} -> {{ bigdamageNL }}"]},"maxrank":3,"cooldown":[100,85,70],"cooldownBurn":"100/85/70","cost":[100,100,100],"costBurn":"100","datavalues":{},"effect":[null,[0,0,0],[0,0,0],[0,0,0],[0,0,0],[0,0,0],[0,0,0],[0,0,0],[0,0,0],[0,0,0],[0,0,0]],"effectBurn":[null,"0","0","0","0","0","0","0","0","0","0"],"vars":[],"costType":" de {{ abilityresourcename }}","maxammo":"-1","range":[1300,1300,1300],"rangeBurn":"1300","image":{"full":"FizzR.png","sprite":"spell3.png","group":"spell","x":144,"y":144,"w":48,"h":48},"resource":"{{ cost }} de {{ abilityresourcename }}"}],"passive":{"name":"Luchador Veloz","description":"Fizz puede moverse a través de las unidades y recibe una cantidad fija de daño reducido de todas las fuentes.","image":{"full":"Fizz_P.png","sprite":"passive1.png","group":"passive","x":144,"y":0,"w":48,"h":48}},"recommended":[]}}}