{"type":"champion","format":"standAloneComplex","version":"14.3.1","data":{"Galio":{"id":"Galio","key":"3","name":"Galio","title":"el Coloso","image":{"full":"Galio.png","sprite":"champion1.png","group":"champion","x":192,"y":0,"w":48,"h":48},"skins":[{"id":"3000","num":0,"name":"default","chromas":false},{"id":"3001","num":1,"name":"Galio Embrujado","chromas":false},{"id":"3002","num":2,"name":"Galio Hextech","chromas":false},{"id":"3003","num":3,"name":"Galio Comando","chromas":false},{"id":"3004","num":4,"name":"Galio Cancerbero","chromas":false},{"id":"3005","num":5,"name":"Galio Gallardo","chromas":false},{"id":"3006","num":6,"name":"Kikiri Galio","chromas":true},{"id":"3013","num":13,"name":"Galio Infernal","chromas":true},{"id":"3019","num":19,"name":"Galio Guardián Dracónico","chromas":true},{"id":"3028","num":28,"name":"Galio Creador de Mitos","chromas":true}],"lore":"En las afueras de la resplandeciente ciudad de Demacia, el coloso de piedra Galio se mantiene en guardia constante. Construido como un baluarte contra los magos enemigos, se mantiene inmóvil durante décadas hasta que la presencia de magia poderosa lo despierta. Una vez activado, Galio pasa la mayor parte del tiempo saboreando la emoción de la pelea y el excepcional honor de defender a sus compatriotas. Pero sus triunfos siempre son agridulces, pues la magia que él destruye es también la fuente de su reanimación y cada victoria lo desactiva una vez más.","blurb":"En las afueras de la resplandeciente ciudad de Demacia, el coloso de piedra Galio se mantiene en guardia constante. Construido como un baluarte contra los magos enemigos, se mantiene inmóvil durante décadas hasta que la presencia de magia poderosa lo...","allytips":["Puedes lanzar Escudo de Durand incluso bajo los efectos de control de masas.","Puedes usar los íconos de aliado en el minimapa para lanzar Entrada Heroica.","Puedes usar el retroceso de Golpe Justiciero para esquivar los hechizos de enemigos."],"enemytips":["Galio se mueve más lento al cargar Escudo de Durand.","Entrada Heroica puede ser interrumpida antes de que Galio salte.","Galio no puede atravesar paredes con Golpe Justiciero."],"tags":["Tank","Mage"],"partype":"Maná","info":{"attack":1,"defense":10,"magic":6,"difficulty":5},"stats":{"hp":632,"hpperlevel":126,"mp":500,"mpperlevel":40,"movespeed":335,"armor":24,"armorperlevel":4.7,"spellblock":32,"spellblockperlevel":2.05,"attackrange":150,"hpregen":8,"hpregenperlevel":0.8,"mpregen":9.5,"mpregenperlevel":0.7,"crit":0,"critperlevel":0,"attackdamage":59,"attackdamageperlevel":3.5,"attackspeedperlevel":1.5,"attackspeed":0.625},"spells":[{"id":"GalioQ","name":"Vientos de Guerra","description":"Galio dispara dos ráfagas de viento que convergen en un gran tornado que inflige daño prolongado","tooltip":"Galio dispara dos ráfagas de viento que infligen <magicDamage>{{ qmissiledamage }} de daño mágico</magicDamage> cada una. Cuando las ráfagas convergen, forman un tornado que inflige un <magicDamage>{{ percentsuperqdamagett }}% de la Vida Máxima como daño mágico</magicDamage> a lo largo de {{ superqduration }} seg.{{ spellmodifierdescriptionappend }}","leveltip":{"label":["Daño de ráfaga de viento","Enfriamiento","Costo de @AbilityResourceName@"],"effect":["{{ basedamage }} -> {{ basedamageNL }}","{{ cooldown }} -> {{ cooldownNL }}","{{ cost }} -> {{ costNL }}"]},"maxrank":5,"cooldown":[12,11,10,9,8],"cooldownBurn":"12/11/10/9/8","cost":[70,75,80,85,90],"costBurn":"70/75/80/85/90","datavalues":{},"effect":[null,[0,0,0,0,0],[0,0,0,0,0],[0,0,0,0,0],[0,0,0,0,0],[0,0,0,0,0],[0,0,0,0,0],[0,0,0,0,0],[0,0,0,0,0],[0,0,0,0,0],[0,0,0,0,0]],"effectBurn":[null,"0","0","0","0","0","0","0","0","0","0"],"vars":[],"costType":" de {{ abilityresourcename }}","maxammo":"-1","range":[825,825,825,825,825],"rangeBurn":"825","image":{"full":"GalioQ.png","sprite":"spell3.png","group":"spell","x":192,"y":144,"w":48,"h":48},"resource":"{{ cost }} de {{ abilityresourcename }}"},{"id":"GalioW","name":"Escudo de Durand","description":"Galio adopta una postura defensiva, lo que hace que se mueva más lento. Al dejar la postura, Galio provocará e infligirá daño a los enemigos cercanos.","tooltip":"<spellPassive>Pasiva:</spellPassive> Galio obtiene un <shield>Escudo Mágico de {{ totalpassiveshield }}</shield> tras no recibir daño durante {{ passiveshieldooctimer }} seg.<br /><br /><charge>Inicio de carga:</charge> Galio reduce el daño mágico recibido en un {{ magicdamagereduction }} y el daño físico recibido en un {{ physicaldamagereduction }} y queda <status>ralentizado</status> un {{ e3 }}%.<br /><br /><release>Lanzamiento:</release> Galio <status>provoca</status> a los campeones enemigos de {{ e4 }} a {{ e7 }} seg, lo que inflige de <magicDamage>{{ mintotaldamage }}</magicDamage> a <magicDamage>{{ maxtotaldamage }} de daño mágico</magicDamage> y restablece la reducción de daño durante {{ e8 }} seg. La duración, el daño y el alcance de la provocación aumentan con el tiempo de carga.{{ spellmodifierdescriptionappend }}","leveltip":{"label":["Tasa de vida del escudo","Reducción de daño mágico","Reducción de daño físico","Daño máximo","Enfriamiento"],"effect":["{{ passiveshieldhealthratio*100.000000 }}% -> {{ passiveshieldhealthrationl*100.000000 }}%","{{ e1 }}% -> {{ e1NL }}%","{{ effect1amount*0.500000 }}% -> {{ effect1amountnl*0.500000 }}%","{{ maximumwbasedamage }} -> {{ maximumwbasedamageNL }}","{{ cooldown }} -> {{ cooldownNL }}"]},"maxrank":5,"cooldown":[18,17,16,15,14],"cooldownBurn":"18/17/16/15/14","cost":[50,50,50,50,50],"costBurn":"50","datavalues":{},"effect":[null,[25,30,35,40,45],[2,2,2,2,2],[15,15,15,15,15],[0.5,0.5,0.5,0.5,0.5],[0,0,0,0,0],[0,0,0,0,0],[1.5,1.5,1.5,1.5,1.5],[2,2,2,2,2],[1.25,1.25,1.25,1.25,1.25],[5,5,5,5,5]],"effectBurn":[null,"25/30/35/40/45","2","15","0.5","0","0","1.5","2","1.25","5"],"vars":[],"costType":" de {{ abilityresourcename }}","maxammo":"-1","range":[275,275,275,275,275],"rangeBurn":"275","image":{"full":"GalioW.png","sprite":"spell3.png","group":"spell","x":240,"y":144,"w":48,"h":48},"resource":"{{ cost }} de {{ abilityresourcename }}"},{"id":"GalioE","name":"Golpe Justiciero","description":"Galio retrocede un poco, luego se abalanza hacia adelante y levantará en el aire a cualquier campeón enemigo a su paso.","tooltip":"Galio se abalanza con un poderoso golpe, lo que <status>lanza por el aire</status> durante {{ knockupduration }} seg e inflige <magicDamage>{{ totaldamage }} de daño mágico</magicDamage> al primer campeón alcanzado. Los otros enemigos que encuentre en el camino reciben <magicDamage>{{ pvedamage }} de daño mágico</magicDamage>.<br /><br />El desplazamiento de Galio se detendrá al impactar el terreno.{{ spellmodifierdescriptionappend }}","leveltip":{"label":["Daño","Enfriamiento"],"effect":["{{ basedamage }} -> {{ basedamageNL }}","{{ cooldown }} -> {{ cooldownNL }}"]},"maxrank":5,"cooldown":[11,10,9,8,7],"cooldownBurn":"11/10/9/8/7","cost":[50,50,50,50,50],"costBurn":"50","datavalues":{},"effect":[null,[0,0,0,0,0],[0,0,0,0,0],[0,0,0,0,0],[0,0,0,0,0],[0,0,0,0,0],[0,0,0,0,0],[0,0,0,0,0],[0,0,0,0,0],[0,0,0,0,0],[0,0,0,0,0]],"effectBurn":[null,"0","0","0","0","0","0","0","0","0","0"],"vars":[],"costType":" de {{ abilityresourcename }}","maxammo":"-1","range":[650,650,650,650,650],"rangeBurn":"650","image":{"full":"GalioE.png","sprite":"spell3.png","group":"spell","x":288,"y":144,"w":48,"h":48},"resource":"{{ cost }} de {{ abilityresourcename }}"},{"id":"GalioR","name":"Entrada Heroica","description":"Galio designa la posición de un aliado como su punto de aterrizaje, lo que otorga un escudo contra daño mágico a todos los aliados en el área. Después de un momento, Galio se lanza a la ubicación y arroja por el aire a los enemigos cercanos.","tooltip":"Galio designa la posición de un campeón aliado como su punto de aterrizaje, lo que otorga el <shield>escudo</shield> de la pasiva de <spellName>Escudo de Durand</spellName> a todos los campeones aliados en la zona durante {{ temporarywshieldduration }} seg. Galio vuela a su zona de aterrizaje.<br /><br />Al aterrizar, <status>lanza por el aire</status> durante {{ stundurationouter }} seg e inflige <magicDamage>{{ totaldamage }} de daño mágico</magicDamage>.{{ spellmodifierdescriptionappend }}","leveltip":{"label":["Daño","Alcance","Enfriamiento"],"effect":["{{ basedamage }} -> {{ basedamageNL }}","{{ castrange }} -> {{ castrangeNL }}","{{ cooldown }} -> {{ cooldownNL }}"]},"maxrank":3,"cooldown":[180,160,140],"cooldownBurn":"180/160/140","cost":[100,100,100],"costBurn":"100","datavalues":{},"effect":[null,[0,0,0],[0,0,0],[0,0,0],[0,0,0],[0,0,0],[0,0,0],[0,0,0],[0,0,0],[0,0,0],[0,0,0]],"effectBurn":[null,"0","0","0","0","0","0","0","0","0","0"],"vars":[],"costType":" de {{ abilityresourcename }}","maxammo":"-1","range":[4000,4750,5500],"rangeBurn":"4000/4750/5500","image":{"full":"GalioR.png","sprite":"spell3.png","group":"spell","x":336,"y":144,"w":48,"h":48},"resource":"{{ cost }} de {{ abilityresourcename }}"}],"passive":{"name":"Golpe Colosal","description":"Cada cierto tiempo, el siguiente ataque básico de Galio inflige daño mágico adicional en una zona.","image":{"full":"Galio_Passive.png","sprite":"passive1.png","group":"passive","x":192,"y":0,"w":48,"h":48}},"recommended":[]}}}