{"type":"champion","format":"standAloneComplex","version":"14.3.1","data":{"Gangplank":{"id":"Gangplank","key":"41","name":"Gangplank","title":"el Azote de los Mares","image":{"full":"Gangplank.png","sprite":"champion1.png","group":"champion","x":240,"y":0,"w":48,"h":48},"skins":[{"id":"41000","num":0,"name":"default","chromas":false},{"id":"41001","num":1,"name":"Gangplank Galeón Fantasma","chromas":false},{"id":"41002","num":2,"name":"Gangplank Miliciano","chromas":false},{"id":"41003","num":3,"name":"Marinero Gangplank","chromas":false},{"id":"41004","num":4,"name":"Gangplank Soldado de Juguete","chromas":false},{"id":"41005","num":5,"name":"Gangplank Fuerzas Especiales","chromas":false},{"id":"41006","num":6,"name":"Sultán Gangplank","chromas":false},{"id":"41007","num":7,"name":"Capitán Gangplank","chromas":false},{"id":"41008","num":8,"name":"Gangplank Nova Terrorífica","chromas":true},{"id":"41014","num":14,"name":"Gangplank Veraniego","chromas":true},{"id":"41021","num":21,"name":"Gangplank FPX","chromas":true},{"id":"41023","num":23,"name":"Gangplank Embustero","chromas":true}],"lore":"Tan impredecible como brutal, el saqueador y rey destronado Gangplank es temido por todo el mundo. Alguna vez gobernó la ciudad portuaria de Aguasturbias y aunque su reino terminó, hay quienes creen que esto solo lo hizo más peligroso. Gangplank prefiere ver a Aguasturbias bañada en sangre antes de dejar que alguien más la tome; y ahora, armado con pistola, un sable y barriles de pólvora, está determinado a reclamar aquello que perdió.","blurb":"Tan impredecible como brutal, el saqueador y rey destronado Gangplank es temido por todo el mundo. Alguna vez gobernó la ciudad portuaria de Aguasturbias y aunque su reino terminó, hay quienes creen que esto solo lo hizo más peligroso. Gangplank...","allytips":["Parrrlamentar se aplica a los efectos de impacto como Mazo de Hielo o Cuchilla Oscura.","Si prestas atención en el mapa a los enemigos con poca Vida, puedes matarlos por sorpresa con Descarga de Cañones.","Intenta colocar Descarga de Cañones en la ruta de escape para cazar a los enemigos en fuga."],"enemytips":["Parrrlamentar inflige una gran cantidad de daño físico. Los objetos que proporcionan armadura pueden ayudar si Gangplank se convierte en un problema.","¡Cuando este campeón llega a nivel 6, cuidado con su definitiva de alcance global, Descarga de Cañones!"],"tags":["Fighter"],"partype":"Maná","info":{"attack":7,"defense":6,"magic":4,"difficulty":9},"stats":{"hp":600,"hpperlevel":114,"mp":280,"mpperlevel":60,"movespeed":345,"armor":31,"armorperlevel":4.2,"spellblock":32,"spellblockperlevel":2.05,"attackrange":125,"hpregen":6,"hpregenperlevel":0.6,"mpregen":7.5,"mpregenperlevel":0.7,"crit":0,"critperlevel":0,"attackdamage":64,"attackdamageperlevel":3.7,"attackspeedperlevel":3.2,"attackspeed":0.658},"spells":[{"id":"GangplankQWrapper","name":"Parrrlamentar","description":"Dispara al objetivo y saquea oro por cada unidad enemiga asesinada.","tooltip":"{{Spell_GangplankQWrapper_Tooltip_{{ gamemodeinteger }}}}{{ spellmodifierdescriptionappend }}","leveltip":{"label":["Daño","Oro saqueado","Serpientes de plata saqueadas","Costo de @AbilityResourceName@"],"effect":["{{ e1 }} -> {{ e1NL }}","{{ e2 }} -> {{ e2NL }}","{{ e5 }} -> {{ e5NL }}","{{ cost }} -> {{ costNL }}"]},"maxrank":5,"cooldown":[4.5,4.5,4.5,4.5,4.5],"cooldownBurn":"4.5","cost":[55,50,45,40,35],"costBurn":"55/50/45/40/35","datavalues":{},"effect":[null,[10,40,70,100,130],[3,4,5,6,7],[0,0,0,0,0],[500,500,500,500,500],[4,5,6,7,8],[0,0,0,0,0],[0,0,0,0,0],[0,0,0,0,0],[0,0,0,0,0],[0,0,0,0,0]],"effectBurn":[null,"10/40/70/100/130","3/4/5/6/7","0","500","4/5/6/7/8","0","0","0","0","0"],"vars":[],"costType":" de {{ abilityresourcename }}","maxammo":"-1","range":[625,625,625,625,625],"rangeBurn":"625","image":{"full":"GangplankQWrapper.png","sprite":"spell3.png","group":"spell","x":384,"y":144,"w":48,"h":48},"resource":"{{ cost }} de {{ abilityresourcename }}"},{"id":"GangplankW","name":"Eliminar Escorbuto","description":"Come cítricos para curar los efectos de control de masas y recuperar vida.","tooltip":"Gangplank consume una gran cantidad de cítricos para eliminar todos los efectos <status>inhabilitantes</status> y restaurar <healing>{{ basehealth }} más un {{ e2 }}% de su Vida faltante</healing>.{{ spellmodifierdescriptionappend }}","leveltip":{"label":["Curación","Enfriamiento","Costo de @AbilityResourceName@"],"effect":["{{ e1 }} -> {{ e1NL }}","{{ cooldown }} -> {{ cooldownNL }}","{{ cost }} -> {{ costNL }}"]},"maxrank":5,"cooldown":[22,20,18,16,14],"cooldownBurn":"22/20/18/16/14","cost":[60,70,80,90,100],"costBurn":"60/70/80/90/100","datavalues":{},"effect":[null,[45,70,95,120,145],[13,13,13,13,13],[0.25,0.25,0.25,0.25,0.25],[200,200,200,200,200],[30,40,50,60,70],[0,0,0,0,0],[0,0,0,0,0],[0,0,0,0,0],[0,0,0,0,0],[0,0,0,0,0]],"effectBurn":[null,"45/70/95/120/145","13","0.25","200","30/40/50/60/70","0","0","0","0","0"],"vars":[],"costType":" de {{ abilityresourcename }}","maxammo":"-1","range":[400,400,400,400,400],"rangeBurn":"400","image":{"full":"GangplankW.png","sprite":"spell3.png","group":"spell","x":432,"y":144,"w":48,"h":48},"resource":"{{ cost }} de {{ abilityresourcename }}"},{"id":"GangplankE","name":"Barril de Pólvora","description":"Gangplank coloca un barril de pólvora en la ubicación objetivo. Si lo ataca, explota y esparce el daño de ataque a los enemigos en la zona, además de ralentizarlos.","tooltip":"Gangplank coloca un barril de pólvora que él y los campeones enemigos pueden atacar durante {{ e5 }} seg. El barril de pólvora se desactiva cuando un enemigo lo destruye. Si Gangplank lo destruye, explotará, <status>ralentizará</status> un {{ finalslowamount }}% durante {{ e2 }} seg, infligirá el <physicalDamage>daño del ataque</physicalDamage> e ignorará un {{ e0 }}% de Armadura. Los campeones reciben <physicalDamage>{{ e3 }} de daño físico</physicalDamage> adicional.<br /><br />La vida del barril decae cada {{ f5 }} seg. Las explosiones de los barriles detonan otros barriles con zonas de explosión conectadas, pero no le infligirán daño al mismo objetivo más de una vez. Las explosiones de los barriles activadas por <spellName>Parrrlamentar</spellName> otorgarán oro adicional por asesinatos de objetivos.{{ spellmodifierdescriptionappend }}","leveltip":{"label":["Bono de Daño contra Campeones","Máximo de cargas","Ralentización","Tiempo de recarga"],"effect":["{{ e3 }} -> {{ e3NL }}","{{ e1 }} -> {{ e1NL }}","{{ e4 }}% -> {{ e4NL }}%","{{ ammorechargetime }} -> {{ ammorechargetimeNL }}"]},"maxrank":5,"cooldown":[0,0,0,0,0],"cooldownBurn":"0","cost":[0,0,0,0,0],"costBurn":"0","datavalues":{},"effect":[null,[3,3,4,4,5],[2,2,2,2,2],[75,105,135,165,195],[30,37.5,45,52.5,60],[25,25,25,25,25],[2,2,2,2,2],[10,10,10,10,10],[100,100,100,100,100],[0.5,0.5,0.5,0.5,0.5],[40,40,40,40,40]],"effectBurn":[null,"3/3/4/4/5","2","75/105/135/165/195","30/37.5/45/52.5/60","25","2","10","100","0.5","40"],"vars":[],"costType":"Sin costo","maxammo":"3","range":[1000,1000,1000,1000,1000],"rangeBurn":"1000","image":{"full":"GangplankE.png","sprite":"spell4.png","group":"spell","x":0,"y":0,"w":48,"h":48},"resource":"Sin costo"},{"id":"GangplankR","name":"Descarga de Cañones","description":"Gangplank le indica a su barco que bombardee una zona, lo que ralentiza y daña a los enemigos.","tooltip":"Gangplank hace señales a su barco para que dispare {{ totalwavestooltip }} descargas de balas de cañón a cualquier parte del mapa durante {{ zoneduration }} seg. Cada descarga <status>Ralentiza</status> en un {{ slowpercent }}% durante {{ slowduration }} seg e inflige <magicDamage>{{ onewavedamage }} de Daño Mágico</magicDamage>. Daño máximo: {{ totaldamagetooltip }}<br /><br />Esta habilidad puede mejorarse en la tienda mediante <spellName>Parrrlamentar</spellName>.<br /><br /><spellName>Fuego a Discreción</spellName>: Dispara 6 descarga de balas de cañón adicionales.<br /><spellName>Hija de la Muerte</spellName>: Dispara una bala de cañón gigante que inflige <trueDamage>{{ deathsdaughterdamage }} de daño verdadero</trueDamage> y <status>ralentiza</status> en un {{ deathsdaughterslow }}% durante {{ deathsdaughterslowduration }} seg.<br /><spellName>Subiendo la Moral</spellName>: Los aliados dentro de la Descarga de Cañones obtienen un <speed>{{ raisemoralehaste }}% de Velocidad de Movimiento</speed> durante {{ raisemoralehasteduration }} seg.{{ spellmodifierdescriptionappend }}","leveltip":{"label":["Daño por oleada","Enfriamiento"],"effect":["{{ damageperwave }} -> {{ damageperwaveNL }}","{{ cooldown }} -> {{ cooldownNL }}"]},"maxrank":3,"cooldown":[170,150,130],"cooldownBurn":"170/150/130","cost":[100,100,100],"costBurn":"100","datavalues":{},"effect":[null,[0,0,0],[0,0,0],[0,0,0],[0,0,0],[1.5,0.5,0.5],[0,0,0],[300,300,300],[75,75,75],[1,1,1],[40,40,40]],"effectBurn":[null,"0","0","0","0","1.5/0.5/0.5","0","300","75","1","40"],"vars":[],"costType":" de {{ abilityresourcename }}","maxammo":"-1","range":[30000,30000,30000],"rangeBurn":"30000","image":{"full":"GangplankR.png","sprite":"spell4.png","group":"spell","x":48,"y":0,"w":48,"h":48},"resource":"{{ cost }} de {{ abilityresourcename }}"}],"passive":{"name":"Prueba de Fuego","description":"Cada cierto tiempo, los ataques cuerpo a cuerpo de Gangplank incendiarán a sus oponentes.","image":{"full":"Gangplank_Passive.png","sprite":"passive1.png","group":"passive","x":240,"y":0,"w":48,"h":48}},"recommended":[]}}}