{"type":"champion","format":"standAloneComplex","version":"14.3.1","data":{"Gnar":{"id":"Gnar","key":"150","name":"Gnar","title":"el Eslabón Perdido","image":{"full":"Gnar.png","sprite":"champion1.png","group":"champion","x":336,"y":0,"w":48,"h":48},"skins":[{"id":"150000","num":0,"name":"default","chromas":false},{"id":"150001","num":1,"name":"Dinognar","chromas":true},{"id":"150002","num":2,"name":"Finísimo Caballerito Gnar","chromas":false},{"id":"150003","num":3,"name":"Gnar Día Nevado","chromas":false},{"id":"150004","num":4,"name":"El León Gnar","chromas":false},{"id":"150013","num":13,"name":"Gnar Supergaláctico","chromas":false},{"id":"150014","num":14,"name":"Gnar SSG","chromas":false},{"id":"150015","num":15,"name":"AstroGnar","chromas":true},{"id":"150022","num":22,"name":"Gnar Bosqueviejo","chromas":true},{"id":"150031","num":31,"name":"Gnar La Ilusión","chromas":true}],"lore":"Gnar es un yordle primitivo cuyos jugueteos bobos pueden transformarse en un berrinche de infante en un instante, transformándolo así en una bestia masiva que disfruta la destrucción. Congelado en Hielo Puro por miles de años, la curiosa criatura se escapó y ahora está libre en un mundo cambiado que percibe tan exótico como maravilloso. Encantado con el peligro, Gnar arroja lo que puede a sus enemigos, ya sea su búmeran hecho de colmillos o una construcción cercana.","blurb":"Gnar es un yordle primitivo cuyos jugueteos bobos pueden transformarse en un berrinche de infante en un instante, transformándolo así en una bestia masiva que disfruta la destrucción. Congelado en Hielo Puro por miles de años, la curiosa criatura se...","allytips":["Es muy importante administrar bien la Furia. Intenta coordinar las transformaciones de manera que puedas sacar el máximo partido a las dos formas. ","Colócate cerca de paredes para atraer a tus enemigos y atúrdelos con tu definitiva. ","¡Es fundamental conocer bien tus virtudes! Mini Gnar es rápido y causa mucho daño prolongado, pero es vulnerable. Mega Gnar es lento, pero también duro y posee gran capacidad de estallido de daño."],"enemytips":["Después de hacerse pequeño, Gnar no puede acumular Furia durante 15 segundos. Usa esta oportunidad para atacar a su equipo.","La animación y la barra de recursos de Gnar cambian al acercarse el momento de su transformación. ","La definitiva de Gnar puede aturdirte si te lanza contra una pared. Ten cuidado al luchar con él cerca de una."],"tags":["Fighter","Tank"],"partype":"Rabia","info":{"attack":6,"defense":5,"magic":5,"difficulty":8},"stats":{"hp":540,"hpperlevel":79,"mp":100,"mpperlevel":0,"movespeed":335,"armor":32,"armorperlevel":3.7,"spellblock":30,"spellblockperlevel":1.3,"attackrange":175,"hpregen":4.5,"hpregenperlevel":1.25,"mpregen":0,"mpregenperlevel":0,"crit":0,"critperlevel":0,"attackdamage":57,"attackdamageperlevel":3,"attackspeedperlevel":6,"attackspeed":0.625},"spells":[{"id":"GnarQ","name":"Búmeran / Pedrada","description":"Gnar lanza un búmeran que daña y ralentiza a los enemigos que alcanza antes de volver a él. Si recoge el búmeran, el Enfriamiento se reduce.<br><br>Mega Gnar, en cambio, lanza un peñasco que se detiene al alcanzar a una unidad, daña y ralentiza a todas las que están cerca. También en este caso se puede recoger el proyectil para reducir al Enfriamiento.","tooltip":"<keywordMajor>Mini Gnar:</keywordMajor> Gnar lanza un búmeran que inflige <physicalDamage>{{ spell.gnarq:minitotaldamage }} de daño físico</physicalDamage> y <status>ralentiza</status> un {{ spell.gnarq:slowamount*100 }}% durante {{ spell.gnarq:slowduration }} seg. El búmeran regresa tras golpear a un enemigo e inflige daño reducido a los objetivos subsecuentes. El búmeran solo puede alcanzar una vez a cada enemigo. Atrapar el búmeran reduce su Enfriamiento un {{ spell.gnarq:minicdrefund*100 }}%.{{ spellmodifierdescriptionappend }}","leveltip":{"label":["Daño del búmeran","Daño de la pedrada","Ralentización","Ralentización por Pedrada","Enfriamiento"],"effect":["{{ minibasedamage }} -> {{ minibasedamageNL }}","{{ megabasedamage }} -> {{ megabasedamageNL }}","{{ slowamount*100.000000 }}% -> {{ slowamountnl*100.000000 }}%","{{ megaslowamount*100.000000 }}% -> {{ megaslowamountnl*100.000000 }}%","{{ cooldown }} -> {{ cooldownNL }}"]},"maxrank":5,"cooldown":[20,17.5,15,12.5,10],"cooldownBurn":"20/17.5/15/12.5/10","cost":[0,0,0,0,0],"costBurn":"0","datavalues":{},"effect":[null,[0,0,0,0,0],[0,0,0,0,0],[0,0,0,0,0],[0,0,0,0,0],[0,0,0,0,0],[0,0,0,0,0],[0,0,0,0,0],[0,0,0,0,0],[0,0,0,0,0],[0,0,0,0,0]],"effectBurn":[null,"0","0","0","0","0","0","0","0","0","0"],"vars":[],"costType":"Sin costo","maxammo":"-1","range":[1100,1100,1100,1100,1100],"rangeBurn":"1100","image":{"full":"GnarQ.png","sprite":"spell4.png","group":"spell","x":288,"y":0,"w":48,"h":48},"resource":"Sin costo"},{"id":"GnarW","name":"Hiper / Aplastar","description":"Los ataques y hechizos de Gnar lo aceleran, con lo que causa daño adicional y aumenta su Velocidad de Movimiento.<br><br>Mega Gnar está demasiado furioso para correr y lo que hace es levantarse y golpear con violencia la zona que tiene delante. Los enemigos situados en ella quedan aturdidos.","tooltip":"<keywordMajor>Pasiva de Mini Gnar:</keywordMajor> Cada tercer ataque o habilidad contra el mismo enemigo inflige <magicDamage>{{ spell.gnarw:minitotaldamage }} más un {{ spell.gnarw:minipercenthpdamage*100 }}% de la Vida Máxima como daño mágico adicional</magicDamage> y otorga un <speed>{{ spell.gnarr:rhypermovementspeedpercent }}% de Velocidad de Movimiento</speed> que decae a lo largo de 3 seg.{{ spellmodifierdescriptionappend }}","leveltip":{"label":["Daño de Híper","Daño porcentual de Vida de Híper","Daño de Aplastar"],"effect":["{{ minibasedamage }} -> {{ minibasedamageNL }}","{{ minipercenthpdamage*100.000000 }}% -> {{ minipercenthpdamagenl*100.000000 }}%","{{ megabasedamage }} -> {{ megabasedamageNL }}"]},"maxrank":5,"cooldown":[7,7,7,7,7],"cooldownBurn":"7","cost":[0,0,0,0,0],"costBurn":"0","datavalues":{},"effect":[null,[0,0,0,0,0],[0,0,0,0,0],[0,0,0,0,0],[0,0,0,0,0],[0,0,0,0,0],[0,0,0,0,0],[0,0,0,0,0],[0,0,0,0,0],[0,0,0,0,0],[0,0,0,0,0]],"effectBurn":[null,"0","0","0","0","0","0","0","0","0","0"],"vars":[],"costType":"Sin costo","maxammo":"-1","range":[0,0,0,0,0],"rangeBurn":"0","image":{"full":"GnarW.png","sprite":"spell4.png","group":"spell","x":336,"y":0,"w":48,"h":48},"resource":"Sin costo"},{"id":"GnarE","name":"Brinco / Salto Bestial","description":"Gnar salta hacia una ubicación y, si aterriza sobre la cabeza de una unidad, puede seguir saltando.<br><br>Mega Gnar es demasiado grande para rebotar, así que aterriza con fuerza devastadora y causa daño en la zona circundante.","tooltip":"<keywordMajor>Mini Gnar:</keywordMajor> Gnar salta y obtiene un <attackSpeed>{{ spell.gnare:minibas*100 }}% de Velocidad de Ataque</attackSpeed> durante {{ spell.gnare:miniasduration }} seg. Si Gnar aterriza sobre una unidad, rebotará sobre ella y llegará aún más lejos. Rebotar contra un enemigo inflige <physicalDamage>{{ spell.gnare:minitotaldamage }} de daño físico</physicalDamage> y <status>ralentiza</status> un {{ spell.gnare:movespeedmod*-100 }}% por un momento.{{ spellmodifierdescriptionappend }}","leveltip":{"label":["Daño de Brinco","Daño de Salto Bestial","Velocidad de ataque adicional","Enfriamiento"],"effect":["{{ minidamage }} -> {{ minidamageNL }}","{{ megadamage }} -> {{ megadamageNL }}","{{ minibas*100.000000 }}% -> {{ minibasnl*100.000000 }}%","{{ cooldown }} -> {{ cooldownNL }}"]},"maxrank":5,"cooldown":[22,19.5,17,14.5,12],"cooldownBurn":"22/19.5/17/14.5/12","cost":[0,0,0,0,0],"costBurn":"0","datavalues":{},"effect":[null,[0,0,0,0,0],[0,0,0,0,0],[0,0,0,0,0],[0,0,0,0,0],[0,0,0,0,0],[0,0,0,0,0],[0,0,0,0,0],[0,0,0,0,0],[0,0,0,0,0],[0,0,0,0,0]],"effectBurn":[null,"0","0","0","0","0","0","0","0","0","0"],"vars":[],"costType":"Sin costo","maxammo":"-1","range":[475,475,475,475,475],"rangeBurn":"475","image":{"full":"GnarE.png","sprite":"spell4.png","group":"spell","x":384,"y":0,"w":48,"h":48},"resource":"Sin costo"},{"id":"GnarR","name":"¡GNAR!","description":"Mega Gnar arroja en una dirección a todos los enemigos circundantes, que resultan dañados y ralentizados. Cualquier enemigo que choque con un muro queda aturdido y recibe daño adicional.","tooltip":"<keywordMajor>Pasiva de Mini Gnar:</keywordMajor> Aumenta la <speed>velocidad de movimiento</speed> de <spellName>Hiper</spellName>.<br /><br /><keywordMajor>Mega Gnar:</keywordMajor> Gnar lanza a los enemigos cercanos, lo que les inflige <physicalDamage>{{ damage }} de daño físico</physicalDamage>, los <status>lanza hacia atrás</status> y los <status>ralentiza</status> un {{ rslowpercent }}% durante {{ rccduration }} seg. Los enemigos que se estrellen contra un muro reciben <physicalDamage>{{ walldamage }} de daño físico</physicalDamage> y quedan <status>aturdidos</status>.{{ spellmodifierdescriptionappend }}","leveltip":{"label":["Daño","Duración de ralentización y aturdimiento","Velocidad de movimiento de Hiper","Enfriamiento"],"effect":["{{ rbasedamage }} -> {{ rbasedamageNL }}","{{ rccduration }} -> {{ rccdurationNL }}","{{ rhypermovementspeedpercent }}% -> {{ rhypermovementspeedpercentNL }}%","{{ cooldown }} -> {{ cooldownNL }}"]},"maxrank":3,"cooldown":[90,60,30],"cooldownBurn":"90/60/30","cost":[0,0,0],"costBurn":"0","datavalues":{},"effect":[null,[0,0,0],[0,0,0],[0,0,0],[0,0,0],[0,0,0],[0,0,0],[0,0,0],[0,0,0],[0,0,0],[0,0,0]],"effectBurn":[null,"0","0","0","0","0","0","0","0","0","0"],"vars":[],"costType":"Sin costo","maxammo":"-1","range":[590,590,590],"rangeBurn":"590","image":{"full":"GnarR.png","sprite":"spell4.png","group":"spell","x":432,"y":0,"w":48,"h":48},"resource":"Sin costo"}],"passive":{"name":"Gen de la Furia","description":"Gnar genera Rabia durante el combate. Al alcanzar el máximo de Rabia, su siguiente habilidad lo transformará en Mega Gnar, lo que le otorgará supervivencia aumentada y acceso a nuevos hechizos.","image":{"full":"Gnar_Passive.png","sprite":"passive1.png","group":"passive","x":336,"y":0,"w":48,"h":48}},"recommended":[]}}}