{"type":"champion","format":"standAloneComplex","version":"14.3.1","data":{"Gragas":{"id":"Gragas","key":"79","name":"Gragas","title":"el Revoltoso","image":{"full":"Gragas.png","sprite":"champion1.png","group":"champion","x":384,"y":0,"w":48,"h":48},"skins":[{"id":"79000","num":0,"name":"default","chromas":false},{"id":"79001","num":1,"name":"Gragas Buzo","chromas":false},{"id":"79002","num":2,"name":"Gragas Rural","chromas":false},{"id":"79003","num":3,"name":"Gragas Papá Noel","chromas":false},{"id":"79004","num":4,"name":"Don Gragas","chromas":false},{"id":"79005","num":5,"name":"Gragas Vándalo","chromas":false},{"id":"79006","num":6,"name":"Gragas Oktoberfest","chromas":false},{"id":"79007","num":7,"name":"Gragas Hincha","chromas":false},{"id":"79008","num":8,"name":"Gragas Fnatic","chromas":false},{"id":"79009","num":9,"name":"Gragas Rompebarriles","chromas":false},{"id":"79010","num":10,"name":"Gragas Operación Ártica","chromas":false},{"id":"79011","num":11,"name":"Gragas Protector","chromas":true},{"id":"79020","num":20,"name":"Gragas Onda Espacial","chromas":true}],"lore":"Gragas, tan alegre como imponente, es un masivo y ruidoso maestro cervecero en su propia misión por encontrar el perfecto tarro de cerveza. Procedente de un lugar desconocido, ahora busca ingredientes poco comunes entre los inmaculados páramos de Fréljord, probando todas las recetas en su camino. A veces borracho y extremadamente impulsivo, Gragas es famoso por las batallas que inicia, las cuales a veces terminan en fiestas de toda la noche y mucho daño a la propiedad. Cualquier aparición de Gragas presagia bebida y destrucción; en ese orden.","blurb":"Gragas, tan alegre como imponente, es un masivo y ruidoso maestro cervecero en su propia misión por encontrar el perfecto tarro de cerveza. Procedente de un lugar desconocido, ahora busca ingredientes poco comunes entre los inmaculados páramos de...","allytips":["La resistencia al daño que proporciona Furia Ebria se aplica cuando empieza a beber, así que procura usarla cuando veas que te van a atacar.","Trata de lanzar a los enemigos contra tus torretas con Tonel Explosivo.","Intenta hacer la combinación Lanzamiento de Barriga con Tonel Explosivo para facilitar que tu equipo consiga asesinatos."],"enemytips":["Gragas puede lanzar a cualquiera por el aire con su habilidad definitiva. Procura no caer junto a él o, aún peor, junto a una torreta enemiga.","Lanzamiento de Barriga tiene un Enfriamiento muy corto, por lo que perseguir a Gragas no es tarea sencilla. No te sobrepases persiguiéndolo."],"tags":["Fighter","Mage"],"partype":"Maná","info":{"attack":4,"defense":7,"magic":6,"difficulty":5},"stats":{"hp":670,"hpperlevel":115,"mp":400,"mpperlevel":47,"movespeed":330,"armor":38,"armorperlevel":5,"spellblock":32,"spellblockperlevel":2.05,"attackrange":125,"hpregen":5.5,"hpregenperlevel":0.5,"mpregen":6,"mpregenperlevel":0.8,"crit":0,"critperlevel":0,"attackdamage":64,"attackdamageperlevel":3.5,"attackspeedperlevel":2.05,"attackspeed":0.675},"spells":[{"id":"GragasQ","name":"Barril Rodante","description":"Gragas rueda su barril hasta una ubicación y puede activarlo para hacerlo explotar. Explotará por sí solo después de 4 seg. La potencia de la explosión aumenta con el tiempo. Reduce la velocidad de movimiento de los enemigos alcanzados por la explosión.","tooltip":"Gragas rueda un barril que explota tras {{ e4 }} seg, el cual inflige de <magicDamage>{{ mindamage }}</magicDamage> a <magicDamage>{{ maxdamage }} de daño mágico</magicDamage> y <status>ralentiza</status> entre un {{ e2 }} y un {{ effect2amount*1.5 }}% durante {{ e3 }} seg. El daño y la <status>ralentización</status> aumentan con el tiempo que pase el barril sin explotar. <br /><br />Gragas puede <recast>volver a lanzar</recast> la habilidad para detonar el barril antes.{{ spellmodifierdescriptionappend }}","leveltip":{"label":["Daño","Ralentización","Enfriamiento","Costo de @AbilityResourceName@"],"effect":["{{ e1 }} -> {{ e1NL }}","{{ e2 }} -> {{ e2NL }}","{{ cooldown }} -> {{ cooldownNL }}","{{ basecost }} -> {{ basecostNL }}"]},"maxrank":5,"cooldown":[10,9,8,7,6],"cooldownBurn":"10/9/8/7/6","cost":[80,75,70,65,60],"costBurn":"80/75/70/65/60","datavalues":{},"effect":[null,[80,120,160,200,240],[40,45,50,55,60],[2,2,2,2,2],[4,4,4,4,4],[2,2,2,2,2],[150,150,150,150,150],[70,70,70,70,70],[0,0,0,0,0],[0,0,0,0,0],[0,0,0,0,0]],"effectBurn":[null,"80/120/160/200/240","40/45/50/55/60","2","4","2","150","70","0","0","0"],"vars":[],"costType":" de {{ abilityresourcename }}","maxammo":"-1","range":[850,850,850,850,850],"rangeBurn":"850","image":{"full":"GragasQ.png","sprite":"spell4.png","group":"spell","x":0,"y":48,"w":48,"h":48},"resource":"{{ cost }} de {{ abilityresourcename }}"},{"id":"GragasW","name":"Furia Ebria","description":"Gragas toma un buen trago de cerveza de su barril durante 1 segundo. Al terminar de beber, estará potenciado por la bebida e infligirá daño mágico a todos los enemigos cercanos con su siguiente ataque básico y reducirá el daño que reciba.","tooltip":"Gragas bebe su brebaje, lo que reduce el daño que recibe en {{ damagereduction }} durante {{ defenseduration }} seg. Tras terminar su bebida, su siguiente ataque inflige <magicDamage>{{ totaldamage }}</magicDamage> más un <magicDamage>{{ maxhppercentdamage }}% de su Vida Máxima como daño mágico</magicDamage> adicional al objetivo y a los enemigos a su alrededor.{{ spellmodifierdescriptionappend }}","leveltip":{"label":["Reducción de daño","Daño"],"effect":["{{ basedamagereduction }}% -> {{ basedamagereductionNL }}%","{{ basedamage }} -> {{ basedamageNL }}"]},"maxrank":5,"cooldown":[5,5,5,5,5],"cooldownBurn":"5","cost":[30,30,30,30,30],"costBurn":"30","datavalues":{},"effect":[null,[0,0,0,0,0],[0,0,0,0,0],[0,0,0,0,0],[0,0,0,0,0],[0,0,0,0,0],[0,0,0,0,0],[0,0,0,0,0],[0,0,0,0,0],[0,0,0,0,0],[0,0,0,0,0]],"effectBurn":[null,"0","0","0","0","0","0","0","0","0","0"],"vars":[],"costType":" de {{ abilityresourcename }}","maxammo":"-1","range":[20,20,20,20,20],"rangeBurn":"20","image":{"full":"GragasW.png","sprite":"spell4.png","group":"spell","x":48,"y":48,"w":48,"h":48},"resource":"{{ cost }} de {{ abilityresourcename }}"},{"id":"GragasE","name":"Lanzamiento de Barriga","description":"Gragas carga en una dirección, choca con la primera unidad enemiga que se encuentra y les inflige daño a todas las unidades enemigas cercanas y las aturde.","tooltip":"Gragas embiste hacia adelante, choca contra el primer enemigo, <status>lanza por el aire</status> a los enemigos cercanos durante {{ stunduration }} seg, y les inflige <magicDamage>{{ totaldamage }} de daño mágico</magicDamage>.<br /><br />El enfriamiento de esta habilidad se reduce en un {{ cooldownrefund*100 }}% si Gragas choca contra un enemigo.{{ spellmodifierdescriptionappend }}","leveltip":{"label":["Daño","Enfriamiento"],"effect":["{{ basedamage }} -> {{ basedamageNL }}","{{ cooldown }} -> {{ cooldownNL }}"]},"maxrank":5,"cooldown":[14,13.5,13,12.5,12],"cooldownBurn":"14/13.5/13/12.5/12","cost":[50,50,50,50,50],"costBurn":"50","datavalues":{},"effect":[null,[0,0,0,0,0],[1,1,1,1,1],[0,0,0,0,0],[0,0,0,0,0],[0,0,0,0,0],[0,0,0,0,0],[0,0,0,0,0],[0,0,0,0,0],[0,0,0,0,0],[0,0,0,0,0]],"effectBurn":[null,"0","1","0","0","0","0","0","0","0","0"],"vars":[],"costType":" de {{ abilityresourcename }}","maxammo":"-1","range":[600,600,600,600,600],"rangeBurn":"600","image":{"full":"GragasE.png","sprite":"spell4.png","group":"spell","x":96,"y":48,"w":48,"h":48},"resource":"{{ cost }} de {{ abilityresourcename }}"},{"id":"GragasR","name":"Tonel Explosivo","description":"Gragas rueda su barril hasta una ubicación, lo que inflige daño y lanza hacia atrás a los enemigos atrapados en el radio de la explosión.","tooltip":"Gragas arroja su barril para infligir <magicDamage>{{ damagedone }} de daño mágico</magicDamage> y <status>lanzar hacia atrás</status> a los enemigos desde la zona de impacto.{{ spellmodifierdescriptionappend }}","leveltip":{"label":["Daño","Enfriamiento"],"effect":["{{ basedamage }} -> {{ basedamageNL }}","{{ cooldown }} -> {{ cooldownNL }}"]},"maxrank":3,"cooldown":[100,85,70],"cooldownBurn":"100/85/70","cost":[100,100,100],"costBurn":"100","datavalues":{},"effect":[null,[0,0,0],[0,0,0],[0,0,0],[0,0,0],[0,0,0],[0,0,0],[0,0,0],[0,0,0],[0,0,0],[0,0,0]],"effectBurn":[null,"0","0","0","0","0","0","0","0","0","0"],"vars":[],"costType":" de {{ abilityresourcename }}","maxammo":"-1","range":[1000,1000,1000],"rangeBurn":"1000","image":{"full":"GragasR.png","sprite":"spell4.png","group":"spell","x":144,"y":48,"w":48,"h":48},"resource":"{{ cost }} de {{ abilityresourcename }}"}],"passive":{"name":"Hora Feliz","description":"Gragas se cura periódicamente tras usar una habilidad.","image":{"full":"GragasPassiveHeal.png","sprite":"passive1.png","group":"passive","x":384,"y":0,"w":48,"h":48}},"recommended":[]}}}