{"type":"champion","format":"standAloneComplex","version":"14.3.1","data":{"Graves":{"id":"Graves","key":"104","name":"Graves","title":"el Forajido","image":{"full":"Graves.png","sprite":"champion1.png","group":"champion","x":432,"y":0,"w":48,"h":48},"skins":[{"id":"104000","num":0,"name":"default","chromas":false},{"id":"104001","num":1,"name":"Graves Asesino a Sueldo","chromas":false},{"id":"104002","num":2,"name":"Graves Fugitivo","chromas":false},{"id":"104003","num":3,"name":"Graves Ciudad del Crimen","chromas":false},{"id":"104004","num":4,"name":"Riot Graves","chromas":false},{"id":"104005","num":5,"name":"Graves Veraniego","chromas":true},{"id":"104006","num":6,"name":"Graves Robavidas","chromas":false},{"id":"104007","num":7,"name":"Graves Día Nevado","chromas":true},{"id":"104014","num":14,"name":"Graves Victorioso","chromas":true},{"id":"104018","num":18,"name":"Graves Pretoriano","chromas":true},{"id":"104025","num":25,"name":"Graves Profesor de Combate","chromas":true},{"id":"104035","num":35,"name":"Graves Centinela","chromas":true},{"id":"104042","num":42,"name":"Graves EDG","chromas":true}],"lore":"Malcolm Graves es un reconocido mercenario, apostador y ladrón: un hombre al que se le busca en cada ciudad e imperio que ha visitado. Aunque tiene un temperamento explosivo, posee un estricto sentido de honor criminal que hace valer con el poder de su escopeta de dos cañones, Destino. En años recientes concretó una problemática alianza con Twisted Fate y juntos prosperaron una vez más dentro del caos que son las entrañas criminales de Aguasturbias.","blurb":"Malcolm Graves es un reconocido mercenario, apostador y ladrón: un hombre al que se le busca en cada ciudad e imperio que ha visitado. Aunque tiene un temperamento explosivo, posee un estricto sentido de honor criminal que hace valer con el poder de su...","allytips":["Pantalla de Humo se puede usar para escapar y para preparar una muerte.","Usar Disparo Veloz para ponerte al alcance, mientras disparas a quemarropa un Plomazo, puede infligir mucho daño."],"enemytips":["Graves inflige principalmente daño físico, así que la Armadura es una buena medida defensiva.","Salir del área de efecto de la Pantalla de Humo elimina al instante el efecto dañino."],"tags":["Marksman"],"partype":"Maná","info":{"attack":8,"defense":5,"magic":3,"difficulty":3},"stats":{"hp":625,"hpperlevel":106,"mp":325,"mpperlevel":40,"movespeed":340,"armor":33,"armorperlevel":4.6,"spellblock":32,"spellblockperlevel":2.05,"attackrange":425,"hpregen":8,"hpregenperlevel":0.7,"mpregen":8,"mpregenperlevel":0.7,"crit":0,"critperlevel":0,"attackdamage":68,"attackdamageperlevel":4,"attackspeedperlevel":2.6,"attackspeed":0.475},"spells":[{"id":"GravesQLineSpell","name":"Fin del Trayecto","description":"Graves dispara un cartucho explosivo que explota tras 2 segundos, o 0,2 segundos, si impacta sobre el terreno.","tooltip":"Graves dispara una ronda de pólvora que inflige <physicalDamage>{{ totaldamage }} de daño físico</physicalDamage>. Después de 1 seg o al chocar con el terreno, detona e inflige <physicalDamage>{{ totaldetonationdamage }} de daño físico</physicalDamage> a lo largo de su trayectoria nuevamente y a los enemigos cerca de la explosión.{{ spellmodifierdescriptionappend }}","leveltip":{"label":["Daño","Daño de detonación","Tasa de DA de la Detonación","Enfriamiento"],"effect":["{{ basedamage }} -> {{ basedamageNL }}","{{ basedetonationdamage }} -> {{ basedetonationdamageNL }}","{{ baddetonationratio*100.000000 }}% -> {{ baddetonationrationl*100.000000 }}%","{{ cooldown }} -> {{ cooldownNL }}"]},"maxrank":5,"cooldown":[13,11.5,10,8.5,7],"cooldownBurn":"13/11.5/10/8.5/7","cost":[80,80,80,80,80],"costBurn":"80","datavalues":{},"effect":[null,[0,0,0,0,0],[0,0,0,0,0],[0,0,0,0,0],[0,0,0,0,0],[0,0,0,0,0],[0,0,0,0,0],[0,0,0,0,0],[0,0,0,0,0],[0,0,0,0,0],[0,0,0,0,0]],"effectBurn":[null,"0","0","0","0","0","0","0","0","0","0"],"vars":[],"costType":" de {{ abilityresourcename }}","maxammo":"-1","range":[925,925,925,925,925],"rangeBurn":"925","image":{"full":"GravesQLineSpell.png","sprite":"spell4.png","group":"spell","x":192,"y":48,"w":48,"h":48},"resource":"{{ cost }} de {{ abilityresourcename }}"},{"id":"GravesSmokeGrenade","name":"Pantalla de Humo","description":"Graves dispara un cartucho de humo al área objetivo, lo que crea una nube de humo que reduce el alcance de visión. Los enemigos que se encuentren dentro del impacto inicial reciben daño mágico y ven reducida su velocidad de movimiento por un breve momento.","tooltip":"Graves crea una nube de humo negro que dura 4 seg, lo que <status>ralentiza</status> a los enemigos en su interior en un {{ e2 }}% y bloquea su visión fuera del área. El impacto inicial inflige <magicDamage>{{ impactdamage }} de daño mágico</magicDamage>.{{ spellmodifierdescriptionappend }}","leveltip":{"label":["Daño","Costo de @AbilityResourceName@","Enfriamiento"],"effect":["{{ e1 }} -> {{ e1NL }}","{{ cost }} -> {{ costNL }}","{{ cooldown }} -> {{ cooldownNL }}"]},"maxrank":5,"cooldown":[26,24,22,20,18],"cooldownBurn":"26/24/22/20/18","cost":[70,75,80,85,90],"costBurn":"70/75/80/85/90","datavalues":{},"effect":[null,[60,110,160,210,260],[50,50,50,50,50],[200,200,200,200,200],[4,4,4,4,4],[0.5,0.5,0.5,0.5,0.5],[0,0,0,0,0],[0,0,0,0,0],[0,0,0,0,0],[0,0,0,0,0],[0,0,0,0,0]],"effectBurn":[null,"60/110/160/210/260","50","200","4","0.5","0","0","0","0","0"],"vars":[],"costType":" de {{ abilityresourcename }}","maxammo":"-1","range":[950,950,950,950,950],"rangeBurn":"950","image":{"full":"GravesSmokeGrenade.png","sprite":"spell4.png","group":"spell","x":240,"y":48,"w":48,"h":48},"resource":"{{ cost }} de {{ abilityresourcename }}"},{"id":"GravesMove","name":"Disparo Veloz","description":"Graves corre hacia adelante, obteniendo una mejora de Armadura durante varios segundos. Si se desplaza hacia un campeón enemigo, gana dos acumulaciones de Valor Verdadero. Golpear a los enemigos con ataques básicos reduce el enfriamiento de esta habilidad y renueva las mejoras defensivas.","tooltip":"Graves se desplaza y recarga un <keywordMajor>cartucho</keywordMajor> en su escopeta. Además, obtiene una acumulación durante 4 seg (máx. {{ e0 }} acumulaciones) o dos acumulaciones si se desplaza hacia un campeón enemigo. Las acumulaciones le otorgan <scaleArmor>{{ e5 }} de Armadura</scaleArmor>. Las acumulaciones se restablecen al infligir daño a unidades que no sean súbditos.<br /><br />Cada impacto de bala de los ataques de Graves reduce el enfriamiento de esta habilidad en {{ e4 }} seg.<br />{{ spellmodifierdescriptionappend }}","leveltip":{"label":["Armadura","Enfriamiento"],"effect":["{{ e5 }} -> {{ e5NL }}","{{ cooldown }} -> {{ cooldownNL }}"]},"maxrank":5,"cooldown":[16,15,14,13,12],"cooldownBurn":"16/15/14/13/12","cost":[40,40,40,40,40],"costBurn":"40","datavalues":{},"effect":[null,[30,40,50,60,70],[4,4,4,4,4],[20,25,30,35,40],[0.5,0.5,0.5,0.5,0.5],[2,5,8,11,14],[750,750,750,750,750],[375,375,375,375,375],[275,275,275,275,275],[60,60,60,60,60],[8,8,8,8,8]],"effectBurn":[null,"30/40/50/60/70","4","20/25/30/35/40","0.5","2/5/8/11/14","750","375","275","60","8"],"vars":[],"costType":" de {{ abilityresourcename }}","maxammo":"-1","range":[425,425,425,425,425],"rangeBurn":"425","image":{"full":"GravesMove.png","sprite":"spell4.png","group":"spell","x":288,"y":48,"w":48,"h":48},"resource":"{{ cost }} de {{ abilityresourcename }}"},{"id":"GravesChargeShot","name":"Daño Colateral","description":"Graves dispara un tiro explosivo que inflige bastante daño al primer campeón  que impacte. Tras golpear a un campeón o llegar al final de su alcance, la bala explota infligiendo daño en un cono.","tooltip":"Graves dispara un cartucho explosivo que lo lanza hacia atrás. El cartucho inflige <physicalDamage>{{ damage }} de daño físico</physicalDamage> al primer enemigo alcanzado. Después de alcanzar a un campeón enemigo o llegar al final de su alcance, el cartucho explota en la dirección del disparo e inflige <physicalDamage>{{ falloffdamage }} de daño físico</physicalDamage>.{{ spellmodifierdescriptionappend }}","leveltip":{"label":["Categoría principal","Daño de cono","Enfriamiento"],"effect":["{{ rbasedamage }} -> {{ rbasedamageNL }}","{{ rfalloffdamage }} -> {{ rfalloffdamageNL }}","{{ cooldown }} -> {{ cooldownNL }}"]},"maxrank":3,"cooldown":[100,80,60],"cooldownBurn":"100/80/60","cost":[100,100,100],"costBurn":"100","datavalues":{},"effect":[null,[0,0,0],[0,0,0],[0,0,0],[0,0,0],[0,0,0],[0,0,0],[0,0,0],[0,0,0],[0,0,0],[0,0,0]],"effectBurn":[null,"0","0","0","0","0","0","0","0","0","0"],"vars":[],"costType":" de {{ abilityresourcename }}","maxammo":"-1","range":[1000,1000,1000],"rangeBurn":"1000","image":{"full":"GravesChargeShot.png","sprite":"spell4.png","group":"spell","x":336,"y":48,"w":48,"h":48},"resource":"{{ cost }} de {{ abilityresourcename }}"}],"passive":{"name":"Nuevo Destino","description":"La escopeta de Graves tiene propiedades únicas. Debe recargar cuando se le acaba la munición. Cada ataque dispara 4 balas que no pueden atravesar unidades. Las unidades que no sean campeones que reciban el impacto de múltiples balas serán lanzados hacia atrás.","image":{"full":"GravesTrueGrit.png","sprite":"passive1.png","group":"passive","x":432,"y":0,"w":48,"h":48}},"recommended":[]}}}