{"type":"champion","format":"standAloneComplex","version":"14.3.1","data":{"Gwen":{"id":"Gwen","key":"887","name":"Gwen","title":"La Costurera Sagrada","image":{"full":"Gwen.png","sprite":"champion1.png","group":"champion","x":0,"y":48,"w":48,"h":48},"skins":[{"id":"887000","num":0,"name":"default","chromas":false},{"id":"887001","num":1,"name":"Gwen Onda Espacial","chromas":true},{"id":"887011","num":11,"name":"Gwen Monerías de Café","chromas":true},{"id":"887020","num":20,"name":"Gwen Peleadora Álmica","chromas":true}],"lore":"Gwen, una antigua muñeca que se transformó y cobró vida a través de la magia, usa las mismas herramientas que en su momento la crearon. Lleva el peso del amor de su creadora a cada paso, sin dar nada por sentado. Bajo su mando está la Niebla Sagrada, una magia antigua y protectora que bendijo las tijeras, las agujas y el hilo de coser de Gwen. Muchas cosas son nuevas para Gwen, pero sigue decidida a luchar con gozo por el bien que prevalece en un mundo roto.","blurb":"Gwen, una antigua muñeca que se transformó y cobró vida a través de la magia, usa las mismas herramientas que en su momento la crearon. Lleva el peso del amor de su creadora a cada paso, sin dar nada por sentado. Bajo su mando está la Niebla Sagrada...","allytips":["Siempre mantente al ataque: además de infligir daño adicional, los ataques de Gwen potencian o restablecen muchas de sus habilidades.","Gwen puede seguir infligiendo daño a enemigos fuera de sus Nieblas Sagradas, en especial con el alcance de su definitiva.","Algunas de las habilidades de Gwen pueden aplicar su pasiva a varios enemigos, así que apúntalas hacia grupos de enemigos para aprovechar el máximo de daño y curación."],"enemytips":["El manto de la Niebla Sagrada de Gwen solo la seguirá una vez, luego se disipará cuando salga de ella.","Gwen debe impactar un objetivo para volver a lanzar su definitiva; intenta evadirla entre lanzamientos.","Gwen necesita atacar algunas veces para preparar su daño, así que trata de atacarla primero."],"tags":["Fighter","Assassin"],"partype":"Maná","info":{"attack":7,"defense":4,"magic":5,"difficulty":5},"stats":{"hp":620,"hpperlevel":115,"mp":330,"mpperlevel":40,"movespeed":340,"armor":39,"armorperlevel":5.2,"spellblock":32,"spellblockperlevel":2.05,"attackrange":150,"hpregen":9,"hpregenperlevel":0.9,"mpregen":7.5,"mpregenperlevel":0.7,"crit":0,"critperlevel":0,"attackdamage":63,"attackdamageperlevel":3,"attackspeedperlevel":2.25,"attackspeed":0.69},"spells":[{"id":"GwenQ","name":"¡A Cortar!","description":"Gwen corta con sus tijeras hasta 6 veces en un cono para infligir daño mágico. Gwen inflige daño verdadero a unidades en el centro y les aplica su pasiva con cada corte.","tooltip":"<spellPassive>Pasiva</spellPassive>: Gwen obtiene 1 acumulación al impactar a un enemigo con un ataque (máx. 4, dura {{ buffduration }} seg).<br /><br /><spellActive>Activa</spellActive>: Consume acumulaciones. Gwen corta una vez e inflige <magicDamage>{{ miniswipedamage }} de daño mágico</magicDamage>, corta de nuevo por cada munición consumida y luego realiza un último corte por <magicDamage>{{ finalswipedamage }} de daño mágico</magicDamage>. <br /><br />El centro de cada ataque convierte un {{ truedamageconversion*100 }}% del Daño en <trueDamage>daño verdadero</trueDamage> y aplica <spellName>Mil Cortes</spellName> a los enemigos impactados.<br /><rules><br />Inflige un {{ minionmod*100 }}% de Daño a súbditos.<br />Los súbditos por debajo del {{ executethreshold*100 }}% de Vida reciben {{ executebonus }}% de Daño adicional en vez de daño reducido.</rules>{{ spellmodifierdescriptionappend }}","leveltip":{"label":["Enfriamiento","Daño de golpe final"],"effect":["{{ cooldown }} -> {{ cooldownNL }}","{{ swipedamagebase }} -> {{ swipedamagebaseNL }}"]},"maxrank":5,"cooldown":[6.5,5.75,5,4.25,3.5],"cooldownBurn":"6.5/5.75/5/4.25/3.5","cost":[40,40,40,40,40],"costBurn":"40","datavalues":{},"effect":[null,[0,0,0,0,0],[0,0,0,0,0],[0,0,0,0,0],[0,0,0,0,0],[0,0,0,0,0],[0,0,0,0,0],[0,0,0,0,0],[0,0,0,0,0],[0,0,0,0,0],[0,0,0,0,0]],"effectBurn":[null,"0","0","0","0","0","0","0","0","0","0"],"vars":[],"costType":" de {{ abilityresourcename }}","maxammo":"-1","range":[450,450,450,450,450],"rangeBurn":"450","image":{"full":"GwenQ.png","sprite":"spell4.png","group":"spell","x":384,"y":48,"w":48,"h":48},"resource":"{{ cost }} de {{ abilityresourcename }}"},{"id":"GwenW","name":"Niebla Sagrada","description":"Gwen invoca niebla que la protege de los enemigos que están fuera de ella. Solo los enemigos que entren a la niebla la pueden fijar como objetivo.","tooltip":"Gwen invoca la Niebla Sagrada, lo que la vuelve inalcanzable para todos los enemigos (excepto torres) fuera de la zona durante {{ zoneduration }} seg o hasta que ella salga. Mientras se encuentre dentro de la niebla, Gwen obtiene {{ totalresists }}<scaleArmor> de Armadura</scaleArmor> y <scaleMR>Resistencia Mágica</scaleMR>.<br /><br />Gwen puede <recast>volver a lanzar</recast> esta habilidad una vez para llamar a la Niebla hacia ella. Se <recast>volverá a lanzar</recast> de forma automática la primera vez que Gwen intente abandonar la zona.{{ spellmodifierdescriptionappend }}","leveltip":{"label":["Enfriamiento","Armadura y resistencia mágica adicionales"],"effect":["{{ cooldown }} -> {{ cooldownNL }}","{{ baseresists }} -> {{ baseresistsNL }}"]},"maxrank":5,"cooldown":[22,21,20,19,18],"cooldownBurn":"22/21/20/19/18","cost":[60,60,60,60,60],"costBurn":"60","datavalues":{},"effect":[null,[0,0,0,0,0],[0,0,0,0,0],[0,0,0,0,0],[0,0,0,0,0],[0,0,0,0,0],[0,0,0,0,0],[0,0,0,0,0],[0,0,0,0,0],[0,0,0,0,0],[0,0,0,0,0]],"effectBurn":[null,"0","0","0","0","0","0","0","0","0","0"],"vars":[],"costType":" de {{ abilityresourcename }}","maxammo":"-1","range":[0,0,0,0,0],"rangeBurn":"0","image":{"full":"GwenW.png","sprite":"spell4.png","group":"spell","x":432,"y":48,"w":48,"h":48},"resource":"{{ cost }} de {{ abilityresourcename }}"},{"id":"GwenE","name":"Costura Letal","description":"Gwen se desplaza una corta distancia para luego obtener velocidad de ataque, alcance de ataque y daño mágico <OnHit>al impacto</OnHit> durante unos segundos. Si impacta a un enemigo en ese tiempo, el enfriamiento de esta habilidad se restablece parcialmente. ","tooltip":"Gwen se desplaza y potencia sus ataques durante {{ buffduration }} seg.<br /><br />Los ataques potenciados obtienen un <attackSpeed>{{ bonusattackspeed }} de Velocidad de Ataque</attackSpeed>, <magicDamage>{{ onhitdamage }} de daño mágico</magicDamage> %i:OnHit% <OnHit>al impacto</OnHit>, {{ bonusattackrange }} de alcance y el primero en impactar a un enemigo restablece un {{ cdrefund*100 }}% del enfriamiento de esta habilidad.{{ spellmodifierdescriptionappend }}","leveltip":{"label":["Enfriamiento","Velocidad de ataque","Restauración porcentual de enfriamiento"],"effect":["{{ cooldown }} -> {{ cooldownNL }}","{{ baseattackspeed }}% -> {{ baseattackspeedNL }}%","{{ cdrefund*100.000000 }}% -> {{ cdrefundnl*100.000000 }}%"]},"maxrank":5,"cooldown":[13,12.5,12,11.5,11],"cooldownBurn":"13/12.5/12/11.5/11","cost":[35,35,35,35,35],"costBurn":"35","datavalues":{},"effect":[null,[0,0,0,0,0],[0,0,0,0,0],[0,0,0,0,0],[0,0,0,0,0],[0,0,0,0,0],[0,0,0,0,0],[0,0,0,0,0],[0,0,0,0,0],[0,0,0,0,0],[0,0,0,0,0]],"effectBurn":[null,"0","0","0","0","0","0","0","0","0","0"],"vars":[],"costType":" de {{ abilityresourcename }}","maxammo":"-1","range":[400,400,400,400,400],"rangeBurn":"400","image":{"full":"GwenE.png","sprite":"spell4.png","group":"spell","x":0,"y":96,"w":48,"h":48},"resource":"{{ cost }} de {{ abilityresourcename }}"},{"id":"GwenR","name":"Ráfaga de Agujas","description":"Gwen lanza una aguja que ralentiza, inflige daño mágico y aplica Mil Cortes a los campeones alcanzados. <br><br>Esta habilidad se puede lanzar hasta dos veces más. Cada lanzamiento arroja agujas adicionales e inflige más daño. Gwen debe impactar a un enemigo entre cada lanzamiento para desbloquear el siguiente. ","tooltip":"<spellActive>Primer lanzamiento:</spellActive> Lanza una aguja que inflige <magicDamage>{{ totaldamage }} de daño mágico</magicDamage>, <status>ralentiza</status> en un {{ initialslow*-100 }}% durante {{ debuffduration }} seg y aplica <spellName>Mil Cortes</spellName> a todos los enemigos alcanzados. Gwen puede <recast>volver a lanzar</recast> esta habilidad hasta 2 veces más en 6 seg ({{ lockouttime }} seg de Enfriamiento entre lanzamientos).<br /><br /><recast>Segundo lanzamiento:</recast> Dispara tres agujas para infligir <magicDamage>{{ totaldamage3 }} de daño mágico</magicDamage><br /><recast>Tercer lanzamiento:</recast> Dispara cinco agujas para infligir <magicDamage>{{ totaldamage5 }} de daño mágico</magicDamage>{{ spellmodifierdescriptionappend }}","leveltip":{"label":["Enfriamiento","Daño básico","Ralentización máx.","Ralentización"],"effect":["{{ cooldown }} -> {{ cooldownNL }}","{{ basedamage }} -> {{ basedamageNL }}","{{ initialslow*-100.000000 }}% -> {{ initialslownl*-100.000000 }}%","{{ subsequentslow*-100.000000 }}% -> {{ subsequentslownl*-100.000000 }}%"]},"maxrank":3,"cooldown":[120,100,80],"cooldownBurn":"120/100/80","cost":[100,100,100],"costBurn":"100","datavalues":{},"effect":[null,[0,0,0],[0,0,0],[0,0,0],[0,0,0],[0,0,0],[0,0,0],[0,0,0],[0,0,0],[0,0,0],[0,0,0]],"effectBurn":[null,"0","0","0","0","0","0","0","0","0","0"],"vars":[],"costType":" de {{ abilityresourcename }}","maxammo":"-1","range":[1200,1200,1200],"rangeBurn":"1200","image":{"full":"GwenR.png","sprite":"spell4.png","group":"spell","x":48,"y":96,"w":48,"h":48},"resource":"{{ cost }} de {{ abilityresourcename }}"}],"passive":{"name":"Mil Cortes","description":"Los ataques de Gwen infligen daño mágico adicional según la vida de los objetivos. Se cura una parte del daño que inflige a campeones con este efecto. ","image":{"full":"Gwen_Passive.png","sprite":"passive1.png","group":"passive","x":0,"y":48,"w":48,"h":48}},"recommended":[]}}}