{"type":"champion","format":"standAloneComplex","version":"14.3.1","data":{"Hecarim":{"id":"Hecarim","key":"120","name":"Hecarim","title":"la Sombra de la Guerra","image":{"full":"Hecarim.png","sprite":"champion1.png","group":"champion","x":48,"y":48,"w":48,"h":48},"skins":[{"id":"120000","num":0,"name":"default","chromas":false},{"id":"120001","num":1,"name":"Hecarim Caballero Sangriento","chromas":false},{"id":"120002","num":2,"name":"Hecarim Segador de Almas","chromas":false},{"id":"120003","num":3,"name":"El Hecarim sin Cabeza","chromas":false},{"id":"120004","num":4,"name":"Hecarim de Arcadia","chromas":false},{"id":"120005","num":5,"name":"Hecarim Bosqueviejo","chromas":false},{"id":"120006","num":6,"name":"Hecarim Rompemundos","chromas":false},{"id":"120007","num":7,"name":"Hecarim Lancero Z","chromas":false},{"id":"120008","num":8,"name":"Hecarim el Forajido","chromas":true},{"id":"120014","num":14,"name":"Hecarim Caballería Cósmica","chromas":true},{"id":"120022","num":22,"name":"Hecarim Arcana","chromas":true},{"id":"120031","num":31,"name":"Hecarim Favor del Invierno","chromas":true}],"lore":"Hecarim es una fusión espectral de un hombre y una bestia condenada a llevar las almas de los vivos por toda la eternidad. Cuando las Islas Bendecidas cayeron en oscuridad, este orgulloso caballero fue arrasado por la destructiva energía de la Ruina junto a su caballería y sus monturas. Ahora, cuando la Niebla Negra se esparce por Runaterra, él encabeza la devastadora carga, se deleita en la matanza que causa y aplasta al enemigo bajo sus pezuñas acorazadas.","blurb":"Hecarim es una fusión espectral de un hombre y una bestia condenada a llevar las almas de los vivos por toda la eternidad. Cuando las Islas Bendecidas cayeron en oscuridad, este orgulloso caballero fue arrasado por la destructiva energía de la Ruina...","allytips":["Espíritu del Terror restaura Vida cuando los enemigos cercanos sufren daño (incluido el infligido por sus aliados). Es recomendable usarlo en los combates importantes para maximizar las posibilidades de supervivencia de Hecarim.","Carga Devastadora inflige más daño cuanto mayor sea la distancia recorrida. Se puede maximizar este daño usando Avalancha de Sombras o hechizos de invocador como Fantasmal o Destello."],"enemytips":["Con Espíritu del Terror, Hecarim obtiene vida de los enemigos cercanos pero le falta resistencia, usa daño súbito.","La habilidad definitiva de Hecarim hace que sus oponentes huyan aterrorizados. Disemínalos para reducir sus fuerzas en el combate."],"tags":["Fighter","Tank"],"partype":"Maná","info":{"attack":8,"defense":6,"magic":4,"difficulty":6},"stats":{"hp":625,"hpperlevel":99,"mp":280,"mpperlevel":40,"movespeed":345,"armor":32,"armorperlevel":5.45,"spellblock":32,"spellblockperlevel":2.05,"attackrange":175,"hpregen":7,"hpregenperlevel":0.75,"mpregen":7,"mpregenperlevel":0.8,"crit":0,"critperlevel":0,"attackdamage":66,"attackdamageperlevel":3.7,"attackspeedperlevel":2.5,"attackspeed":0.67},"spells":[{"id":"HecarimRapidSlash","name":"Ataque de Furia","description":"Hecarim golpea a los enemigos cercanos y les inflige daño físico. Si Hecarim inflige daño a por lo menos un enemigo, aumenta el daño y disminuye el enfriamiento de los lanzamientos subsecuentes de Ataque de Furia.","tooltip":"Hecarim golpea a los enemigos cercanos por <physicalDamage>{{ damage }} de daño físico</physicalDamage>. Si esta habilidad impacta, obtiene una acumulación que disminuye su Enfriamiento en {{ rampagecooldownreduction }} seg y aumenta su daño un {{ rampagebonusdamageperc }}% durante {{ e6 }} seg. Se acumula hasta {{ e2 }} veces.<br />{{ spellmodifierdescriptionappend }}","leveltip":{"label":["Daño","Costo de maná"],"effect":["{{ basedamage }} -> {{ basedamageNL }}","{{ cost }} -> {{ costNL }}"]},"maxrank":5,"cooldown":[4,4,4,4,4],"cooldownBurn":"4","cost":[28,26,24,22,20],"costBurn":"28/26/24/22/20","datavalues":{},"effect":[null,[0,0,0,0,0],[3,3,3,3,3],[1,1,1,1,1],[3,3,3,3,3],[60,60,60,60,60],[8,8,8,8,8],[0,0,0,0,0],[0,0,0,0,0],[0,0,0,0,0],[0,0,0,0,0]],"effectBurn":[null,"0","3","1","3","60","8","0","0","0","0"],"vars":[],"costType":" de {{ abilityresourcename }}","maxammo":"-1","range":[350,350,350,350,350],"rangeBurn":"350","image":{"full":"HecarimRapidSlash.png","sprite":"spell4.png","group":"spell","x":96,"y":96,"w":48,"h":48},"resource":"{{ cost }} de {{ abilityresourcename }}"},{"id":"HecarimW","name":"Espíritu del Terror","description":"Hecarim obtiene Armadura y Resistencia Mágica. Hecarim inflige daño mágico a los enemigos cercanos y obtiene una cantidad de vida igual a un porcentaje de cualquier daño que sufran esos enemigos.","tooltip":"Hecarim inflige <magicDamage>{{ totaldamage }} de daño mágico</magicDamage> a lo largo de {{ buffduration }} seg a los enemigos cercanos. <br /><br />Hecarim obtiene <passive>{{ resistamount }}</passive> <scaleArmor>Armadura</scaleArmor> y <scaleMR>Resistencia Mágica</scaleMR> y se cura un <healing>{{ leechamount }}% del daño</healing> que los enemigos cercanos reciben de Hecarim y un <healing>{{ allytooltipleachvalue }}% del daño</healing> recibido de sus aliados.{{ spellmodifierdescriptionappend }}","leveltip":{"label":["Enfriamiento","Daño","Resistencias adicionales","Límite de curación","Costo de @AbilityResourceName@"],"effect":["{{ cooldown }} -> {{ cooldownNL }}","{{ damage }} -> {{ damageNL }}","{{ resistamount }} -> {{ resistamountNL }}","{{ minionhealcap }} -> {{ minionhealcapNL }}","{{ cost }} -> {{ costNL }}"]},"maxrank":5,"cooldown":[16,15.5,15,14.5,14],"cooldownBurn":"16/15.5/15/14.5/14","cost":[50,55,60,65,70],"costBurn":"50/55/60/65/70","datavalues":{},"effect":[null,[0,0,0,0,0],[0,0,0,0,0],[0,0,0,0,0],[0,0,0,0,0],[0,0,0,0,0],[0,0,0,0,0],[0,0,0,0,0],[0,0,0,0,0],[0,0,0,0,0],[0,0,0,0,0]],"effectBurn":[null,"0","0","0","0","0","0","0","0","0","0"],"vars":[],"costType":" de {{ abilityresourcename }}","maxammo":"-1","range":[525,525,525,525,525],"rangeBurn":"525","image":{"full":"HecarimW.png","sprite":"spell4.png","group":"spell","x":144,"y":96,"w":48,"h":48},"resource":"{{ cost }} de {{ abilityresourcename }}"},{"id":"HecarimRamp","name":"Carga Devastadora","description":"Hecarim obtiene un aumento de velocidad de movimiento y puede atravesar unidades durante un breve periodo. Su siguiente ataque lanza al objetivo hacia atrás e inflige daño físico adicional con base en la distancia recorrida tras activar la habilidad.","tooltip":"Hecarim se vuelve Fantasma y obtiene un <speed>{{ minmovespeed*100 }}% de Velocidad de Movimiento</speed>, que aumenta a un <speed>{{ maxmovespeed*100 }}%</speed> a lo largo de {{ e5 }} seg. Su próximo ataque <status>lanza hacia atrás</status> e inflige de <physicalDamage>{{ mindamage }}</physicalDamage> a <physicalDamage>{{ maxdamage }} de daño físico</physicalDamage>. El daño y la distancia del <status>lanzamiento hacia atrás</status> aumentan con la distancia recorrida durante esta habilidad.{{ spellmodifierdescriptionappend }}","leveltip":{"label":["Daño mínimo","Daño máximo"],"effect":["{{ minbasedamage }} -> {{ minbasedamageNL }}","{{ maxbasedamage }} -> {{ maxbasedamageNL }}"]},"maxrank":5,"cooldown":[18,18,18,18,18],"cooldownBurn":"18","cost":[60,60,60,60,60],"costBurn":"60","datavalues":{},"effect":[null,[150,150,150,150,150],[350,350,350,350,350],[60,90,120,150,180],[30,45,60,75,90],[4,4,4,4,4],[0.65,0.65,0.65,0.65,0.65],[1200,1200,1200,1200,1200],[0.25,0.25,0.25,0.25,0.25],[2.5,2.5,2.5,2.5,2.5],[0,0,0,0,0]],"effectBurn":[null,"150","350","60/90/120/150/180","30/45/60/75/90","4","0.65","1200","0.25","2.5","0"],"vars":[],"costType":" de {{ abilityresourcename }}","maxammo":"-1","range":[300,300,300,300,300],"rangeBurn":"300","image":{"full":"HecarimRamp.png","sprite":"spell4.png","group":"spell","x":192,"y":96,"w":48,"h":48},"resource":"{{ cost }} de {{ abilityresourcename }}"},{"id":"HecarimUlt","name":"Avalancha de Sombras","description":"Hecarim invoca a jinetes espectrales y carga, infligiendo daño mágico en línea recta. Hecarim crea una onda de choque al terminar su carga que hace que los enemigos cercanos huyan aterrorizados.","tooltip":"Hecarim invoca jinetes espectrales y carga hacia adelante, lo que inflige <magicDamage>{{ damagedone }} de daño mágico</magicDamage>. Hecarim libera una onda de choque al final de la carga que <status>aterroriza</status> de {{ feardurationmin }} a {{ feardurationmax }} seg y aumenta según la distancia de la carga.{{ spellmodifierdescriptionappend }}","leveltip":{"label":["Daño","Enfriamiento"],"effect":["{{ basedamage }} -> {{ basedamageNL }}","{{ cooldown }} -> {{ cooldownNL }}"]},"maxrank":3,"cooldown":[140,120,100],"cooldownBurn":"140/120/100","cost":[100,100,100],"costBurn":"100","datavalues":{},"effect":[null,[150,250,350],[0.75,0.75,0.75],[1.5,1.5,1.5],[1100,1100,1100],[1000,1000,1000],[950,950,950],[0,0,0],[0,0,0],[0,0,0],[0,0,0]],"effectBurn":[null,"150/250/350","0.75","1.5","1100","1000","950","0","0","0","0"],"vars":[],"costType":" de {{ abilityresourcename }}","maxammo":"-1","range":[50000,50000,50000],"rangeBurn":"50000","image":{"full":"HecarimUlt.png","sprite":"spell4.png","group":"spell","x":240,"y":96,"w":48,"h":48},"resource":"{{ cost }} de {{ abilityresourcename }}"}],"passive":{"name":"Sendero de Guerra","description":"Hecarim obtiene daño de ataque equivalente a un porcentaje de su velocidad de movimiento adicional.","image":{"full":"Hecarim_Passive.png","sprite":"passive1.png","group":"passive","x":48,"y":48,"w":48,"h":48}},"recommended":[]}}}