{"type":"champion","format":"standAloneComplex","version":"14.3.1","data":{"Heimerdinger":{"id":"Heimerdinger","key":"74","name":"Heimerdinger","title":"el Venerable Inventor","image":{"full":"Heimerdinger.png","sprite":"champion1.png","group":"champion","x":96,"y":48,"w":48,"h":48},"skins":[{"id":"74000","num":0,"name":"default","chromas":false},{"id":"74001","num":1,"name":"Heimerdinger Alienígena","chromas":false},{"id":"74002","num":2,"name":"Heimerdinger Estallido","chromas":false},{"id":"74003","num":3,"name":"Heimerdinger Talleres Piltóver","chromas":false},{"id":"74004","num":4,"name":"Nieverdinger","chromas":false},{"id":"74005","num":5,"name":"Heimerdinger Traje NBQ","chromas":false},{"id":"74006","num":6,"name":"Heimerdinger Entrenador de Dragones","chromas":false},{"id":"74015","num":15,"name":"Heimerdinger Veraniego","chromas":false},{"id":"74024","num":24,"name":"Heimieldinger","chromas":false}],"lore":"El Profesor Cecil B. Heimerdinger, brillante y a veces excéntrico científico yordle, es uno de los inventores más innovadores que Piltóver ha conocido. Implacable en su trabajo hasta llegar a niveles de neurótica obsesión, se alegra en poder contestar las preguntas más impenetrables del universo. Aunque sus teorías a veces parecieran esotéricas, Heimerdinger ha construido varias de las piezas de maquinaría más milagrosas y letales de Piltóver, y constantemente interviene sus invenciones para hacerlas más eficientes.","blurb":"El Profesor Cecil B. Heimerdinger, brillante y a veces excéntrico científico yordle, es uno de los inventores más innovadores que Piltóver ha conocido. Implacable en su trabajo hasta llegar a niveles de neurótica obsesión, se alegra en poder contestar...","allytips":["El posicionamiento de las torretas puede resultar decisivo en una batalla. Lo mejor suele ser colocarlas de manera que se soporten unas a otras, pero si el enemigo dispone de mucho daño de área, las torretas no van a durar mucho. Colocar torretas en la maleza puede otorgarte la ventaja del ataque sorpresa.","La supervivencia de Heimerdinger radica en gran medida en su Granada de Tormenta de Electrones. La ralentización y el aturdimiento mantienen a raya a sus enemigos el tiempo suficiente como para hacerles daño, pero también son su primera línea de defensa contra ataques sorpresa.","Dispersar los Microcohetes Hextech suele ser de gran ayuda para aumentar el daño y la eficacia contra varios objetivos, pero concentrarlo todo en el mismo objetivo es lo que realmente desnivela el combate."],"enemytips":["Es más recomendable destruir todas las torretas de Heimerdinger al mismo tiempo con la ayuda de súbditos que luchar contra ellas de a una.","Presta mucha atención a la ¡Actualización! de Heimerdinger, ya que puede usarla para resolver la mayoría de los problemas en los que se mete. En cuanto se termine su definitiva, ¡ve por él!"],"tags":["Mage","Support"],"partype":"Maná","info":{"attack":2,"defense":6,"magic":8,"difficulty":8},"stats":{"hp":558,"hpperlevel":101,"mp":385,"mpperlevel":20,"movespeed":340,"armor":19,"armorperlevel":4.2,"spellblock":30,"spellblockperlevel":1.3,"attackrange":550,"hpregen":7,"hpregenperlevel":0.55,"mpregen":8,"mpregenperlevel":0.8,"crit":0,"critperlevel":0,"attackdamage":56,"attackdamageperlevel":2.7,"attackspeedperlevel":1.36,"attackspeed":0.658},"spells":[{"id":"HeimerdingerQ","name":"Torreta Evolutiva H-28 G","description":"Heimerdinger despliega una torreta de fuego rápido equipada con un rayo secundario que atraviesa a los enemigos (inflige la mitad de daño a torres).","tooltip":"Heimerdinger construye una <keywordMajor>torreta</keywordMajor> que ataca a los enemigos cercanos. Heimerdinger puede tener {{ maxturrets }} torretas activas a la vez. Las <keywordMajor>torretas</keywordMajor> acumulan carga lentamente. Al tener el máximo de carga, lanzan un ataque más fuerte.<br /><br />Si Heimerdinger se aleja demasiado, sus <keywordMajor>torretas</keywordMajor> se desactivarán tras 8 seg.<br /><br />Esta habilidad tiene {{ maxkits }} cargas.{{ spellmodifierdescriptionappend }}","leveltip":{"label":["Daño de cañón","Daño de rayo"],"effect":["{{ basedamage }} -> {{ basedamageNL }}","{{ basedamagebeam }} -> {{ basedamagebeamNL }}"]},"maxrank":5,"cooldown":[1,1,1,1,1],"cooldownBurn":"1","cost":[20,20,20,20,20],"costBurn":"20","datavalues":{},"effect":[null,[0,0,0,0,0],[0,0,0,0,0],[0,0,0,0,0],[0,0,0,0,0],[900,900,900,900,900],[0,0,0,0,0],[0,0,0,0,0],[0,0,0,0,0],[0,0,0,0,0],[0,0,0,0,0]],"effectBurn":[null,"0","0","0","0","900","0","0","0","0","0"],"vars":[],"costType":" Kit de Torreta y {{ cost }} de Maná","maxammo":"3","range":[350,350,350,350,350],"rangeBurn":"350","image":{"full":"HeimerdingerQ.png","sprite":"spell4.png","group":"spell","x":288,"y":96,"w":48,"h":48},"resource":"{{ kitcost }} Kit de Torreta y {{ cost }} de Maná"},{"id":"HeimerdingerW","name":"Microcohetes Hextech","description":"Heimerdinger dispara proyectiles de largo alcance que convergen en su cursor.","tooltip":"Heimerdinger desata una descarga de {{ rockets }} cohetes que inflige <magicDamage>{{ damage }} de daño mágico</magicDamage> al primer enemigo alcanzado. Los cohetes adicionales infligen daño reducido.<br /><br />Daño máximo: <magicDamage>{{ totaldamage }} de daño mágico</magicDamage>.<br /><br />Las <keywordMajor>torretas</keywordMajor> cercanas obtienen un 20% de carga por cada cohete que impacte a un campeón.{{ spellmodifierdescriptionappend }}","leveltip":{"label":["Enfriamiento","Daño","Costo de @AbilityResourceName@"],"effect":["{{ cooldown }} -> {{ cooldownNL }}","{{ basedamage }} -> {{ basedamageNL }}","{{ cost }} -> {{ costNL }}"]},"maxrank":5,"cooldown":[11,10,9,8,7],"cooldownBurn":"11/10/9/8/7","cost":[50,60,70,80,90],"costBurn":"50/60/70/80/90","datavalues":{},"effect":[null,[60,90,120,150,180],[12,18,24,30,36],[25,25,25,25,25],[20,20,20,20,20],[30,30,30,30,30],[108,162,216,270,324],[5,5,5,5,5],[0,0,0,0,0],[0,0,0,0,0],[0,0,0,0,0]],"effectBurn":[null,"60/90/120/150/180","12/18/24/30/36","25","20","30","108/162/216/270/324","5","0","0","0"],"vars":[],"costType":" de {{ abilityresourcename }}","maxammo":"-1","range":[1325,1325,1325,1325,1325],"rangeBurn":"1325","image":{"full":"HeimerdingerW.png","sprite":"spell4.png","group":"spell","x":336,"y":96,"w":48,"h":48},"resource":"{{ cost }} de {{ abilityresourcename }}"},{"id":"HeimerdingerE","name":"Granada de Tormenta de Electrones CH-2","description":"Heimerdinger arroja una granada en la zona objetivo que inflige daño las unidades enemigas, además de aturdir a cualquiera que alcance directamente y de ralentizar a las unidades cercanas.","tooltip":"Heimerdinger arroja una granada que inflige <magicDamage>{{ damage }} de daño mágico</magicDamage> en un área y <status>ralentiza</status> un {{ slowpercent.0*100 }}% durante {{ slowduration }} seg. Los enemigos en el centro también quedan <status>aturdidos</status> durante {{ stunduration }} seg.<br /><br />Alcanzar a un campeón carga completamente las <keywordMajor>torretas</keywordMajor> cercanas.{{ spellmodifierdescriptionappend }}","leveltip":{"label":["Daño"],"effect":["{{ basedamage }} -> {{ basedamageNL }}"]},"maxrank":5,"cooldown":[11,11,11,11,11],"cooldownBurn":"11","cost":[85,85,85,85,85],"costBurn":"85","datavalues":{},"effect":[null,[0,0,0,0,0],[0,0,0,0,0],[0,0,0,0,0],[0,0,0,0,0],[0,0,0,0,0],[0,0,0,0,0],[0,0,0,0,0],[0,0,0,0,0],[0,0,0,0,0],[0,0,0,0,0]],"effectBurn":[null,"0","0","0","0","0","0","0","0","0","0"],"vars":[],"costType":" de {{ abilityresourcename }}","maxammo":"-1","range":[970,970,970,970,970],"rangeBurn":"970","image":{"full":"HeimerdingerE.png","sprite":"spell4.png","group":"spell","x":384,"y":96,"w":48,"h":48},"resource":"{{ cost }} de {{ abilityresourcename }}"},{"id":"HeimerdingerR","name":"¡ACTUALIZACIÓN!","description":"Heimerdinger inventa una mejora con la que aumenta los efectos de su próximo hechizo. ","tooltip":"Heimerdinger mejora su próxima habilidad no definitiva.<br /><br /><spellName>Torreta de Élite H-28Q:</spellName> Coloca una <keywordMajor>torreta</keywordMajor> durante 8 seg que no cuenta para el máximo de torretas de Heimerdinger, inflige <magicDamage>{{ qultdamage }} de daño mágico</magicDamage> por cada disparo y <magicDamage>{{ qultdamagebeam }} de daño mágico</magicDamage> por cada disparo cargado. Sus ataques infligen daño en un área, <status>ralentizan</status> un 25% durante 2 seg y son inmunes al control de masas.<br /><br /><spellName>Enjambre de Cohetes Hextech:</spellName> Dispara 4 oleadas de cohetes. Cada una inflige <magicDamage>{{ wultdamage }} de daño mágico</magicDamage>. Los campeones y monstruos de la jungla impactados por cohetes adicionales recibirán daño reducido y los súbditos recibirán daño aumentado. Daño máximo: <magicDamage>{{ wulttotaldamage }} de daño mágico</magicDamage>. <br /><br /><spellName>Granada de Relámpagos CH-3X:</spellName> Arroja una granada que rebota y desata tres descargas que infligen <magicDamage>{{ eultdamage }} de daño mágico</magicDamage>. Las áreas de <status>aturdimiento</status> y <status>ralentización</status> se vuelven más grandes.<br /><br /><recast>Relanzamiento:</recast> Cancela esta habilidad.{{ spellmodifierdescriptionappend }}","leveltip":{"label":["Enfriamiento","Daño de cañón de Torreta de Élite","Daño de rayo de torreta","Daño de Enjambre de Cohetes","Daño máx. de Enjambre de Cohetes","Daño de Granada de Relámpagos"],"effect":["{{ cooldown }} -> {{ cooldownNL }}","{{ qultbasedamage }} -> {{ qultbasedamageNL }}","{{ qultbasedamagebeam }} -> {{ qultbasedamagebeamNL }}","{{ wultbasedamage }} -> {{ wultbasedamageNL }}","{{ wulttotalbasedamage }} -> {{ wulttotalbasedamageNL }}","{{ eultbasedamage }} -> {{ eultbasedamageNL }}"]},"maxrank":3,"cooldown":[100,85,70],"cooldownBurn":"100/85/70","cost":[100,100,100],"costBurn":"100","datavalues":{},"effect":[null,[100,140,180],[80,80,80],[1.5,1.5,1.5],[0.12,0.12,0.12],[500,690,865],[0.45,0.45,0.45],[80,100,120],[135,180,225],[28,39,49],[150,250,350]],"effectBurn":[null,"100/140/180","80","1.5","0.12","500/690/865","0.45","80/100/120","135/180/225","28/39/49","150/250/350"],"vars":[],"costType":" de {{ abilityresourcename }}","maxammo":"-1","range":[1,1,1],"rangeBurn":"1","image":{"full":"HeimerdingerR.png","sprite":"spell4.png","group":"spell","x":432,"y":96,"w":48,"h":48},"resource":"{{ cost }} de {{ abilityresourcename }}"}],"passive":{"name":"Afinidad Hextech","description":"Otorga Velocidad de Movimiento al estar cerca de torres aliadas y torretas colocadas por Heimerdinger.","image":{"full":"Heimerdinger_Passive.png","sprite":"passive1.png","group":"passive","x":96,"y":48,"w":48,"h":48}},"recommended":[]}}}