{"type":"champion","format":"standAloneComplex","version":"14.3.1","data":{"Hwei":{"id":"Hwei","key":"910","name":"Hwei","title":"el Visionario","image":{"full":"Hwei.png","sprite":"champion1.png","group":"champion","x":144,"y":48,"w":48,"h":48},"skins":[{"id":"910000","num":0,"name":"default","chromas":false},{"id":"910001","num":1,"name":"Hwei Favor del Invierno","chromas":true}],"lore":"Hwei es un pintor melancólico que crea arte extraordinario para enfrentar a los criminales de Jonia y consolar a las víctimas. Bajo su melancolía se esconde una mente desgarrada y sensible, atormentada tanto por las intensas visiones de su imaginación como por los horripilantes recuerdos de la masacre de su templo. Hwei busca comprender esa luz y esa oscuridad, lo que inevitablemente le conduce hacia el artista que lo deshizo. Con pincel y paleta, Hwei da forma a un sinfín de posibilidades mientras se acerca cada vez más a obtener un cierre o a sumirse en la desesperación.","blurb":"Hwei es un pintor melancólico que crea arte extraordinario para enfrentar a los criminales de Jonia y consolar a las víctimas. Bajo su melancolía se esconde una mente desgarrada y sensible, atormentada tanto por las intensas visiones de su imaginación...","allytips":["Cálmate, respira y concéntrate.","Cada pincelada requiere precisión e intención."],"enemytips":["Hwei debe predecir tu posicionamiento y necesita tiempo para lanzar, así que intenta sorprenderlo.","El rayo de Hwei es letal, pero lento; inflige más daño cuando estás aislado de tu equipo o cuando no puedes moverte.","Una vez que Hwei pinta un hechizo de Tormento, es vulnerable, por un momento, a ataques a corta distancia."],"tags":["Mage"],"partype":"Maná","info":{"attack":7,"defense":1,"magic":8,"difficulty":9},"stats":{"hp":580,"hpperlevel":109,"mp":480,"mpperlevel":30,"movespeed":330,"armor":21,"armorperlevel":4.7,"spellblock":30,"spellblockperlevel":1.3,"attackrange":550,"hpregen":5.5,"hpregenperlevel":0.55,"mpregen":7.5,"mpregenperlevel":0.75,"crit":0,"critperlevel":0,"attackdamage":54,"attackdamageperlevel":3.3,"attackspeedperlevel":2.5,"attackspeed":0.69},"spells":[{"id":"HweiQ","name":"Tema: Desastre","description":"Hwei imagina una serie de desastres, lo que le permite pintar un golpe devastador.<br><br>Esta habilidad reemplaza las habilidades de Hwei por habilidades que infligen daño: Fuego Devastador, Rayo Destrozador y Fisura Magma.","tooltip":"Hwei pinta visiones de un desastre que infligen mucho daño a los enemigos. <br /><br /><spellName>Fuego Devastador</spellName><br />Hwei lanza una veloz bola de fuego que explota contra el primer enemigo al que impacta, lo que inflige <magicDamage>{{ tooltip_qqdamage }} más un {{ tooltip_qqbonusdamage }}% de su Vida Máxima como daño mágico</magicDamage>. <br /><br /><spellName>Rayo Destrozador</spellName><br />Hwei ataca a grandes distancias con un rayo de lanzamiento retardado que inflige <magicDamage>{{ tooltip_qwdamage }} de daño mágico</magicDamage>. Impactar a un objetivo aislado o <status>inmovilizado</status> aumenta el daño hasta <magicDamage>{{ tooltip_qwbonusdamage }} de daño mágico</magicDamage> según la vida faltante del objetivo. <br /><br /><spellName>Fisura Magma</spellName><br />Hwei desata una senda de erupciones que inflige <magicDamage>{{ tooltip_qedamage }} de daño mágico</magicDamage> en un área. También deja charcos de lava que <status>ralentizan</status> a los enemigos en un {{ spell.hweiqe:slowpercent }}% e infligen <magicDamage>{{ tooltip_qedamagepersecond }} de daño mágico cada seg</magicDamage> durante {{ spell.hweiqe:duration }} seg.{{ spellmodifierdescriptionappend }}","leveltip":{"label":["<spellName>Fuego Devastador</spellName> | Daño","<spellName>Fuego Devastador</spellName> | Daño de vida máxima","<spellName>Rayo Destrozador</spellName> | Daño","<spellName>Rayo Destrozador</spellName> | Daño adicional máximo","<spellName>Fisura Magma</spellName> | Daño de explosión","<spellName>Fisura Magma</spellName> | Daño por segundo","Enfriamiento","Costo de @AbilityResourceName@"],"effect":["{{ tooltip_qqbasedamage }} -> {{ tooltip_qqbasedamageNL }}","{{ tooltip_qqbonusdamage }}% -> {{ tooltip_qqbonusdamageNL }}%","{{ tooltip_qwbasedamage }} -> {{ tooltip_qwbasedamageNL }}","{{ tooltip_qwbonusdamagemult*100.000000 }}% -> {{ tooltip_qwbonusdamagemultnl*100.000000 }}%","{{ tooltip_qebasedamage }} -> {{ tooltip_qebasedamageNL }}","{{ tooltip_qebasedps }} -> {{ tooltip_qebasedpsNL }}","{{ cooldown }} -> {{ cooldownNL }}","{{ cost }} -> {{ costNL }}"]},"maxrank":5,"cooldown":[10,9,8,7,6],"cooldownBurn":"10/9/8/7/6","cost":[80,90,100,110,120],"costBurn":"80/90/100/110/120","datavalues":{},"effect":[null,[0,0,0,0,0],[0,0,0,0,0],[0,0,0,0,0],[0,0,0,0,0],[0,0,0,0,0],[0,0,0,0,0],[0,0,0,0,0],[0,0,0,0,0],[0,0,0,0,0],[0,0,0,0,0]],"effectBurn":[null,"0","0","0","0","0","0","0","0","0","0"],"vars":[],"costType":" de {{ abilityresourcename }}","maxammo":"-1","range":[0,0,0,0,0],"rangeBurn":"0","image":{"full":"HweiQ.png","sprite":"spell4.png","group":"spell","x":0,"y":144,"w":48,"h":48},"resource":"{{ cost }} de {{ abilityresourcename }}"},{"id":"HweiW","name":"Tema: Serenidad","description":"Hwei imagina una serie de serenidades, lo que le permite pintar escenarios motivadores.<br><br>Esta habilidad reemplaza las habilidades de Hwei con habilidades de utilidad: Corriente Fugaz, Estanque del Reflejo y Luces Provocadoras.","tooltip":"Hwei pinta visiones de serenidad que brindan utilidad para sí mismo y para los campeones aliados.<br /><br /><spellName>Corriente Fugaz</spellName><br />Hwei lanza una corriente rápida en línea recta que les otorga a los aliados <speed>{{ tooltip_wqmovespeed }} de Velocidad de Movimiento</speed>.<br /><br /><spellName>Estanque del Reflejo</spellName><br />Hwei forma un estanque protector que otorga <shield>{{ tooltip_wwshieldamount }} de escudo</shield> a lo largo del tiempo a los aliados que estén dentro del mismo. El escudo se reduce en un {{ spell.hweiww:allymod*100 }}% para los aliados.<br /><br /><spellName>Luces Provocadoras</spellName><br />Hwei crea tres luces giratorias que potencian sus siguientes tres habilidades o ataques, lo que inflige <magicDamage>{{ tooltip_weonhitdamage }} de daño mágico</magicDamage> adicional y restaura <scaleMana>{{ tooltip_weonhitmanarestore }} de Maná</scaleMana> por cada una.{{ spellmodifierdescriptionappend }}","leveltip":{"label":["<spellName>Corriente Fugaz</spellName> | Velocidad de movimiento","<spellName>Corriente Fugaz</spellName> | Duración","<spellName>Estanque del Reflejo</spellName> | Cantidad de escudo","<spellName>Luces Provocadoras</spellName> | Daño adicional","<spellName>Luces Provocadoras</spellName> | Restauración total de maná","Enfriamiento","Costo de maná"],"effect":["{{ tooltip_wqbasemovespeed }}% -> {{ tooltip_wqbasemovespeedNL }}%","{{ tooltip_wqareaduration }} -> {{ tooltip_wqareadurationNL }}","{{ tooltip_wwshieldamountbase }} -> {{ tooltip_wwshieldamountbaseNL }}","{{ tooltip_webaseonhitdamage }} -> {{ tooltip_webaseonhitdamageNL }}","{{ tooltip_weonhitmanarestore*3.000000 }} -> {{ tooltip_weonhitmanarestorenl*3.000000 }}","{{ cooldown }} -> {{ cooldownNL }}","{{ cost }} -> {{ costNL }}"]},"maxrank":5,"cooldown":[18,17.5,17,16.5,16],"cooldownBurn":"18/17.5/17/16.5/16","cost":[90,95,100,105,110],"costBurn":"90/95/100/105/110","datavalues":{},"effect":[null,[0,0,0,0,0],[0,0,0,0,0],[0,0,0,0,0],[0,0,0,0,0],[0,0,0,0,0],[0,0,0,0,0],[0,0,0,0,0],[0,0,0,0,0],[0,0,0,0,0],[0,0,0,0,0]],"effectBurn":[null,"0","0","0","0","0","0","0","0","0","0"],"vars":[],"costType":" de {{ abilityresourcename }}","maxammo":"-1","range":[0,0,0,0,0],"rangeBurn":"0","image":{"full":"HweiW.png","sprite":"spell4.png","group":"spell","x":48,"y":144,"w":48,"h":48},"resource":"{{ cost }} de {{ abilityresourcename }}"},{"id":"HweiE","name":"Tema: Tormento","description":"Hwei imagina una serie de tormentos, lo que le permite pintar rostros que pueden controlar a otros.<br><br>Esta habilidad reemplaza las habilidades de Hwei con otras de control de masas: Semblante Sombrío, Mirada del Abismo y Fauces Trituradoras.","tooltip":"Hwei pinta visiones de tormento que controlan a los enemigos.<br /><br /><spellName>Semblante Sombrío</spellName><br />Hwei lanza una cara terrorífica que hace que el primer enemigo alcanzado <status>huya</status> durante {{ tooltip_eqfleeduration }} seg(s) y le inflige <magicDamage>{{ tooltip_eqdamage }} de daño mágico</magicDamage>.<br /><br /><spellName>Mirada del Abismo</spellName><br />Hwei forma un ojo que persiste y proporciona visión. El ojo fija al primer campeón enemigo que entre en su campo de visión y le lanza un proyectil seguidor que <status>inmoviliza</status> al primer enemigo impactado durante {{ tooltip_ewrootduration }} seg, lo que inflige <magicDamage>{{ tooltip_ewdamage }} de daño mágico</magicDamage>.<br /><br /><spellName>Fauces Trituradoras</spellName><br />Hwei pinta unas fauces en una ubicación objetivo que <status>arrastran</status> a los enemigos hacia el centro, lo que les inflige <magicDamage>{{ tooltip_eedamage }} de daño mágico</magicDamage> y <status>ralentiza</status> a los enemigos atrapados en un {{ tooltip_eeslowamount }}%, que decae a lo largo de 1.25 seg.{{ spellmodifierdescriptionappend }}","leveltip":{"label":["<spellName>Semblante Sombrío</spellName> | Daño","<spellName>Semblante Sombrío</spellName> | Duración","<spellName>Mirada del Abismo</spellName> | Daño","<spellName>Mirada del Abismo</spellName> | Duración de inmovilización","<spellName>Fauces Trituradoras</spellName> | Daño","<spellName>Fauces Trituradoras</spellName> | Cantidad de ralentización","Enfriamiento","Costo de maná"],"effect":["{{ tooltip_eqbasedamage }} -> {{ tooltip_eqbasedamageNL }}","{{ tooltip_eqfleeduration }} -> {{ tooltip_eqfleedurationNL }}","{{ tooltip_ewbasedamage }} -> {{ tooltip_ewbasedamageNL }}","{{ tooltip_ewrootduration }} -> {{ tooltip_ewrootdurationNL }}","{{ tooltip_eebasedamage }} -> {{ tooltip_eebasedamageNL }}","{{ tooltip_eeslowamount }}% -> {{ tooltip_eeslowamountNL }}%","{{ cooldown }} -> {{ cooldownNL }}","{{ cost }} -> {{ costNL }}"]},"maxrank":5,"cooldown":[12,11.5,11,10.5,10],"cooldownBurn":"12/11.5/11/10.5/10","cost":[50,55,60,65,70],"costBurn":"50/55/60/65/70","datavalues":{},"effect":[null,[0,0,0,0,0],[0,0,0,0,0],[0,0,0,0,0],[0,0,0,0,0],[0,0,0,0,0],[0,0,0,0,0],[0,0,0,0,0],[0,0,0,0,0],[0,0,0,0,0],[0,0,0,0,0]],"effectBurn":[null,"0","0","0","0","0","0","0","0","0","0"],"vars":[],"costType":" de {{ abilityresourcename }}","maxammo":"-1","range":[0,0,0,0,0],"rangeBurn":"0","image":{"full":"HweiE.png","sprite":"spell4.png","group":"spell","x":96,"y":144,"w":48,"h":48},"resource":"{{ cost }} de {{ abilityresourcename }}"},{"id":"HweiR","name":"Desesperación en Espiral","description":"Hwei pinta una visión de desesperación absoluta. El primer campeón enemigo golpeado se convierte en el centro de una pintura que comienza a expandirse, ralentizando y dañando a los enemigos que alcanza. La visión explota tras alcanzar su tamaño máximo o cuando el campeón muere.","tooltip":"Hwei lanza una visión de desesperación pura que se adhiere a un campeón enemigo por {{ duration }} seg. La visión se expande con el tiempo, lo que aplica una <status>ralentización</status> del {{ slowpercentperstack }}% a los enemigos. Esto se acumula cada 0.25 seg, e inflige <magicDamage>{{ damageovertime }} de daño mágico por seg</magicDamage>. <br /><br />Al finalizar, la visión estalla, lo que inflige <magicDamage>{{ damage }} de daño mágico</magicDamage>.{{ spellmodifierdescriptionappend }}","leveltip":{"label":["Daño","Daño por segundo","Enfriamiento"],"effect":["{{ rbasedamage }} -> {{ rbasedamageNL }}","{{ basedamageovertime }} -> {{ basedamageovertimeNL }}","{{ cooldown }} -> {{ cooldownNL }}"]},"maxrank":3,"cooldown":[140,115,80],"cooldownBurn":"140/115/80","cost":[100,100,100],"costBurn":"100","datavalues":{},"effect":[null,[0,0,0],[0,0,0],[0,0,0],[0,0,0],[0,0,0],[0,0,0],[0,0,0],[0,0,0],[0,0,0],[0,0,0]],"effectBurn":[null,"0","0","0","0","0","0","0","0","0","0"],"vars":[],"costType":" de {{ abilityresourcename }}","maxammo":"-1","range":[1300,1300,1300],"rangeBurn":"1300","image":{"full":"HweiR.png","sprite":"spell4.png","group":"spell","x":144,"y":144,"w":48,"h":48},"resource":"{{ cost }} de {{ abilityresourcename }}"}],"passive":{"name":"Firma del Visionario","description":"Hwei prepara a los campeones enemigos que daña con sus habilidades para darles su toque final característico.<br><br>Impactar a un enemigo con un segundo hechizo de daño completa su firma y la deja debajo del enemigo. La firma detona luego de un breve instante, lo que inflige daño mágico a todos los enemigos dentro del alcance.","image":{"full":"HweiPassive.png","sprite":"passive1.png","group":"passive","x":144,"y":48,"w":48,"h":48}},"recommended":[]}}}