{"type":"champion","format":"standAloneComplex","version":"14.3.1","data":{"Illaoi":{"id":"Illaoi","key":"420","name":"Illaoi","title":"la Sacerdotisa del Kraken","image":{"full":"Illaoi.png","sprite":"champion1.png","group":"champion","x":192,"y":48,"w":48,"h":48},"skins":[{"id":"420000","num":0,"name":"default","chromas":false},{"id":"420001","num":1,"name":"Illaoi Portadora del Vacío","chromas":false},{"id":"420002","num":2,"name":"Illaoi Rebelde","chromas":true},{"id":"420010","num":10,"name":"Illaoi Invocadora Cósmica","chromas":true},{"id":"420018","num":18,"name":"Illaoi Luna de Nieve","chromas":true}],"lore":"El poderoso físico de Illaoi solo se ve disminuido por su indomable fe. Como profeta del Gran Kraken, ella usa un enorme ídolo dorado para arrebatarles el espíritu a sus enemigos y destrozar su percepción de la realidad. Todo aquel que desafíe a la ''Portadora de la Verdad de Nagakabouros'' descubrirá muy pronto que Illaoi jamás pelea sola: el dios de las Islas de las Serpiente combate a su lado.","blurb":"El poderoso físico de Illaoi solo se ve disminuido por su indomable fe. Como profeta del Gran Kraken, ella usa un enorme ídolo dorado para arrebatarles el espíritu a sus enemigos y destrozar su percepción de la realidad. Todo aquel que desafíe a la...","allytips":["Los Tentáculos son una inmensa fuente de poder. No pelees sin ellos.","Los espíritus heredan la vida de su objetivo actual. Si tu objetivo es crear un ","Recipiente",", intenta debilitar la vida de tu oponente para que puedas matar al espíritu con mayor facilidad.","La mejor forma de usar Salto de Fe es luego de un ataque fuerte o apenas alguien te ataque. Ten cuidado de ser el primero en luchar."],"enemytips":["Eliminar Tentáculos, siempre que sea posible, hará que puedas derrotar a Illaoi con mayor facilidad.","Cuando extraiga tu espíritu, pelea si es que puedes. Infligir daño a Illaoi reduce la duración del espíritu.","Evita que se agrupen para el Salto de Fe y así reducir el número de Tentáculos disponibles para Illaoi."],"tags":["Fighter","Tank"],"partype":"Maná","info":{"attack":8,"defense":6,"magic":3,"difficulty":4},"stats":{"hp":656,"hpperlevel":115,"mp":350,"mpperlevel":60,"movespeed":350,"armor":35,"armorperlevel":5,"spellblock":32,"spellblockperlevel":2.05,"attackrange":125,"hpregen":9.5,"hpregenperlevel":0.8,"mpregen":7.5,"mpregenperlevel":0.75,"crit":0,"critperlevel":0,"attackdamage":68,"attackdamageperlevel":5,"attackspeedperlevel":2.5,"attackspeed":0.625},"spells":[{"id":"IllaoiQ","name":"Tentáculo Aplastante","description":"Aumenta el daño infligido por los Tentáculos. Al activarse, Illaoi azota un Tentáculo que inflige daño físico.","tooltip":"<passive>Pasiva:</passive> Aumenta el daño de los <keywordMajor>Azotes</keywordMajor> un <physicalDamage>{{ tentacledamageamp*100 }}%</physicalDamage> (actualmente <physicalDamage>{{ f1 }} de daño físico</physicalDamage>).<br /><br /><active>Activa:</active> Illaoi usa su ídolo, lo que provoca que un Tentáculo <keywordMajor>Azote</keywordMajor> hacia adelante.{{ spellmodifierdescriptionappend }}","leveltip":{"label":["Bonificación de Azote","Enfriamiento","Costo de @AbilityResourceName@"],"effect":["{{ effect6amount*100.000000 }}% -> {{ effect6amountnl*100.000000 }}%","{{ cooldown }} -> {{ cooldownNL }}","{{ cost }} -> {{ costNL }}"]},"maxrank":5,"cooldown":[10,9,8,7,6],"cooldownBurn":"10/9/8/7/6","cost":[40,45,50,55,60],"costBurn":"40/45/50/55/60","datavalues":{},"effect":[null,[10,10,10,10,10],[200,200,200,200,200],[800,800,800,800,800],[10,8,6,4,2],[5,5,5,5,5],[0.1,0.15,0.2,0.25,0.3],[1.2,1.2,1.2,1.2,1.2],[-0.3,-0.35,-0.4,-0.45,-0.5],[1.5,1.5,1.5,1.5,1.5],[0,0,0,0,0]],"effectBurn":[null,"10","200","800","10/8/6/4/2","5","0.1/0.15/0.2/0.25/0.3","1.2","-0.3/-0.35/-0.4/-0.45/-0.5","1.5","0"],"vars":[],"costType":" de {{ abilityresourcename }}","maxammo":"-1","range":[850,850,850,850,850],"rangeBurn":"850","image":{"full":"IllaoiQ.png","sprite":"spell4.png","group":"spell","x":192,"y":144,"w":48,"h":48},"resource":"{{ cost }} de {{ abilityresourcename }}"},{"id":"IllaoiW","name":"Dura Lección","description":"Illaoi salta hacia su objetivo, lo que inflige daño físico y provoca que los Tentáculos cercanos también se abalancen sobre el objetivo.","tooltip":"El siguiente ataque de Illaoi la hace saltar hacia el objetivo, lo que inflige un <physicalDamage>{{ healthpercenttotaltooltip }} de la Vida Máxima como daño físico</physicalDamage> adicional. Cuando ataca, los tentáculos cercanos <keywordMajor>azotarán</keywordMajor> al objetivo.{{ spellmodifierdescriptionappend }}","leveltip":{"label":["Daño","Daño mínimo"],"effect":["{{ effect1amount*100.000000 }}% -> {{ effect1amountnl*100.000000 }}%","{{ wmindamage }} -> {{ wmindamageNL }}"]},"maxrank":5,"cooldown":[4,4,4,4,4],"cooldownBurn":"4","cost":[30,30,30,30,30],"costBurn":"30","datavalues":{},"effect":[null,[0.03,0.035,0.04,0.045,0.05],[2,2,2,2,2],[300,300,300,300,300],[6,6,6,6,6],[0,0,0,0,0],[0,0,0,0,0],[0,0,0,0,0],[0,0,0,0,0],[0,0,0,0,0],[0,0,0,0,0]],"effectBurn":[null,"0.03/0.035/0.04/0.045/0.05","2","300","6","0","0","0","0","0","0"],"vars":[],"costType":" de {{ abilityresourcename }}","maxammo":"-1","range":[400,400,400,400,400],"rangeBurn":"400","image":{"full":"IllaoiW.png","sprite":"spell4.png","group":"spell","x":240,"y":144,"w":48,"h":48},"resource":"{{ cost }} de {{ abilityresourcename }}"},{"id":"IllaoiE","name":"Prueba de Espíritu","description":"Illaoi arrebata el espíritu del cuerpo del enemigo, forzándolo a pararse frente a ella. Los espíritus reflejan un porcentaje del daño que reciben hacia el objetivo original. Si es asesinado o si el objetivo se aleja demasiado del espíritu, el objetivo se convierte en un <font color='#669900'>Recipiente</font> y comienza a generar Tentáculos.","tooltip":"Illaoi arrebata el espíritu del campeón enemigo durante {{ spiritduration }} seg. El espíritu puede recibir daño al igual que un campeón; un {{ echopercenttooltiponly }} de ese daño tendrá eco en su dueño.<br /><br />Si el espíritu muere o si el objetivo sale de alcance, este queda marcado durante {{ vesselduration }} seg y <status>ralentizado</status> un {{ slowamount*100 }}% durante {{ slowduration }} seg.  Los enemigos marcados generan Tentáculos cada <scaleLevel>{{ f1 }}</scaleLevel> seg.<br /><br />Los Tentáculos <keywordMajor>Azotarán</keywordMajor> automáticamente a los espíritus y a los enemigos marcados una vez cada {{ timebetweenvesseltentacleslams }} seg.{{ spellmodifierdescriptionappend }}","leveltip":{"label":["Eco de daño","Enfriamiento","Costo de @AbilityResourceName@"],"effect":["{{ e1 }}% -> {{ e1NL }}%","{{ cooldown }} -> {{ cooldownNL }}","{{ cost }} -> {{ costNL }}"]},"maxrank":5,"cooldown":[16,15,14,13,12],"cooldownBurn":"16/15/14/13/12","cost":[35,40,45,50,55],"costBurn":"35/40/45/50/55","datavalues":{},"effect":[null,[25,30,35,40,45],[10,10,10,10,10],[7,7,7,7,7],[1500,1500,1500,1500,1500],[1.5,1.5,1.5,1.5,1.5],[3,3,3,3,3],[0,0,0,0,0],[80,80,80,80,80],[8,8,8,8,8],[4,3,0,0,0]],"effectBurn":[null,"25/30/35/40/45","10","7","1500","1.5","3","0","80","8","4/3/0/0/0"],"vars":[],"costType":" de {{ abilityresourcename }}","maxammo":"-1","range":[900,900,900,900,900],"rangeBurn":"900","image":{"full":"IllaoiE.png","sprite":"spell4.png","group":"spell","x":288,"y":144,"w":48,"h":48},"resource":"{{ cost }} de {{ abilityresourcename }}"},{"id":"IllaoiR","name":"Salto de Fe","description":"Illaoi azota a su ídolo en el suelo, lo que inflige daño físico a los enemigos cercanos. Genera un Tentáculo por cada campeón enemigo que golpea.","tooltip":"Illaoi estrella su ídolo contra el suelo, lo que inflige <physicalDamage>{{ damagecalc }} de daño físico</physicalDamage> a los enemigos cercanos y genera un tentáculo por cada campeón enemigo alcanzado.<br /><br />Durante los próximos {{ duration }} seg, los tentáculos serán inalcanzables, <keywordMajor>azotarán</keywordMajor> un 50% más rápido y <spellName>Dura Lección</spellName> tendrá un Enfriamiento de 2 seg.{{ spellmodifierdescriptionappend }}","leveltip":{"label":["Daño","Enfriamiento"],"effect":["{{ basedamage }} -> {{ basedamageNL }}","{{ cooldown }} -> {{ cooldownNL }}"]},"maxrank":3,"cooldown":[120,95,70],"cooldownBurn":"120/95/70","cost":[100,100,100],"costBurn":"100","datavalues":{},"effect":[null,[0,0,0],[0,0,0],[0,0,0],[0,0,0],[0,0,0],[0,0,0],[0,0,0],[0,0,0],[0,0,0],[0,0,0]],"effectBurn":[null,"0","0","0","0","0","0","0","0","0","0"],"vars":[],"costType":" de {{ abilityresourcename }}","maxammo":"-1","range":[450,450,450],"rangeBurn":"450","image":{"full":"IllaoiR.png","sprite":"spell4.png","group":"spell","x":336,"y":144,"w":48,"h":48},"resource":"{{ cost }} de {{ abilityresourcename }}"}],"passive":{"name":"Profeta de un Dios Ancestral","description":"Illaoi y los <font color='#669900'>Recipientes</font> que crea generan tentáculos sobre el terreno cercano inaccesible. Los tentáculos atacan a espíritus, <font color='#669900'>Recipientes</font> y a las víctimas de Dura Lección de Illaoi. Los tentáculos infligen daño físico a los enemigos alcanzados y curarán a Illaoi si infligen daño a un campeón.","image":{"full":"Illaoi_P.png","sprite":"passive1.png","group":"passive","x":192,"y":48,"w":48,"h":48}},"recommended":[]}}}