{"type":"champion","format":"standAloneComplex","version":"14.3.1","data":{"Irelia":{"id":"Irelia","key":"39","name":"Irelia","title":"la Cuchilla Danzante","image":{"full":"Irelia.png","sprite":"champion1.png","group":"champion","x":240,"y":48,"w":48,"h":48},"skins":[{"id":"39000","num":0,"name":"default","chromas":false},{"id":"39001","num":1,"name":"Irelia Cuchilla Nocturna","chromas":false},{"id":"39002","num":2,"name":"Irelia Aviadora","chromas":false},{"id":"39003","num":3,"name":"Irelia Infiltradora","chromas":false},{"id":"39004","num":4,"name":"Irelia Cuchillas de Hielo","chromas":true},{"id":"39005","num":5,"name":"Irelia de la Orden del Loto","chromas":false},{"id":"39006","num":6,"name":"Irelia Cuchillas Divinas","chromas":true},{"id":"39015","num":15,"name":"Irelia Invictus Gaming","chromas":false},{"id":"39016","num":16,"name":"PROYECTO: Irelia","chromas":false},{"id":"39017","num":17,"name":"PROYECTO: Irelia Prestigiosa","chromas":false},{"id":"39018","num":18,"name":"Irelia la Forajida","chromas":true},{"id":"39026","num":26,"name":"Irelia Centinela","chromas":true},{"id":"39036","num":36,"name":"PROYECTO: Irelia Prestigiosa (2022)","chromas":false},{"id":"39037","num":37,"name":"Irelia Creadora de Mitos","chromas":true}],"lore":"La invasión de Jonia a manos de Noxus produjo muchos héroes, pero ninguno fue tan improbable como la joven Irelia de Navori. Entrenada en las ancestrales danzas de su región, adaptó su arte para la guerra y ahora usa sus movimientos refinados y llenos de gracia para controlar un arsenal de cuchillas letales. Después de demostrar ser una guerrera, se le asignó el papel de líder y ejemplo de la resistencia. Hoy en día, sigue dedicada a defender su territorio.","blurb":"La invasión de Jonia a manos de Noxus produjo muchos héroes, pero ninguno fue tan improbable como la joven Irelia de Navori. Entrenada en las ancestrales danzas de su región, adaptó su arte para la guerra y ahora usa sus movimientos refinados y llenos...","allytips":["Usa Embate de Cuchillas para recorrer grandes distancias al atacar súbditos débiles y alcanzar campeones.","El control de masas no interrumpe Danza de Insurrección, úsalo contra las debilitaciones enemigas.","Dueto Perfecto no tiene una distancia de viaje máxima, úsalo de forma creativa."],"enemytips":["Presta atención a las acumulaciones de Fervor Jonio e intenta atacar a Irelia cuando no las tenga.","Las oleadas de súbditos aumentan en gran medida la movilidad de Irelia, ten cuidado al pelear contra ella cerca de una.","No gastes tus habilidades poderosas cuando Irelia use Danza de Insurrección."],"tags":["Fighter","Assassin"],"partype":"Maná","info":{"attack":7,"defense":4,"magic":5,"difficulty":5},"stats":{"hp":590,"hpperlevel":124,"mp":350,"mpperlevel":50,"movespeed":335,"armor":36,"armorperlevel":4.7,"spellblock":30,"spellblockperlevel":2.05,"attackrange":200,"hpregen":8.5,"hpregenperlevel":0.85,"mpregen":8,"mpregenperlevel":0.8,"crit":0,"critperlevel":0,"attackdamage":65,"attackdamageperlevel":4,"attackspeedperlevel":2.5,"attackspeed":0.656},"spells":[{"id":"IreliaQ","name":"Embate de Cuchillas","description":"Irelia se desplaza hacia un objetivo, lo ataca y se cura a sí misma. Si el objetivo está marcado o muere por Embate de Cuchillas, restaura su enfriamiento.","tooltip":"Irelia se desplaza hacia un enemigo, lo que inflige <physicalDamage>{{ championdamage }} de daño físico</physicalDamage> y le restaura <healing>{{ healamount }} de Vida</healing>. El enfriamiento se restablecerá si el enemigo muere o estaba <keywordMajor>inestable</keywordMajor>.<br /><br />Inflige {{ miniondamage }} de daño a súbditos.{{ spellmodifierdescriptionappend }}","leveltip":{"label":["Daño","Enfriamiento","Tasa de curación"],"effect":["{{ basedamage }} -> {{ basedamageNL }}","{{ cooldown }} -> {{ cooldownNL }}","{{ healtadcoefficient*100.000000 }}% -> {{ healtadcoefficientnl*100.000000 }}%"]},"maxrank":5,"cooldown":[11,10,9,8,7],"cooldownBurn":"11/10/9/8/7","cost":[20,20,20,20,20],"costBurn":"20","datavalues":{},"effect":[null,[0,0,0,0,0],[0,0,0,0,0],[0,0,0,0,0],[0,0,0,0,0],[0,0,0,0,0],[0,0,0,0,0],[0,0,0,0,0],[0,0,0,0,0],[0,0,0,0,0],[0,0,0,0,0]],"effectBurn":[null,"0","0","0","0","0","0","0","0","0","0"],"vars":[],"costType":" de {{ abilityresourcename }}","maxammo":"-1","range":[600,600,600,600,600],"rangeBurn":"600","image":{"full":"IreliaQ.png","sprite":"spell4.png","group":"spell","x":384,"y":144,"w":48,"h":48},"resource":"{{ cost }} de {{ abilityresourcename }}"},{"id":"IreliaW","name":"Danza de Insurrección","description":"Irelia carga un ataque que inflige más daño cuanto más tiempo lo carga. Recibe daño físico reducido mientras está cargando.","tooltip":"<charge>Iniciar carga:</charge> Irelia adopta una posición defensiva hasta por {{ maxduration }} seg, lo que impide que actúe, pero reduce el daño físico recibido en un {{ finalphysicaldr }}% y el daño mágico recibido en un {{ finalmagicdr }}%.<br /><br /><release>Lanzamiento:</release> Irelia ataca con sus cuchillas para infligir <physicalDamage>{{ mindamagecalc }} de daño físico</physicalDamage>. Aumenta hasta <physicalDamage>{{ maxdamagecalc }}</physicalDamage> según el tiempo de carga.{{ spellmodifierdescriptionappend }}","leveltip":{"label":["Daño","Enfriamiento","Costo de maná"],"effect":["{{ mindamage }} -> {{ mindamageNL }}","{{ cooldown }} -> {{ cooldownNL }}","{{ cost }} -> {{ costNL }}"]},"maxrank":5,"cooldown":[20,18,16,14,12],"cooldownBurn":"20/18/16/14/12","cost":[70,75,80,85,90],"costBurn":"70/75/80/85/90","datavalues":{},"effect":[null,[0,0,0,0,0],[0,0,0,0,0],[0,0,0,0,0],[0,0,0,0,0],[0,0,0,0,0],[0,0,0,0,0],[0,0,0,0,0],[0,0,0,0,0],[0,0,0,0,0],[0,0,0,0,0]],"effectBurn":[null,"0","0","0","0","0","0","0","0","0","0"],"vars":[],"costType":" de {{ abilityresourcename }}","maxammo":"-1","range":[825,825,825,825,825],"rangeBurn":"825","image":{"full":"IreliaW.png","sprite":"spell4.png","group":"spell","x":432,"y":144,"w":48,"h":48},"resource":"{{ cost }} de {{ abilityresourcename }}"},{"id":"IreliaE","name":"Dueto Perfecto","description":"Irelia envía dos cuchillas que se encuentran entre sí. Los enemigos alcanzados por ellas reciben daño, además de quedar aturdidos y marcados.","tooltip":"Irelia lanza una cuchilla al suelo y la puede <recast>volver a lanzar</recast> dentro de {{ buffduration }} seg. <br /><br /><recast>Relanzamiento:</recast> Irelia lanza una segunda cuchilla que volará en dirección de la otra, lo que <status>aturde</status> durante {{ stunduration }} seg e inflige <magicDamage>{{ totaldamage }} de daño mágico</magicDamage>. Los campeones y los monstruos grandes de la jungla se vuelven <keywordMajor>inestables</keywordMajor> durante {{ markduration }} seg.{{ spellmodifierdescriptionappend }}","leveltip":{"label":["Daño","Enfriamiento"],"effect":["{{ basedamage }} -> {{ basedamageNL }}","{{ cooldown }} -> {{ cooldownNL }}"]},"maxrank":5,"cooldown":[16,15,14,13,12],"cooldownBurn":"16/15/14/13/12","cost":[50,50,50,50,50],"costBurn":"50","datavalues":{},"effect":[null,[0,0,0,0,0],[0,0,0,0,0],[0,0,0,0,0],[0,0,0,0,0],[0,0,0,0,0],[0,0,0,0,0],[0,0,0,0,0],[0,0,0,0,0],[0,0,0,0,0],[0,0,0,0,0]],"effectBurn":[null,"0","0","0","0","0","0","0","0","0","0"],"vars":[],"costType":" de {{ abilityresourcename }}","maxammo":"-1","range":[850,850,850,850,850],"rangeBurn":"850","image":{"full":"IreliaE.png","sprite":"spell5.png","group":"spell","x":0,"y":0,"w":48,"h":48},"resource":"{{ cost }} de {{ abilityresourcename }}"},{"id":"IreliaR","name":"Filo de Vanguardia","description":"Irelia lanza una gran cantidad de cuchillas que se desplazan hacia afuera después de alcanzar a un campeón enemigo. Los enemigos impactados por las cuchillas reciben daño y quedan marcados. Después, las cuchillas forman un muro que inflige daño y ralentiza a los campeones que lo atraviesan.","tooltip":"Irelia lanza una ráfaga de cuchillas, lo que inflige <magicDamage>{{ missiledamage }} de daño mágico</magicDamage> y hace que los campeones y monstruos grandes de la jungla sean <keywordMajor>inestables</keywordMajor> durante {{ markduration }} seg. La ráfaga explota y se convierte en una jaula alrededor del primer campeón impactado durante {{ zoneduration }} seg. La jaula inflige <magicDamage>{{ zonedamage }} de daño mágico</magicDamage> y <status>ralentiza</status> un {{ slowamount }}% durante {{ ccduration }} seg.<br /><br /><passive>El enfriamiento básico de Embate de Cuchillas se reduce en {{ cooldownamount }} seg.</passive>{{ spellmodifierdescriptionappend }}","leveltip":{"label":["Daño","Daño de muro","Enfriamiento","Segundos reducidos de Embate de Cuchillas"],"effect":["{{ basemissiledamage }} -> {{ basemissiledamageNL }}","{{ basezonedamage }} -> {{ basezonedamageNL }}","{{ cooldown }} -> {{ cooldownNL }}","{{ cooldownamount }} -> {{ cooldownamountNL }}"]},"maxrank":3,"cooldown":[125,105,85],"cooldownBurn":"125/105/85","cost":[100,100,100],"costBurn":"100","datavalues":{},"effect":[null,[0,0,0],[0,0,0],[0,0,0],[0,0,0],[0,0,0],[0,0,0],[0,0,0],[0,0,0],[0,0,0],[0,0,0]],"effectBurn":[null,"0","0","0","0","0","0","0","0","0","0"],"vars":[],"costType":" de {{ abilityresourcename }}","maxammo":"-1","range":[950,950,950],"rangeBurn":"950","image":{"full":"IreliaR.png","sprite":"spell5.png","group":"spell","x":48,"y":0,"w":48,"h":48},"resource":"{{ cost }} de {{ abilityresourcename }}"}],"passive":{"name":"Fervor Jonio","description":"Cuando Irelia impacta enemigos con sus habilidades, obtiene velocidad de ataque adicional que se acumula. Al tener el máximo de acumulaciones, también obtiene daño adicional al impacto.","image":{"full":"Irelia_Passive.png","sprite":"passive1.png","group":"passive","x":240,"y":48,"w":48,"h":48}},"recommended":[]}}}