{"type":"champion","format":"standAloneComplex","version":"14.3.1","data":{"Ivern":{"id":"Ivern","key":"427","name":"Ivern","title":"el Árbol Padre","image":{"full":"Ivern.png","sprite":"champion1.png","group":"champion","x":288,"y":48,"w":48,"h":48},"skins":[{"id":"427000","num":0,"name":"default","chromas":false},{"id":"427001","num":1,"name":"Ivern Rey de las Golosinas","chromas":false},{"id":"427002","num":2,"name":"Ivern Rey de las Clavadas","chromas":true},{"id":"427011","num":11,"name":"Ivern Dios Antiguo","chromas":true},{"id":"427020","num":20,"name":"AstroIvern","chromas":true}],"lore":"Ivern Pies de Espino, conocido por muchos como el Árbol Padre, es un ser peculiar, mitad humano y mitad árbol, que deambula por los bosques de Runaterra y cultiva vida dondequiera que va. Conoce los secretos del mundo natural y es buen amigo de todo lo que crece, vuela o se oculta en él. Ivern vaga por el mundo natural compartiendo su curiosa sabiduría con quienes conoce, rejuvenece los bosques y, de vez en cuando, confía sus secretos a mariposas indiscretas.","blurb":"Ivern Pies de Espino, conocido por muchos como el Árbol Padre, es un ser peculiar, mitad humano y mitad árbol, que deambula por los bosques de Runaterra y cultiva vida dondequiera que va. Conoce los secretos del mundo natural y es buen amigo de todo lo...","allytips":["Ayuda a que los aliados te sigan utilizando Detonar Semilla cuando aciertes un buen Invocador de Raíces.","¡Utiliza Creador de Maleza para crear escenarios favorables para futuras emboscadas!","Daisy puede bloquear tiros de habilidad y ralentizar a los enemigos. ¡Utilízala para proteger a tus compañeros de equipo!"],"enemytips":["Ivern puede ser engañosamente escurridizo. Cuidado con perseguirlo demasiado lejos.","Su maleza dura mucho tiempo, así que mantente alerta ante posibles emboscadas.","Ten cuidado al enfrentar tú solo a Ivern si Daisy está lista para ayudarlo."],"tags":["Support","Mage"],"partype":"Maná","info":{"attack":3,"defense":5,"magic":7,"difficulty":7},"stats":{"hp":630,"hpperlevel":99,"mp":450,"mpperlevel":60,"movespeed":330,"armor":27,"armorperlevel":4.7,"spellblock":30,"spellblockperlevel":1.3,"attackrange":475,"hpregen":7,"hpregenperlevel":0.85,"mpregen":6,"mpregenperlevel":0.75,"crit":0,"critperlevel":0,"attackdamage":50,"attackdamageperlevel":3,"attackspeedperlevel":3.4,"attackspeed":0.644},"spells":[{"id":"IvernQ","name":"Invocador de Raíces","description":"Ivern conjura una enredadera que inflige daño e inmoviliza a los objetivos enemigos. Los aliados de Ivern pueden desplazarse hacia el objetivo inmovilizado.","tooltip":"Ivern conjura una enredadera que inflige <magicDamage>{{ totaldamage }} de daño mágico</magicDamage> e <status>inmoviliza</status> al primer enemigo alcanzado por {{ rootduration }} seg. Los aliados que atacan a un enemigo <status>inmovilizado</status> se desplazan dentro del alcance de ataque. <br /><br /><recast>Relanzamiento:</recast> Ivern se desplaza directamente hacia el enemigo <status>inmovilizado</status>.<br /><br /><rules>Alcanzar monstruos que no sean épicos reduce el enfriamiento de <spellName>Invocador de Raíces</spellName> en un 50%.</rules>{{ spellmodifierdescriptionappend }}","leveltip":{"label":["Duración de inmovilización","Daño","Enfriamiento"],"effect":["{{ rootduration }} -> {{ rootdurationNL }}","{{ basedamage }} -> {{ basedamageNL }}","{{ cooldown }} -> {{ cooldownNL }}"]},"maxrank":5,"cooldown":[14,13,12,11,10],"cooldownBurn":"14/13/12/11/10","cost":[60,60,60,60,60],"costBurn":"60","datavalues":{},"effect":[null,[0,0,0,0,0],[0,0,0,0,0],[0,0,0,0,0],[0,0,0,0,0],[0,0,0,0,0],[0,0,0,0,0],[0,0,0,0,0],[0,0,0,0,0],[0,0,0,0,0],[0,0,0,0,0]],"effectBurn":[null,"0","0","0","0","0","0","0","0","0","0"],"vars":[],"costType":" de {{ abilityresourcename }}","maxammo":"-1","range":[1125,1125,1125,1125,1125],"rangeBurn":"1125","image":{"full":"IvernQ.png","sprite":"spell5.png","group":"spell","x":96,"y":0,"w":48,"h":48},"resource":"{{ cost }} de {{ abilityresourcename }}"},{"id":"IvernW","name":"Creador de Maleza","description":"Al estar en la maleza, los ataques de Ivern y sus aliados cercanos infligen daño mágico adicional. Ivern puede activar esta habilidad para crear un área de maleza.","tooltip":"<spellPassive>Pasiva:</spellPassive> Mientras esté en la maleza y durante {{ buffduration }} seg después de salir de ahí, los ataques de Ivern infligen <magicDamage>{{ totaldamage }} de daño mágico</magicDamage> adicional. Los aliados cercanos obtienen este efecto durante {{ allybuffduration }} seg e infligen <magicDamage>{{ totalallydamage }} de daño mágico</magicDamage>.<br /><br /><spellActive>Activa:</spellActive> Ivern hace que crezca un área de maleza y la revela durante {{ revealduration }} seg. La maleza persiste hasta que el equipo de Ivern pierda visión en su interior o hasta por {{ maxbrushduration }} seg.{{ spellmodifierdescriptionappend }}","leveltip":{"label":["Daño mágico","Daño mágico de aliado"],"effect":["{{ basedamage }} -> {{ basedamageNL }}","{{ allybasedamage }} -> {{ allybasedamageNL }}"]},"maxrank":5,"cooldown":[0.5,0.5,0.5,0.5,0.5],"cooldownBurn":"0.5","cost":[30,30,30,30,30],"costBurn":"30","datavalues":{},"effect":[null,[0,0,0,0,0],[0,0,0,0,0],[0,0,0,0,0],[0,0,0,0,0],[0,0,0,0,0],[0,0,0,0,0],[0,0,0,0,0],[0,0,0,0,0],[0,0,0,0,0],[0,0,0,0,0]],"effectBurn":[null,"0","0","0","0","0","0","0","0","0","0"],"vars":[],"costType":" de {{ abilityresourcename }}","maxammo":"3","range":[1150,1150,1150,1150,1150],"rangeBurn":"1150","image":{"full":"IvernW.png","sprite":"spell5.png","group":"spell","x":144,"y":0,"w":48,"h":48},"resource":"{{ cost }} de {{ abilityresourcename }}"},{"id":"IvernE","name":"Detonar Semilla","description":"Ivern coloca un escudo sobre un aliado que explota después de una corta duración, lo que ralentiza e inflige daño a los enemigos. El escudo se restablece si no alcanza a ningún enemigo.","tooltip":"Ivern otorga <shield>{{ totalshield }} de Escudo</shield> a un campeón aliado o a Daisy. Luego de {{ shieldduration }} seg, estalla, con lo que inflige <magicDamage>{{ totaldamage }} de daño mágico</magicDamage> y <status>ralentiza</status> a los enemigos en un {{ slowamount*100 }}% durante {{ slowduration }} seg.<br /><br />Si se activa <spellName>Detonar Semilla</spellName> y no alcanza a ningún campeón enemigo mientras el escudo aún perdure, el aliado recibirá <shield>{{ totalshield }} </shield>de Escudo durante {{ shieldduration }} seg.{{ spellmodifierdescriptionappend }}","leveltip":{"label":["Cantidad de escudo","Daño","Ralentización","Enfriamiento"],"effect":["{{ baseshield }} -> {{ baseshieldNL }}","{{ basedamage }} -> {{ basedamageNL }}","{{ slowamount*100.000000 }}% -> {{ slowamountnl*100.000000 }}%","{{ cooldown }} -> {{ cooldownNL }}"]},"maxrank":5,"cooldown":[11,10,9,8,7],"cooldownBurn":"11/10/9/8/7","cost":[70,70,70,70,70],"costBurn":"70","datavalues":{},"effect":[null,[0,0,0,0,0],[0,0,0,0,0],[0,0,0,0,0],[0,0,0,0,0],[0,0,0,0,0],[0,0,0,0,0],[0,0,0,0,0],[0,0,0,0,0],[0,0,0,0,0],[0,0,0,0,0]],"effectBurn":[null,"0","0","0","0","0","0","0","0","0","0"],"vars":[],"costType":" de {{ abilityresourcename }}","maxammo":"-1","range":[750,750,750,750,750],"rangeBurn":"750","image":{"full":"IvernE.png","sprite":"spell5.png","group":"spell","x":192,"y":0,"w":48,"h":48},"resource":"{{ cost }} de {{ abilityresourcename }}"},{"id":"IvernR","name":"¡Daisy!","description":"Ivern invoca a su amiga centinela Daisy para que luche con él. Vuelve a lanzar la orden a Daisy para que ataque o se mueva.","tooltip":"Ivern invoca a su amiga centinela Daisy para que pelee a su lado durante {{ daisyduration }} seg.<br /><br /><spellActive>Daisy, ¡golpea!:</spellActive> El tercer ataque consecutivo de Daisy dirigido al mismo campeón o monstruo épico provocará una onda de choque, lo que inflige<magicDamage> {{ totalshockwavedamage }} de daño mágico</magicDamage> a todos los enemigos alcanzados y los <status>lanza por el aire</status> durante {{ shockwaveccduration }} seg. Este efecto solo puede aplicarse una vez cada {{ shockwavecd }} seg.<br /><br /><recast>Relanzamiento:</recast> Ordena a Daisy que ataque o se mueva.{{ spellmodifierdescriptionappend }}","leveltip":{"label":["Daño de Ataque","Daño de Impacto","Velocidad de ataque adicional de Daisy","Enfriamiento"],"effect":["{{ daisyad }} -> {{ daisyadNL }}","{{ shockwavebasedamage }} -> {{ shockwavebasedamageNL }}","{{ daisyas }}% -> {{ daisyasNL }}%","{{ cooldown }} -> {{ cooldownNL }}"]},"maxrank":3,"cooldown":[140,130,120],"cooldownBurn":"140/130/120","cost":[100,100,100],"costBurn":"100","datavalues":{},"effect":[null,[0,0,0],[0,0,0],[0,0,0],[0,0,0],[0,0,0],[0,0,0],[0,0,0],[0,0,0],[0,0,0],[0,0,0]],"effectBurn":[null,"0","0","0","0","0","0","0","0","0","0"],"vars":[],"costType":" de {{ abilityresourcename }}","maxammo":"-1","range":[600,600,600],"rangeBurn":"600","image":{"full":"IvernR.png","sprite":"spell5.png","group":"spell","x":240,"y":0,"w":48,"h":48},"resource":"{{ cost }} de {{ abilityresourcename }}"}],"passive":{"name":"Amigo del Bosque","description":"Ivern no puede atacar ni ser atacado por monstruos que no sean épicos. Ivern puede crear arboledas mágicas en campamentos de la jungla que crecen con el tiempo. Cuando una arboleda haya crecido por completo, Ivern puede liberar a los monstruos para recibir oro y experiencia.","image":{"full":"IvernP.png","sprite":"passive1.png","group":"passive","x":288,"y":48,"w":48,"h":48}},"recommended":[]}}}