{"type":"champion","format":"standAloneComplex","version":"14.3.1","data":{"Janna":{"id":"Janna","key":"40","name":"Janna","title":"la Furia de la Tormenta","image":{"full":"Janna.png","sprite":"champion1.png","group":"champion","x":336,"y":48,"w":48,"h":48},"skins":[{"id":"40000","num":0,"name":"default","chromas":false},{"id":"40001","num":1,"name":"Janna Tempestad","chromas":false},{"id":"40002","num":2,"name":"Janna Hextech","chromas":false},{"id":"40003","num":3,"name":"Janna Reina de Hielo","chromas":false},{"id":"40004","num":4,"name":"Janna Victoriosa","chromas":false},{"id":"40005","num":5,"name":"Janna Reportera del Clima","chromas":false},{"id":"40006","num":6,"name":"Janna Fnatic","chromas":false},{"id":"40007","num":7,"name":"Janna Guardiana Estelar","chromas":false},{"id":"40008","num":8,"name":"Janna Espada Sagrada","chromas":true},{"id":"40013","num":13,"name":"Janna Embrujada","chromas":true},{"id":"40020","num":20,"name":"Janna Guardiana de las Arenas","chromas":true},{"id":"40027","num":27,"name":"Janna Reina Guerrera","chromas":true},{"id":"40036","num":36,"name":"Janna Rosa de Cristal","chromas":true},{"id":"40045","num":45,"name":"Janna Halo Cibernético","chromas":true},{"id":"40046","num":46,"name":"Janna Halo Cibernético Prestigiosa","chromas":false},{"id":"40056","num":56,"name":"Janna Reino Celestial","chromas":true}],"lore":"Janna es un poderoso y misterioso espíritu del viento que protege a los desvalidos de Zaun con la tempestad de Runaterra. Algunos creen que las súplicas de los marineros pidiendo vientos favorables mientras navegaban a través de las aguas traicioneras y las violentas tempestades dieron vida a Janna. Se convirtió en el símbolo de la esperanza de los necesitados, y su favor y protección alcanzan a todos hasta las profundidades de Zaun. Nadie sabe dónde o cuándo aparecerá, pero con frecuencia ella acude al llamado de ayuda.","blurb":"Janna es un poderoso y misterioso espíritu del viento que protege a los desvalidos de Zaun con la tempestad de Runaterra. Algunos creen que las súplicas de los marineros pidiendo vientos favorables mientras navegaban a través de las aguas traicioneras y...","allytips":["Ojo de la Tormenta se puede usar con las torretas aliadas.","Activar un Vendaval Aullante sin la carga inicial puede servir para incapacitar en gran medida al otro equipo.","Calcula cuidadosamente la habilidad definitiva de Janna para apartar a los enemigos de un aliado herido o incluso separar a los enemigos."],"enemytips":["Guarda una habilidad de interrupción para cuando Janna use su habilidad definitiva.","Mantente alerta por si escuchas el sonido de carga de Vendaval Aullante; si lo oyes, puede que Janna esté intentando atacarte con él desde fuera de la pantalla o desde la maleza.","Janna alcanza su máxima fuerza cuando mejora a otro aliado. Si puedes hostigar a su aliado, debilitarás su capacidad para enfrentarse a ti."],"tags":["Support","Mage"],"partype":"Maná","info":{"attack":3,"defense":5,"magic":7,"difficulty":7},"stats":{"hp":570,"hpperlevel":90,"mp":360,"mpperlevel":50,"movespeed":325,"armor":28,"armorperlevel":4.5,"spellblock":30,"spellblockperlevel":1.3,"attackrange":550,"hpregen":5.5,"hpregenperlevel":0.55,"mpregen":11.5,"mpregenperlevel":0.4,"crit":0,"critperlevel":0,"attackdamage":47,"attackdamageperlevel":2.5,"attackspeedperlevel":3,"attackspeed":0.625},"spells":[{"id":"HowlingGale","name":"Vendaval Aullante","description":"Al manipular la presión y la temperatura en un punto específico, Janna puede crear una pequeña tormenta que crece con el tiempo. Puede activar el hechizo de nuevo para liberarla. Al hacerlo, la tormenta volará hacia la dirección en la que se lanzó, lo que inflige daño y lanza por el aire a todos los enemigos en su camino.","tooltip":"Janna invoca un tornado que crece cada vez más a lo largo de {{ maxduration }} seg y luego vuela por su camino. Inflige de <magicDamage>{{ minimumdamage }} a {{ maxdamage }} de daño mágico</magicDamage> y <status>lanza por el aire</status> durante {{ baseknockup }} a {{ maxknockup }} seg. La distancia, el daño y la duración del <status>lanzamiento por el aire</status> aumentan según el tamaño del tornado. Janna puede <recast>relanzar</recast> para enviar el tornado antes.{{ spellmodifierdescriptionappend }}","leveltip":{"label":["Daño","Daño por segundo de carga","Costo de @AbilityResourceName@"],"effect":["{{ mindamage }} -> {{ mindamageNL }}","{{ bonusdamage }} -> {{ bonusdamageNL }}","{{ cost }} -> {{ costNL }}"]},"maxrank":5,"cooldown":[14,14,14,14,14],"cooldownBurn":"14","cost":[90,95,100,105,110],"costBurn":"90/95/100/105/110","datavalues":{},"effect":[null,[0,0,0,0,0],[0,0,0,0,0],[0,0,0,0,0],[0,0,0,0,0],[0,0,0,0,0],[0,0,0,0,0],[0,0,0,0,0],[0,0,0,0,0],[0,0,0,0,0],[0,0,0,0,0]],"effectBurn":[null,"0","0","0","0","0","0","0","0","0","0"],"vars":[],"costType":" de {{ abilityresourcename }}","maxammo":"-1","range":[1075,1075,1075,1075,1075],"rangeBurn":"1075","image":{"full":"HowlingGale.png","sprite":"spell5.png","group":"spell","x":288,"y":0,"w":48,"h":48},"resource":"{{ cost }} de {{ abilityresourcename }}"},{"id":"SowTheWind","name":"Céfiro","description":"Janna invoca un elemental de aire que aumenta su velocidad de movimiento de forma pasiva y le permite atravesar unidades. También puede activar esta habilidad para infligir daño y reducir la velocidad de movimiento de un enemigo.","tooltip":"<spellPassive>Pasiva:</spellPassive> Janna obtiene <speed>{{ totalms }} de Velocidad de Movimiento</speed> y se vuelve Fantasma.<br /><br /><spellActive>Activa:</spellActive> El elemental de Janna impacta a un enemigo, lo que lo <status>ralentiza</status> en {{ totalslow }} durante {{ slowduration }} seg y le inflige <magicDamage>{{ totaldamage }} + {{ spell.tailwindself:bonusdamage }} de daño mágico</magicDamage>.{{ spellmodifierdescriptionappend }}","leveltip":{"label":["Daño","Ralentización","Velocidad de movimiento pasiva","Costo de @AbilityResourceName@","Enfriamiento"],"effect":["{{ basedamage }} -> {{ basedamageNL }}","{{ slowpercent }}% -> {{ slowpercentNL }}%","{{ mspercent*100.000000 }}% -> {{ mspercentnl*100.000000 }}%","{{ cost }} -> {{ costNL }}","{{ cooldown }} -> {{ cooldownNL }}"]},"maxrank":5,"cooldown":[8,7.5,7,6.5,6],"cooldownBurn":"8/7.5/7/6.5/6","cost":[50,55,60,65,70],"costBurn":"50/55/60/65/70","datavalues":{},"effect":[null,[0,0,0,0,0],[0,0,0,0,0],[0,0,0,0,0],[0,0,0,0,0],[0,0,0,0,0],[0,0,0,0,0],[0,0,0,0,0],[0,0,0,0,0],[0,0,0,0,0],[0,0,0,0,0]],"effectBurn":[null,"0","0","0","0","0","0","0","0","0","0"],"vars":[],"costType":" de {{ abilityresourcename }}","maxammo":"-1","range":[4294967295,4294967295,4294967295,4294967295,4294967295],"rangeBurn":"4294967295","image":{"full":"SowTheWind.png","sprite":"spell5.png","group":"spell","x":336,"y":0,"w":48,"h":48},"resource":"{{ cost }} de {{ abilityresourcename }}"},{"id":"EyeOfTheStorm","name":"Ojo de la Tormenta","description":"Janna conjura un vendaval defensivo que escuda a un campeón aliado o a una torre del daño recibido y aumenta su daño de ataque.","tooltip":"Janna le otorga a un campeón aliado o torreta <shield>{{ totalshield }} de escudo</shield> durante {{ shieldduration }} seg. Al tener el escudo, el campeón aliado o torreta obtiene <scaleAD>{{ totalad }} de Daño de Ataque</scaleAD>.<br /><br />Janna restaura un {{ ecdrefundforcc*100 }}% del enfriamiento cada vez que reduce el movimiento de un campeón enemigo con una habilidad activa.{{ spellmodifierdescriptionappend }}","leveltip":{"label":["Vida del escudo","Daño de Ataque","Costo de @AbilityResourceName@","Enfriamiento"],"effect":["{{ baseshield }} -> {{ baseshieldNL }}","{{ bonusad }} -> {{ bonusadNL }}","{{ cost }} -> {{ costNL }}","{{ cooldown }} -> {{ cooldownNL }}"]},"maxrank":5,"cooldown":[16,15,14,13,12],"cooldownBurn":"16/15/14/13/12","cost":[70,75,80,85,90],"costBurn":"70/75/80/85/90","datavalues":{},"effect":[null,[0,0,0,0,0],[0,0,0,0,0],[0,0,0,0,0],[0,0,0,0,0],[0,0,0,0,0],[0,0,0,0,0],[0,0,0,0,0],[0,0,0,0,0],[0,0,0,0,0],[0,0,0,0,0]],"effectBurn":[null,"0","0","0","0","0","0","0","0","0","0"],"vars":[],"costType":" de {{ abilityresourcename }}","maxammo":"-1","range":[800,800,800,800,800],"rangeBurn":"800","image":{"full":"EyeOfTheStorm.png","sprite":"spell5.png","group":"spell","x":384,"y":0,"w":48,"h":48},"resource":"{{ cost }} de {{ abilityresourcename }}"},{"id":"ReapTheWhirlwind","name":"Monzón","description":"Janna se rodea de una tormenta mágica que aleja a los enemigos. Cuando la tormenta se apacigua, los vientos suaves curan a los aliados cercanos mientras la habilidad esté activa.","tooltip":"Janna invoca a un monzón mágico que <status>lanza hacia atrás</status> a los enemigos cercanos y luego cura a los aliados cercanos <healing>{{ totalheal }} de Vida</healing> a lo largo de {{ e3 }} seg. Moverte o usar una habilidad termina el monzón antes.{{ spellmodifierdescriptionappend }}","leveltip":{"label":["Curación por segundo","Enfriamiento"],"effect":["{{ healbasepersecond }} -> {{ healbasepersecondNL }}","{{ cooldown }} -> {{ cooldownNL }}"]},"maxrank":3,"cooldown":[130,115,100],"cooldownBurn":"130/115/100","cost":[100,100,100],"costBurn":"100","datavalues":{},"effect":[null,[0,0,0],[300,450,600],[3,3,3],[700,700,700],[875,875,875],[875,875,875],[1200,1200,1200],[10,10,10],[0.5,0.5,0.5],[0,0,0]],"effectBurn":[null,"0","300/450/600","3","700","875","875","1200","10","0.5","0"],"vars":[],"costType":" de {{ abilityresourcename }}","maxammo":"-1","range":[725,725,725],"rangeBurn":"725","image":{"full":"ReapTheWhirlwind.png","sprite":"spell5.png","group":"spell","x":432,"y":0,"w":48,"h":48},"resource":"{{ cost }} de {{ abilityresourcename }}"}],"passive":{"name":"Viento a Favor","description":"Los aliados de Janna obtienen velocidad de movimiento al desplazarse hacia ella.<br><br>Janna inflige parte de la velocidad de movimiento adicional como daño mágico adicional al impacto y con Céfiro.","image":{"full":"Janna_Tailwind.png","sprite":"passive1.png","group":"passive","x":336,"y":48,"w":48,"h":48}},"recommended":[]}}}