{"type":"champion","format":"standAloneComplex","version":"14.3.1","data":{"JarvanIV":{"id":"JarvanIV","key":"59","name":"Jarvan IV","title":"el Ejemplo de Demacia","image":{"full":"JarvanIV.png","sprite":"champion1.png","group":"champion","x":384,"y":48,"w":48,"h":48},"skins":[{"id":"59000","num":0,"name":"default","chromas":false},{"id":"59001","num":1,"name":"Jarvan IV Comando","chromas":false},{"id":"59002","num":2,"name":"Jarvan IV Matadragones","chromas":false},{"id":"59003","num":3,"name":"Jarvan IV Forja Oscura","chromas":false},{"id":"59004","num":4,"name":"Jarvan IV Victorioso","chromas":false},{"id":"59005","num":5,"name":"Jarvan IV Reinos en Guerra","chromas":true},{"id":"59006","num":6,"name":"Jarvan IV Fnatic","chromas":false},{"id":"59007","num":7,"name":"Jarvan IV Estrella Oscura","chromas":true},{"id":"59008","num":8,"name":"Jarvan IV SSG","chromas":false},{"id":"59009","num":9,"name":"Jarvan IV Hextech","chromas":false},{"id":"59011","num":11,"name":"Jarvan IV Veraniego","chromas":true},{"id":"59021","num":21,"name":"Jarvan IV Bestia Lunar","chromas":true},{"id":"59030","num":30,"name":"Jarvan IV Worlds 2021","chromas":false},{"id":"59035","num":35,"name":"Jarvan IV Portador del Anochecer","chromas":false}],"lore":"El príncipe Jarvan, vástago de la dinastía Escudo de Luz, es heredero del trono de Demacia. Criado para ser un modelo de las virtudes más grandes de su nación, se ve forzado a balancear las grandes expectativas que se tienen de él y su propio deseo de pelear en el frente. Jarvan inspira a sus tropas con su temible valentía y desinteresada determinación, levantando alto los colores de su familia y revelando su verdadera fuerza como un líder futuro de su gente.","blurb":"El príncipe Jarvan, vástago de la dinastía Escudo de Luz, es heredero del trono de Demacia. Criado para ser un modelo de las virtudes más grandes de su nación, se ve forzado a balancear las grandes expectativas que se tienen de él y su propio deseo de...","allytips":["Puedes utilizar el combo Golpe Dragón / Estandarte Demaciano para salir de tus propias arenas de Cataclismo.","Reparte tus ataques básicos entre diferentes campeones al principio de los combates para maximizar el daño.","Si te preocupa saber por dónde vienen los enemigos, usa Estandarte Demaciano como herramienta de exploración."],"enemytips":["Aléjate del camino entre Jarvan IV y su Estandarte Demaciano para evitar que te derriben.","El terreno de Cataclismo es una fuerza temible contra la que luchar, pero las habilidades de movimiento pueden atravesarlo."],"tags":["Tank","Fighter"],"partype":"Maná","info":{"attack":6,"defense":8,"magic":3,"difficulty":5},"stats":{"hp":640,"hpperlevel":104,"mp":300,"mpperlevel":55,"movespeed":340,"armor":36,"armorperlevel":4.8,"spellblock":32,"spellblockperlevel":2.05,"attackrange":175,"hpregen":8,"hpregenperlevel":0.7,"mpregen":6.5,"mpregenperlevel":0.45,"crit":0,"critperlevel":0,"attackdamage":64,"attackdamageperlevel":3,"attackspeedperlevel":2.5,"attackspeed":0.658},"spells":[{"id":"JarvanIVDragonStrike","name":"Golpe Dragón","description":"Jarvan IV extiende su lanza, lo que causa daño físico y reduce la armadura de los enemigos situados en su camino. Además, Jarvan se desplaza hacia el Estandarte Demaciano y derriba a los enemigos que encuentre.","tooltip":"Jarvan extiende su lanza, lo que inflige <physicalDamage>{{ totaldamage }} de daño físico</physicalDamage> y remueve un <scaleArmor>{{ e2 }}% de Armadura</scaleArmor> por {{ e3 }} seg.<br /><br />Si la lanza se conecta con <spellName>Estandarte Demaciano</spellName>, Jarvan se desplazará hacia ahí y <status>lanzará por el aire</status> a todos aquellos que estén en su camino durante 0.75 seg.{{ spellmodifierdescriptionappend }}","leveltip":{"label":["Daño","Reducción de armadura","Enfriamiento","Costo de @AbilityResourceName@"],"effect":["{{ e1 }} -> {{ e1NL }}","{{ e2 }}% -> {{ e2NL }}%","{{ cooldown }} -> {{ cooldownNL }}","{{ cost }} -> {{ costNL }}"]},"maxrank":5,"cooldown":[10,9.5,9,8.5,8],"cooldownBurn":"10/9.5/9/8.5/8","cost":[45,50,55,60,65],"costBurn":"45/50/55/60/65","datavalues":{},"effect":[null,[80,120,160,200,240],[10,14,18,22,26],[3,3,3,3,3],[0,0,0,0,0],[0,0,0,0,0],[0,0,0,0,0],[0,0,0,0,0],[0,0,0,0,0],[0,0,0,0,0],[0,0,0,0,0]],"effectBurn":[null,"80/120/160/200/240","10/14/18/22/26","3","0","0","0","0","0","0","0"],"vars":[],"costType":" de {{ abilityresourcename }}","maxammo":"-1","range":[770,770,770,770,770],"rangeBurn":"770","image":{"full":"JarvanIVDragonStrike.png","sprite":"spell5.png","group":"spell","x":0,"y":48,"w":48,"h":48},"resource":"{{ cost }} de {{ abilityresourcename }}"},{"id":"JarvanIVGoldenAegis","name":"Égida Dorada","description":"Jarvan IV invoca a los antiguos reyes de Demacia para que le protejan de todo posible daño y ralenticen a los enemigos que le rodeen.","tooltip":"Jarvan invoca una égida, la cual <status>ralentiza</status> a los enemigos cercanos un {{ e2 }}% durante {{ e5 }} seg y le otorga un <shield>{{ baseshield }} de Escudo</shield>, el cual aumenta en <shield>{{ bonusshield }}</shield> por cada campeón enemigo alcanzado.{{ spellmodifierdescriptionappend }}","leveltip":{"label":["Cantidad de escudo","Ralentización"],"effect":["{{ e1 }} -> {{ e1NL }}","{{ e2 }}% -> {{ e2NL }}%"]},"maxrank":5,"cooldown":[9,9,9,9,9],"cooldownBurn":"9","cost":[30,30,30,30,30],"costBurn":"30","datavalues":{},"effect":[null,[60,80,100,120,140],[15,20,25,30,35],[10,20,30,40,50],[4,4,4,4,4],[2,2,2,2,2],[0.013,0.013,0.013,0.013,0.013],[0,0,0,0,0],[0,0,0,0,0],[0,0,0,0,0],[0,0,0,0,0]],"effectBurn":[null,"60/80/100/120/140","15/20/25/30/35","10/20/30/40/50","4","2","0.01","0","0","0","0"],"vars":[],"costType":" de {{ abilityresourcename }}","maxammo":"-1","range":[625,625,625,625,625],"rangeBurn":"625","image":{"full":"JarvanIVGoldenAegis.png","sprite":"spell5.png","group":"spell","x":48,"y":48,"w":48,"h":48},"resource":"{{ cost }} de {{ abilityresourcename }}"},{"id":"JarvanIVDemacianStandard","name":"Estandarte Demaciano","description":"Gracias al orgullo de Demacia, Jarvan IV goza, de forma pasiva, de una bonificación de Velocidad de Ataque. Al activar Estandarte Demaciano, Jarvan IV puede colocar una bandera de Demacia que inflige Daño Mágico al impacto y otorga Velocidad de Ataque a los campeones aliados cercanos.","tooltip":"<spellPassive>Pasiva:</spellPassive> Jarvan gana un <attackSpeed>{{ permanentattackspeed*100 }}% de Velocidad de Ataque</attackSpeed>.<br /><br /><spellActive>Activa:</spellActive> Jarvan lanza un estandarte en el suelo, lo que inflige <magicDamage>{{ totaldamage }} de daño mágico</magicDamage> y les otorga a todos los aliados cercanos al estandarte un <attackSpeed>{{ e3 }}% de Velocidad de Ataque</attackSpeed> por {{ e4 }} seg.{{ spellmodifierdescriptionappend }}","leveltip":{"label":["Daño","Velocidad de Ataque pasiva","Velocidad de Ataque activa","Enfriamiento"],"effect":["{{ e2 }} -> {{ e2NL }}","{{ permanentattackspeed*100.000000 }}% -> {{ permanentattackspeednl*100.000000 }}%","{{ effect3amount*100.000000 }}% -> {{ effect3amountnl*100.000000 }}%","{{ cooldown }} -> {{ cooldownNL }}"]},"maxrank":5,"cooldown":[12,11.5,11,10.5,10],"cooldownBurn":"12/11.5/11/10.5/10","cost":[55,55,55,55,55],"costBurn":"55","datavalues":{},"effect":[null,[10,13,16,19,22],[80,120,160,200,240],[20,22.5,25,27.5,30],[8,8,8,8,8],[0,0,0,0,0],[0,0,0,0,0],[0,0,0,0,0],[0,0,0,0,0],[0,0,0,0,0],[0,0,0,0,0]],"effectBurn":[null,"10/13/16/19/22","80/120/160/200/240","20/22.5/25/27.5/30","8","0","0","0","0","0","0"],"vars":[],"costType":" de {{ abilityresourcename }}","maxammo":"-1","range":[860,860,860,860,860],"rangeBurn":"860","image":{"full":"JarvanIVDemacianStandard.png","sprite":"spell5.png","group":"spell","x":96,"y":48,"w":48,"h":48},"resource":"{{ cost }} de {{ abilityresourcename }}"},{"id":"JarvanIVCataclysm","name":"Cataclismo","description":"Jarvan IV salta heroicamente al combate y cae sobre un objetivo con tal fuerza que transforma el terreno a su alrededor para crear una arena. Los enemigos cercanos reciben daño al momento del impacto.","tooltip":"Jarvan salta heroicamente hacia un campeón enemigo, lo que le inflige <physicalDamage>{{ damagecalc }} de daño físico</physicalDamage> y a los enemigos que lo rodean, y crea una arena con terreno infranqueable a su alrededor durante {{ wallduration }} seg.<br /><br />Jarvan puede <recast>volver a lanzar</recast> esta habilidad para derrumbar el terreno.{{ spellmodifierdescriptionappend }}","leveltip":{"label":["Daño","Enfriamiento"],"effect":["{{ basedamage }} -> {{ basedamageNL }}","{{ cooldown }} -> {{ cooldownNL }}"]},"maxrank":3,"cooldown":[120,105,90],"cooldownBurn":"120/105/90","cost":[100,100,100],"costBurn":"100","datavalues":{},"effect":[null,[0,0,0],[0,0,0],[0,0,0],[0,0,0],[0,0,0],[0,0,0],[0,0,0],[0,0,0],[0,0,0],[0,0,0]],"effectBurn":[null,"0","0","0","0","0","0","0","0","0","0"],"vars":[],"costType":" de {{ abilityresourcename }}","maxammo":"-1","range":[650,650,650],"rangeBurn":"650","image":{"full":"JarvanIVCataclysm.png","sprite":"spell5.png","group":"spell","x":144,"y":48,"w":48,"h":48},"resource":"{{ cost }} de {{ abilityresourcename }}"}],"passive":{"name":"Cadencia Marcial","description":"El primer ataque básico de Jarvan a un enemigo inflige daño físico adicional según su vida actual. Este efecto no puede aplicarse de nuevo al mismo objetivo durante unos segundos.","image":{"full":"JarvanIVP.png","sprite":"passive1.png","group":"passive","x":384,"y":48,"w":48,"h":48}},"recommended":[]}}}