{"type":"champion","format":"standAloneComplex","version":"14.3.1","data":{"Jax":{"id":"Jax","key":"24","name":"Jax","title":"el Maestro de Armas","image":{"full":"Jax.png","sprite":"champion1.png","group":"champion","x":432,"y":48,"w":48,"h":48},"skins":[{"id":"24000","num":0,"name":"default","chromas":false},{"id":"24001","num":1,"name":"El Poderoso Jax","chromas":false},{"id":"24002","num":2,"name":"Jax Vándalo","chromas":false},{"id":"24003","num":3,"name":"Jax Humilde Pescador","chromas":false},{"id":"24004","num":4,"name":"Jax PAX","chromas":false},{"id":"24005","num":5,"name":"Jaximus","chromas":false},{"id":"24006","num":6,"name":"Jax del Templo","chromas":false},{"id":"24007","num":7,"name":"Jax Némesis","chromas":true},{"id":"24008","num":8,"name":"Jax SKT T1","chromas":false},{"id":"24012","num":12,"name":"Jax Protector","chromas":false},{"id":"24013","num":13,"name":"Jax Báculo Divino","chromas":false},{"id":"24014","num":14,"name":"Jax Reinos Mecha","chromas":true},{"id":"24020","num":20,"name":"Jax Conquistador","chromas":false},{"id":"24021","num":21,"name":"Jax Conquistador Prestigioso","chromas":false},{"id":"24022","num":22,"name":"Jax Empíreo","chromas":true},{"id":"24032","num":32,"name":"Jax Neo PAX","chromas":false}],"lore":"Inigualable tanto en sus habilidades de armamentos únicos como en su mordaz sarcasmo, Jax es el último maestro de armas conocido de Icathia. Después de que su tierra natal fue destruida por su propia arrogancia al desencadenar el Vacío, Jax y su especie juraron proteger lo poco que quedó. Mientras la magia aumenta en el mundo, la amenaza durmiente se agita una vez más, y Jax vaga por Valoran, portando la última luz de Icathia y poniendo a prueba a todos los guerreros que conoce para ver si son suficientemente fuertes para erguirse a su lado...","blurb":"Inigualable tanto en sus habilidades de armamentos únicos como en su mordaz sarcasmo, Jax es el último maestro de armas conocido de Icathia. Después de que su tierra natal fue destruida por su propia arrogancia al desencadenar el Vacío, Jax y su especie...","allytips":["Jax puede hacer un Salto Brutal a las unidades aliadas con centinelas incluidos. Puedes usarlo para planificar tu huida.","Jax se beneficia mucho de objetos con Poder de Habilidad y Daño de Ataque, tales como la Espadafuria de Guinsoo y el Sablepistola Hextech."],"enemytips":["En vez de chocar directamente con él, intenta atacarlo en rápidas ráfagas. Impedir que ataque de forma consecutiva reduce drásticamente su capacidad de daño.","Jax puede esquivar todos los ataques que reciba durante un breve período de tiempo y, al acabarse, aturde a todos los enemigos que estén al alcance de un ataque melé. Para golpearle, espera hasta que termine de esquivar."],"tags":["Fighter","Assassin"],"partype":"Maná","info":{"attack":7,"defense":5,"magic":7,"difficulty":5},"stats":{"hp":665,"hpperlevel":100,"mp":339,"mpperlevel":52,"movespeed":350,"armor":36,"armorperlevel":4.2,"spellblock":32,"spellblockperlevel":2.05,"attackrange":125,"hpregen":8.5,"hpregenperlevel":0.55,"mpregen":7.6,"mpregenperlevel":0.7,"crit":0,"critperlevel":0,"attackdamage":68,"attackdamageperlevel":4.25,"attackspeedperlevel":3.4,"attackspeed":0.638},"spells":[{"id":"JaxQ","name":"Salto Brutal","description":"Jax salta hacia una unidad. Si es un enemigo, lo golpea con su arma.","tooltip":"Jax salta hacia una unidad o centinela aliado o enemigo, lo que inflige <physicalDamage>{{ totaldamage }} de daño físico</physicalDamage> si es enemigo.{{ spellmodifierdescriptionappend }}","leveltip":{"label":["Daño","Enfriamiento"],"effect":["{{ damage }} -> {{ damageNL }}","{{ cooldown }} -> {{ cooldownNL }}"]},"maxrank":5,"cooldown":[8,7.5,7,6.5,6],"cooldownBurn":"8/7.5/7/6.5/6","cost":[65,65,65,65,65],"costBurn":"65","datavalues":{},"effect":[null,[0,0,0,0,0],[0,0,0,0,0],[0,0,0,0,0],[0,0,0,0,0],[0,0,0,0,0],[0,0,0,0,0],[0,0,0,0,0],[0,0,0,0,0],[0,0,0,0,0],[0,0,0,0,0]],"effectBurn":[null,"0","0","0","0","0","0","0","0","0","0"],"vars":[],"costType":" de {{ abilityresourcename }}","maxammo":"-1","range":[700,700,700,700,700],"rangeBurn":"700","image":{"full":"JaxQ.png","sprite":"spell5.png","group":"spell","x":192,"y":48,"w":48,"h":48},"resource":"{{ cost }} de {{ abilityresourcename }}"},{"id":"JaxW","name":"Potenciación","description":"Jax carga su arma con energía para que su siguiente ataque cause daño adicional.","tooltip":"Jax carga su arma con energía, lo que causa que su siguiente ataque o <spellName>Salto Brutal</spellName> inflija <magicDamage>{{ totaldamage }} de daño mágico</magicDamage> adicional.{{ spellmodifierdescriptionappend }}","leveltip":{"label":["Daño","Enfriamiento"],"effect":["{{ damage }} -> {{ damageNL }}","{{ cooldown }} -> {{ cooldownNL }}"]},"maxrank":5,"cooldown":[7,6,5,4,3],"cooldownBurn":"7/6/5/4/3","cost":[30,30,30,30,30],"costBurn":"30","datavalues":{},"effect":[null,[0,0,0,0,0],[0,0,0,0,0],[0,0,0,0,0],[0,0,0,0,0],[0,0,0,0,0],[0,0,0,0,0],[0,0,0,0,0],[0,0,0,0,0],[0,0,0,0,0],[0,0,0,0,0]],"effectBurn":[null,"0","0","0","0","0","0","0","0","0","0"],"vars":[],"costType":" de {{ abilityresourcename }}","maxammo":"-1","range":[300,300,300,300,300],"rangeBurn":"300","image":{"full":"JaxW.png","sprite":"spell5.png","group":"spell","x":240,"y":48,"w":48,"h":48},"resource":"{{ cost }} de {{ abilityresourcename }}"},{"id":"JaxE","name":"Contraataque","description":"Aumenta la Probabilidad de evadir durante unos segundos. Mientras la habilidad está disponible y no se está en combate, aumenta de forma pasiva la Velocidad de Movimiento.","tooltip":"Jax adopta una posición defensiva por {{ dodgeduration }} seg, esquiva los ataques y recibe un {{ aoedamagereduction }}% menos de daño de las habilitades de área de efecto. Luego de {{ dodgeduration }} seg o de <recast>relanzar</recast>, Jax inflige <magicDamage>{{ totaldamage }} + un {{ percenthealthdamage }}% de daño mágico de Vida Máxima</magicDamage> y <status>aturde</status> a los enemigos cercanos por {{ stunduration }} seg. <br /><br />El daño aumenta en un {{ percentincreasedperdodge*100 }}% por cada ataque esquivado, hasta un máximo de <magicDamage>{{ maxdamage }} + {{ maxpercenthealthdamage }}% de Vida Máxima</magicDamage>.{{ spellmodifierdescriptionappend }}","leveltip":{"label":["Daño","Enfriamiento","Costo de @AbilityResourceName@"],"effect":["{{ basedamage }} -> {{ basedamageNL }}","{{ cooldown }} -> {{ cooldownNL }}","{{ cost }} -> {{ costNL }}"]},"maxrank":5,"cooldown":[15,13.5,12,10.5,9],"cooldownBurn":"15/13.5/12/10.5/9","cost":[50,60,70,80,90],"costBurn":"50/60/70/80/90","datavalues":{},"effect":[null,[0,0,0,0,0],[0,0,0,0,0],[0,0,0,0,0],[0,0,0,0,0],[0,0,0,0,0],[0,0,0,0,0],[0,0,0,0,0],[0,0,0,0,0],[0,0,0,0,0],[0,0,0,0,0]],"effectBurn":[null,"0","0","0","0","0","0","0","0","0","0"],"vars":[],"costType":" de {{ abilityresourcename }}","maxammo":"-1","range":[300,300,300,300,300],"rangeBurn":"300","image":{"full":"JaxE.png","sprite":"spell5.png","group":"spell","x":288,"y":48,"w":48,"h":48},"resource":"{{ cost }} de {{ abilityresourcename }}"},{"id":"JaxR","name":"Gran Maestro de Armas","description":"Cada tercer ataque consecutivo inflige daño mágico adicional. Además, Jax puede activar esta habilidad para infligir daño a su alrededor y fortalecer su determinación, lo que aumenta su armadura y su resistencia mágica durante un breve periodo de tiempo.","tooltip":"<spellPassive>Pasiva:</spellPassive> Cada tercer ataque dentro de {{ passivefallofftime }} seg inflige <magicDamage>{{ onhitdamage }} de daño mágico</magicDamage> adicional.<br /><br /><spellActive>Activa:</spellActive> Jax golpea el suelo con su linterna, lo que inflige <magicDamage>{{ swingdamagetotal }} de daño mágico</magicDamage> a los enemigos cercanos. Si impacta a un campeón, obtiene <scaleArmor>{{ basearmor }} de Armadura</scaleArmor> y <scaleMR>{{ basemr }} de Resistencia Mágica</scaleMR> más <scaleArmor>{{ bonusarmor }} de Armadura</scaleArmor> y <scaleMR>{{ bonusmr }} de Resistencia Mágica</scaleMR> adicionales por cada campeón alcanzado durante {{ duration }} seg. Durante ese periodo, cada segundo ataque inflige <magicDamage>daño mágico</magicDamage> adicional, en lugar de cada tercer ataque.{{ spellmodifierdescriptionappend }}","leveltip":{"label":["Daño pasivo","Daño de la activa","Armadura básica","Resistencia Mágica básica","Armadura por campeón adicional","Resistencia Mágica por campeón adicional","Enfriamiento"],"effect":["{{ passivebasedamage }} -> {{ passivebasedamageNL }}","{{ swingdamagebase }} -> {{ swingdamagebaseNL }}","{{ baseresists }} -> {{ baseresistsNL }}","{{ baseresists*0.600000 }} -> {{ baseresistsnl*0.600000 }}","{{ resistsperextratarget }} -> {{ resistsperextratargetNL }}","{{ resistsperextratarget*0.600000 }} -> {{ resistsperextratargetnl*0.600000 }}","{{ cooldown }} -> {{ cooldownNL }}"]},"maxrank":3,"cooldown":[100,90,80],"cooldownBurn":"100/90/80","cost":[100,100,100],"costBurn":"100","datavalues":{},"effect":[null,[0,0,0],[0,0,0],[0,0,0],[0,0,0],[0,0,0],[0,0,0],[0,0,0],[0,0,0],[0,0,0],[0,0,0]],"effectBurn":[null,"0","0","0","0","0","0","0","0","0","0"],"vars":[],"costType":" de {{ abilityresourcename }}","maxammo":"-1","range":[260,260,260],"rangeBurn":"260","image":{"full":"JaxR.png","sprite":"spell5.png","group":"spell","x":336,"y":48,"w":48,"h":48},"resource":"{{ cost }} de {{ abilityresourcename }}"}],"passive":{"name":"Asalto Implacable","description":"Los ataques básicos consecutivos de Jax aumentan su Velocidad de Ataque constantemente.","image":{"full":"Armsmaster_MasterOfArms.png","sprite":"passive1.png","group":"passive","x":432,"y":48,"w":48,"h":48}},"recommended":[]}}}