{"type":"champion","format":"standAloneComplex","version":"14.3.1","data":{"Jayce":{"id":"Jayce","key":"126","name":"Jayce","title":"el Defensor del Mañana","image":{"full":"Jayce.png","sprite":"champion1.png","group":"champion","x":0,"y":96,"w":48,"h":48},"skins":[{"id":"126000","num":0,"name":"default","chromas":false},{"id":"126001","num":1,"name":"Jayce Metalizado","chromas":false},{"id":"126002","num":2,"name":"Jayce Gallardo","chromas":false},{"id":"126003","num":3,"name":"Jayce Abandonado","chromas":false},{"id":"126004","num":4,"name":"Jayce Martillo Brillante","chromas":false},{"id":"126005","num":5,"name":"Jayce Academia de Combate","chromas":true},{"id":"126015","num":15,"name":"Jayce Rebelde","chromas":true},{"id":"126024","num":24,"name":"Jayce Arcane","chromas":false},{"id":"126025","num":25,"name":"Jayce Juegos Cénit","chromas":true}],"lore":"Jayce es un brillante inventor que comprometió su vida a la defensa de Piltóver y a su firme búsqueda del progreso. Con su martillo hextech transformable en mano, Jayce utiliza su fuerza, valor y considerable inteligencia para proteger su ciudad natal. Aunque lo veneran como a un héroe, no se ha tomado bien toda la atención que conlleva el heroísmo. Aun así, el corazón de Jayce es bondadoso e incluso quienes envidian sus habilidades innatas agradecen la protección que le otorga a la Ciudad del Progreso.","blurb":"Jayce es un brillante inventor que comprometió su vida a la defensa de Piltóver y a su firme búsqueda del progreso. Con su martillo hextech transformable en mano, Jayce utiliza su fuerza, valor y considerable inteligencia para proteger su ciudad natal...","allytips":["Cambia de posición a menudo. Así potenciarás tus ataques y conseguirás impulsos de velocidad.","Si sufres mucho daño, intenta usar la forma de Martillo de Jayce, ya que otorga defensa adicional.","Prueba usar Descarga Eléctrica a través del Portal de Aceleración para causar más daño a distancias mayores."],"enemytips":["Jayce puede atacar en melé o a distancia. Presta atención a su posición y al color de su arma para saber si va a atacar.","Si ves a Jayce usar su Portal de Aceleración, ten cuidado, ya que es posible que vaya a lanzar Descarga Eléctrica.","Jayce es fuerte al principio de la partida. Si cobra ventaja, juega de forma defensiva."],"tags":["Fighter","Marksman"],"partype":"Maná","info":{"attack":8,"defense":4,"magic":3,"difficulty":7},"stats":{"hp":590,"hpperlevel":109,"mp":375,"mpperlevel":45,"movespeed":335,"armor":22,"armorperlevel":5,"spellblock":30,"spellblockperlevel":1.3,"attackrange":125,"hpregen":6,"hpregenperlevel":0.6,"mpregen":6,"mpregenperlevel":0.8,"crit":0,"critperlevel":0,"attackdamage":57,"attackdamageperlevel":4.25,"attackspeedperlevel":3,"attackspeed":0.658},"spells":[{"id":"JayceToTheSkies","name":"¡Hacia los Cielos!/Descarga Eléctrica","description":"Posición de Martillo: Salta a una zona, infligiendo daño físico y ralentizando a los enemigos.<br><br>Posición de Cañón: Lanza un orbe de electricidad que detona al golpear a un enemigo o al llegar al final del camino, infligiendo daño físico a todos los enemigos alcanzados.","tooltip":"<keywordMajor>Martillo de Mercurio:</keywordMajor> Jayce salta hacia un enemigo, inflige <physicalDamage>{{ spell.jaycetotheskies:damage }} de daño físico</physicalDamage> a los enemigos cercanos y los <status>ralentiza</status> un {{ spell.jaycetotheskies:slow*-100 }}% durante {{ spell.jaycetotheskies:slowduration }} seg.{{ spellmodifierdescriptionappend }}","leveltip":{"label":["Daño","Enfriamiento","Ralentización"],"effect":["{{ basedamage }} -> {{ basedamageNL }}","{{ cooldown }} -> {{ cooldownNL }}","{{ slow*-100.000000 }}% -> {{ slownl*-100.000000 }}%"]},"maxrank":6,"cooldown":[16,14,12,10,8,6],"cooldownBurn":"16/14/12/10/8/6","cost":[40,40,40,40,40,40],"costBurn":"40","datavalues":{},"effect":[null,[0,0,0,0,0,0],[0,0,0,0,0,0],[0,0,0,0,0,0],[0,0,0,0,0,0],[0,0,0,0,0,0],[0,0,0,0,0,0],[0,0,0,0,0,0],[0,0,0,0,0,0],[0,0,0,0,0,0],[0,0,0,0,0,0]],"effectBurn":[null,"0","0","0","0","0","0","0","0","0","0"],"vars":[],"costType":" de {{ abilityresourcename }}","maxammo":"-1","range":[600,600,600,600,600,600],"rangeBurn":"600","image":{"full":"JayceToTheSkies.png","sprite":"spell5.png","group":"spell","x":384,"y":48,"w":48,"h":48},"resource":"{{ cost }} de {{ abilityresourcename }}"},{"id":"JayceStaticField","name":"Campo Electrificado/Hipercarga","description":"Posición de Martillo: Pasiva: Restaura Maná por cada golpe. Activa: Crea un campo de rayos que daña a los enemigos cercanos durante varios segundos.<br><br>Posición de Cañón: Obtiene un impulso de energía y aumenta al máximo la Velocidad de Ataque durante varios ataques.","tooltip":"<keywordMajor>Martillo de Mercurio, Pasiva:</keywordMajor> Los ataques del <keywordMajor>Martillo</keywordMajor> de Jayce le otorgan <scaleMana>{{ spell.jaycestaticfield:managain }} de Maná</scaleMana>.<br /><br /><keywordMajor>Martillo de Mercurio, Activa:</keywordMajor> Jayce crea un aura eléctrica que inflige <magicDamage>{{ spell.jaycestaticfield:damage }} de daño mágico</magicDamage> a lo largo de {{ spell.jaycestaticfield:duration }} seg.{{ spellmodifierdescriptionappend }}","leveltip":{"label":["Daño","Restauración de Maná"],"effect":["{{ basedamage }} -> {{ basedamageNL }}","{{ managain }} -> {{ managainNL }}"]},"maxrank":6,"cooldown":[10,10,10,10,10,10],"cooldownBurn":"10","cost":[40,40,40,40,40,40],"costBurn":"40","datavalues":{},"effect":[null,[0,0,0,0,0,0],[0,0,0,0,0,0],[0,0,0,0,0,0],[0,0,0,0,0,0],[0,0,0,0,0,0],[0,0,0,0,0,0],[0,0,0,0,0,0],[0,0,0,0,0,0],[0,0,0,0,0,0],[0,0,0,0,0,0]],"effectBurn":[null,"0","0","0","0","0","0","0","0","0","0"],"vars":[],"costType":" de {{ abilityresourcename }}","maxammo":"-1","range":[285,285,285,285,285,285],"rangeBurn":"285","image":{"full":"JayceStaticField.png","sprite":"spell5.png","group":"spell","x":432,"y":48,"w":48,"h":48},"resource":"{{ cost }} de {{ abilityresourcename }}"},{"id":"JayceThunderingBlow","name":"Golpe Relámpago/Portal de Aceleración","description":"Posición de martillo: Inflige daño mágico a un enemigo y lo lanza hacia atrás una distancia corta.<br><br>Posición de cañón: Despliega un Portal de Aceleración, el cual aumenta la velocidad de movimiento de todos los aliados que pasen por él. Si se dispara Descarga Eléctrica a través del portal, aumentará la velocidad, el alcance y el daño del proyectil.","tooltip":"<keywordMajor>Forma de Martillo</keywordMajor>: Jayce golpea con su martillo, lo que <status>lanza hacia atrás</status> a su objetivo y le inflige <magicDamage>{{ spell.jaycethunderingblow:flatdamage }} más un {{ spell.jaycethunderingblow:perchpdamage*100 }}% de su Vida Máxima como daño mágico</magicDamage>.{{ spellmodifierdescriptionappend }}","leveltip":{"label":["% de Vida Máxima","Enfriamiento","Límite de daño a monstruos"],"effect":["{{ perchpdamage*100.000000 }}% -> {{ perchpdamagenl*100.000000 }}%","{{ cooldown }} -> {{ cooldownNL }}","{{ monstercap }} -> {{ monstercapNL }}"]},"maxrank":6,"cooldown":[20,18,16,14,12,10],"cooldownBurn":"20/18/16/14/12/10","cost":[55,55,55,55,55,55],"costBurn":"55","datavalues":{},"effect":[null,[0,0,0,0,0,0],[0,0,0,0,0,0],[0,0,0,0,0,0],[0,0,0,0,0,0],[0,0,0,0,0,0],[0,0,0,0,0,0],[0,0,0,0,0,0],[0,0,0,0,0,0],[0,0,0,0,0,0],[0,0,0,0,0,0]],"effectBurn":[null,"0","0","0","0","0","0","0","0","0","0"],"vars":[],"costType":" de {{ abilityresourcename }}","maxammo":"-1","range":[240,240,240,240,240,240],"rangeBurn":"240","image":{"full":"JayceThunderingBlow.png","sprite":"spell5.png","group":"spell","x":0,"y":96,"w":48,"h":48},"resource":"{{ cost }} de {{ abilityresourcename }}"},{"id":"JayceStanceHtG","name":"Cañón de Mercurio/Martillo de Mercurio","description":"Posición de Martillo: transforma el Martillo de Mercurio en el Cañón de Mercurio, por lo que obtiene nuevas habilidades y mayor alcance. El primer ataque con esta forma reduce la Armadura y la Resistencia Mágica del objetivo.<br><br>Posición de Cañón: transforma el Cañón de Mercurio en el Martillo de Mercurio, por lo que obtiene nuevas habilidades y aumenta la Armadura y la Resistencia Mágica. El primer ataque con esta forma inflige daño mágico adicional.","tooltip":"<keywordMajor>Cañón de Mercurio</keywordMajor>: Jayce transforma su arma en el <keywordMajor>Martillo de Mercurio</keywordMajor>, lo que le otorga alcance de ataque y nuevas habilidades. El próximo ataque de Jayce elimina un <scaleArmor>{{ spell.jaycestancehtg:rangedformshred }} de Armadura</scaleArmor> y <scaleMR>Resistencia Mágica</scaleMR> durante {{ spell.jaycestancehtg:shredduration }} seg.{{ spellmodifierdescriptionappend }}","maxrank":1,"cooldown":[6],"cooldownBurn":"6","cost":[0],"costBurn":"0","datavalues":{},"effect":[null,[0],[0],[0],[0],[0],[0],[0],[0],[0],[0]],"effectBurn":[null,"0","0","0","0","0","0","0","0","0","0"],"vars":[],"costType":"Sin costo","maxammo":"-1","range":[600],"rangeBurn":"600","image":{"full":"JayceStanceHtG.png","sprite":"spell5.png","group":"spell","x":48,"y":96,"w":48,"h":48},"resource":"Sin costo"}],"passive":{"name":"Condensador Hextech","description":"Cuando Jayce cambia de arma, obtiene velocidad de movimiento durante unos momentos.","image":{"full":"Jayce_Passive.png","sprite":"passive1.png","group":"passive","x":0,"y":96,"w":48,"h":48}},"recommended":[]}}}