{"type":"champion","format":"standAloneComplex","version":"14.3.1","data":{"Jhin":{"id":"Jhin","key":"202","name":"Jhin","title":"el Virtuoso","image":{"full":"Jhin.png","sprite":"champion1.png","group":"champion","x":48,"y":96,"w":48,"h":48},"skins":[{"id":"202000","num":0,"name":"default","chromas":false},{"id":"202001","num":1,"name":"Jhin el Forajido","chromas":true},{"id":"202002","num":2,"name":"Jhin Luna de Sangre","chromas":false},{"id":"202003","num":3,"name":"Jhin SKT T1","chromas":false},{"id":"202004","num":4,"name":"PROYECTO: Jhin","chromas":false},{"id":"202005","num":5,"name":"Jhin Oscuridad Cósmica","chromas":false},{"id":"202014","num":14,"name":"Jhin Pergaminos Shan Hai","chromas":true},{"id":"202023","num":23,"name":"Jhin DWG","chromas":true},{"id":"202025","num":25,"name":"Jhin Empíreo","chromas":true},{"id":"202036","num":36,"name":"Jhin Peleador Álmico","chromas":false},{"id":"202037","num":37,"name":"Jhin Oscuridad Cósmica Devastadora","chromas":true}],"lore":"Jhin es un psicópata meticuloso que cree que el asesinato es un arte. Alguna vez un prisionero jonio, pero liberado por elementos sombríos dentro del concejo líder de Jonia, el asesino en serie ahora presta sus servicios como sicario a esa camarilla. Utilizando su arma como un pincel, Jhin crea obras de arte brutales que horrorizan a sus víctimas y testigos. Mostrar sus obras de horripilante drama le causa un placer retorcido, lo que lo convierte en la mejor opción para mandar el más poderoso de los mensajes: el terror.","blurb":"Jhin es un psicópata meticuloso que cree que el asesinato es un arte. Alguna vez un prisionero jonio, pero liberado por elementos sombríos dentro del concejo líder de Jonia, el asesino en serie ahora presta sus servicios como sicario a esa camarilla...","allytips":["Brote Mortal tiene un rango increíble. Cuando te acerques a un combate, asegúrate de buscar enemigos que estén inmovilizados.","Tu habilidad definitiva le inflige mucho menos daño a los enemigos con vida completa. Busca objetivos débiles a medida que huyen.","Puedes lanzar hechizos mientras recargas tu arma. Úsalos para aprovechar ese momento."],"enemytips":["Brote Mortal solo inmoviliza a quienes son golpeados por los ataques básicos, las trampas, o los aliados dentro de los últimos 4 segundos.","Jhin coloca trampas invisibles alrededor del mapa. ¡Cuidado por donde pisas!","Los ataques de Jhin son bastante potentes, pero se queda sin munición luego del cuarto disparo. Aprovecha ese momento para atacarlo y acabar con él."],"tags":["Marksman","Mage"],"partype":"Maná","info":{"attack":10,"defense":2,"magic":6,"difficulty":6},"stats":{"hp":655,"hpperlevel":107,"mp":300,"mpperlevel":50,"movespeed":330,"armor":24,"armorperlevel":4.7,"spellblock":30,"spellblockperlevel":1.3,"attackrange":550,"hpregen":3.75,"hpregenperlevel":0.55,"mpregen":6,"mpregenperlevel":0.8,"crit":0,"critperlevel":0,"attackdamage":59,"attackdamageperlevel":4.7,"attackspeedperlevel":0,"attackspeed":0.625},"spells":[{"id":"JhinQ","name":"Granada Bailarina","description":"Jhin lanza un cartucho mágico contra el enemigo. Puede golpear hasta cuatro objetivos y obtiene daño cada vez que mata.","tooltip":"Jhin lanza un cartucho que inflige <physicalDamage>{{ totaldamage }} de daño físico</physicalDamage> antes de rebotar sobre un enemigo cercano que no haya recibido un impacto.<br /><br />El cartucho puede impactar hasta {{ tooltipmaxtargetshit }} veces. Los enemigos que mueren poco después de recibir un impacto aumentan un {{ percentamponkill*100 }}% el daño de los impactos subsecuentes.{{ spellmodifierdescriptionappend }}","leveltip":{"label":["Daño","Tasa de DA total","Enfriamiento","Costo de @AbilityResourceName@"],"effect":["{{ basedamage }} -> {{ basedamageNL }}","{{ adratio*100.000000 }}% -> {{ adrationl*100.000000 }}%","{{ cooldown }} -> {{ cooldownNL }}","{{ cost }} -> {{ costNL }}"]},"maxrank":5,"cooldown":[7,6.5,6,5.5,5],"cooldownBurn":"7/6.5/6/5.5/5","cost":[40,45,50,55,60],"costBurn":"40/45/50/55/60","datavalues":{},"effect":[null,[0,0,0,0,0],[0,0,0,0,0],[0,0,0,0,0],[0,0,0,0,0],[0,0,0,0,0],[0,0,0,0,0],[0,0,0,0,0],[0,0,0,0,0],[0,0,0,0,0],[0,0,0,0,0]],"effectBurn":[null,"0","0","0","0","0","0","0","0","0","0"],"vars":[],"costType":" de {{ abilityresourcename }}","maxammo":"-1","range":[550,550,550,550,550],"rangeBurn":"550","image":{"full":"JhinQ.png","sprite":"spell5.png","group":"spell","x":96,"y":96,"w":48,"h":48},"resource":"{{ cost }} de {{ abilityresourcename }}"},{"id":"JhinW","name":"Brote Mortal","description":"Jhin esgrime su bastón y dispara una sola bala con un enorme alcance. Atraviesa a los súbditos y monstruos, pero se detiene en el primer campeón impactado. El objetivo queda inmovilizado si fue alcanzado recientemente por ataques de aliados de Jhin, Trampas de Loto, o si recibió daño de Jhin.","tooltip":"Jhin dispara a largo alcance, lo que inflige <physicalDamage>{{ totaldamage }} de daño físico</physicalDamage> al primer campeón alcanzado y otros enemigos en el camino.<br /><br />Si esta habilidad golpea a un campeón que recibió daño de un campeón aliado en los últimos {{ spottingduration }} seg, lo <status>inmovilizará</status> por {{ rootduration }} seg y le otorgará a Jhin velocidad de movimiento de <spellName>Murmullo</spellName>.{{ spellmodifierdescriptionappend }}","leveltip":{"label":["Daño","Duración de inmovilización","Costo de @AbilityResourceName@"],"effect":["{{ basedamage }} -> {{ basedamageNL }}","{{ rootduration }} -> {{ rootdurationNL }}","{{ cost }} -> {{ costNL }}"]},"maxrank":5,"cooldown":[12,12,12,12,12],"cooldownBurn":"12","cost":[50,55,60,65,70],"costBurn":"50/55/60/65/70","datavalues":{},"effect":[null,[0,0,0,0,0],[0,0,0,0,0],[0,0,0,0,0],[0,0,0,0,0],[0,0,0,0,0],[0,0,0,0,0],[0,0,0,0,0],[0,0,0,0,0],[0,0,0,0,0],[0,0,0,0,0]],"effectBurn":[null,"0","0","0","0","0","0","0","0","0","0"],"vars":[],"costType":" de {{ abilityresourcename }}","maxammo":"-1","range":[3000,3000,3000,3000,3000],"rangeBurn":"3000","image":{"full":"JhinW.png","sprite":"spell5.png","group":"spell","x":144,"y":96,"w":48,"h":48},"resource":"{{ cost }} de {{ abilityresourcename }}"},{"id":"JhinE","name":"Audiencia Cautiva","description":"Jhin coloca una trampa de loto invisible que florece cuando se camina por encima de ella y ralentiza a los enemigos cercanos antes de infligir daño con una explosión de pétalos serrados. <br><br><font color='#FFFFFF'>La Belleza de la Muerte: </font> Cuando Jhin mata a un campeón enemigo, una trampa florecerá cerca del cadáver.","tooltip":"<passive>Pasiva:</passive> Los campeones que mate Jhin crearán y detonarán una Trampa de Loto en su ubicación.<br /><br /><active>Activa:</active> Jhin coloca una Trampa de Loto invisible durante {{ trapduration }} minutos que deja una zona que <status>ralentiza</status> un {{ trapslowamount*100 }}% cuando la pisa un enemigo. Tras {{ trapdetonationtime }} seg, la trampa detona e inflige <magicDamage>{{ totaldamage }} de daño mágico</magicDamage>.<br /><br />Esta habilidad tiene 2 cargas ({{ ammorechargeratetooltip }} para el segundo restablecimiento).{{ spellmodifierdescriptionappend }}","leveltip":{"label":["Daño","Tiempo de recarga"],"effect":["{{ basedamage }} -> {{ basedamageNL }}","{{ ammorechargetime }} -> {{ ammorechargetimeNL }}"]},"maxrank":5,"cooldown":[2,2,2,2,2],"cooldownBurn":"2","cost":[30,30,30,30,30],"costBurn":"30","datavalues":{},"effect":[null,[0,0,0,0,0],[0,0,0,0,0],[0,0,0,0,0],[0,0,0,0,0],[0,0,0,0,0],[0,0,0,0,0],[0,0,0,0,0],[0,0,0,0,0],[0,0,0,0,0],[0,0,0,0,0]],"effectBurn":[null,"0","0","0","0","0","0","0","0","0","0"],"vars":[],"costType":" de {{ abilityresourcename }}","maxammo":"2","range":[750,750,750,750,750],"rangeBurn":"750","image":{"full":"JhinE.png","sprite":"spell5.png","group":"spell","x":192,"y":96,"w":48,"h":48},"resource":"{{ cost }} de {{ abilityresourcename }}"},{"id":"JhinR","name":"Llamado a Escena","description":"Jhin canaliza, lo que transforma a Murmullo en un mega cañón montado al hombro. Puede disparar 4 superbalas desde distancias extremas que atraviesan a los súbditos y a los monstruos, pero se detienen en el primer campeón que impacta. Murmullo incapacita a los enemigos que golpea, lo que los ralentiza y retrasa el daño de ejecución. El cuarto disparo está perfectamente diseñado, es épicamente poderoso, y garantiza un golpe crítico.","tooltip":"Jhin se prepara y canaliza, lo que le permite disparar 4 superproyectiles. Cada uno inflige entre <physicalDamage>{{ damagecalc }}</physicalDamage> y <physicalDamage>{{ maxincreasecalc }} de daño físico</physicalDamage> al primer campeón alcanzado según su porcentaje de su vida faltante y lo <status>ralentiza</status> un {{ slowpercent*100 }}% durante {{ slowduration }} seg. El cuarto disparo es un golpe crítico que inflige un {{ fourthshotmultiplier*100 }}% de daño.{{ spellmodifierdescriptionappend }}","leveltip":{"label":["Daño","Enfriamiento"],"effect":["{{ damage }} -> {{ damageNL }}","{{ cooldown }} -> {{ cooldownNL }}"]},"maxrank":3,"cooldown":[120,105,90],"cooldownBurn":"120/105/90","cost":[100,100,100],"costBurn":"100","datavalues":{},"effect":[null,[0,0,0],[0,0,0],[0,0,0],[0,0,0],[0,0,0],[0,0,0],[0,0,0],[0,0,0],[0,0,0],[0,0,0]],"effectBurn":[null,"0","0","0","0","0","0","0","0","0","0"],"vars":[],"costType":" de {{ abilityresourcename }}","maxammo":"-1","range":[25000,25000,25000],"rangeBurn":"25000","image":{"full":"JhinR.png","sprite":"spell5.png","group":"spell","x":240,"y":96,"w":48,"h":48},"resource":"{{ cost }} de {{ abilityresourcename }}"}],"passive":{"name":"Murmullo","description":"El cañón de mano de Jhin, Murmullo, es un instrumento preciso diseñado para infligir daño superior. Dispara a una velocidad fija y solo tiene cuatro disparos. Jhin imbuye la última bala con magia oscura para realizar un golpe crítico e infligir daño de ejecución adicional. Cada vez que Murmullo inflige un golpe crítico, inspira a Jhin con un aumento de velocidad de movimiento.","image":{"full":"Jhin_P.png","sprite":"passive1.png","group":"passive","x":48,"y":96,"w":48,"h":48}},"recommended":[]}}}