{"type":"champion","format":"standAloneComplex","version":"14.3.1","data":{"Jinx":{"id":"Jinx","key":"222","name":"Jinx","title":"la Bala Perdida","image":{"full":"Jinx.png","sprite":"champion1.png","group":"champion","x":96,"y":96,"w":48,"h":48},"skins":[{"id":"222000","num":0,"name":"default","chromas":false},{"id":"222001","num":1,"name":"Jinx Ciudad del Crimen","chromas":false},{"id":"222002","num":2,"name":"Jinx Año Nuevo Chino","chromas":true},{"id":"222003","num":3,"name":"Jinx Matazombies","chromas":false},{"id":"222004","num":4,"name":"Jinx Guardiana Estelar","chromas":true},{"id":"222012","num":12,"name":"Jinx Elfa Ambiciosa","chromas":false},{"id":"222013","num":13,"name":"Jinx Odisea","chromas":true},{"id":"222020","num":20,"name":"PROYECTO: Jinx","chromas":true},{"id":"222029","num":29,"name":"Jinx Buscacorazones","chromas":true},{"id":"222037","num":37,"name":"Jinx Arcane","chromas":false},{"id":"222038","num":38,"name":"Jinx Michi Guerrera","chromas":true},{"id":"222040","num":40,"name":"Jinx Michi Guerrera Prestigiosa","chromas":false},{"id":"222051","num":51,"name":"Jinx Monerías de Café","chromas":true}],"lore":"Jinx, una maniática e impulsiva criminal de Zaun, vive para sembrar el caos sin pararse a pensar en las consecuencias. Con un arsenal de juguetes letales a su disposición, desata las explosiones más brillantes y los estallidos más ruidosos para dejar un rastro de caos y pánico a su paso. Jinx detesta el aburrimiento y con una gran alegría deja su marca de pandemonio a dondequiera que vaya.","blurb":"Jinx, una maniática e impulsiva criminal de Zaun, vive para sembrar el caos sin pararse a pensar en las consecuencias. Con un arsenal de juguetes letales a su disposición, desata las explosiones más brillantes y los estallidos más ruidosos para dejar un...","allytips":["¡Los cohetes no son siempre la mejor opción! La ametralladora de Jinx es tremendamente poderosa cuando está completamente recargada. Cámbiate a ella cuando un campeón enemigo se acerque demasiado.","Los cohetes de Jinx causan daño a todos los objetivos cercanos a la explosión. Si los usas contra súbditos para golpear a campeones enemigos, no llamarás la atención de los súbditos.","Cuando comience un combate, procura mantenerte a la máxima distancia, atacando de lejos con cohetes y ¡Chispas!. No entres en distancias cortas para descargar la ametralladora hasta que veas que es seguro."],"enemytips":["La ametralladora de Jinx necesita tiempo para juntar acumulaciones. Si la ves atacar con cohetes, intenta acabar con ella.","La definitiva de Jinx inflige menos daño cuanto más cerca de ella estés.","La inmovilización de las granadas de Jinx tiene un enfriamiento prolongado y es su manera principal de protegerse. Si falla al utilizarlas, le costará mucho escapar si alguien la ataca. "],"tags":["Marksman"],"partype":"Maná","info":{"attack":9,"defense":2,"magic":4,"difficulty":6},"stats":{"hp":630,"hpperlevel":105,"mp":260,"mpperlevel":50,"movespeed":325,"armor":26,"armorperlevel":4.7,"spellblock":30,"spellblockperlevel":1.3,"attackrange":525,"hpregen":3.75,"hpregenperlevel":0.5,"mpregen":6.7,"mpregenperlevel":1,"crit":0,"critperlevel":0,"attackdamage":59,"attackdamageperlevel":3.15,"attackspeedperlevel":1,"attackspeed":0.625},"spells":[{"id":"JinxQ","name":"¡Cambio de Armas!","description":"Jinx modifica sus ataques básicos al cambiar entre Pum-Pum, su ametralladora, y Carapescado, su lanzacohetes. Los ataques con Pum-Pum otorgan velocidad de ataque, mientras que los ataques con Carapescado infligen daño de área y tienen mayor alcance, pero consumen maná y tienen menor velocidad de ataque.","tooltip":"Jinx cambia de arma entre Carapescado, el lanzacohetes, y Pum-Pum, la ametralladora.<br /><br />Al usar el lanzacohetes, los ataques de Jinx infligen <physicalDamage>{{ rocketdamage }} de daño físico</physicalDamage> al objetivo y a los enemigos cercanos, obtienen {{ rocketbonusrange }} de alcance, consumen Maná y se benefician de un {{ rocketaspdpenalty*100 }}% menos de la Velocidad de Ataque adicional.<br /><br />Al usar la ametralladora, los ataques de Jinx otorgan <attackSpeed>Velocidad de Ataque</attackSpeed> durante {{ minigunattackspeedduration }} seg, lo cual se acumula hasta {{ minigunattackspeedstacks }} veces (máx. <attackSpeed>+{{ minigunattackspeedmax }}% %i:scaleAS%</attackSpeed>).{{ spellmodifierdescriptionappend }}","leveltip":{"label":["Alcance adicional del cohete","Velocidad de Ataque total de la ametralladora"],"effect":["{{ rocketbonusrange }} -> {{ rocketbonusrangeNL }}","{{ minigunattackspeedmax }}% -> {{ minigunattackspeedmaxNL }}%"]},"maxrank":5,"cooldown":[0.9,0.9,0.9,0.9,0.9],"cooldownBurn":"0.9","cost":[20,20,20,20,20],"costBurn":"20","datavalues":{},"effect":[null,[0,0,0,0,0],[0,0,0,0,0],[0,0,0,0,0],[0,0,0,0,0],[0,0,0,0,0],[0,0,0,0,0],[0,0,0,0,0],[0,0,0,0,0],[0,0,0,0,0],[0,0,0,0,0]],"effectBurn":[null,"0","0","0","0","0","0","0","0","0","0"],"vars":[],"costType":" de maná por cohete","maxammo":"-1","range":[600,600,600,600,600],"rangeBurn":"600","image":{"full":"JinxQ.png","sprite":"spell5.png","group":"spell","x":288,"y":96,"w":48,"h":48},"resource":"{{ cost }} de maná por cohete"},{"id":"JinxW","name":"¡Chispas!","description":"Jinx usa a Chispita, su pistola de rayos, para disparar un rayo que ralentiza, revela e inflige daño al primer enemigo que golpea.","tooltip":"Jinx dispara un rayo que inflige <physicalDamage>{{ totaldamage }} de daño físico</physicalDamage> al primer enemigo impactado, lo que lo <status>ralentiza</status> un {{ slowpercent }}% y lo revela durante {{ slowduration }} seg.{{ spellmodifierdescriptionappend }}","leveltip":{"label":["Daño","Ralentización","Enfriamiento","Costo de @AbilityResourceName@"],"effect":["{{ damage }} -> {{ damageNL }}","{{ slowpercent }}% -> {{ slowpercentNL }}%","{{ cooldown }} -> {{ cooldownNL }}","{{ cost }} -> {{ costNL }}"]},"maxrank":5,"cooldown":[8,7,6,5,4],"cooldownBurn":"8/7/6/5/4","cost":[40,45,50,55,60],"costBurn":"40/45/50/55/60","datavalues":{},"effect":[null,[0,0,0,0,0],[0,0,0,0,0],[0,0,0,0,0],[0,0,0,0,0],[0,0,0,0,0],[0,0,0,0,0],[0,0,0,0,0],[0,0,0,0,0],[0,0,0,0,0],[0,0,0,0,0]],"effectBurn":[null,"0","0","0","0","0","0","0","0","0","0"],"vars":[],"costType":" de {{ abilityresourcename }}","maxammo":"-1","range":[1450,1450,1450,1450,1450],"rangeBurn":"1450","image":{"full":"JinxW.png","sprite":"spell5.png","group":"spell","x":336,"y":96,"w":48,"h":48},"resource":"{{ cost }} de {{ abilityresourcename }}"},{"id":"JinxE","name":"¡Mascafuegos!","description":"Jinx lanza una hilera de granadas paralizantes que explotan tras 5 segundos y envuelven en llamas a los enemigos circundantes. Las Mascafuegos morderán e inmovilizarán a los campeones enemigos que pasen por encima de ellas.","tooltip":"Jinx lanza 3 mascafuegos que duran {{ grenadeduration }} seg. Explotarán al entrar en contacto con campeones enemigos, a los que <status>inmovilizarán</status> durante {{ rootduration }} seg e infligirán <magicDamage>{{ totaldamage }} de daño mágico</magicDamage> a los enemigos cercanos.{{ spellmodifierdescriptionappend }}","leveltip":{"label":["Daño","Enfriamiento"],"effect":["{{ damage }} -> {{ damageNL }}","{{ cooldown }} -> {{ cooldownNL }}"]},"maxrank":5,"cooldown":[24,20.5,17,13.5,10],"cooldownBurn":"24/20.5/17/13.5/10","cost":[90,90,90,90,90],"costBurn":"90","datavalues":{},"effect":[null,[0,0,0,0,0],[0,0,0,0,0],[0,0,0,0,0],[0,0,0,0,0],[0,0,0,0,0],[0,0,0,0,0],[0,0,0,0,0],[0,0,0,0,0],[0,0,0,0,0],[0,0,0,0,0]],"effectBurn":[null,"0","0","0","0","0","0","0","0","0","0"],"vars":[],"costType":" de {{ abilityresourcename }}","maxammo":"-1","range":[925,925,925,925,925],"rangeBurn":"925","image":{"full":"JinxE.png","sprite":"spell5.png","group":"spell","x":384,"y":96,"w":48,"h":48},"resource":"{{ cost }} de {{ abilityresourcename }}"},{"id":"JinxR","name":"¡¡Supermegacohete Requetemortal!!","description":"Jinx dispara un supercohete por todo el mapa que va aumentando su daño a medida que avanza. El cohete explotará al impactar contra un campeón enemigo y tanto este como los enemigos circundantes recibirán una cantidad de daño proporcional a la Vida que les falte en ese momento.","tooltip":"Jinx dispara un cohete que explota sobre el primer campeón enemigo alcanzado e inflige de <physicalDamage>{{ damagefloor }} a {{ damagemax }} más un {{ percentdamage }}% de su Vida faltante como daño físico</physicalDamage>. El daño aumenta a lo largo del primer segundo de su trayectoria. Los enemigos cercanos reciben un {{ aoedamagemult*100 }}% de daño.<br /><br /><rules>El daño de vida faltante no puede superar {{ monsterexecutemax }} contra monstruos.</rules>{{ spellmodifierdescriptionappend }}","leveltip":{"label":["Daño mínimo","Daño máximo","Porcentaje de Daño por Vida perdida","Enfriamiento"],"effect":["{{ basedamage }} -> {{ basedamageNL }}","{{ maxdamage }} -> {{ maxdamageNL }}","{{ percentdamage }}% -> {{ percentdamageNL }}%","{{ cooldown }} -> {{ cooldownNL }}"]},"maxrank":3,"cooldown":[70,60,50],"cooldownBurn":"70/60/50","cost":[100,100,100],"costBurn":"100","datavalues":{},"effect":[null,[0,0,0],[0,0,0],[0,0,0],[0,0,0],[0,0,0],[0,0,0],[0,0,0],[0,0,0],[0,0,0],[0,0,0]],"effectBurn":[null,"0","0","0","0","0","0","0","0","0","0"],"vars":[],"costType":" de {{ abilityresourcename }}","maxammo":"-1","range":[25000,25000,25000],"rangeBurn":"25000","image":{"full":"JinxR.png","sprite":"spell5.png","group":"spell","x":432,"y":96,"w":48,"h":48},"resource":"{{ cost }} de {{ abilityresourcename }}"}],"passive":{"name":"¡Comienza a Emocionarte!","description":"Jinx recibe un enorme aumento de velocidad de movimiento y velocidad de ataque cuando ayuda a eliminar a un campeón enemigo, un monstruo de la jungla épico o una estructura.","image":{"full":"Jinx_Passive.png","sprite":"passive1.png","group":"passive","x":96,"y":96,"w":48,"h":48}},"recommended":[]}}}