{"type":"champion","format":"standAloneComplex","version":"14.3.1","data":{"Kaisa":{"id":"Kaisa","key":"145","name":"Kai'Sa","title":"La Hija del Vacío","image":{"full":"Kaisa.png","sprite":"champion1.png","group":"champion","x":144,"y":96,"w":48,"h":48},"skins":[{"id":"145000","num":0,"name":"default","chromas":false},{"id":"145001","num":1,"name":"Kai'Sa Ángel Exterminador","chromas":true},{"id":"145014","num":14,"name":"Kai'Sa K/DA","chromas":false},{"id":"145015","num":15,"name":"Kai'Sa K/DA Prestigiosa","chromas":false},{"id":"145016","num":16,"name":"Kai'Sa Invictus Gaming","chromas":false},{"id":"145017","num":17,"name":"Kai'Sa de Arcadia","chromas":false},{"id":"145026","num":26,"name":"Kai'Sa K/DA ALL OUT","chromas":false},{"id":"145027","num":27,"name":"Kai'Sa K/DA ALL OUT Prestigiosa","chromas":false},{"id":"145029","num":29,"name":"Kai'Sa Dragón de la Laguna","chromas":false},{"id":"145039","num":39,"name":"Kai'Sa K/DA Prestigiosa (2022)","chromas":false},{"id":"145040","num":40,"name":"Kai'Sa Guardiana Estelar","chromas":false},{"id":"145048","num":48,"name":"Kai'Sa Tinta Sombría","chromas":false},{"id":"145059","num":59,"name":"Kai'Sa Reino Celestial","chromas":false}],"lore":"Reclamada por el Vacío cuando era tan solo una niña, Kai'Sa ha logrado sobrevivir a través de absoluta tenacidad y fuerza de voluntad. Sus experiencias la han convertido en una cazadora letal y, para algunos, el presagio de un futuro para el cual preferirían no vivir lo suficiente para no verlo. Ahora que forma parte de una inquietante simbiosis con un caparazón viviente del Vacío, pronto le llegará el momento en el que tendrá que decidir si perdona a los mortales que la consideraran un monstruo para vencer juntos a la oscuridad que se aproxima... o simplemente olvidar, mientras el Vacío consume el mundo que la dejó atrás.","blurb":"Reclamada por el Vacío cuando era tan solo una niña, Kai'Sa ha logrado sobrevivir a través de absoluta tenacidad y fuerza de voluntad. Sus experiencias la han convertido en una cazadora letal y, para algunos, el presagio de un futuro para el cual...","allytips":["Intenta atrapar a los acarreadores enemigos cuando estén aislados para acabarlos con Lluvia de Icathia.","Colabora con tus compañeros para preparar tu definitiva y optimizar el daño de tu pasiva.","Asegúrate de comprar objetos que hagan evolucionar al menos 1 o 2 de tus hechizos."],"enemytips":["Kai'Sa es muy buena para acabar con enemigos aislados. Mantente cerca de tu equipo al pelear contra ella.","Kai'Sa es muy vulnerable a ser superada en alcance por magos y tiradores de largo alcance.","Asegúrate de colocar centinelas en tus puntos ciegos para que puedas ver venir a Kai'Sa."],"tags":["Marksman"],"partype":"Maná","info":{"attack":8,"defense":5,"magic":3,"difficulty":6},"stats":{"hp":640,"hpperlevel":102,"mp":345,"mpperlevel":40,"movespeed":335,"armor":25,"armorperlevel":4.2,"spellblock":30,"spellblockperlevel":1.3,"attackrange":525,"hpregen":3.5,"hpregenperlevel":0.55,"mpregen":8.2,"mpregenperlevel":0.7,"crit":0,"critperlevel":0,"attackdamage":59,"attackdamageperlevel":2.6,"attackspeedperlevel":1.8,"attackspeed":0.644},"spells":[{"id":"KaisaQ","name":"Lluvia de Icathia","description":"Kai'Sa desata una lluvia de misiles que buscan objetivos cercanos.<br><br>Arma Viviente: mejora Lluvia para lanzar más misiles.","tooltip":"Kai'Sa lanza {{ e2 }} misiles que se esparcen entre los enemigos cercanos y cada uno inflige <physicalDamage>{{ totalindividualmissiledamage }} de daño físico</physicalDamage>, hasta un máximo de {{ maxdamage }}. Los impactos adicionales de los misiles en campeones o monstruos infligen un {{ e3 }}% de daño.<br /><br /><keywordMajor>Evolucionada</keywordMajor>: Kai'Sa lanza {{ e7 }} misiles.<br />Actual: <physicalDamage>{{ f11.1 }}/{{ e6 }} de Daño de Ataque adicional</physicalDamage>{{ spellmodifierdescriptionappend }}","leveltip":{"label":["Enfriamiento","Daño por misil","Daño máximo"],"effect":["{{ cooldown }} -> {{ cooldownNL }}","{{ e1 }} -> {{ e1NL }}","{{ maxdamage }} -> {{ maxdamageNL }}"]},"maxrank":5,"cooldown":[10,9,8,7,6],"cooldownBurn":"10/9/8/7/6","cost":[55,55,55,55,55],"costBurn":"55","datavalues":{},"effect":[null,[40,55,70,85,100],[6,6,6,6,6],[25,25,25,25,25],[2,2,2,2,2],[0.35,0.35,0.35,0.35,0.35],[100,100,100,100,100],[12,12,12,12,12],[0,0,0,0,0],[0,0,0,0,0],[0,0,0,0,0]],"effectBurn":[null,"40/55/70/85/100","6","25","2","0.35","100","12","0","0","0"],"vars":[],"costType":" de {{ abilityresourcename }}","maxammo":"-1","range":[600,600,600,600,600],"rangeBurn":"600","image":{"full":"KaisaQ.png","sprite":"spell5.png","group":"spell","x":0,"y":144,"w":48,"h":48},"resource":"{{ cost }} de {{ abilityresourcename }}"},{"id":"KaisaW","name":"Buscadora del Vacío","description":"Kai'Sa dispara un misil de largo alcance que marca a los enemigos con su pasiva.<br><br>Arma Viviente: mejora Buscadora del Vacío para que aplique más marcas de la pasiva y reduce su enfriamiento al impacto contra campeones.","tooltip":"Kai'Sa dispara una ráfaga de vacío que inflige <magicDamage>{{ totaldamage }} de daño mágico</magicDamage>, aplica {{ e4 }} acumulaciones de <keywordMajor>Plasma</keywordMajor> y otorga <keywordStealth>Visión Verdadera</keywordStealth> del primer enemigo impactado durante {{ spell.kaisapassive:pduration }} seg.<br /><br /><keywordMajor>Evolucionada</keywordMajor>: Kai'Sa aplica {{ e5 }} acumulaciones de <keywordMajor>Plasma</keywordMajor> e impactar a un campeón reduce el enfriamiento un {{ e3 }}%.<br />Actual: <scaleAP>{{ f2.1 }}/{{ e2 }} de Poder de Habilidad</scaleAP>{{ spellmodifierdescriptionappend }}","leveltip":{"label":["Enfriamiento","Daño","Costo de maná"],"effect":["{{ cooldown }} -> {{ cooldownNL }}","{{ e1 }} -> {{ e1NL }}","{{ cost }} -> {{ costNL }}"]},"maxrank":5,"cooldown":[22,20,18,16,14],"cooldownBurn":"22/20/18/16/14","cost":[55,60,65,70,75],"costBurn":"55/60/65/70/75","datavalues":{},"effect":[null,[30,55,80,105,130],[100,100,100,100,100],[75,75,75,75,75],[2,2,2,2,2],[3,3,3,3,3],[0,0,0,0,0],[0,0,0,0,0],[0,0,0,0,0],[0,0,0,0,0],[0,0,0,0,0]],"effectBurn":[null,"30/55/80/105/130","100","75","2","3","0","0","0","0","0"],"vars":[],"costType":" de {{ abilityresourcename }}","maxammo":"-1","range":[3000,3000,3000,3000,3000],"rangeBurn":"3000","image":{"full":"KaisaW.png","sprite":"spell5.png","group":"spell","x":48,"y":144,"w":48,"h":48},"resource":"{{ cost }} de {{ abilityresourcename }}"},{"id":"KaisaE","name":"Supercarga","description":"Kai'Sa aumenta su velocidad de movimiento por un breve momento y después aumenta su velocidad de ataque.<br><br>Arma Viviente: Mejora Supercarga para otorgar Invisibilidad por un breve momento.","tooltip":"Kai'Sa supercarga su energía del Vacío para obtener <speed>{{ totalmovespeed }} de Velocidad de Movimiento</speed> y convertirse en Fantasma mientras carga, luego obtiene un <attackSpeed>{{ e5 }}% de Velocidad de Ataque</attackSpeed> durante {{ e2 }} seg.<br /><br />Los ataques reducen el enfriamiento de esta habilidad en {{ e4 }} seg.<br /><br /><keywordMajor>Evolucionada</keywordMajor>: Kai'Sa también se vuelve <keywordStealth>invisible</keywordStealth> durante {{ e7 }} seg.<br />Actual: <attackSpeed>{{ f10.1 }}%/{{ e6 }}% de Velocidad de Ataque adicional</attackSpeed>{{ spellmodifierdescriptionappend }}","leveltip":{"label":["Enfriamiento","Velocidad de movimiento","Velocidad de ataque"],"effect":["{{ cooldown }} -> {{ cooldownNL }}","{{ effect1amount*100.000000 }}% -> {{ effect1amountnl*100.000000 }}%","{{ effect5amount*100.000000 }}% -> {{ effect5amountnl*100.000000 }}%"]},"maxrank":5,"cooldown":[16,14.5,13,11.5,10],"cooldownBurn":"16/14.5/13/11.5/10","cost":[30,30,30,30,30],"costBurn":"30","datavalues":{},"effect":[null,[0.55,0.6,0.65,0.7,0.75],[4,4,4,4,4],[1.2,1.2,1.2,1.2,1.2],[0.5,0.5,0.5,0.5,0.5],[40,50,60,70,80],[100,100,100,100,100],[0.5,0.5,0.5,0.5,0.5],[0.6,0.6,0.6,0.6,0.6],[0,0,0,0,0],[0,0,0,0,0]],"effectBurn":[null,"0.55/0.6/0.65/0.7/0.75","4","1.2","0.5","40/50/60/70/80","100","0.5","0.6","0","0"],"vars":[],"costType":" de {{ abilityresourcename }}","maxammo":"-1","range":[1,1,1,1,1],"rangeBurn":"1","image":{"full":"KaisaE.png","sprite":"spell5.png","group":"spell","x":96,"y":144,"w":48,"h":48},"resource":"{{ cost }} de {{ abilityresourcename }}"},{"id":"KaisaR","name":"Instinto Asesino","description":"Kai'Sa se desplaza cerca de un campeón enemigo.","tooltip":"Kai'Sa se transporta cerca de un campeón enemigos afectado por <keywordMajor>Plasma</keywordMajor> y obtiene <shield>{{ rcalculatedshieldvalue }} de Escudo</shield> durante {{ rshieldduration }} seg.{{ spellmodifierdescriptionappend }}","leveltip":{"label":["Alcance","Enfriamiento","Cantidad de escudo","Tasa de daño de ataque"],"effect":["{{ rrange }} -> {{ rrangeNL }}","{{ cooldown }} -> {{ cooldownNL }}","{{ rbasevalue }} -> {{ rbasevalueNL }}","{{ rtotaladratio*100.000000 }}% -> {{ rtotaladrationl*100.000000 }}%"]},"maxrank":3,"cooldown":[130,100,70],"cooldownBurn":"130/100/70","cost":[100,100,100],"costBurn":"100","datavalues":{},"effect":[null,[0,0,0],[0,0,0],[0,0,0],[0,0,0],[0,0,0],[0,0,0],[0,0,0],[0,0,0],[0,0,0],[0,0,0]],"effectBurn":[null,"0","0","0","0","0","0","0","0","0","0"],"vars":[],"costType":" de {{ abilityresourcename }}","maxammo":"-1","range":[1500,2250,3000],"rangeBurn":"1500/2250/3000","image":{"full":"KaisaR.png","sprite":"spell5.png","group":"spell","x":144,"y":144,"w":48,"h":48},"resource":"{{ cost }} de {{ abilityresourcename }}"}],"passive":{"name":"Segunda Piel","description":"Los ataques básicos de Kai'Sa acumulan Plasma, lo que inflige daño mágico adicional. Los efectos de inmovilización de sus aliados ayudan a acumular Plasma. Además, al comprar objetos, Kai'Sa puede mejorar sus hechizos básicos para que tengan propiedades más poderosas.","image":{"full":"Kaisa_Passive.png","sprite":"passive1.png","group":"passive","x":144,"y":96,"w":48,"h":48}},"recommended":[]}}}