{"type":"champion","format":"standAloneComplex","version":"14.3.1","data":{"Kalista":{"id":"Kalista","key":"429","name":"Kalista","title":"el Espíritu de la Venganza","image":{"full":"Kalista.png","sprite":"champion1.png","group":"champion","x":192,"y":96,"w":48,"h":48},"skins":[{"id":"429000","num":0,"name":"default","chromas":false},{"id":"429001","num":1,"name":"Kalista Luna de Sangre","chromas":false},{"id":"429002","num":2,"name":"Kalista Worlds 2015","chromas":true},{"id":"429003","num":3,"name":"Kalista SKT T1","chromas":false},{"id":"429005","num":5,"name":"Kalista Merodeadora","chromas":true},{"id":"429014","num":14,"name":"Kalista Corte Feérica","chromas":true}],"lore":"Kalista, espectro de ira y retribución, es el espíritu eterno de la venganza, una pesadilla armada invocada de las Islas de la Sombra para cazar impostores y traidores. Los traicionados pueden llorar ensangrentados clamando venganza, pero Kalista solo escucha a los que están dispuestos a pagar con sus propias almas. Aquellos que se convierten en presa de la ira de Kalista, deben estar en paz, pues cada pacto sellado con esta cazadora terminará con el frío y penetrante fuego de sus lanzas de alma.","blurb":"Kalista, espectro de ira y retribución, es el espíritu eterno de la venganza, una pesadilla armada invocada de las Islas de la Sombra para cazar impostores y traidores. Los traicionados pueden llorar ensangrentados clamando venganza, pero Kalista solo...","allytips":["Desgarrar es perfecta para asestar últimos golpes, puesto que su Enfriamiento se reduce a cero si acaba con su objetivo.","Al dar una orden de movimiento para lanzar Elegancia Marcial, el ataque básico de Kalista sigue seleccionado.","Debido a su pasiva, la Velocidad de Ataque de Kalista tiene el efecto práctico de incrementar su Velocidad de Movimiento."],"enemytips":["La movilidad de Kalista depende de su ataque. Esto quiere decir que si no tiene a nadie a su alcance es lenta y que si se ralentiza su velocidad de ataque se reduce la distancia que puede recorrer en combate.","Kalista no puede cancelar la preparación de sus ataques básicos. Aunque es muy móvil, esto proporciona a sus enemigos cierto margen para lanzarle hechizos si logran anticiparse al momento en que comenzará a atacar.","Si puedes evitar la línea de visión de Kalista, incluida la maleza, sus ataques básicos fallarán, y no infligirán ningún daño."],"tags":["Marksman"],"partype":"Maná","info":{"attack":8,"defense":2,"magic":4,"difficulty":7},"stats":{"hp":600,"hpperlevel":114,"mp":300,"mpperlevel":45,"movespeed":330,"armor":24,"armorperlevel":5.2,"spellblock":30,"spellblockperlevel":1.3,"attackrange":525,"hpregen":4,"hpregenperlevel":0.75,"mpregen":6.3,"mpregenperlevel":0.4,"crit":0,"critperlevel":0,"attackdamage":61,"attackdamageperlevel":3.25,"attackspeedperlevel":4.5,"attackspeed":0.694},"spells":[{"id":"KalistaMysticShot","name":"Atravesar","description":"Arroja una veloz lanza que atraviesa a los enemigos que asesina.","tooltip":"Kalista arroja una lanza, lo que inflige <physicalDamage>{{ totaldamage }} de daño físico</physicalDamage> al primer objetivo alcanzado. Si con esto asesina al objetivo, la lanza continúa y pasa todas las acumulaciones de <spellName>Desgarrar</spellName> al siguiente objetivo golpeado.<br /><br />Kalista puede desplazarse después de usar esta habilidad con <spellName>Elegancia Marcial</spellName>.{{ spellmodifierdescriptionappend }}","leveltip":{"label":["Costo de @AbilityResourceName@","Daño"],"effect":["{{ cost }} -> {{ costNL }}","{{ basedamage }} -> {{ basedamageNL }}"]},"maxrank":5,"cooldown":[8,8,8,8,8],"cooldownBurn":"8","cost":[50,55,60,65,70],"costBurn":"50/55/60/65/70","datavalues":{},"effect":[null,[0,0,0,0,0],[0,0,0,0,0],[0,0,0,0,0],[0,0,0,0,0],[0,0,0,0,0],[0,0,0,0,0],[0,0,0,0,0],[0,0,0,0,0],[0,0,0,0,0],[0,0,0,0,0]],"effectBurn":[null,"0","0","0","0","0","0","0","0","0","0"],"vars":[],"costType":" de {{ abilityresourcename }}","maxammo":"-1","range":[1150,1150,1150,1150,1150],"rangeBurn":"1150","image":{"full":"KalistaMysticShot.png","sprite":"spell5.png","group":"spell","x":192,"y":144,"w":48,"h":48},"resource":"{{ cost }} de {{ abilityresourcename }}"},{"id":"KalistaW","name":"Guardián","description":"Obtienes daño adicional cuando Kalista y su Juramentado atacan al mismo objetivo. <br><br>Actívala para enviar un espíritu a explorar, el cual revelará la zona frente a él.","tooltip":"<spellPassive>Pasiva:</spellPassive> cuando Kalista y su <keywordMajor>Juramentado</keywordMajor> atacan al mismo objetivo, ella inflige un <magicDamage>{{ e2 }}% de la Vida Máxima como daño mágico</magicDamage>. Este efecto tiene {{ e7 }} seg de Enfriamiento por objetivo.<br /><br /><spellPassive>Activa: </spellPassive>Kalista envía a un fantasma a patrullar la zona por tres vueltas. Los campeones enemigos encontrados quedan revelados durante 4 seg. Esta habilidad tiene 2 cargas ({{ e4 }} seg de recarga).{{ spellmodifierdescriptionappend }}","leveltip":{"label":["Daño","Recarga de munición"],"effect":["{{ e2 }}% -> {{ e2NL }}%","{{ e4 }} -> {{ e4NL }}"]},"maxrank":5,"cooldown":[30,30,30,30,30],"cooldownBurn":"30","cost":[0,0,0,0,0],"costBurn":"0","datavalues":{},"effect":[null,[80,80,80,80,80],[14,15,16,17,18],[125,150,175,200,225],[90,80,70,60,50],[0,0,0,0,0],[75,100,125,150,175],[10,10,10,10,10],[0,0,0,0,0],[0,0,0,0,0],[0,0,0,0,0]],"effectBurn":[null,"80","14/15/16/17/18","125/150/175/200/225","90/80/70/60/50","0","75/100/125/150/175","10","0","0","0"],"vars":[],"costType":"Sin costo","maxammo":"2","range":[5000,5000,5000,5000,5000],"rangeBurn":"5000","image":{"full":"KalistaW.png","sprite":"spell5.png","group":"spell","x":240,"y":144,"w":48,"h":48},"resource":"Sin costo"},{"id":"KalistaExpungeWrapper","name":"Desgarrar","description":"Cuando ataca, atraviesa a sus objetivos con lanzas. Actívala para arrancarlas, lo que ralentiza a las víctimas y les causa daño en función del nivel.","tooltip":"<spellPassive>Pasiva: </spellPassive>Las lanzas de Kalista perduran en su objetivo durante 4 seg y se acumulan cualquier número de veces.<br /><br /><spellActive>Activa:</spellActive> Kalista arrebata las lanzas de los enemigos cercanos e inflige <physicalDamage>{{ normaldamage }}</physicalDamage> más <physicalDamage>{{ additionaldamage }} de Daño Físico</physicalDamage> por cada lanza después de la primera. <status>Ralentiza</status> a los enemigos alcanzados un <attention>{{ totalslowamount }}</attention> durante {{ slowduration }} seg.<br /><br />Si esta habilidad mata al menos a un objetivo, su enfriamiento se restablece y restaura <scaleMana>{{ manarefund }} de Maná</scaleMana>.{{ spellmodifierdescriptionappend }}","leveltip":{"label":["Daño","Daño por acumulación","Tasa de daño de ataque por acumulación","Ralentización de Velocidad de Movimiento","Restauración de maná","Enfriamiento"],"effect":["{{ basedamage }} -> {{ basedamageNL }}","{{ additionalbasedamage }} -> {{ additionalbasedamageNL }}","{{ additionaladratio*100.000000 }}% -> {{ additionaladrationl*100.000000 }}%","{{ slowamount*100.000000 }}% -> {{ slowamountnl*100.000000 }}%","{{ manarefund }} -> {{ manarefundNL }}","{{ fakedcooldown }} -> {{ fakedcooldownNL }}"]},"maxrank":5,"cooldown":[0,0,0,0,0],"cooldownBurn":"0","cost":[30,30,30,30,30],"costBurn":"30","datavalues":{},"effect":[null,[999,999,999,999,999],[999,999,999,999,999],[0,0,0,0,0],[999,999,999,999,999],[999,999,999,999,999],[999,999,999,999,999],[2,2,2,2,2],[999,999,999,999,999],[999,999,999,999,999],[0,0,0,0,0]],"effectBurn":[null,"999","999","0","999","999","999","2","999","999","0"],"vars":[],"costType":" de {{ abilityresourcename }}","maxammo":"-1","range":[1000,1000,1000,1000,1000],"rangeBurn":"1000","image":{"full":"KalistaExpungeWrapper.png","sprite":"spell5.png","group":"spell","x":288,"y":144,"w":48,"h":48},"resource":"{{ cost }} de {{ abilityresourcename }}"},{"id":"KalistaRx","name":"Llamada del Destino","description":"Kalista teleporta al Juramentado hacia su posición. Este adquiere la capacidad de correr hacia una posición y derribar a los campeones enemigos con los que se encuentra.","tooltip":"Kalista pone a su <keywordMajor>Juramentado</keywordMajor> en estasis y lo atrae hacia ella hasta por 4 seg. El <keywordMajor>Juramentado</keywordMajor> puede hacer clic para lanzarse a sí mismo y detenerse en el primer campeón impactado, además <status>lanza hacia atrás</status> a todos los enemigos cercanos. Si el <keywordMajor>Juramentado</keywordMajor> impacta a un campeón, se colocará a una distancia de alcance de ataque máximo de él.{{ spellmodifierdescriptionappend }}","leveltip":{"label":["Enfriamiento","Duración de levantamiento"],"effect":["{{ cooldown }} -> {{ cooldownNL }}","{{ e2 }} -> {{ e2NL }}"]},"maxrank":3,"cooldown":[150,120,90],"cooldownBurn":"150/120/90","cost":[100,100,100],"costBurn":"100","datavalues":{},"effect":[null,[0,0,0],[1,1.5,2],[40,60,80],[0,0,0],[0,0,0],[0,0,0],[0,0,0],[0,0,0],[0,0,0],[0,0,0]],"effectBurn":[null,"0","1/1.5/2","40/60/80","0","0","0","0","0","0","0"],"vars":[],"costType":" de {{ abilityresourcename }}","maxammo":"-1","range":[1000,1000,1000],"rangeBurn":"1000","image":{"full":"KalistaRx.png","sprite":"spell5.png","group":"spell","x":336,"y":144,"w":48,"h":48},"resource":"{{ cost }} de {{ abilityresourcename }}"}],"passive":{"name":"Elegancia Marcial","description":"Utiliza comandos de movimiento mientras cargas los ataques básicos de Kalista o mientras lanzas Atravesar para desplazarte una corta distancia durante el lanzamiento de los ataques.","image":{"full":"Kalista_Passive.png","sprite":"passive1.png","group":"passive","x":192,"y":96,"w":48,"h":48}},"recommended":[]}}}