{"type":"champion","format":"standAloneComplex","version":"14.3.1","data":{"Karma":{"id":"Karma","key":"43","name":"Karma","title":"la Iluminada","image":{"full":"Karma.png","sprite":"champion1.png","group":"champion","x":240,"y":96,"w":48,"h":48},"skins":[{"id":"43000","num":0,"name":"default","chromas":false},{"id":"43001","num":1,"name":"Karma Diosa Solar","chromas":false},{"id":"43002","num":2,"name":"Sakura Karma","chromas":false},{"id":"43003","num":3,"name":"Karma Tradicional","chromas":false},{"id":"43004","num":4,"name":"Karma de la Orden del Loto","chromas":false},{"id":"43005","num":5,"name":"Karma Protectora","chromas":false},{"id":"43006","num":6,"name":"Karma Maravilla Invernal","chromas":false},{"id":"43007","num":7,"name":"Karma Conquistadora","chromas":true},{"id":"43008","num":8,"name":"Karma Estrella Oscura","chromas":true},{"id":"43019","num":19,"name":"Karma Portadora del Amanecer","chromas":false},{"id":"43026","num":26,"name":"Karma Odisea","chromas":false},{"id":"43027","num":27,"name":"Karma Arruinada","chromas":true},{"id":"43044","num":44,"name":"Karma Dragón de la Tranquilidad","chromas":false},{"id":"43054","num":54,"name":"Karma Reina Feérica","chromas":false}],"lore":"Ningún mortal es capaz de ilustrar mejor las tradiciones espirituales de Jonia que Karma. Ella es la personificación de un alma antigua que ha reencarnado innumerables veces, transmitiendo sus recuerdos acumulados en cada una de las vidas nuevas, bendecida con un poder que muy pocos pueden comprender. Ha dado lo mejor de sí para guiar a su gente en los tiempos de crisis recientes, aunque sabe bien que la paz y la armonía tienen un costo considerable, tanto para ella como para la tierra que atesora como lo más preciado.","blurb":"Ningún mortal es capaz de ilustrar mejor las tradiciones espirituales de Jonia que Karma. Ella es la personificación de un alma antigua que ha reencarnado innumerables veces, transmitiendo sus recuerdos acumulados en cada una de las vidas nuevas...","allytips":["Fuego Reunificador recompensa el juego agresivo. Intenta acertar con las habilidades y los ataques básicos en tu oponente para reducir el enfriamiento de Mantra y sigue a la ofensiva.","Al usar Resolución Enfocada, ralentiza a tus oponentes con Llama Interna o aumenta tu velocidad con Inspiración si tienes problemas para mantenerte al lado de un objetivo. ","No seas muy conservador con Mantra. Fuego Reunificador resulta muy potente en los combates en equipo, de forma que resulta fácil recargar Mantra varias veces."],"enemytips":["La pasiva de Karma reduce el enfriamiento de Mantra cuando golpea a campeones enemigos con habilidades y ataques básicos.","Cuando Fulgor Espiritual explota, inflige daño adicional en la zona. Actúa rápido y escapa del círculo para no sufrir gran daño.","Resolución Enfocada es una poderosa herramienta para ponerse a salvo. Mantén la distancia para que no te inmovilice. Luego, inicia la pelea."],"tags":["Mage","Support"],"partype":"Maná","info":{"attack":1,"defense":7,"magic":8,"difficulty":5},"stats":{"hp":630,"hpperlevel":109,"mp":374,"mpperlevel":50,"movespeed":335,"armor":28,"armorperlevel":5,"spellblock":30,"spellblockperlevel":1.3,"attackrange":525,"hpregen":5.5,"hpregenperlevel":0.55,"mpregen":13,"mpregenperlevel":0.5,"crit":0,"critperlevel":0,"attackdamage":51,"attackdamageperlevel":3.3,"attackspeedperlevel":2.3,"attackspeed":0.625},"spells":[{"id":"KarmaQ","name":"Llama Interna","description":"Karma envía una bola de energía espiritual que explota e inflige daño al golpear a una unidad enemiga.<br><br>Efecto adicional de Mantra: además de la explosión, Mantra aumenta el poder de ataque de Llama Interna, lo que crea un cataclismo que inflige daño tras unos momentos.","tooltip":"Karma lanza una explosión de energía, lo que inflige <magicDamage>{{ totaldamage }} de daño mágico</magicDamage> al primer objetivo que golpee y a los enemigos cercanos y los <status>ralentiza</status> un {{ e2 }}% por {{ e3 }} seg.{{ spellmodifierdescriptionappend }}","leveltip":{"label":["Daño","Enfriamiento"],"effect":["{{ basedamage }} -> {{ basedamageNL }}","{{ cooldown }} -> {{ cooldownNL }}"]},"maxrank":5,"cooldown":[9,8,7,6,5],"cooldownBurn":"9/8/7/6/5","cost":[45,45,45,45,45],"costBurn":"45","datavalues":{},"effect":[null,[70,120,170,220,270],[35,35,35,35,35],[1.5,1.5,1.5,1.5,1.5],[0,0,0,0,0],[0,0,0,0,0],[0,0,0,0,0],[0,0,0,0,0],[0,0,0,0,0],[0,0,0,0,0],[0,0,0,0,0]],"effectBurn":[null,"70/120/170/220/270","35","1.5","0","0","0","0","0","0","0"],"vars":[],"costType":" de {{ abilityresourcename }}","maxammo":"-1","range":[950,950,950,950,950],"rangeBurn":"950","image":{"full":"KarmaQ.png","sprite":"spell5.png","group":"spell","x":384,"y":144,"w":48,"h":48},"resource":"{{ cost }} de {{ abilityresourcename }}"},{"id":"KarmaSpiritBind","name":"Resolución Enfocada","description":"Karma crea un enlace entre ella y un enemigo, lo que inflige daño y lo revela. Si el enlace no se rompe, el enemigo quedará inmovilizado y recibirá el daño de nuevo.<br><br>Efecto adicional de Mantra: Karma fortalece el enlace para curarse y extender la duración de la inmovilización.","tooltip":"Karma se enlaza a un campeón o monstruo de la jungla, lo que inflige <magicDamage>{{ initialdamage }} de daño mágico</magicDamage> y lo revela por 2 seg. Si no se rompe el enlace, el objetivo recibe <magicDamage>{{ initialdamage }} de daño mágico</magicDamage> de nuevo y queda <status>inmovilizado</status> por {{ e2 }} seg.{{ spellmodifierdescriptionappend }}","leveltip":{"label":["Daño","Duración de inmovilización","Costo de @AbilityResourceName@"],"effect":["{{ effect1amount*0.500000 }} -> {{ effect1amountnl*0.500000 }}","{{ e2 }} -> {{ e2NL }}","{{ cost }} -> {{ costNL }}"]},"maxrank":5,"cooldown":[12,12,12,12,12],"cooldownBurn":"12","cost":[50,55,60,65,70],"costBurn":"50/55/60/65/70","datavalues":{},"effect":[null,[80,130,180,230,280],[1.4,1.55,1.7,1.85,2],[2,2,2,2,2],[2,2,2,2,2],[825,825,825,825,825],[0,0,0,0,0],[0,0,0,0,0],[0,0,0,0,0],[0,0,0,0,0],[0,0,0,0,0]],"effectBurn":[null,"80/130/180/230/280","1.4/1.55/1.7/1.85/2","2","2","825","0","0","0","0","0"],"vars":[],"costType":" de {{ abilityresourcename }}","maxammo":"-1","range":[675,675,675,675,675],"rangeBurn":"675","image":{"full":"KarmaSpiritBind.png","sprite":"spell5.png","group":"spell","x":432,"y":144,"w":48,"h":48},"resource":"{{ cost }} de {{ abilityresourcename }}"},{"id":"KarmaSolKimShield","name":"Inspiración","description":"Karma invoca un escudo protector que absorbe el daño recibido y aumenta la velocidad de movimiento del aliado protegido.<br><br>Efecto adicional de Mantra: Energía irradia de su objetivo, lo que fortalece el escudo inicial y aplica Inspiración a campeones aliados cercanos.","tooltip":"Karma le otorga a un campeón aliado un <shield>Escudo de {{ totalshield }}</shield> durante {{ e4 }} seg y un <speed>{{ e3 }}% de Velocidad de Movimiento</speed> durante {{ e2 }} seg.{{ spellmodifierdescriptionappend }}","leveltip":{"label":["Cantidad de escudo","Enfriamiento","Costo de @AbilityResourceName@"],"effect":["{{ e1 }} -> {{ e1NL }}","{{ cooldown }} -> {{ cooldownNL }}","{{ cost }} -> {{ costNL }}"]},"maxrank":5,"cooldown":[10,9.5,9,8.5,8],"cooldownBurn":"10/9.5/9/8.5/8","cost":[50,55,60,65,70],"costBurn":"50/55/60/65/70","datavalues":{},"effect":[null,[80,125,170,215,260],[1.5,1.5,1.5,1.5,1.5],[40,40,40,40,40],[2.5,2.5,2.5,2.5,2.5],[0,0,0,0,0],[0,0,0,0,0],[0,0,0,0,0],[0,0,0,0,0],[0,0,0,0,0],[0,0,0,0,0]],"effectBurn":[null,"80/125/170/215/260","1.5","40","2.5","0","0","0","0","0","0"],"vars":[],"costType":" de {{ abilityresourcename }}","maxammo":"-1","range":[800,800,800,800,800],"rangeBurn":"800","image":{"full":"KarmaSolKimShield.png","sprite":"spell6.png","group":"spell","x":0,"y":0,"w":48,"h":48},"resource":"{{ cost }} de {{ abilityresourcename }}"},{"id":"KarmaMantra","name":"Mantra","description":"Karma potencia su siguiente habilidad para otorgarle un efecto adicional. Mantra está disponible en el nivel 1 y no necesita un punto de habilidad.","tooltip":"Karma potencia la próxima habilidad que use en los siguientes 8 seg.<br /><li><spellName>Llama Interna</spellName>: Inflige <magicDamage>{{ rqtotalimpactdamage }} de daño mágico</magicDamage> adicional y deja a su paso un círculo de llamas, lo que <status>ralentiza</status> a los enemigos e inflige <magicDamage>{{ rqfielddamage }} de daño mágico</magicDamage> adicional. <li><spellName>Resolución Enfocada</spellName>: Karma recuperará un <healing>{{ rwhealamount }} de Vida</healing> al inicio y al final del enlace e <status>inmovilizará</status> por {{ rwtotalroot }} seg más.<li><spellName>Inspiración</spellName>: Karma le otorga <shield>{{ rebonusshield }} de Escudo adicional</shield> a su objetivo y también le otorga escudos a los aliados cercanos al objetivo, lo que les otorga un {{ e9 }}% del valor total del <shield>Escudo</shield> y de <speed>Velocidad de Movimiento</speed>.{{ spellmodifierdescriptionappend }}","leveltip":{"label":["Impacto de Fulgor Espiritual","Daño del círculo de Fulgor Espiritual","Extensión de la inmovilización de Renovación","Escudo de Desafío","Enfriamiento"],"effect":["{{ e1 }} -> {{ e1NL }}","{{ e2 }} -> {{ e2NL }}","{{ e5 }} -> {{ e5NL }}","{{ e7 }} -> {{ e7NL }}","{{ cooldown }} -> {{ cooldownNL }}"]},"maxrank":4,"cooldown":[40,37,34,31],"cooldownBurn":"40/37/34/31","cost":[0,0,0,0],"costBurn":"0","datavalues":{},"effect":[null,[40,100,160,220],[40,130,220,310],[0.5,0.5,0.5,0.5],[1.5,1.5,1.5,1.5],[0.5,0.75,1,1.25],[0.17,0.17,0.17,0.17],[25,75,125,175],[0.6,0.6,0.6,0.6],[30,30,30,30],[0.01,0.01,0.01,0.01]],"effectBurn":[null,"40/100/160/220","40/130/220/310","0.5","1.5","0.5/0.75/1/1.25","0.17","25/75/125/175","0.6","30","0.01"],"vars":[],"costType":"Sin costo","maxammo":"-1","range":[1100,1100,1100,1100],"rangeBurn":"1100","image":{"full":"KarmaMantra.png","sprite":"spell6.png","group":"spell","x":48,"y":0,"w":48,"h":48},"resource":"Sin costo"}],"passive":{"name":"Fuego Reunificador","description":"Las habilidades de Karma que inflijan daño reducirán el enfriamiento de Mantra.","image":{"full":"Karma_Passive.png","sprite":"passive1.png","group":"passive","x":240,"y":96,"w":48,"h":48}},"recommended":[]}}}