{"type":"champion","format":"standAloneComplex","version":"14.3.1","data":{"Karthus":{"id":"Karthus","key":"30","name":"Karthus","title":"el Canto de la Muerte","image":{"full":"Karthus.png","sprite":"champion1.png","group":"champion","x":288,"y":96,"w":48,"h":48},"skins":[{"id":"30000","num":0,"name":"default","chromas":false},{"id":"30001","num":1,"name":"Karthus Fantasmal","chromas":false},{"id":"30002","num":2,"name":"Estatua de Karthus","chromas":false},{"id":"30003","num":3,"name":"La Parca Karthus","chromas":true},{"id":"30004","num":4,"name":"Karthus Pentakill","chromas":false},{"id":"30005","num":5,"name":"Karthus Fnatic","chromas":false},{"id":"30009","num":9,"name":"Karthus Maldición de la Luz","chromas":false},{"id":"30010","num":10,"name":"Karthus Infernal","chromas":true},{"id":"30017","num":17,"name":"Karthus Pentakill III: Lost Chapter","chromas":true},{"id":"30026","num":26,"name":"Karthus Bosqueviejo","chromas":true}],"lore":"Karthus, heraldo del olvido, es un espíritu inmortal cuyas canciones pavorosas preceden el horror de su dantesca aparición. Los vivos temen la eternidad de la no-muerte, pero Karthus solo ve hermosura y pureza en su abrazo, una comunión perfecta entre la vida y la muerte. Cuando emerge de las Islas de la Sombra es para llevar la dicha de la muerte a los mortales como apóstol de la no-vida.","blurb":"Karthus, heraldo del olvido, es un espíritu inmortal cuyas canciones pavorosas preceden el horror de su dantesca aparición. Los vivos temen la eternidad de la no-muerte, pero Karthus solo ve hermosura y pureza en su abrazo, una comunión perfecta entre...","allytips":["Pídeles a tus aliados que avisen cuando tengas que usar Réquiem para poder matar en distintos carriles.","Sembrar la Desolación es muy útil para recolectar oro y hostigar a los campeones enemigos."],"enemytips":["Tras morir, Karthus puede seguir lanzando hechizos un breve tiempo. Aléjate de su cadáver para evitar riesgos.","Asegúrate de disponer siempre de Vida suficiente para sobrevivir al Réquiem, aunque tengas que volver a la base con más frecuencia para curarte."],"tags":["Mage"],"partype":"Maná","info":{"attack":2,"defense":2,"magic":10,"difficulty":7},"stats":{"hp":620,"hpperlevel":110,"mp":467,"mpperlevel":31,"movespeed":335,"armor":21,"armorperlevel":4.7,"spellblock":30,"spellblockperlevel":1.3,"attackrange":450,"hpregen":6.5,"hpregenperlevel":0.55,"mpregen":8,"mpregenperlevel":0.8,"crit":0,"critperlevel":0,"attackdamage":46,"attackdamageperlevel":3.25,"attackspeedperlevel":2.11,"attackspeed":0.625},"spells":[{"id":"KarthusLayWasteA1","name":"Sembrar la Desolación","description":"Karthus desata una explosión retardada en una ubicación, lo que inflige daño a los enemigos cercanos. Inflige daño aumentado a los enemigos aislados. ","tooltip":"Karthus crea una ráfaga de magia que inflige <magicDamage>{{ qdamage }} de daño mágico</magicDamage>. La ráfaga infligirá <magicDamage>{{ qsingletargetdamage }} de daño mágico</magicDamage> si alcanza solo a un enemigo.{{ spellmodifierdescriptionappend }}","leveltip":{"label":["Daño","Costo de @AbilityResourceName@"],"effect":["{{ basedamage }} -> {{ basedamageNL }}","{{ cost }} -> {{ costNL }}"]},"maxrank":5,"cooldown":[0,0,0,0,0],"cooldownBurn":"0","cost":[20,25,30,35,40],"costBurn":"20/25/30/35/40","datavalues":{},"effect":[null,[45,65,85,105,125],[0,0,0,0,0],[0,0,0,0,0],[0,0,0,0,0],[0,0,0,0,0],[0,0,0,0,0],[0,0,0,0,0],[0,0,0,0,0],[0,0,0,0,0],[0,0,0,0,0]],"effectBurn":[null,"45/65/85/105/125","0","0","0","0","0","0","0","0","0"],"vars":[],"costType":" de {{ abilityresourcename }}","maxammo":"2","range":[875,875,875,875,875],"rangeBurn":"875","image":{"full":"KarthusLayWasteA1.png","sprite":"spell6.png","group":"spell","x":96,"y":0,"w":48,"h":48},"resource":"{{ cost }} de {{ abilityresourcename }}"},{"id":"KarthusWallOfPain","name":"Muro de Dolor","description":"Karthus crea una pantalla traspasable que roba energía. Cualquier enemigo que la atraviese verá reducidas, durante un período de tiempo, su Velocidad de Movimiento y su Resistencia Mágica.","tooltip":"Karthus crea un muro que dura {{ e4 }} seg. Los enemigos que lo traspasan pierden un <scaleMR>{{ e1 }}% de Resistencia Mágica</scaleMR> durante {{ e5 }} seg y se <status>ralentizan</status> en un {{ e3 }}%, que disminuye a lo largo de la duración.{{ spellmodifierdescriptionappend }}","leveltip":{"label":["Anchura del Muro","Ralentización de Velocidad de Movimiento"],"effect":["{{ e2 }} -> {{ e2NL }}","{{ e3 }}% -> {{ e3NL }}%"]},"maxrank":5,"cooldown":[15,15,15,15,15],"cooldownBurn":"15","cost":[70,70,70,70,70],"costBurn":"70","datavalues":{},"effect":[null,[25,25,25,25,25],[800,900,1000,1100,1200],[40,50,60,70,80],[5,5,5,5,5],[5,5,5,5,5],[0,0,0,0,0],[0,0,0,0,0],[0,0,0,0,0],[0,0,0,0,0],[0,0,0,0,0]],"effectBurn":[null,"25","800/900/1000/1100/1200","40/50/60/70/80","5","5","0","0","0","0","0"],"vars":[],"costType":" de {{ abilityresourcename }}","maxammo":"-1","range":[1000,1000,1000,1000,1000],"rangeBurn":"1000","image":{"full":"KarthusWallOfPain.png","sprite":"spell6.png","group":"spell","x":144,"y":0,"w":48,"h":48},"resource":"{{ cost }} de {{ abilityresourcename }}"},{"id":"KarthusDefile","name":"Profanación","description":"Karthus roba energía de forma pasiva a sus víctimas, cuyas muertes le proporcionan Maná. También puede optar por rodearse con las almas de sus presas, lo que inflige daño a los enemigos cercanos pero gasta rápidamente su propio Maná.","tooltip":"<spellPassive>Pasiva: </spellPassive>Cuando Karthus mata a una unidad, recupera <scaleMana>{{ e2 }} de Maná</scaleMana>.<br /><br /><toggle>Activar: </toggle>Karthus crea un aura necrótica, lo que inflige <magicDamage>{{ totaldps }} de daño mágico</magicDamage> a los enemigos cercanos cada seg.{{ spellmodifierdescriptionappend }}","leveltip":{"label":["Daño por segundo","Restauración de Maná","Costo de @AbilityResourceName@"],"effect":["{{ e1 }} -> {{ e1NL }}","{{ e2 }} -> {{ e2NL }}","{{ cost }} -> {{ costNL }}"]},"maxrank":5,"cooldown":[0.5,0.5,0.5,0.5,0.5],"cooldownBurn":"0.5","cost":[30,42,54,66,78],"costBurn":"30/42/54/66/78","datavalues":{},"effect":[null,[30,50,70,90,110],[10,20,30,40,50],[0.5,0.5,0.5,0.5,0.5],[0,0,0,0,0],[0,0,0,0,0],[0,0,0,0,0],[0,0,0,0,0],[0,0,0,0,0],[0,0,0,0,0],[0,0,0,0,0]],"effectBurn":[null,"30/50/70/90/110","10/20/30/40/50","0.5","0","0","0","0","0","0","0"],"vars":[],"costType":" de Maná por segundo","maxammo":"-1","range":[550,550,550,550,550],"rangeBurn":"550","image":{"full":"KarthusDefile.png","sprite":"spell6.png","group":"spell","x":192,"y":0,"w":48,"h":48},"resource":"{{ cost }} de Maná por segundo"},{"id":"KarthusFallenOne","name":"Réquiem","description":"Después de canalizar durante 3 segundos, Karthus inflige daño a todos los campeones enemigos.","tooltip":"Karthus canaliza durante 3 seg y luego inflige <magicDamage>{{ totaldamage }} de daño mágico</magicDamage> a campeones enemigos, sin importar la distancia.{{ spellmodifierdescriptionappend }}","leveltip":{"label":["Daño","Enfriamiento"],"effect":["{{ basedamage }} -> {{ basedamageNL }}","{{ cooldown }} -> {{ cooldownNL }}"]},"maxrank":3,"cooldown":[200,180,160],"cooldownBurn":"200/180/160","cost":[100,100,100],"costBurn":"100","datavalues":{},"effect":[null,[0,0,0],[0,0,0],[0,0,0],[0,0,0],[0,0,0],[0,0,0],[0,0,0],[0,0,0],[0,0,0],[0,0,0]],"effectBurn":[null,"0","0","0","0","0","0","0","0","0","0"],"vars":[],"costType":" de {{ abilityresourcename }}","maxammo":"-1","range":[10000,10000,10000],"rangeBurn":"10000","image":{"full":"KarthusFallenOne.png","sprite":"spell6.png","group":"spell","x":240,"y":0,"w":48,"h":48},"resource":"{{ cost }} de {{ abilityresourcename }}"}],"passive":{"name":"Desafío a la Muerte","description":"Tras morir, Karthus adopta una forma espiritual con la que puede seguir lanzando hechizos.","image":{"full":"Karthus_Passive.png","sprite":"passive1.png","group":"passive","x":288,"y":96,"w":48,"h":48}},"recommended":[]}}}