{"type":"champion","format":"standAloneComplex","version":"14.3.1","data":{"Kassadin":{"id":"Kassadin","key":"38","name":"Kassadin","title":"el Caminante del Vacío","image":{"full":"Kassadin.png","sprite":"champion1.png","group":"champion","x":336,"y":96,"w":48,"h":48},"skins":[{"id":"38000","num":0,"name":"default","chromas":false},{"id":"38001","num":1,"name":"Kassadin Festivo","chromas":false},{"id":"38002","num":2,"name":"Kassadin de los Profundos","chromas":false},{"id":"38003","num":3,"name":"Kassadin antes del Vacío","chromas":false},{"id":"38004","num":4,"name":"Kassadin Mensajero","chromas":false},{"id":"38005","num":5,"name":"Kassadin Segador Cósmico","chromas":false},{"id":"38006","num":6,"name":"Conde Kassadin","chromas":true},{"id":"38014","num":14,"name":"Kassadin Hextech","chromas":false},{"id":"38015","num":15,"name":"Kassadin Filo Relámpago","chromas":false},{"id":"38024","num":24,"name":"Kassadin Dracomante","chromas":false}],"lore":"Al abrirse paso a través de los lugares más oscuros del mundo, Kassadin sabe que sus días están contados. Aunque alguna vez fue un experimentado guía y aventurero de Shurima, eligió vivir en el anonimato y tener una familia en las pacíficas tribus del sur... hasta el día que el Vacío consumió su aldea. Kassadin juró venganza, y combinó numerosos artefactos arcanos y tecnologías prohibidas para el peligro que se avecinaba. Así, Kassadin se dirigió por fin a las tierras olvidadas de Icathia, listo para enfrentar a cualquier monstruoso ser del Vacío en su búsqueda del autoproclamado profeta, Malzahar.","blurb":"Al abrirse paso a través de los lugares más oscuros del mundo, Kassadin sabe que sus días están contados. Aunque alguna vez fue un experimentado guía y aventurero de Shurima, eligió vivir en el anonimato y tener una familia en las pacíficas tribus del...","allytips":["Kassadin dispone de varias posibilidades para armar sus objetos: puede decantarse por ser un hechicero con Maná y Poder de Habilidad o un antihechicero con Reducción de Enfriamiento y Resistencia Mágica.","La definitiva de Kassadin tiene múltiples usos y presenta un enfriamiento más corto que la mayoría de los hechizos; úsala con frecuencia.","Trata de conseguir el poder del Guardián Azul para compensar el creciente costo de Maná de Ruptura en el Camino."],"enemytips":["Kassadin inflige sobre todo daño mágico. Si va por delante, puedes comprar objetos de Resistencia Mágica como Botas de Mercurio y Velo de la Banshee.","Cada utilización consecutiva de Ruptura en el Camino costará más Maná. Ten esto en cuenta cuando lo persigas.","Hacen falta 6 lanzamientos de hechizo para que Kassadin pueda utilizar Pulso de Fuerza, su ralentización. Si sube de nivel esa habilidad, utiliza con sabiduría las tuyas propias mientras te enfrentes a él en el carril."],"tags":["Assassin","Mage"],"partype":"Maná","info":{"attack":3,"defense":5,"magic":8,"difficulty":8},"stats":{"hp":646,"hpperlevel":119,"mp":400,"mpperlevel":87,"movespeed":335,"armor":19,"armorperlevel":4,"spellblock":30,"spellblockperlevel":1.3,"attackrange":150,"hpregen":6,"hpregenperlevel":0.5,"mpregen":6,"mpregenperlevel":0.8,"crit":0,"critperlevel":0,"attackdamage":59,"attackdamageperlevel":3.9,"attackspeedperlevel":3.7,"attackspeed":0.64},"spells":[{"id":"NullLance","name":"Esfera Nula","description":"Kassadin dispara un orbe de energía del Vacío hacia el objetivo, lo que inflige daño e interrumpe las canalizaciones. El exceso de energía se forma a su alrededor, lo que otorga un escudo temporal que absorbe daño mágico.","tooltip":"Kassadin dispara un orbe de energía del vacío, lo que inflige <magicDamage>{{ totaldamage }} de daño mágico</magicDamage> e interrumpe las canalizaciones. Kassadin también obtiene <shield>{{ totalshield }} de Escudo Mágico</shield> durante 1.5 seg.{{ spellmodifierdescriptionappend }}","leveltip":{"label":["Daño","Cantidad de escudo","Costo de @AbilityResourceName@","Enfriamiento"],"effect":["{{ e1 }} -> {{ e1NL }}","{{ e3 }} -> {{ e3NL }}","{{ cost }} -> {{ costNL }}","{{ cooldown }} -> {{ cooldownNL }}"]},"maxrank":5,"cooldown":[10,9.5,9,8.5,8],"cooldownBurn":"10/9.5/9/8.5/8","cost":[60,65,70,75,80],"costBurn":"60/65/70/75/80","datavalues":{},"effect":[null,[65,95,125,155,185],[0,0,0,0,0],[80,110,140,170,200],[1.5,1.5,1.5,1.5,1.5],[0,0,0,0,0],[0,0,0,0,0],[0,0,0,0,0],[0,0,0,0,0],[0,0,0,0,0],[0,0,0,0,0]],"effectBurn":[null,"65/95/125/155/185","0","80/110/140/170/200","1.5","0","0","0","0","0","0"],"vars":[],"costType":" de {{ abilityresourcename }}","maxammo":"-1","range":[650,650,650,650,650],"rangeBurn":"650","image":{"full":"NullLance.png","sprite":"spell6.png","group":"spell","x":288,"y":0,"w":48,"h":48},"resource":"{{ cost }} de {{ abilityresourcename }}"},{"id":"NetherBlade","name":"Cuchilla Infernal","description":"Pasiva: los ataques básicos de Kassadin infligen daño mágico adicional. Activa: el siguiente ataque básico de Kassadin inflige daño mágico adicional y restaura maná.","tooltip":"<spellPassive>Pasiva:</spellPassive> los ataques de Kassadin infligen <magicDamage>{{ onhitdamage }} de daño mágico</magicDamage> adicional.<br /><br /><spellActive>Activa: </spellActive> Kassadin carga su cuchilla, lo que provoca que su siguiente ataque inflija <magicDamage>{{ activedamage }} de daño mágico</magicDamage> adicional y le restaure un <scaleMana>{{ e1 }}% de su Maná faltante</scaleMana> (aumenta a un <scaleMana>{{ e4 }}%</scaleMana> contra campeones).{{ spellmodifierdescriptionappend }}","leveltip":{"label":["Daño de la activa","Restauración básica de maná","Restauración de maná contra campeones"],"effect":["{{ e3 }} -> {{ e3NL }}","{{ e1 }}% -> {{ e1NL }}%","{{ e4 }}% -> {{ e4NL }}%"]},"maxrank":5,"cooldown":[7,7,7,7,7],"cooldownBurn":"7","cost":[1,1,1,1,1],"costBurn":"1","datavalues":{},"effect":[null,[4,4.5,5,5.5,6],[20,20,20,20,20],[50,75,100,125,150],[20,22.5,25,27.5,30],[0,0,0,0,0],[0,0,0,0,0],[0,0,0,0,0],[0,0,0,0,0],[0,0,0,0,0],[0,0,0,0,0]],"effectBurn":[null,"4/4.5/5/5.5/6","20","50/75/100/125/150","20/22.5/25/27.5/30","0","0","0","0","0","0"],"vars":[],"costType":" de {{ abilityresourcename }}","maxammo":"-1","range":[1,1,1,1,1],"rangeBurn":"1","image":{"full":"NetherBlade.png","sprite":"spell6.png","group":"spell","x":336,"y":0,"w":48,"h":48},"resource":"{{ cost }} de {{ abilityresourcename }}"},{"id":"ForcePulse","name":"Pulso de Fuerza","description":"Kassadin extrae energía de los hechizos lanzados a su alrededor. Después de cargar, Kassadin puede usar Pulso de Fuerza para dañar y ralentizar a enemigos en un cono frente a él.","tooltip":"<spellPassive>Pasiva:</spellPassive> El enfriamiento de <spellName>Pulso de Fuerza</spellName> se reduce en {{ reductionperspellcast }} seg cada vez que se usa una habilidad cerca de Kassadin.<br /><br /><spellActive>Activa:</spellActive> Kassadin desata un pulso de vacío e inflige <magicDamage>{{ totaldamage }} de daño mágico</magicDamage> y <status>ralentiza</status> en un {{ e2 }}% por {{ e3 }} seg.{{ spellmodifierdescriptionappend }}","leveltip":{"label":["Daño","Ralentización","Costo de @AbilityResourceName@","Enfriamiento"],"effect":["{{ e1 }} -> {{ e1NL }}","{{ e2 }}% -> {{ e2NL }}%","{{ cost }} -> {{ costNL }}","{{ cooldown }} -> {{ cooldownNL }}"]},"maxrank":5,"cooldown":[21,20,19,18,17],"cooldownBurn":"21/20/19/18/17","cost":[60,65,70,75,80],"costBurn":"60/65/70/75/80","datavalues":{},"effect":[null,[60,90,120,150,180],[50,60,70,80,90],[1,1,1,1,1],[0,0,0,0,0],[0,0,0,0,0],[0,0,0,0,0],[0,0,0,0,0],[0,0,0,0,0],[0,0,0,0,0],[0,0,0,0,0]],"effectBurn":[null,"60/90/120/150/180","50/60/70/80/90","1","0","0","0","0","0","0","0"],"vars":[],"costType":" de {{ abilityresourcename }}","maxammo":"-1","range":[400,400,400,400,400],"rangeBurn":"400","image":{"full":"ForcePulse.png","sprite":"spell6.png","group":"spell","x":384,"y":0,"w":48,"h":48},"resource":"{{ cost }} de {{ abilityresourcename }}"},{"id":"RiftWalk","name":"Ruptura en el Camino","description":"Kassadin se teletransporta a una ubicación cercana e inflige daño a unidades enemigas cercanas. Usar múltiples Rupturas en el Camino en poco tiempo no solo cuesta maná adicional, sino también inflige daño adicional.","tooltip":"Kassadin se teletransporta a una ubicación cercana e inflige <magicDamage>{{ basedamage }} de daño mágico</magicDamage>.<br /><br />Cada uso posterior de esta habilidad dentro de los próximos {{ rstackduration }} seg duplica el costo de Maná e inflige <magicDamage>{{ bonusdamage }} de daño mágico</magicDamage> adicional. El aumento del costo y del daño se puede acumular hasta {{ maxstacks }} veces.{{ spellmodifierdescriptionappend }}","leveltip":{"label":["Daño","Daño por acumulación","Enfriamiento"],"effect":["{{ rbasedamage }} -> {{ rbasedamageNL }}","{{ stackdamage }} -> {{ stackdamageNL }}","{{ cooldown }} -> {{ cooldownNL }}"]},"maxrank":3,"cooldown":[5,3.5,2],"cooldownBurn":"5/3.5/2","cost":[40,40,40],"costBurn":"40","datavalues":{},"effect":[null,[0,0,0],[0,0,0],[0,0,0],[0,0,0],[0,0,0],[0,0,0],[0,0,0],[0,0,0],[0,0,0],[0,0,0]],"effectBurn":[null,"0","0","0","0","0","0","0","0","0","0"],"vars":[],"costType":" de {{ abilityresourcename }}","maxammo":"-1","range":[500,500,500],"rangeBurn":"500","image":{"full":"RiftWalk.png","sprite":"spell6.png","group":"spell","x":432,"y":0,"w":48,"h":48},"resource":"{{ cost }} de {{ abilityresourcename }}"}],"passive":{"name":"Piedra del Vacío","description":"Kassadin recibe daño mágico reducido e ignora la colisión con unidades.","image":{"full":"Kassadin_Passive.png","sprite":"passive1.png","group":"passive","x":336,"y":96,"w":48,"h":48}},"recommended":[]}}}