{"type":"champion","format":"standAloneComplex","version":"14.3.1","data":{"Katarina":{"id":"Katarina","key":"55","name":"Katarina","title":"la Daga Siniestra","image":{"full":"Katarina.png","sprite":"champion1.png","group":"champion","x":384,"y":96,"w":48,"h":48},"skins":[{"id":"55000","num":0,"name":"default","chromas":false},{"id":"55001","num":1,"name":"Katarina Mercenaria","chromas":false},{"id":"55002","num":2,"name":"Katarina Tarjeta Roja","chromas":false},{"id":"55003","num":3,"name":"Katarina de Aguasturbias","chromas":false},{"id":"55004","num":4,"name":"Katarina Minina","chromas":false},{"id":"55005","num":5,"name":"Katarina del Alto Mando","chromas":false},{"id":"55006","num":6,"name":"Katarina Tormenta de Arena","chromas":false},{"id":"55007","num":7,"name":"Katarina Campanillas Letales","chromas":false},{"id":"55008","num":8,"name":"Katarina Reinos en Guerra","chromas":true},{"id":"55009","num":9,"name":"PROYECTO: Katarina","chromas":false},{"id":"55010","num":10,"name":"Katarina Juramento Funesto","chromas":false},{"id":"55012","num":12,"name":"Katarina Academia de Combate","chromas":true},{"id":"55021","num":21,"name":"Katarina Luna de Sangre","chromas":true},{"id":"55029","num":29,"name":"Katarina Reina Guerrera","chromas":true},{"id":"55037","num":37,"name":"Katarina la Forajida","chromas":true},{"id":"55047","num":47,"name":"Katarina Corte Feérica","chromas":true},{"id":"55048","num":48,"name":"Katarina Corte Feérica Prestigiosa","chromas":false}],"lore":"Decisiva en su juicio y letal en combate, Katarina es una asesina noxiana del más alto calibre. Como la hija mayor del legendario General Du Couteau, ella hizo que reconocieran sus talentos con agiles muertes a sus enemigos desprevenidos. Su feroz ambición la ha llevado a buscar blancos fuertemente protegidos aunque tenga que poner en riesgo a sus aliados; sin embargo, sin importar la misión, Katarina no dudará al ejecutar su deber en medio de un torbellino de dagas.","blurb":"Decisiva en su juicio y letal en combate, Katarina es una asesina noxiana del más alto calibre. Como la hija mayor del legendario General Du Couteau, ella hizo que reconocieran sus talentos con agiles muertes a sus enemigos desprevenidos. Su feroz...","allytips":["Recoger las dagas reducirá en gran cantidad el enfriamiento de Shunpo.","Sé paciente hasta que el equipo contrario esté distraído combatiendo contra el tuyo. Luego, usa Shunpo para teletransportarte a la batalla y desatar un poderoso Loto Mortal.","Usar Shunpo en un campeón aliado, una daga o súbdito es una buena táctica de escape."],"enemytips":["Las habilidades de Katarina infligen daño mágico: aunque ella esté construyendo un objeto de Daño de Ataque, debes conseguir Resistencia Mágica para contrarrestarla.","Procura reservar una incapacitación para cuando Katarina use su Loto Mortal."],"tags":["Assassin","Mage"],"partype":"Ninguno","info":{"attack":4,"defense":3,"magic":9,"difficulty":8},"stats":{"hp":672,"hpperlevel":108,"mp":0,"mpperlevel":0,"movespeed":335,"armor":28,"armorperlevel":4.7,"spellblock":32,"spellblockperlevel":2.05,"attackrange":125,"hpregen":7.5,"hpregenperlevel":0.7,"mpregen":0,"mpregenperlevel":0,"crit":0,"critperlevel":0,"attackdamage":58,"attackdamageperlevel":3.2,"attackspeedperlevel":2.74,"attackspeed":0.658},"spells":[{"id":"KatarinaQ","name":"Hoja Rebotante","description":"Katarina arroja una <font color='#FFF673'>daga</font> hacia el objetivo que luego rebota hacia otros enemigos cercanos antes de aterrizar en el suelo.","tooltip":"Katarina arroja una <keywordMajor>Daga</keywordMajor> que inflige <magicDamage>{{ totaldamage }} de daño mágico</magicDamage> al objetivo y {{ maxbounces }} a los enemigos cercanos. La <keywordMajor>Daga</keywordMajor> luego rebota en el suelo detrás del objetivo principal.{{ spellmodifierdescriptionappend }}","leveltip":{"label":["Daño básico","Enfriamiento"],"effect":["{{ basedamage }} -> {{ basedamageNL }}","{{ cooldown }} -> {{ cooldownNL }}"]},"maxrank":5,"cooldown":[11,10,9,8,7],"cooldownBurn":"11/10/9/8/7","cost":[0,0,0,0,0],"costBurn":"0","datavalues":{},"effect":[null,[0,0,0,0,0],[0,0,0,0,0],[0,0,0,0,0],[2,2,2,2,2],[0,0,0,0,0],[0,0,0,0,0],[0,0,0,0,0],[0,0,0,0,0],[0,0,0,0,0],[0,0,0,0,0]],"effectBurn":[null,"0","0","0","2","0","0","0","0","0","0"],"vars":[],"costType":"Sin costo","maxammo":"-1","range":[625,625,625,625,625],"rangeBurn":"625","image":{"full":"KatarinaQ.png","sprite":"spell6.png","group":"spell","x":0,"y":48,"w":48,"h":48},"resource":"Sin costo"},{"id":"KatarinaW","name":"Preparación","description":"Katarina obtiene una ráfaga de velocidad de movimiento y arroja una <font color='#FFF673'>daga</font> por el aire directamente sobre ella.","tooltip":"Katarina lanza una <keywordMajor>Daga</keywordMajor> al aire y obtiene un <speed>{{ e4 }}% de Velocidad de Movimiento</speed>, que disminuye a lo largo de {{ e2 }} seg.{{ spellmodifierdescriptionappend }}","leveltip":{"label":["Velocidad de movimiento","Enfriamiento"],"effect":["{{ e4 }}% -> {{ e4NL }}%","{{ cooldown }} -> {{ cooldownNL }}"]},"maxrank":5,"cooldown":[15,14,13,12,11],"cooldownBurn":"15/14/13/12/11","cost":[0,0,0,0,0],"costBurn":"0","datavalues":{},"effect":[null,[0,0,0,0,0],[1.25,1.25,1.25,1.25,1.25],[0,0,0,0,0],[50,60,70,80,90],[0,0,0,0,0],[0,0,0,0,0],[0,0,0,0,0],[0,0,0,0,0],[0,0,0,0,0],[0,0,0,0,0]],"effectBurn":[null,"0","1.25","0","50/60/70/80/90","0","0","0","0","0","0"],"vars":[],"costType":"Sin costo","maxammo":"-1","range":[25000,25000,25000,25000,25000],"rangeBurn":"25000","image":{"full":"KatarinaW.png","sprite":"spell6.png","group":"spell","x":48,"y":48,"w":48,"h":48},"resource":"Sin costo"},{"id":"KatarinaEWrapper","name":"Shunpo","description":"Katarina se transporta hacia el objetivo y lo daña si es un enemigo. Si no, daña al enemigo más cercano.","tooltip":"Katarina salta en un parpadeo hacia un objetivo aliado, enemigo, o a una <keywordMajor>daga</keywordMajor>. Si es un enemigo, Katarina le inflige <magicDamage>{{ totaldamage }} de daño mágico</magicDamage>. Si no, ataca al enemigo más cercano dentro de su alcance.<br /><br />Recoger una <keywordMajor>daga</keywordMajor> reduce el enfriamiento de esta habilidad en <scaleLevel>{{ daggercooldownreduction }}</scaleLevel> seg (<scaleLevel>{{ tooltipdaggerreduction }}</scaleLevel>). Katarina puede saltar a cualquier ubicación cercana al objetivo.{{ spellmodifierdescriptionappend }}","leveltip":{"label":["Daño","Enfriamiento"],"effect":["{{ basedamage }} -> {{ basedamageNL }}","{{ cooldown }} -> {{ cooldownNL }}"]},"maxrank":5,"cooldown":[14,12.5,11,9.5,8],"cooldownBurn":"14/12.5/11/9.5/8","cost":[0,0,0,0,0],"costBurn":"0","datavalues":{},"effect":[null,[0,0,0,0,0],[0,0,0,0,0],[0,0,0,0,0],[0,0,0,0,0],[0,0,0,0,0],[0,0,0,0,0],[0,0,0,0,0],[0,0,0,0,0],[0,0,0,0,0],[0,0,0,0,0]],"effectBurn":[null,"0","0","0","0","0","0","0","0","0","0"],"vars":[],"costType":"Sin costo","maxammo":"-1","range":[725,725,725,725,725],"rangeBurn":"725","image":{"full":"KatarinaEWrapper.png","sprite":"spell6.png","group":"spell","x":96,"y":48,"w":48,"h":48},"resource":"Sin costo"},{"id":"KatarinaR","name":"Loto Mortal","description":"Katarina se vuelve una ráfaga filosa que causa daño masivo mientras canaliza hacia los 3 enemigos más cercanos.","tooltip":"Katarina arroja cuchillos a gran velocidad a los tres campeones enemigos más cercanos. Cada cuchillo inflige <magicDamage>{{ damagecalc }} de daño mágico</magicDamage> y <physicalDamage>{{ addamagecalc }} de daño físico</physicalDamage>, y aplica un {{ grievousamount*100 }}% de Heridas Graves durante {{ grievousduration }} seg.<br /><br />Total de daño a lo largo de {{ duration }} seg a cada enemigo: <magicDamage>{{ totaldamagecalc }} de daño mágico</magicDamage> y <physicalDamage>{{ totaladdamagecalc }} de daño físico</physicalDamage>.{{ spellmodifierdescriptionappend }}","leveltip":{"label":["Daño por cuchillo","Enfriamiento","Modificador de daño al impacto"],"effect":["{{ damagepertick }} -> {{ damagepertickNL }}","{{ cooldown }} -> {{ cooldownNL }}","{{ onhitratio*100.000000 }}% -> {{ onhitrationl*100.000000 }}%"]},"maxrank":3,"cooldown":[90,60,45],"cooldownBurn":"90/60/45","cost":[0,0,0],"costBurn":"0","datavalues":{},"effect":[null,[0,0,0],[0,0,0],[0,0,0],[0,0,0],[0,0,0],[0,0,0],[0,0,0],[0,0,0],[0,0,0],[0,0,0]],"effectBurn":[null,"0","0","0","0","0","0","0","0","0","0"],"vars":[],"costType":"Sin costo","maxammo":"-1","range":[550,550,550],"rangeBurn":"550","image":{"full":"KatarinaR.png","sprite":"spell6.png","group":"spell","x":144,"y":48,"w":48,"h":48},"resource":"Sin costo"}],"passive":{"name":"Voracidad","description":"Si Katarina inflige daño a un enemigo y este muere poco después, los enfriamientos restantes de sus habilidades se reducirán significativamente.<br><br>Si Katarina recoge una <font color='#FFF673'>Daga</font>, la usará para acuchillar a todos los enemigos cercanos e infligir daño mágico.","image":{"full":"Katarina_Passive.png","sprite":"passive1.png","group":"passive","x":384,"y":96,"w":48,"h":48}},"recommended":[]}}}