{"type":"champion","format":"standAloneComplex","version":"14.3.1","data":{"Kayle":{"id":"Kayle","key":"10","name":"Kayle","title":"la Justiciera","image":{"full":"Kayle.png","sprite":"champion1.png","group":"champion","x":432,"y":96,"w":48,"h":48},"skins":[{"id":"10000","num":0,"name":"default","chromas":false},{"id":"10001","num":1,"name":"Kayle de Plata","chromas":false},{"id":"10002","num":2,"name":"Kayle de Viridián","chromas":true},{"id":"10003","num":3,"name":"Kayle Trascendida","chromas":false},{"id":"10004","num":4,"name":"Kayle Nacida para la Batalla","chromas":false},{"id":"10005","num":5,"name":"Kayle Justiciera","chromas":false},{"id":"10006","num":6,"name":"Kayle Alas Etéreas","chromas":true},{"id":"10007","num":7,"name":"Riot Kayle","chromas":false},{"id":"10008","num":8,"name":"Kayle Inquisidora de Hierro","chromas":false},{"id":"10009","num":9,"name":"Kayle Pentakill","chromas":false},{"id":"10015","num":15,"name":"Kayle PsyOps","chromas":true},{"id":"10024","num":24,"name":"Kayle Matadragones","chromas":true},{"id":"10033","num":33,"name":"Kayle Pentakill III: Lost Chapter","chromas":true},{"id":"10042","num":42,"name":"Kayle Devoradora del Sol","chromas":true},{"id":"10057","num":57,"name":"Kayle Viaje Inmortal","chromas":true}],"lore":"Nacida de un Aspecto targoniano durante el punto culminante de las Guerras Rúnicas, Kayle honra el legado de su madre al pelear por la justicia con sus alas de fuego divino. Ella y su hermana gemela, Morgana, fueron las protectoras de Demacia durante años... hasta que las constantes fallas de los mortales decepcionaron a Kayle, y decidió abandonar este reino para siempre. Hasta el día de hoy se cuentan leyendas sobre cómo castigó a los injustos con sus espadas ardientes, y muchos esperan que algún día regrese.","blurb":"Nacida de un Aspecto targoniano durante el punto culminante de las Guerras Rúnicas, Kayle honra el legado de su madre al pelear por la justicia con sus alas de fuego divino. Ella y su hermana gemela, Morgana, fueron las protectoras de Demacia durante...","allytips":["Si usas Juicio Divino en un aliado capaz de infligir mucho daño, será libre de atacar sin limitaciones. ","Los ataques de Kayle se vuelven increíblemente poderosos una vez que obtiene alcance de ataque gracias a Ascenso Divino. Juega a la defensiva hasta ese momento. ","Kayle se beneficia mucho del daño de ataque y del poder de habilidad, por lo que los objetos híbridos como Diente de Nashor y Sablepistola Hextech le son de gran utilidad."],"enemytips":["Juicio Divino únicamente otorga inmunidad a Kayle o a sus aliados. Todavía podrás ralentizar y aturdir a tus enemigos, ¡así que atrápalos si se sobrepasan!","Kayle en general es un objetivo frágil. Si ves que usa su definitiva en un aliado, cambia de objetivo y atácala.","Kayle comienza la partida como un campeón cuerpo a cuerpo frágil. Obtén la ventaja en la partida antes de que ascienda a su forma con ataques a distancia."],"tags":["Fighter","Support"],"partype":"Maná","info":{"attack":6,"defense":6,"magic":7,"difficulty":7},"stats":{"hp":670,"hpperlevel":92,"mp":330,"mpperlevel":50,"movespeed":335,"armor":26,"armorperlevel":4.2,"spellblock":22,"spellblockperlevel":1.3,"attackrange":175,"hpregen":5,"hpregenperlevel":0.5,"mpregen":8,"mpregenperlevel":0.8,"crit":0,"critperlevel":0,"attackdamage":50,"attackdamageperlevel":2.5,"attackspeedperlevel":1.5,"attackspeed":0.625},"spells":[{"id":"KayleQ","name":"Explosión Radiante","description":"Kayle conjura un portal que invoca una espada celestial que atraviesa a sus enemigos, lo que ralentiza, daña y reduce las resistencias de todos los objetivos afectados.","tooltip":"Kayle lanza una espada celestial que se detiene en el primer enemigo alcanzado, lo que le inflige <magicDamage>{{ totaldamage }} de daño mágico</magicDamage>, lo <status>ralentiza</status> en un {{ slowpercent }}% durante {{ slowduration }} seg y elimina un <scaleArmor>{{ shredpercent }}% de Armadura</scaleArmor> y <scaleMR>Resistencia Mágica</scaleMR> del objetivo y los enemigos detrás de él durante {{ shredduration }} seg.{{ spellmodifierdescriptionappend }}","leveltip":{"label":["Daño","Ralentización","Enfriamiento","Costo de @AbilityResourceName@"],"effect":["{{ damage }} -> {{ damageNL }}","{{ slowpercent }}% -> {{ slowpercentNL }}%","{{ cooldown }} -> {{ cooldownNL }}","{{ cost }} -> {{ costNL }}"]},"maxrank":5,"cooldown":[12,11,10,9,8],"cooldownBurn":"12/11/10/9/8","cost":[70,75,80,85,90],"costBurn":"70/75/80/85/90","datavalues":{},"effect":[null,[0,0,0,0,0],[0,0,0,0,0],[0,0,0,0,0],[0,0,0,0,0],[0,0,0,0,0],[0,0,0,0,0],[0,0,0,0,0],[0,0,0,0,0],[0,0,0,0,0],[0,0,0,0,0]],"effectBurn":[null,"0","0","0","0","0","0","0","0","0","0"],"vars":[],"costType":" de {{ abilityresourcename }}","maxammo":"-1","range":[900,900,900,900,900],"rangeBurn":"900","image":{"full":"KayleQ.png","sprite":"spell6.png","group":"spell","x":192,"y":48,"w":48,"h":48},"resource":"{{ cost }} de {{ abilityresourcename }}"},{"id":"KayleW","name":"Bendición Celestial","description":"Con la bendición de todo lo divino, Kayle se cura y se otorga velocidad de movimiento a sí misma y al aliado más cercano.","tooltip":"Kayle se imbuye y a un campeón aliado de luz, lo que restaura <healing>{{ totalheal }} de Vida</healing> y otorga un <speed>{{ totalhaste }} de Velocidad de Movimiento</speed> durante {{ hasteduration }} seg.{{ spellmodifierdescriptionappend }}","leveltip":{"label":["Curación","Velocidad de movimiento","Costo de @AbilityResourceName@"],"effect":["{{ heal }} -> {{ healNL }}","{{ haste*100.000000 }}% -> {{ hastenl*100.000000 }}%","{{ cost }} -> {{ costNL }}"]},"maxrank":5,"cooldown":[15,15,15,15,15],"cooldownBurn":"15","cost":[90,100,110,120,130],"costBurn":"90/100/110/120/130","datavalues":{},"effect":[null,[0,0,0,0,0],[0,0,0,0,0],[0,0,0,0,0],[0,0,0,0,0],[0,0,0,0,0],[0,0,0,0,0],[0,0,0,0,0],[0,0,0,0,0],[0,0,0,0,0],[0,0,0,0,0]],"effectBurn":[null,"0","0","0","0","0","0","0","0","0","0"],"vars":[],"costType":" de {{ abilityresourcename }}","maxammo":"-1","range":[900,900,900,900,900],"rangeBurn":"900","image":{"full":"KayleW.png","sprite":"spell6.png","group":"spell","x":240,"y":48,"w":48,"h":48},"resource":"{{ cost }} de {{ abilityresourcename }}"},{"id":"KayleE","name":"Espadafuego Celeste","description":"Pasiva: la espada celestial de Kayle, Virtud, inflige daño mágico adicional a los enemigos que ataca.<br><br>Activa: el siguiente ataque de Kayle castiga a su objetivo con fuego celestial, lo que inflige daño adicional proporcional a su vida faltante.","tooltip":"<spellPassive>Pasiva:</spellPassive> Los ataques infligen un <magicDamage>{{ epassivetotaldamage }} de daño mágico adicional</magicDamage>.<br /><br /><spellActive>Activa:</spellActive> Los siguientes ataques de Kayle se convierten en ataques a distancia e infligen un <magicDamage>{{ activetotalexecutedamage }} de la Vida faltante como daño mágico adicional</magicDamage>. Este ataque se mejora cuando Kayle alcanza el <scaleLevel>Nivel {{ spell.kaylepassive:levelforpassiverank2 }}</scaleLevel>, lo que causa que explote cuando golpea un objetivo e inflija daño a los enemigos cercanos.{{ spellmodifierdescriptionappend }}","leveltip":{"label":["Daño pasivo","Daño de vida faltante","Enfriamiento"],"effect":["{{ passive damage }} -> {{ passive damageNL }}","{{ activeexecutepercent }}% -> {{ activeexecutepercentNL }}%","{{ cooldown }} -> {{ cooldownNL }}"]},"maxrank":5,"cooldown":[8,7.5,7,6.5,6],"cooldownBurn":"8/7.5/7/6.5/6","cost":[0,0,0,0,0],"costBurn":"0","datavalues":{},"effect":[null,[0,0,0,0,0],[0,0,0,0,0],[0,0,0,0,0],[0,0,0,0,0],[0,0,0,0,0],[0,0,0,0,0],[0,0,0,0,0],[0,0,0,0,0],[0,0,0,0,0],[0,0,0,0,0]],"effectBurn":[null,"0","0","0","0","0","0","0","0","0","0"],"vars":[],"costType":"Sin costo","maxammo":"-1","range":[550,550,550,550,550],"rangeBurn":"550","image":{"full":"KayleE.png","sprite":"spell6.png","group":"spell","x":288,"y":48,"w":48,"h":48},"resource":"Sin costo"},{"id":"KayleR","name":"Juicio Divino","description":"Kayle vuelve a un aliado invulnerable e invoca a los antiguos Aspectos de la Justicia para que purifiquen el área alrededor de su objetivo con una lluvia divina de espadas.","tooltip":"Kayle vuelve invulnerable a un compañero de equipo por {{ invulnduration }} seg y luego purifica la zona alrededor de ellos, lo que inflige <magicDamage>{{ totaldamage }} de daño mágico</magicDamage> a enemigos cercanos.{{ spellmodifierdescriptionappend }}","leveltip":{"label":["Daño","Tamaño del área","Enfriamiento","Costo de @AbilityResourceName@"],"effect":["{{ damage }} -> {{ damageNL }}","{{ aoeradius }} -> {{ aoeradiusNL }}","{{ cooldown }} -> {{ cooldownNL }}","{{ cost }} -> {{ costNL }}"]},"maxrank":3,"cooldown":[160,120,80],"cooldownBurn":"160/120/80","cost":[100,50,0],"costBurn":"100/50/0","datavalues":{},"effect":[null,[0,0,0],[0,0,0],[0,0,0],[0,0,0],[0,0,0],[0,0,0],[0,0,0],[0,0,0],[0,0,0],[0,0,0]],"effectBurn":[null,"0","0","0","0","0","0","0","0","0","0"],"vars":[],"costType":" de {{ abilityresourcename }}","maxammo":"-1","range":[900,900,900],"rangeBurn":"900","image":{"full":"KayleR.png","sprite":"spell6.png","group":"spell","x":336,"y":48,"w":48,"h":48},"resource":"{{ cost }} de {{ abilityresourcename }}"}],"passive":{"name":"Ascenso Divino","description":"Los ataques de Kayle se potencian con el poder de los cielos a medida que sube de nivel y gasta puntos de habilidad. Sus alas comienzan a arder a medida que obtiene velocidad de ataque, velocidad de movimiento, alcance de ataque y ondas de fuego con sus ataques.","image":{"full":"Kayle_P.png","sprite":"passive1.png","group":"passive","x":432,"y":96,"w":48,"h":48}},"recommended":[]}}}