{"type":"champion","format":"standAloneComplex","version":"14.3.1","data":{"Kayn":{"id":"Kayn","key":"141","name":"Kayn","title":"el Segador Sombrío","image":{"full":"Kayn.png","sprite":"champion2.png","group":"champion","x":0,"y":0,"w":48,"h":48},"skins":[{"id":"141000","num":0,"name":"default","chromas":false},{"id":"141001","num":1,"name":"Kayn Cazador de Almas","chromas":false},{"id":"141002","num":2,"name":"Kayn Odisea","chromas":true},{"id":"141008","num":8,"name":"Kayn Portador del Anochecer","chromas":true},{"id":"141009","num":9,"name":"Kayn Portador del Anochecer Prestigioso","chromas":false},{"id":"141015","num":15,"name":"Kayn Luna de Nieve","chromas":true},{"id":"141020","num":20,"name":"Kayn HEARTSTEEL","chromas":true}],"lore":"Shieda Kayn, un practicante sin igual de la letal magia sombría, lucha para alcanzar su verdadero destino: conducir la Orden de la Sombra hacia una nueva era de supremacía joniana. Esgrime la oscura arma viviente Rhaast, inmutable ante la progresiva corrupción de su cuerpo y mente. Solo hay dos resultados posibles: o Kayn somete el arma a su voluntad... o la cuchilla malévola lo consume por completo, para dar lugar a la destrucción de Runaterra.","blurb":"Shieda Kayn, un practicante sin igual de la letal magia sombría, lucha para alcanzar su verdadero destino: conducir la Orden de la Sombra hacia una nueva era de supremacía joniana. Esgrime la oscura arma viviente Rhaast, inmutable ante la progresiva...","allytips":["Observa ambas composiciones de equipo al elegir tu forma.","Recuerda que los enemigos cercanos pueden ver en qué muro estás."],"enemytips":["Transgresión de Umbral requiere que Kayn dañe primero a un objetivo. Intenta esquivar Alcance de Cuchilla para negarle un lanzamiento de largo alcance de Transgresión de Umbral.","Cuando Kayn esté en terreno cerca de ti, obtendrás una alerta visual en el borde del terreno en el que esté.","Si dañas a Kayn mientras está en Paso Sombrío, acortarás su duración, o puedes aplicar un poderoso efecto de control de masas (aturdimiento, encantamiento, lanzamiento por el aire, etc.) para detener Paso Sombrío inmediatamente."],"tags":["Fighter","Assassin"],"partype":"Maná","info":{"attack":10,"defense":6,"magic":1,"difficulty":8},"stats":{"hp":655,"hpperlevel":109,"mp":410,"mpperlevel":50,"movespeed":340,"armor":38,"armorperlevel":4.5,"spellblock":32,"spellblockperlevel":2.05,"attackrange":175,"hpregen":8,"hpregenperlevel":0.75,"mpregen":11.5,"mpregenperlevel":0.95,"crit":0,"critperlevel":0,"attackdamage":68,"attackdamageperlevel":3.3,"attackspeedperlevel":2.7,"attackspeed":0.669},"spells":[{"id":"KaynQ","name":"Corte Segador","description":"Kayn se desplaza y luego ataca. Ambas acciones infligen daño.","tooltip":"Kayn se desplaza y luego gira su guadaña, lo que inflige <physicalDamage>{{ totaldamage }} de daño físico</physicalDamage> a cualquier enemigo que atraviese, luego inflige el daño de nuevo a los enemigos cercanos.<br /><br /><keywordMajor>Aniquilador Darkin:</keywordMajor> En su lugar, inflige <physicalDamage>{{ darkinflatdamage }} más un {{ darkinpercentdamage }} de la Vida Máxima como daño físico</physicalDamage>.{{ spellmodifierdescriptionappend }}","leveltip":{"label":["Enfriamiento","Daño básico"],"effect":["{{ cooldown }} -> {{ cooldownNL }}","{{ e1 }} -> {{ e1NL }}"]},"maxrank":5,"cooldown":[7,6.5,6,5.5,5],"cooldownBurn":"7/6.5/6/5.5/5","cost":[50,50,50,50,50],"costBurn":"50","datavalues":{},"effect":[null,[75,95,115,135,155],[0.65,0.65,0.65,0.65,0.65],[5,5,5,5,5],[3.5,3.5,3.5,3.5,3.5],[200,250,300,350,400],[40,40,40,40,40],[300,300,300,300,300],[0,0,0,0,0],[0,0,0,0,0],[0,0,0,0,0]],"effectBurn":[null,"75/95/115/135/155","0.65","5","3.5","200/250/300/350/400","40","300","0","0","0"],"vars":[],"costType":" de {{ abilityresourcename }}","maxammo":"-1","range":[350,350,350,350,350],"rangeBurn":"350","image":{"full":"KaynQ.png","sprite":"spell6.png","group":"spell","x":384,"y":48,"w":48,"h":48},"resource":"{{ cost }} de {{ abilityresourcename }}"},{"id":"KaynW","name":"Alcance de Cuchilla","description":"Kayn daña y ralentiza objetivos en una línea.","tooltip":"Kayn blande su guadaña hacia arriba e inflige <physicalDamage>{{ totaldamage }} de daño físico</physicalDamage> y <status>Ralentiza</status> a los enemigos impactados en un {{ e3 }}% que decae a lo largo de {{ e5 }} seg.<br /><br /><keywordMajor>Asesino Sombrío:</keywordMajor> Kayn puede moverse mientras usa esta habilidad y aumenta su alcance.<br /><br /><keywordMajor>Aniquilador Darkin:</keywordMajor> Además, <status>lanza por el aire</status> a los enemigos impactados por {{ e2 }} seg.{{ spellmodifierdescriptionappend }}","leveltip":{"label":["Daño","Enfriamiento","Costo de @AbilityResourceName@"],"effect":["{{ e1 }} -> {{ e1NL }}","{{ cooldown }} -> {{ cooldownNL }}","{{ cost }} -> {{ costNL }}"]},"maxrank":5,"cooldown":[13,12,11,10,9],"cooldownBurn":"13/12/11/10/9","cost":[60,65,70,75,80],"costBurn":"60/65/70/75/80","datavalues":{},"effect":[null,[85,130,175,220,265],[1,1,1,1,1],[90,90,90,90,90],[160,160,160,160,160],[1.5,1.5,1.5,1.5,1.5],[900,900,900,900,900],[0,0,0,0,0],[0,0,0,0,0],[0,0,0,0,0],[0,0,0,0,0]],"effectBurn":[null,"85/130/175/220/265","1","90","160","1.5","900","0","0","0","0"],"vars":[],"costType":" de {{ abilityresourcename }}","maxammo":"-1","range":[700,700,700,700,700],"rangeBurn":"700","image":{"full":"KaynW.png","sprite":"spell6.png","group":"spell","x":432,"y":48,"w":48,"h":48},"resource":"{{ cost }} de {{ abilityresourcename }}"},{"id":"KaynE","name":"Paso Sombrío","description":"Kayn puede caminar por el terreno.","tooltip":"Kayn obtiene un <speed>{{ e1 }}% de Velocidad de Movimiento</speed>, se vuelve Fantasma y puede atravesar el terreno por {{ e2 }} seg. La primera vez que atraviesa el terreno, recupera <healing>{{ totalhealing }} de Vida</healing>.<br /><br />Al quedar <status>Inmovilizado</status> y pasar más de {{ e3 }} seg consecutivos fuera del terreno se anula esta habilidad.<br /><br /><keywordMajor>Asesino Sombrío:</keywordMajor> Obtiene un <speed>{{ e5 }}% de Velocidad de Movimiento</speed>, inmunidad a la <status>ralentización</status> y reduce el Enfriamiento a {{ assassincdreduction }} seg.{{ spellmodifierdescriptionappend }}","leveltip":{"label":["Enfriamiento","Duración","Curación"],"effect":["{{ f15 }} -> {{ f16 }}","{{ e2 }} -> {{ e2NL }}","{{ e7 }} -> {{ e7NL }}"]},"maxrank":5,"cooldown":[21,19,17,15,13],"cooldownBurn":"21/19/17/15/13","cost":[90,90,90,90,90],"costBurn":"90","datavalues":{},"effect":[null,[40,40,40,40,40],[7,7.5,8,8.5,9],[1.5,1.5,1.5,1.5,1.5],[1250,1250,1250,1250,1250],[70,70,70,70,70],[1.5,1.5,1.5,1.5,1.5],[90,100,110,120,130],[0.45,0.45,0.45,0.45,0.45],[0,0,0,0,0],[0,0,0,0,0]],"effectBurn":[null,"40","7/7.5/8/8.5/9","1.5","1250","70","1.5","90/100/110/120/130","0.45","0","0"],"vars":[],"costType":" de {{ abilityresourcename }}","maxammo":"-1","range":[400,400,400,400,400],"rangeBurn":"400","image":{"full":"KaynE.png","sprite":"spell6.png","group":"spell","x":0,"y":96,"w":48,"h":48},"resource":"{{ cost }} de {{ abilityresourcename }}"},{"id":"KaynR","name":"Transgresión de Umbral","description":"Kayn se esconde en el cuerpo de un enemigo e inflige daño masivo cuando sale.","tooltip":"<spellPassive>Pasiva:</spellPassive> Los campeones que Kayn daña quedan marcados por 3.15 seg.<br /><br />Kayn infesta al enemigo marcado y se vuelve inalcanzable. Después de {{ infestduration }} seg o de <recast>volver a lanzar</recast> la habilidad, Kayn sale del enemigo, lo que le inflige <physicalDamage>{{ damage }} de Daño Físico</physicalDamage>.<br /><br /><keywordMajor>Asesino Sombrío:</keywordMajor> Aumenta el alcance de esta habilidad, la distancia a la que Kayn sale del enemigo y restablece el enfriamiento de <spellName>La Guadaña Darkin</spellName> al salir.<br /><br /><keywordMajor>Aniquilador Darkin:</keywordMajor> Inflige un <physicalDamage>{{ slayerdamage }} de la Vida Máxima como daño físico</physicalDamage> y restaura un <healing>{{ healvalue }} de Vida</healing> (un {{ slayerhealpercent*100 }}% del daño).{{ spellmodifierdescriptionappend }}","leveltip":{"label":["Daño","Enfriamiento"],"effect":["{{ e1 }} -> {{ e1NL }}","{{ cooldown }} -> {{ cooldownNL }}"]},"maxrank":3,"cooldown":[120,100,80],"cooldownBurn":"120/100/80","cost":[100,100,100],"costBurn":"100","datavalues":{},"effect":[null,[150,250,350],[0.5,0.5,0.5],[0,0,0],[2.5,2.5,2.5],[300,300,300],[15,15,15],[13,13,13],[70,70,70],[750,750,750],[550,550,550]],"effectBurn":[null,"150/250/350","0.5","0","2.5","300","15","13","70","750","550"],"vars":[],"costType":" de {{ abilityresourcename }}","maxammo":"-1","range":[550,550,550],"rangeBurn":"550","image":{"full":"KaynR.png","sprite":"spell6.png","group":"spell","x":48,"y":96,"w":48,"h":48},"resource":"{{ cost }} de {{ abilityresourcename }}"}],"passive":{"name":"La Guadaña Darkin","description":"Kayn empuña un arma antigua y pelea contra Rhaast, el darkin en su interior, por el control de su cuerpo. El <font color='#fe5c50'>Darkin</font> triunfará o Kayn dominará a Rhaast y se convertirá en el <font color='#8484fb'>Asesino Sombrío</font>.<br><br><font color='#fe5c50'>Darkin:</font> cura un porcentaje del daño de hechizos infligido a campeones.<br><br><font color='#8484fb'>Asesino Sombrío:</font> inflige daño adicional los primeros segundos en combate contra campeones enemigos.","image":{"full":"Kayn_Passive_Primary.png","sprite":"passive2.png","group":"passive","x":0,"y":0,"w":48,"h":48}},"recommended":[]}}}