{"type":"champion","format":"standAloneComplex","version":"14.3.1","data":{"Kennen":{"id":"Kennen","key":"85","name":"Kennen","title":"el Corazón de la Tempestad","image":{"full":"Kennen.png","sprite":"champion2.png","group":"champion","x":48,"y":0,"w":48,"h":48},"skins":[{"id":"85000","num":0,"name":"default","chromas":false},{"id":"85001","num":1,"name":"Kennen Mortífero","chromas":false},{"id":"85002","num":2,"name":"Kennen Maestro del Pantano","chromas":false},{"id":"85003","num":3,"name":"Karate Kennen","chromas":false},{"id":"85004","num":4,"name":"Doctor Kennen","chromas":true},{"id":"85005","num":5,"name":"Kennen Operación Ártica","chromas":false},{"id":"85006","num":6,"name":"Kennen Luna de Sangre","chromas":false},{"id":"85007","num":7,"name":"SuperKennen","chromas":false},{"id":"85008","num":8,"name":"Kennen Infernal","chromas":true},{"id":"85023","num":23,"name":"Kennen DWG","chromas":true},{"id":"85025","num":25,"name":"AstroKennen","chromas":true}],"lore":"Además de ser un rápido ejecutor del balance Jonio, Kennen es el único miembro yordle del Kinkou. A pesar de su pequeña y peluda estatura, está ansioso por enfrentarse a cualquier amenaza con una tormenta de shuriken y desbordante entusiasmo. A lado de su maestro, Shen, Kennen patrulla el reino espiritual, utilizando devastadora energía eléctrica para eliminar a sus enemigos.","blurb":"Además de ser un rápido ejecutor del balance Jonio, Kennen es el único miembro yordle del Kinkou. A pesar de su pequeña y peluda estatura, está ansioso por enfrentarse a cualquier amenaza con una tormenta de shuriken y desbordante entusiasmo. A lado de...","allytips":["Puedes aturdir a tus rivales infligiéndoles 3 Marcas de la Tormenta.","Impulso Relámpago puede usarse para iniciar luchas con su componente de retorno de energía, lo que permite utilizar después otras habilidades.","Puedes otorgar una debilitación inicial de Marca de la Tormenta en un rival utilizando Shuriken Trueno, y aumentarla luego con Tensión Eléctrica."],"enemytips":["Juega con cautela cerca de Kennen cuando tengas una debilitación de Marca de la Tormenta. Si te golpea con 3 Marcas de la Tormenta, te aturdirá.","Kennen es frágil por naturaleza; si se descuida, voltéate y golpéalo con Impulso Relámpago."],"tags":["Mage","Marksman"],"partype":"Energía","info":{"attack":6,"defense":4,"magic":7,"difficulty":4},"stats":{"hp":611,"hpperlevel":98,"mp":200,"mpperlevel":0,"movespeed":335,"armor":29,"armorperlevel":4.95,"spellblock":30,"spellblockperlevel":1.3,"attackrange":550,"hpregen":5.5,"hpregenperlevel":0.65,"mpregen":50,"mpregenperlevel":0,"crit":0,"critperlevel":0,"attackdamage":48,"attackdamageperlevel":3.75,"attackspeedperlevel":3.4,"attackspeed":0.625},"spells":[{"id":"KennenShurikenHurlMissile1","name":"Shuriken Trueno","description":"Kennen arroja hacia un lugar un veloz shuriken, causando daño y añadiendo una Marca de la Tormenta a todos los rivales que golpea.","tooltip":"Kennen lanza un shuriken que inflige <magicDamage>{{ totaldamage }} de daño mágico</magicDamage> al primer enemigo alcanzado.{{ spellmodifierdescriptionappend }}","leveltip":{"label":["Enfriamiento","Costo de @AbilityResourceName@","Daño"],"effect":["{{ cooldown }} -> {{ cooldownNL }}","{{ cost }} -> {{ costNL }}","{{ e1 }} -> {{ e1NL }}"]},"maxrank":5,"cooldown":[7,6.25,5.5,4.75,4],"cooldownBurn":"7/6.25/5.5/4.75/4","cost":[60,55,50,45,40],"costBurn":"60/55/50/45/40","datavalues":{},"effect":[null,[75,125,175,225,275],[0,0,0,0,0],[0,0,0,0,0],[0,0,0,0,0],[0,0,0,0,0],[0,0,0,0,0],[0,0,0,0,0],[0,0,0,0,0],[0,0,0,0,0],[0,0,0,0,0]],"effectBurn":[null,"75/125/175/225/275","0","0","0","0","0","0","0","0","0"],"vars":[],"costType":" de {{ abilityresourcename }}","maxammo":"-1","range":[950,950,950,950,950],"rangeBurn":"950","image":{"full":"KennenShurikenHurlMissile1.png","sprite":"spell6.png","group":"spell","x":96,"y":96,"w":48,"h":48},"resource":"{{ cost }} de {{ abilityresourcename }}"},{"id":"KennenBringTheLight","name":"Tensión Eléctrica","description":"Kennen inflige daño adicional de forma pasiva y añade a su objetivo una Marca de la Tormenta cada ciertos ataques. Puede activar esta habilidad para dañar y añadir otra Marca de la Tormenta a los objetivos que ya están marcados.","tooltip":"<spellPassive>Pasiva:</spellPassive> Cada quinto ataque inflige <magicDamage>{{ totaldamagepassive }} de daño mágico</magicDamage> adicional.<br /><br /><spellActive>Activa:</spellActive> Kennen lanza una ráfaga de electricidad que inflige <magicDamage>{{ totaldamageactive }} de daño mágico</magicDamage> a los enemigos cercanos bajo el efecto de <spellName>Marca de la Tormenta</spellName>.<br />{{ spellmodifierdescriptionappend }}","leveltip":{"label":["Enfriamiento","Tasa de DA adicional","Daño (pasiva)","Daño (activa)"],"effect":["{{ cooldown }} -> {{ cooldownNL }}","{{ badratio*100.000000 }}% -> {{ badrationl*100.000000 }}%","{{ baseonhitdamage }} -> {{ baseonhitdamageNL }}","{{ e1 }} -> {{ e1NL }}"]},"maxrank":5,"cooldown":[13,11.25,9.5,7.75,6],"cooldownBurn":"13/11.25/9.5/7.75/6","cost":[40,40,40,40,40],"costBurn":"40","datavalues":{},"effect":[null,[70,95,120,145,170],[25,25,25,25,25],[0.7,0.7,0.7,0.7,0.7],[0,0,0,0,0],[0,0,0,0,0],[0,0,0,0,0],[0,0,0,0,0],[0,0,0,0,0],[0,0,0,0,0],[0,0,0,0,0]],"effectBurn":[null,"70/95/120/145/170","25","0.7","0","0","0","0","0","0","0"],"vars":[],"costType":" de {{ abilityresourcename }}","maxammo":"-1","range":[725,725,725,725,725],"rangeBurn":"725","image":{"full":"KennenBringTheLight.png","sprite":"spell6.png","group":"spell","x":144,"y":96,"w":48,"h":48},"resource":"{{ cost }} de {{ abilityresourcename }}"},{"id":"KennenLightningRush","name":"Impulso Relámpago","description":"Kennen adopta la forma de un relámpago, lo que le permite atravesar unidades y aplicarles una Marca de la Tormenta. Kennen obtiene velocidad de movimiento al cambiar a esta forma y velocidad de ataque al cambiar de vuelta.","tooltip":"Kennen se transforma en una esfera relámpago, obtiene un <speed>{{ movement speed*100 }}% de Velocidad de Movimiento</speed>, inflige <magicDamage>{{ totaldamage }} de daño mágico</magicDamage> a los enemigos que atraviesa y se vuelve Fantasma durante {{ duration - as ball }} seg. Si Kennen le inflige daño al menos a un enemigo, obtiene {{ energy refund }} de Energía. <br /><br />Cuando la habilidad termina, Kennen obtiene un <attackSpeed>{{ attack speed*100 }}% de Velocidad de Ataque</attackSpeed> durante {{ duration - after ball }} seg. Kennen puede <recast>volver a lanzar</recast> esta habilidad para terminarla antes.{{ spellmodifierdescriptionappend }}","leveltip":{"label":["Enfriamiento","Daño","Velocidad de ataque"],"effect":["{{ cooldown }} -> {{ cooldownNL }}","{{ base damage }} -> {{ base damageNL }}","{{ attack speed*100.000000 }}% -> {{ attack speednl*100.000000 }}%"]},"maxrank":5,"cooldown":[10,9,8,7,6],"cooldownBurn":"10/9/8/7/6","cost":[80,80,80,80,80],"costBurn":"80","datavalues":{},"effect":[null,[85,125,165,205,245],[40,40,40,40,40],[10,20,30,40,50],[1,1,1,1,1],[2,2,2,2,2],[0,0,0,0,0],[4,4,4,4,4],[0,0,0,0,0],[0,0,0,0,0],[0,0,0,0,0]],"effectBurn":[null,"85/125/165/205/245","40","10/20/30/40/50","1","2","0","4","0","0","0"],"vars":[],"costType":" de {{ abilityresourcename }}","maxammo":"-1","range":[200,200,200,200,200],"rangeBurn":"200","image":{"full":"KennenLightningRush.png","sprite":"spell6.png","group":"spell","x":192,"y":96,"w":48,"h":48},"resource":"{{ cost }} de {{ abilityresourcename }}"},{"id":"KennenShurikenStorm","name":"Tempestad Cercenante","description":"Kennen invoca una tormenta que golpea a los campeones enemigos cercanos causando daño mágico.","tooltip":"Kennen desata una tormenta mágica, lo que inflige <magicDamage>{{ pertickdamagecalculated }} de daño mágico</magicDamage> a todos los enemigos cercanos cada {{ kennenrtickrate }} seg y obtiene <scaleArmor>{{ kennenrdefenses }} de Armadura</scaleArmor> y <scaleMR>{{ kennenrdefenses }} de Resistencia Mágica</scaleMR> durante {{ kennenrduration }} seg. Los impactos sucesivos infligen un {{ damageamp*100 }}% de daño aumentado por cada impacto que haya recibido el enemigo.{{ spellmodifierdescriptionappend }}","leveltip":{"label":["Daño","Bonificación de Armadura","Bonificación de Resistencia Mágica","Enfriamiento"],"effect":["{{ basedamage }} -> {{ basedamageNL }}","{{ kennenrdefenses }} -> {{ kennenrdefensesNL }}","{{ kennenrdefenses }} -> {{ kennenrdefensesNL }}","{{ cooldown }} -> {{ cooldownNL }}"]},"maxrank":3,"cooldown":[120,100,80],"cooldownBurn":"120/100/80","cost":[0,0,0],"costBurn":"0","datavalues":{},"effect":[null,[0,0,0],[0,0,0],[0,0,0],[0,0,0],[0,0,0],[0,0,0],[0,0,0],[0,0,0],[0,0,0],[0,0,0]],"effectBurn":[null,"0","0","0","0","0","0","0","0","0","0"],"vars":[],"costType":"Sin costo","maxammo":"-1","range":[550,550,550],"rangeBurn":"550","image":{"full":"KennenShurikenStorm.png","sprite":"spell6.png","group":"spell","x":240,"y":96,"w":48,"h":48},"resource":"Sin costo"}],"passive":{"name":"Marca de la Tormenta","description":"Kennen aturde a los enemigos a los que alcanza 3 veces con sus habilidades.","image":{"full":"Kennen_Passive.png","sprite":"passive2.png","group":"passive","x":48,"y":0,"w":48,"h":48}},"recommended":[]}}}