{"type":"champion","format":"standAloneComplex","version":"14.3.1","data":{"Khazix":{"id":"Khazix","key":"121","name":"Kha'Zix","title":"el Saqueador del Vacío","image":{"full":"Khazix.png","sprite":"champion2.png","group":"champion","x":96,"y":0,"w":48,"h":48},"skins":[{"id":"121000","num":0,"name":"default","chromas":false},{"id":"121001","num":1,"name":"Kha'Zix Mecha","chromas":true},{"id":"121002","num":2,"name":"Kha'Zix Guardián de las Arenas","chromas":false},{"id":"121003","num":3,"name":"Kha'Zix Pétalo Mortal","chromas":false},{"id":"121004","num":4,"name":"Kha'Zix Estrella Oscura","chromas":false},{"id":"121011","num":11,"name":"Kha'Zix Worlds 2018","chromas":true},{"id":"121060","num":60,"name":"Kha'Zix Odisea","chromas":false},{"id":"121069","num":69,"name":"Kha'Zix Guardián Lunar","chromas":false}],"lore":"El Vacío crece y el Vacío se adapta. En ninguna de sus múltiples manifestaciones estas verdades son más evidentes que en Kha'Zix. La evolución es la esencia de este mutante horror que nació para sobrevivir y acabar con los más fuertes. Cuando se le dificulta esa tarea, desarrolla nuevas y más efectivas maneras para contrarrestar y asesinar a su presa. Aunque inicialmente era una bestia sin mente, la inteligencia de Kha'Zix se desarrolló tanto como su cuerpo. Ahora, la criatura planea sus cacerías e incluso aprovecha el terror visceral que genera en sus víctimas.","blurb":"El Vacío crece y el Vacío se adapta. En ninguna de sus múltiples manifestaciones estas verdades son más evidentes que en Kha'Zix. La evolución es la esencia de este mutante horror que nació para sobrevivir y acabar con los más fuertes. Cuando se le...","allytips":["Los enemigos son considerados aislados si no tienen aliados a una corta distancia. El daño de Saborea su Miedo aumenta de forma masiva contra esos objetivos.","Amenaza Invisible se activa cuando el equipo enemigo no puede ver a Kha'Zix. Se reactiva al entrar en maleza o usar Ataque del Vacío. No olvides aplicar Amenaza Invisible con autoataques en campeones enemigos.","Kha'Zix tiene mucha libertad de elegir dónde y cómo pelear. Elige tus batallas con cuidado para ganar."],"enemytips":["Saborea su Miedo inflige daño adicional a objetivos aislados. Obtén ventaja luchando cerca de súbditos aliados, campeones o torretas.","Salto y Asalto del Vacío tienen enfriamientos largos y, sin ellos, Kha'Zix es extremadamente vulnerable."],"tags":["Assassin"],"partype":"Maná","info":{"attack":9,"defense":4,"magic":3,"difficulty":6},"stats":{"hp":643,"hpperlevel":99,"mp":327,"mpperlevel":40,"movespeed":350,"armor":36,"armorperlevel":4.2,"spellblock":32,"spellblockperlevel":2.05,"attackrange":125,"hpregen":7.5,"hpregenperlevel":0.75,"mpregen":7.59,"mpregenperlevel":0.5,"crit":0,"critperlevel":0,"attackdamage":60,"attackdamageperlevel":3.1,"attackspeedperlevel":2.7,"attackspeed":0.668},"spells":[{"id":"KhazixQ","name":"Saborea su Miedo","description":"Causa daño físico al objetivo. El daño aumenta en objetivos <font color='#FFF673'>aislados</font>. Si elige <font color='#00DD33'>Evolucionar Garras Segadoras</font>, devolverá una parte de su enfriamiento si se usa contra objetivos <font color='#FFF673'>aislados</font>. Kha'Zix también obtiene alcance adicional en sus ataques básicos y Saborea su Miedo.","tooltip":"Kha'Zix corta a un enemigo cercano, lo que inflige <physicalDamage>{{ spell.khazixq:basedamage }} de daño físico</physicalDamage>. Esto inflige <physicalDamage>{{ spell.khazixq:isodamage }} de daño</physicalDamage> a los enemigos <keywordMajor>aislados</keywordMajor> de sus aliados. {{ spellmodifierdescriptionappend }}","leveltip":{"label":["Daño"],"effect":["{{ e1 }} -> {{ e1NL }}"]},"maxrank":5,"cooldown":[4,4,4,4,4],"cooldownBurn":"4","cost":[20,20,20,20,20],"costBurn":"20","datavalues":{},"effect":[null,[70,95,120,145,170],[110,110,110,110,110],[50,50,50,50,50],[45,45,45,45,45],[0,0,0,0,0],[0,0,0,0,0],[0,0,0,0,0],[0,0,0,0,0],[0,0,0,0,0],[0,0,0,0,0]],"effectBurn":[null,"70/95/120/145/170","110","50","45","0","0","0","0","0","0"],"vars":[],"costType":" de {{ abilityresourcename }}","maxammo":"-1","range":[325,325,325,325,325],"rangeBurn":"325","image":{"full":"KhazixQ.png","sprite":"spell6.png","group":"spell","x":288,"y":96,"w":48,"h":48},"resource":"{{ cost }} de {{ abilityresourcename }}"},{"id":"KhazixW","name":"Púas del Vacío","description":"Kha'Zix dispara unas púas explosivas que causan daño físico a los enemigos alcanzados. Kha'Zix se cura si está dentro del radio de explosión. Si elige <font color='#00DD33'>Púas del Vacío Evolucionadas</font>, Púas del Vacío ahora dispara tres púas en un cono, ralentiza a los enemigos alcanzados y revela a los campeones enemigos golpeados durante 2 segundos. Los objetivos <font color='#FFF673'>aislados</font> quedan ralentizados en mayor porcentaje.","tooltip":"Kha'Zix lanza una púa, lo que inflige <physicalDamage>{{ basedamage }} de daño físico</physicalDamage> al primer enemigo alcanzado en una zona pequeña. Si Kha'Zix está dentro de esa zona, restaura <healing>{{ healamount }} de Vida</healing>.{{ spellmodifierdescriptionappend }}","leveltip":{"label":["Daño","Curación","Costo de @AbilityResourceName@"],"effect":["{{ e1 }} -> {{ e1NL }}","{{ e2 }} -> {{ e2NL }}","{{ cost }} -> {{ costNL }}"]},"maxrank":5,"cooldown":[9,9,9,9,9],"cooldownBurn":"9","cost":[55,60,65,70,75],"costBurn":"55/60/65/70/75","datavalues":{},"effect":[null,[85,115,145,175,205],[55,75,95,115,135],[40,40,40,40,40],[2,2,2,2,2],[0,0,0,0,0],[2,2,2,2,2],[75,75,75,75,75],[0,0,0,0,0],[0,0,0,0,0],[0,0,0,0,0]],"effectBurn":[null,"85/115/145/175/205","55/75/95/115/135","40","2","0","2","75","0","0","0"],"vars":[],"costType":" de {{ abilityresourcename }}","maxammo":"-1","range":[1000,1000,1000,1000,1000],"rangeBurn":"1000","image":{"full":"KhazixW.png","sprite":"spell6.png","group":"spell","x":336,"y":96,"w":48,"h":48},"resource":"{{ cost }} de {{ abilityresourcename }}"},{"id":"KhazixE","name":"Salto","description":"Kha'Zix salta hacia una zona y causa daño físico al aterrizar. Si elige <font color='#00DD33'>Evolucionar las Alas</font>, el alcance de Salto aumenta por 200 y el enfriamiento se restablece al asesinar un campeón o asistir.","tooltip":"Kha'Zix salta, lo que inflige <physicalDamage>{{ totaldamage }} de daño físico</physicalDamage> al aterrizar.{{ spellmodifierdescriptionappend }}","leveltip":{"label":["Daño","Enfriamiento"],"effect":["{{ e1 }} -> {{ e1NL }}","{{ cooldown }} -> {{ cooldownNL }}"]},"maxrank":5,"cooldown":[20,18,16,14,12],"cooldownBurn":"20/18/16/14/12","cost":[50,50,50,50,50],"costBurn":"50","datavalues":{},"effect":[null,[65,100,135,170,205],[30,35,40,45,50],[10,10,10,10,10],[2.5,2.5,2.5,2.5,2.5],[0,0,0,0,0],[0,0,0,0,0],[0,0,0,0,0],[0,0,0,0,0],[0,0,0,0,0],[0,0,0,0,0]],"effectBurn":[null,"65/100/135/170/205","30/35/40/45/50","10","2.5","0","0","0","0","0","0"],"vars":[],"costType":" de {{ abilityresourcename }}","maxammo":"-1","range":[700,700,700,700,700],"rangeBurn":"700","image":{"full":"KhazixE.png","sprite":"spell6.png","group":"spell","x":384,"y":96,"w":48,"h":48},"resource":"{{ cost }} de {{ abilityresourcename }}"},{"id":"KhazixR","name":"Ataque del Vacío","description":"Cada rango le permite a Kha'Zix evolucionar una de sus habilidades, lo que le otorga un efecto adicional único. Al activarse, Kha'Zix se vuelve <font color='#91d7ee'>Invisible</font>, activa Amenaza Invisible y aumenta su velocidad de movimiento. Si elige <font color='#00DD33'>Evolucionar Camuflaje Adaptable</font>, aumenta la duración de la <font color='#91d7ee'>Invisibilidad</font> de Ataque del Vacío, y le otorga un uso adicional.","tooltip":"<spellActive>Activa:</spellActive> Kha'Zix se vuelve <keywordStealth>Invisible</keywordStealth> por {{ stealthduration }} seg y obtiene un <speed>{{ bonusmovementspeedpercent*100 }}% de Velocidad de Movimiento</speed>. Kha'Zix puede <recast>volver a utilizar</recast> esta habilidad una vez cada {{ recastwindow }} seg.<br /><br /><spellPassive>Pasiva:</spellPassive> Subir de nivel esta habilidad le permite a Kha'Zix <evolve>evolucionar</evolve> una de sus habilidades, lo que le otorga efectos adicionales.<li><spellName>Saborea su Miedo:</spellName> Obtiene alcance de habilidad y ataque, y reduce el enfriamiento un {{ spell.khazixq:effect4amount }}% contra objetivos <keywordMajor>aislados</keywordMajor>.<li><spellName>Púas del Vacío:</spellName> Dispara 3 púas y <status>ralentiza</status> un {{ spell.khazixw:effect3amount }}%, lo que aumenta contra objetivos <keywordMajor>aislados</keywordMajor>.<li><spellName>Salto:</spellName> Aumenta el alcance y restablece el enfriamiento al derribar campeones.<li><spellName>Ataque del Vacío:</spellName> La duración de la <keywordStealth>invisibilidad</keywordStealth> es de {{ evolvedstealthduration }} seg y puede <recast>volverla a lanzar</recast> por segunda vez.{{ spellmodifierdescriptionappend }}","leveltip":{"label":["Evoluciones disponibles","Enfriamiento"],"effect":["{{ evolutionsavailable }} -> {{ evolutionsavailableNL }}","{{ cooldown }} -> {{ cooldownNL }}"]},"maxrank":3,"cooldown":[100,85,70],"cooldownBurn":"100/85/70","cost":[100,100,100],"costBurn":"100","datavalues":{},"effect":[null,[0,0,0],[0,0,0],[0,0,0],[0,0,0],[0,0,0],[0,0,0],[0,0,0],[0,0,0],[0,0,0],[0,0,0]],"effectBurn":[null,"0","0","0","0","0","0","0","0","0","0"],"vars":[],"costType":" de {{ abilityresourcename }}","maxammo":"-1","range":[25000,25000,25000],"rangeBurn":"25000","image":{"full":"KhazixR.png","sprite":"spell6.png","group":"spell","x":432,"y":96,"w":48,"h":48},"resource":"{{ cost }} de {{ abilityresourcename }}"}],"passive":{"name":"Amenaza Invisible","description":"Los enemigos cercanos que estén <font color='#FFF673'>aislados</font> de sus aliados quedarán marcados. Las habilidades de Kha'Zix tienen interacciones con objetivos <font color='#FFF673'>aislados</font>.<br><br>Cuando el equipo enemigo no tiene visión de Kha'Zix, obtiene Amenaza Invisible, lo cual hace que su siguiente ataque básico contra un campeón enemigo inflija daño mágico adicional y lo ralentice durante unos segundos.","image":{"full":"Khazix_P.png","sprite":"passive2.png","group":"passive","x":96,"y":0,"w":48,"h":48}},"recommended":[]}}}