{"type":"champion","format":"standAloneComplex","version":"14.3.1","data":{"Kled":{"id":"Kled","key":"240","name":"Kled","title":"el Jinete Cascarrabias","image":{"full":"Kled.png","sprite":"champion2.png","group":"champion","x":192,"y":0,"w":48,"h":48},"skins":[{"id":"240000","num":0,"name":"default","chromas":false},{"id":"240001","num":1,"name":"Sir Kled","chromas":false},{"id":"240002","num":2,"name":"Conde Kledula","chromas":true},{"id":"240009","num":9,"name":"Kled Merodeador","chromas":true},{"id":"240018","num":18,"name":"Kled Croquetón","chromas":true}],"lore":"El yordle Kled, guerrero tan temerario como insoportable, es la encarnación de la bravuconería de Noxus. Es un ícono amado por los soldados del imperio, que se ha ganado la desconfianza de sus oficiales y el desprecio de la nobleza. Muchos aseguran que Kled ha peleado en cada campaña que ha librado la legión, que ha \"adquirido\" todo título militar y que nunca ha escapado de una batalla. Aunque la verdad de eso último es cuestionable, algo es innegable: cargando hacia la batalla sobe su desconfiable corcel, Skaarl, Kled pelea para proteger lo que es suyo... y tomar lo que pueda.","blurb":"El yordle Kled, guerrero tan temerario como insoportable, es la encarnación de la bravuconería de Noxus. Es un ícono amado por los soldados del imperio, que se ha ganado la desconfianza de sus oficiales y el desprecio de la nobleza. Muchos aseguran que...","allytips":["Kled genera algo de coraje cuando mata a súbditos, pero aún más cuando lucha contra campeones.","El último golpe de Tendencias Violentas inflige más daño que los primeros tres. ¡Asegúrate de asestarlo!","¡¡¡A la cargaaaaaaa!!! se puede realizar a gran distancia. Pruébalo e intenta predecir dónde estará el enemigo en el momento en que lo alcances."],"enemytips":["Kled genera coraje al herir a los enemigos con su pistola de bolsillo y sus ataques básicos, al matar súbditos y al atacar estructuras o monstruos épicos.","Observa la barra de coraje de Kled mientras está desmontado. Cuando llegue al 100%, volverá a montarse y recuperará gran cantidad de vida.","Kled es mucho más amenazador cuando tiene Tendencias violentas para usar."],"tags":["Fighter","Tank"],"partype":"Coraje","info":{"attack":8,"defense":2,"magic":2,"difficulty":7},"stats":{"hp":410,"hpperlevel":84,"mp":100,"mpperlevel":0,"movespeed":345,"armor":35,"armorperlevel":5.2,"spellblock":28,"spellblockperlevel":2.05,"attackrange":125,"hpregen":6,"hpregenperlevel":0.75,"mpregen":0,"mpregenperlevel":0,"crit":0,"critperlevel":0,"attackdamage":65,"attackdamageperlevel":3.5,"attackspeedperlevel":3.5,"attackspeed":0.625},"spells":[{"id":"KledQ","name":"Trampa para Osos","description":"Kled lanza una trampa para osos que inflige daño y engancha a un campeón enemigo. Si permanece encadenado durante un breve periodo, el objetivo recibe daño físico adicional y Kled tira de él.<br><br>Desmontado, la habilidad se sustituye por Pistola de Bolsillo, un disparo que hace retroceder a Kled y restaura coraje.","tooltip":"<keywordMajor>Montado:</keywordMajor> Kled arroja una trampa para osos que inflige <physicalDamage>{{ totaldamage }} de daño físico</physicalDamage> y se engancha al primer campeón enemigo o monstruo grande alcanzado.<br /><br />Si Kled permanece junto a un enemigo enganchado durante {{ e3 }} seg, lo atraerá hacia la trampa, le infligirá <physicalDamage>{{ totalyankdamage }} de daño físico</physicalDamage>, lo <status>atraerá</status> hacia él, lo <status>ralentizará</status> un {{ slowamount*-100 }}% durante {{ slowduration }} seg y aplicará un {{ grievousamount*100 }}% de Heridas Graves durante {{ grievousduration }} seg.{{ spellmodifierdescriptionappend }}","leveltip":{"label":["Daño de lanzamiento","Daño de rasgadura","Ralentización","Enfriamiento"],"effect":["{{ e1 }} -> {{ e1NL }}","{{ effect1amount*2.000000 }} -> {{ effect1amountnl*2.000000 }}","{{ e5 }}% -> {{ e5NL }}%","{{ cooldown }} -> {{ cooldownNL }}"]},"maxrank":5,"cooldown":[11,10,9,8,7],"cooldownBurn":"11/10/9/8/7","cost":[0,0,0,0,0],"costBurn":"0","datavalues":{},"effect":[null,[30,55,80,105,130],[0.65,0.65,0.65,0.65,0.65],[1.75,1.75,1.75,1.75,1.75],[2,2,2,2,2],[40,45,50,55,60],[9,8.5,8,7.5,7],[1.5,1.5,1.5,1.5,1.5],[0,0,0,0,0],[0,0,0,0,0],[0,0,0,0,0]],"effectBurn":[null,"30/55/80/105/130","0.65","1.75","2","40/45/50/55/60","9/8.5/8/7.5/7","1.5","0","0","0"],"vars":[],"costType":"Sin costo","maxammo":"-1","range":[800,800,800,800,800],"rangeBurn":"800","image":{"full":"KledQ.png","sprite":"spell6.png","group":"spell","x":192,"y":144,"w":48,"h":48},"resource":"Sin costo"},{"id":"KledW","name":"Tendencias Violentas","description":"Kled recibe un aumento masivo de velocidad de ataque durante cuatro ataques. El cuarto de ellos es el que inflige más daño.","tooltip":"<spellPassive>Pasiva:</spellPassive> El siguiente ataque de Kled otorga un <attackSpeed>{{ e2 }}% de Velocidad de Ataque</attackSpeed> durante cuatro ataques o {{ e6 }} seg.<br /><br />El cuarto impacto inflige <physicalDamage>{{ e4 }} de daño físico adicional más un {{ percentdamage }} de la Vida Máxima como daño físico</physicalDamage>.{{ spellmodifierdescriptionappend }}","leveltip":{"label":["Daño fijo","Porcentaje de daño","Enfriamiento"],"effect":["{{ e4 }} -> {{ e4NL }}","{{ e1 }}% -> {{ e1NL }}%","{{ cooldown }} -> {{ cooldownNL }}"]},"maxrank":5,"cooldown":[11,9.5,8,6.5,5],"cooldownBurn":"11/9.5/8/6.5/5","cost":[0,0,0,0,0],"costBurn":"0","datavalues":{},"effect":[null,[4.5,5,5.5,6,6.5],[150,150,150,150,150],[20,20,20,20,20],[20,30,40,50,60],[15,30,45,60,75],[4,4,4,4,4],[200,200,200,200,200],[0,0,0,0,0],[0,0,0,0,0],[0,0,0,0,0]],"effectBurn":[null,"4.5/5/5.5/6/6.5","150","20","20/30/40/50/60","15/30/45/60/75","4","200","0","0","0"],"vars":[],"costType":"Sin costo","maxammo":"-1","range":[0,0,0,0,0],"rangeBurn":"0","image":{"full":"KledW.png","sprite":"spell6.png","group":"spell","x":240,"y":144,"w":48,"h":48},"resource":"Sin costo"},{"id":"KledE","name":"Justa","description":"Kled realiza una embestida que inflige daño físico y le otorga un breve impulso de velocidad. Luego, puede volver a activar esta habilidad para arremeter nuevamente contra su objetivo inicial e infligirle el mismo daño.","tooltip":"Kled se desplaza e inflige <physicalDamage>{{ totaldamage }} de daño físico</physicalDamage> a los enemigos en su camino y arrastra hacia él a los súbditos y monstruos pequeños.<br /><br />Si esta habilidad alcanza a un campeón enemigo o a un monstruo grande de la jungla, Kled recibe un <speed>{{ e5 }}% de Velocidad de Movimiento</speed> durante {{ e4 }} seg y puede <recast>volver a lanzarla</recast> en un lapso de {{ e6 }} seg para volver a desplazarse a través del mismo objetivo.{{ spellmodifierdescriptionappend }}","leveltip":{"label":["Daño","Enfriamiento"],"effect":["{{ e1 }} -> {{ e1NL }}","{{ cooldown }} -> {{ cooldownNL }}"]},"maxrank":5,"cooldown":[13,12,11,10,9],"cooldownBurn":"13/12/11/10/9","cost":[0,0,0,0,0],"costBurn":"0","datavalues":{},"effect":[null,[35,60,85,110,135],[0,0,0,0,0],[350,350,350,350,350],[1,1,1,1,1],[50,50,50,50,50],[3,3,3,3,3],[600,600,600,600,600],[700,700,700,700,700],[0,0,0,0,0],[0,0,0,0,0]],"effectBurn":[null,"35/60/85/110/135","0","350","1","50","3","600","700","0","0"],"vars":[],"costType":"Sin costo","maxammo":"-1","range":[550,550,550,550,550],"rangeBurn":"550","image":{"full":"KledE.png","sprite":"spell6.png","group":"spell","x":288,"y":144,"w":48,"h":48},"resource":"Sin costo"},{"id":"KledR","name":"¡¡¡A la cargaaaaaaa!!!","description":"Kled y Skaarl cargan hacia una ubicación, lo que hace que dejen tras de sí una huella que otorga velocidad y generen un escudo. Skaarl fija el objetivo en el primer campeón enemigo que encuentra y lo embiste.","tooltip":"Kled carga hacia un área, dejando un rastro que otorga a sus aliados una bonificación de <speed>velocidad de movimiento</speed> creciente. Mientras carga y durante 2 seg después, Kled obtiene hasta <shield>{{ maximumshield }} de Escudo</shield>. Skaarl arremete contra el primer campeón enemigo que encuentra y le inflige de <physicalDamage>{{ minimumdamagetooltip }}</physicalDamage> a <physicalDamage>{{ maximumchargedamage }} de la Vida Máxima como daño físico</physicalDamage> (según la distancia recorrida) y lo <status>lanza hacia atrás</status> por un momento.{{ spellmodifierdescriptionappend }}","leveltip":{"label":["Daño máximo","Vida máxima del escudo","Alcance","Enfriamiento"],"effect":["{{ effect1amount*3.000000 }}% -> {{ effect1amountnl*3.000000 }}%","{{ e4 }} -> {{ e4NL }}","{{ e0 }} -> {{ e0NL }}","{{ cooldown }} -> {{ cooldownNL }}"]},"maxrank":3,"cooldown":[140,125,110],"cooldownBurn":"140/125/110","cost":[0,0,0],"costBurn":"0","datavalues":{},"effect":[null,[4,5,6],[4,4,4],[0,0,0],[200,300,400],[3,3,3],[100,150,0],[0,0,0],[150,0,0],[3,3,3],[3500,4000,4500]],"effectBurn":[null,"4/5/6","4","0","200/300/400","3","100/150/0","0","150/0/0","3","3500/4000/4500"],"vars":[],"costType":"Sin costo","maxammo":"-1","range":[3500,4000,4500],"rangeBurn":"3500/4000/4500","image":{"full":"KledR.png","sprite":"spell6.png","group":"spell","x":336,"y":144,"w":48,"h":48},"resource":"Sin costo"}],"passive":{"name":"Skaarl, la Lagartija Cobarde","description":"Kled monta su fiel corcel, Skaarl, que recibe daño por él. Cuando la vida de Skaarl se agota, Kled se desmonta.<br><br>Al estar desmontado, las habilidades de Kled cambian y este inflige menos daño a campeones. Kled puede restaurar el coraje de Skaarl al luchar contra los enemigos. Cuando se alcanza el coraje máximo, Kled vuelve a montar a Skaarl, que vuelve con una porción de vida.","image":{"full":"Kled_P.png","sprite":"passive2.png","group":"passive","x":192,"y":0,"w":48,"h":48}},"recommended":[]}}}