{"type":"champion","format":"standAloneComplex","version":"14.3.1","data":{"KogMaw":{"id":"KogMaw","key":"96","name":"Kog'Maw","title":"la Boca del Abismo","image":{"full":"KogMaw.png","sprite":"champion2.png","group":"champion","x":240,"y":0,"w":48,"h":48},"skins":[{"id":"96000","num":0,"name":"default","chromas":false},{"id":"96001","num":1,"name":"Kog'Maw Oruga","chromas":false},{"id":"96002","num":2,"name":"Kog'Maw de Sonora","chromas":false},{"id":"96003","num":3,"name":"Kog'Maw Monarca","chromas":false},{"id":"96004","num":4,"name":"Kog'Maw Reno","chromas":false},{"id":"96005","num":5,"name":"Kog'Maw Danza del León","chromas":false},{"id":"96006","num":6,"name":"Kog'Maw de las Profundidades","chromas":false},{"id":"96007","num":7,"name":"Kog'Maw Jurásico","chromas":false},{"id":"96008","num":8,"name":"Kog'Maw Blindaje Bélico","chromas":false},{"id":"96009","num":9,"name":"Pug'Maw","chromas":true},{"id":"96010","num":10,"name":"Kog'Maw Hextech","chromas":false},{"id":"96019","num":19,"name":"Kog'Maw Arcanista","chromas":true},{"id":"96028","num":28,"name":"Kog'Miel","chromas":true},{"id":"96037","num":37,"name":"Zap'Maw","chromas":true},{"id":"96046","num":46,"name":"Kog'Maw Pergaminos Shan Hai","chromas":true}],"lore":"Arrojada desde una incursión de un Vacío putrefacto en las profundidades de los deshechos de Icathia, Kog'Maw es una criatura inquisitiva pero pútrida, con una boca ácida y enorme. Este particular engendro del Vacío necesita roer y babear todo para entenderlo de verdad. Aunque no es inherentemente malvada, la ingenuidad seductora de Kog'Maw es peligrosa, ya que posteriormente viene un frenesí de alimentación; no para su sustento, sino para satisfacer su curiosidad sin límites.","blurb":"Arrojada desde una incursión de un Vacío putrefacto en las profundidades de los deshechos de Icathia, Kog'Maw es una criatura inquisitiva pero pútrida, con una boca ácida y enorme. Este particular engendro del Vacío necesita roer y babear todo para...","allytips":["Kog'Maw puede imponerse a la mayor parte de los campeones con Descarga Bioarcana.","Usa Vacío Supurante para preparar una Artillería Viviente perfecta.","Aprovecha al máximo tu Sorpresa Icathiana."],"enemytips":["Kog'Maw no tiene buenas habilidades de huida, por lo que es propenso a sufrir emboscadas.","¡Huye de Kog'Maw cuando muera!","El alcance de Artillería Viviente aumenta cada nivel.","Andanada Bioarcana permite a Kog'Maw matar al Barón Nashor muy pronto. Puede resultar muy valioso poner un centinela cerca de Nashor cuando Kog'Maw complete su Espada del Rey Arruinado."],"tags":["Marksman","Mage"],"partype":"Maná","info":{"attack":8,"defense":2,"magic":5,"difficulty":6},"stats":{"hp":635,"hpperlevel":99,"mp":325,"mpperlevel":40,"movespeed":330,"armor":24,"armorperlevel":4.45,"spellblock":30,"spellblockperlevel":1.3,"attackrange":500,"hpregen":3.75,"hpregenperlevel":0.55,"mpregen":8.75,"mpregenperlevel":0.7,"crit":0,"critperlevel":0,"attackdamage":61,"attackdamageperlevel":3.1,"attackspeedperlevel":2.65,"attackspeed":0.665},"spells":[{"id":"KogMawQ","name":"Baba Cáustica","description":"Kog'Maw lanza un proyectil corrosivo que inflige daño mágico y corroe la armadura y la resistencia mágica del objetivo durante unos instantes. Además, Kog'Maw obtiene velocidad de ataque adicional.","tooltip":"<spellPassive>Pasiva:</spellPassive> Kog'Maw obtiene un <attackSpeed>{{ e2 }}% de Velocidad de Ataque</attackSpeed>.<br /><br /><spellActive>Activa:</spellActive> Kog'Maw vomita un proyectil corrosivo que inflige <magicDamage>{{ totaldamage }} de daño mágico</magicDamage> al primer enemigo alcanzado y reduce un <scaleArmor>{{ shredamount }}% de Armadura</scaleArmor> y <scaleMR>Resistencia Mágica</scaleMR> durante {{ e4 }} seg.{{ spellmodifierdescriptionappend }}","leveltip":{"label":["Velocidad de ataque","Daño","Destrucción de Armadura y Resistencia Mágica"],"effect":["{{ effect2amount*100.000000 }}% -> {{ effect2amountnl*100.000000 }}%","{{ e1 }} -> {{ e1NL }}","{{ e3 }}% -> {{ e3NL }}%"]},"maxrank":5,"cooldown":[7,7,7,7,7],"cooldownBurn":"7","cost":[40,40,40,40,40],"costBurn":"40","datavalues":{},"effect":[null,[90,140,190,240,290],[10,15,20,25,30],[23,25,27,29,31],[4,4,4,4,4],[1,1,1,1,1],[1,1,1,1,1],[100,100,100,100,100],[0,0,0,0,0],[0,0,0,0,0],[0,0,0,0,0]],"effectBurn":[null,"90/140/190/240/290","10/15/20/25/30","23/25/27/29/31","4","1","1","100","0","0","0"],"vars":[],"costType":" de {{ abilityresourcename }}","maxammo":"-1","range":[1175,1175,1175,1175,1175],"rangeBurn":"1175","image":{"full":"KogMawQ.png","sprite":"spell6.png","group":"spell","x":384,"y":144,"w":48,"h":48},"resource":"{{ cost }} de {{ abilityresourcename }}"},{"id":"KogMawBioArcaneBarrage","name":"Descarga Bioarcana","description":"Kog'Maw aumenta el alcance de sus ataques y estos infligen un porcentaje de la vida máxima del objetivo como daño mágico.","tooltip":"Kog'Maw obtiene {{ e1 }} de Alcance de Ataque y sus ataques infligen un <magicDamage>{{ totalhealthdamage }} de la Vida Máxima como daño mágico adicional</magicDamage> durante {{ e3 }} seg.{{ spellmodifierdescriptionappend }}","leveltip":{"label":["Alcance","Daño de vida máxima"],"effect":["{{ e1 }} -> {{ e1NL }}","{{ maxhealthdamage }}% -> {{ maxhealthdamageNL }}%"]},"maxrank":5,"cooldown":[17,17,17,17,17],"cooldownBurn":"17","cost":[40,40,40,40,40],"costBurn":"40","datavalues":{},"effect":[null,[130,150,170,190,210],[3,3.75,4.5,5.25,6],[8,8,8,8,8],[100,100,100,100,100],[100,100,100,100,100],[0,0,0,0,0],[100,100,100,100,100],[15,15,15,15,15],[0.15,0.2,0.25,0.3,0.35],[15,20,25,30,35]],"effectBurn":[null,"130/150/170/190/210","3/3.75/4.5/5.25/6","8","100","100","0","100","15","0.15/0.2/0.25/0.3/0.35","15/20/25/30/35"],"vars":[],"costType":" de {{ abilityresourcename }}","maxammo":"-1","range":[530,530,530,530,530],"rangeBurn":"530","image":{"full":"KogMawBioArcaneBarrage.png","sprite":"spell6.png","group":"spell","x":432,"y":144,"w":48,"h":48},"resource":"{{ cost }} de {{ abilityresourcename }}"},{"id":"KogMawVoidOoze","name":"Vacío Supurante","description":"Kog'Maw rezuma vacío e inflige daño a todos los enemigos que atraviesa. Además, deja un rastro que ralentiza a los rivales que lo tocan.","tooltip":"Kog'Maw escupe bilis, lo que inflige <magicDamage>{{ totaldamage }} de daño mágico</magicDamage> y deja un rastro de fluido durante {{ e3 }} seg. Los enemigos en el fluido quedarán <status>ralentizados</status> un {{ slowamount }}%.{{ spellmodifierdescriptionappend }}","leveltip":{"label":["Daño","Ralentización","Costo de @AbilityResourceName@"],"effect":["{{ e1 }} -> {{ e1NL }}","{{ e2 }}% -> {{ e2NL }}%","{{ cost }} -> {{ costNL }}"]},"maxrank":5,"cooldown":[12,12,12,12,12],"cooldownBurn":"12","cost":[40,55,70,85,100],"costBurn":"40/55/70/85/100","datavalues":{},"effect":[null,[75,120,165,210,255],[30,35,40,45,50],[4,4,4,4,4],[0.25,0.25,0.25,0.25,0.25],[0,0,0,0,0],[0,0,0,0,0],[0,0,0,0,0],[0,0,0,0,0],[0,0,0,0,0],[0,0,0,0,0]],"effectBurn":[null,"75/120/165/210/255","30/35/40/45/50","4","0.25","0","0","0","0","0","0"],"vars":[],"costType":" de {{ abilityresourcename }}","maxammo":"-1","range":[1200,1200,1200,1200,1200],"rangeBurn":"1200","image":{"full":"KogMawVoidOoze.png","sprite":"spell7.png","group":"spell","x":0,"y":0,"w":48,"h":48},"resource":"{{ cost }} de {{ abilityresourcename }}"},{"id":"KogMawLivingArtillery","name":"Artillería Viviente","description":"Kog'Maw dispara un proyectil a gran distancia e inflige daño mágico (que aumenta mucho cuando impacta a los enemigos con vida baja). Revela a los objetivos que no estén en modo de sigilo. Por otra parte, el lanzamiento de múltiples Artillerías Vivientes en un breve período de tiempo significará un costo adicional de maná.","tooltip":"Kog'Maw arroja ácido hacia un área, lo que inflige <magicDamage>{{ basedamagecalc }} más un {{ tooltipmissinghealthdamageamp }}% por cada 1% de la Vida faltante como daño mágico</magicDamage> y revela a los enemigos alcanzados durante 2 segundos. Los enemigos con menos del <healing>40% de Vida</healing> reciben <magicDamage>{{ maxdamagecalc }} de daño mágico</magicDamage>.<br /><br />Los disparos subsecuentes dentro de {{ manacostduration }} seg costarán <scaleMana>{{ basecost }} de Maná</scaleMana> adicional (máx.: <scaleMana>{{ manacostcap }} de Maná</scaleMana>).{{ spellmodifierdescriptionappend }}","leveltip":{"label":["Daño","Alcance","Enfriamiento"],"effect":["{{ damage }} -> {{ damageNL }}","{{ castrange }} -> {{ castrangeNL }}","{{ cooldown }} -> {{ cooldownNL }}"]},"maxrank":3,"cooldown":[2,1.5,1],"cooldownBurn":"2/1.5/1","cost":[40,40,40],"costBurn":"40","datavalues":{},"effect":[null,[0,0,0],[0,0,0],[0,0,0],[0,0,0],[0,0,0],[0,0,0],[0,0,0],[0,0,0],[0,0,0],[0,0,0]],"effectBurn":[null,"0","0","0","0","0","0","0","0","0","0"],"vars":[],"costType":" de {{ abilityresourcename }}","maxammo":"-1","range":[1300,1550,1800],"rangeBurn":"1300/1550/1800","image":{"full":"KogMawLivingArtillery.png","sprite":"spell7.png","group":"spell","x":48,"y":0,"w":48,"h":48},"resource":"{{ cost }} de {{ abilityresourcename }}"}],"passive":{"name":"Sorpresa Icathiana","description":"Kog'Maw explota a los 4 seg después de morir e inflige daño verdadero a los enemigos cercanos.","image":{"full":"KogMaw_IcathianSurprise.png","sprite":"passive2.png","group":"passive","x":240,"y":0,"w":48,"h":48}},"recommended":[]}}}