{"type":"champion","format":"standAloneComplex","version":"14.3.1","data":{"KSante":{"id":"KSante","key":"897","name":"K'Sante","title":"El Orgullo de Nazumah","image":{"full":"KSante.png","sprite":"champion2.png","group":"champion","x":288,"y":0,"w":48,"h":48},"skins":[{"id":"897000","num":0,"name":"default","chromas":false},{"id":"897001","num":1,"name":"K'Sante Empíreo","chromas":true},{"id":"897002","num":2,"name":"K'Sante Empíreo Prestigioso","chromas":false},{"id":"897008","num":8,"name":"K'Sante HEARTSTEEL","chromas":true}],"lore":"Tan valiente como desafiante, K'Sante combate colosales y despiadadas bestias Ascendidas para proteger su hogar, Nazumah, un codiciado oasis en medio de las arenas de Shurima. Pero, luego de una discusión con su antiguo compañero, K'Sante se da cuenta de que antes de convertirse en un guerrero digno de liderar a su ciudad, debe moderar su imperioso afán por el éxito. Solo entonces podrá evitar ser presa de su propio orgullo y encontrar la sabiduría necesaria para derrotar a los salvajes monstruos que amenazan a su pueblo.","blurb":"Tan valiente como desafiante, K'Sante combate colosales y despiadadas bestias Ascendidas para proteger su hogar, Nazumah, un codiciado oasis en medio de las arenas de Shurima. Pero, luego de una discusión con su antiguo compañero, K'Sante se da cuenta...","allytips":["Usa Onda Sónica antes de Furia del Dragón para que puedas perseguir al objetivo con Golpe Resonante.","Aprovecha la oportunidad con Ráfaga de los Cinco Filos al intercambiar entre ataques básicos y lanzamientos de hechizos: esto maximiza el daño y minimiza la pérdida de energía.","Autolanzar Salvaguarda y usar Voluntad de Hierro son herramientas poderosas para matar a monstruos neutrales (en la jungla)."],"enemytips":["Aléjate para minimizar el impacto de la definitiva de Lee Sin, Furia del Dragón.","Lee Sin tiene herramientas poderosas para combatir el daño físico con Voluntad de Hierro e Incapacitar, pero sigue siendo vulnerable al daño mágico.","Lee Sin depende bastante del seguimiento de sus habilidades. Usa habilidades de incapacitación para evitar que encadene sus habilidades y ataques."],"tags":["Tank","Fighter"],"partype":"Maná","info":{"attack":8,"defense":8,"magic":7,"difficulty":9},"stats":{"hp":570,"hpperlevel":115,"mp":290,"mpperlevel":60,"movespeed":330,"armor":33,"armorperlevel":5.2,"spellblock":30,"spellblockperlevel":2.1,"attackrange":175,"hpregen":9.5,"hpregenperlevel":0.85,"mpregen":7,"mpregenperlevel":1,"crit":0,"critperlevel":0,"attackdamage":64,"attackdamageperlevel":3.5,"attackspeedperlevel":2.5,"attackspeed":0.625},"spells":[{"id":"KSanteQ","name":"Ntofazos","description":"Ataca con un arma hacia adelante, inflige daño y ralentiza a todos los enemigos en una línea corta.<br><br>Otorga una acumulación durante unos segundos al impacto. Con 2 acumulaciones, esta habilidad dispara una onda de choque que atrae a los enemigos.","tooltip":"K'Sante golpea el suelo con su arma, lo que inflige <physicalDamage>{{ basedamage }} de daño físico</physicalDamage> y <status>ralentiza</status> brevemente a los enemigos atacados en un {{ slowpercent*100 }}%.<br /><br />Cuando un enemigo es impactado, K'Sante obtiene una acumulación de Ntofazos por {{ recastwindow }} seg. Con 2 acumulaciones, K'Sante dispara una onda de choque que <status>aturde</status> y <status>atrae</status> a los enemigos durante {{ stunduration }} seg.<br /><br /><rules>El enfriamiento se reduce según la <scaleArmor>armadura</scaleArmor> y <scaleMR>resistencia mágica</scaleMR> adicionales: {{ bonusresiststooltip }} / {{ defensecapforcooldown }}.<br />El tiempo de lanzamiento se reduce según la <healing>vida</healing> adicional: {{ bonushealthtooltip }} / {{ healthcapforcasttime }}.</rules><br /><br /><keywordMajor>Con Todo</keywordMajor>: El enfriamiento y el tiempo de lanzamiento de esta habilidad se reducen aún más.{{ spellmodifierdescriptionappend }}","leveltip":{"label":["Daño","Costo de @AbilityResourceName@"],"effect":["{{ flatdamage }} -> {{ flatdamageNL }}","{{ cost }} -> {{ costNL }}"]},"maxrank":5,"cooldown":[4,4,4,4,4],"cooldownBurn":"4","cost":[28,26,24,22,20],"costBurn":"28/26/24/22/20","datavalues":{},"effect":[null,[0,0,0,0,0],[0,0,0,0,0],[0,0,0,0,0],[0,0,0,0,0],[0,0,0,0,0],[0,0,0,0,0],[0,0,0,0,0],[0,0,0,0,0],[0,0,0,0,0],[0,0,0,0,0]],"effectBurn":[null,"0","0","0","0","0","0","0","0","0","0"],"vars":[],"costType":" de {{ abilityresourcename }}","maxammo":"-1","range":[450,450,450,450,450],"rangeBurn":"450","image":{"full":"KSanteQ.png","sprite":"spell7.png","group":"spell","x":96,"y":0,"w":48,"h":48},"resource":"{{ cost }} de {{ abilityresourcename }}"},{"id":"KSanteW","name":"Trazacaminos","description":"K'Sante se carga antes de desplazarse. K'Sante es imparable y recibe menos daño mientras se carga. Los enemigos alcanzados por el desplazamiento son lanzados hasta el final del trayecto y quedan aturdidos.<br><br>","tooltip":"K'Sante levanta sus armas de forma defensiva de {{ mindurationtooltip }} a {{ maxduration }} seg, se vuelve imparable y reduce el daño recibido en un {{ damagereductioncharlevel }}%.<br /><br />Al terminar de cargar, embiste hacia adelante e inflige <physicalDamage>{{ basedamagecalc }} + {{ maxhealthdamage*100 }}% de su Vida Máxima como daño físico</physicalDamage>. K'Sante <status>lanza hacia atrás</status> y <status>aturde</status> a los enemigos que embista durante {{ maxknockbackduration }} seg.<br /><br /><keywordMajor>Con Todo:</keywordMajor> Se restaura el enfriamiento de esta habilidad. La reducción de daño aumenta a un {{ damagereductioncalcao }}%, solo requiere {{ aomindurationtooltip }} seg de carga, su velocidad de desplazamiento aumenta y su enfriamiento disminuye. Esta habilidad ya no <status>lanzará hacia atrás</status> ni <status>aturdirá</status>.{{ spellmodifierdescriptionappend }}","leveltip":{"label":["Daño básico","% de Vida Máxima","Enfriamiento","Costo de @AbilityResourceName@"],"effect":["{{ basedamage }} -> {{ basedamageNL }}","{{ maxhealthdamage*100.000000 }}% -> {{ maxhealthdamagenl*100.000000 }}%","{{ cooldown }} -> {{ cooldownNL }}","{{ cost }} -> {{ costNL }}"]},"maxrank":5,"cooldown":[24,22,20,18,16],"cooldownBurn":"24/22/20/18/16","cost":[40,45,50,55,60],"costBurn":"40/45/50/55/60","datavalues":{},"effect":[null,[0,0,0,0,0],[0,0,0,0,0],[0,0,0,0,0],[0,0,0,0,0],[0,0,0,0,0],[0,0,0,0,0],[0,0,0,0,0],[0,0,0,0,0],[0,0,0,0,0],[0,0,0,0,0]],"effectBurn":[null,"0","0","0","0","0","0","0","0","0","0"],"vars":[],"costType":" de {{ abilityresourcename }}","maxammo":"-1","range":[600,600,600,600,600],"rangeBurn":"600","image":{"full":"KSanteW.png","sprite":"spell7.png","group":"spell","x":144,"y":0,"w":48,"h":48},"resource":"{{ cost }} de {{ abilityresourcename }}"},{"id":"KSanteE","name":"Juego de Pies","description":"K'Sante se desplazará hacia un aliado y ambos obtendrán un escudo. Si no hay aliados cerca, K'Sante seguirá desplazándose hacia la ubicación en un alcance reducido y obtiene un escudo.<br>","tooltip":"K'Sante se desplaza y obtiene <shield>{{ totalshield }} de Escudo</shield> por {{ shieldduration }} seg. Si se desplaza hacia un aliado, la distancia del desplazamiento aumenta significativamente y además <shield>protege</shield> al aliado.<br /><br /><keywordMajor>Con Todo</keywordMajor>: Aumenta la velocidad de desplazamiento de esta habilidad. El desplazamiento sin un aliado tiene un mayor alcance y puede pasar por encima de los muros.{{ spellmodifierdescriptionappend }}","leveltip":{"label":["Escudo","Costo de @AbilityResourceName@","Enfriamiento"],"effect":["{{ shieldbaseamountfast }} -> {{ shieldbaseamountfastNL }}","{{ cost }} -> {{ costNL }}","{{ cooldown }} -> {{ cooldownNL }}"]},"maxrank":5,"cooldown":[10.5,10,9.5,9,8.5],"cooldownBurn":"10.5/10/9.5/9/8.5","cost":[45,50,55,60,65],"costBurn":"45/50/55/60/65","datavalues":{},"effect":[null,[0,0,0,0,0],[0,0,0,0,0],[0,0,0,0,0],[0,0,0,0,0],[0,0,0,0,0],[0,0,0,0,0],[0,0,0,0,0],[0,0,0,0,0],[0,0,0,0,0],[0,0,0,0,0]],"effectBurn":[null,"0","0","0","0","0","0","0","0","0","0"],"vars":[],"costType":" de {{ abilityresourcename }}","maxammo":"-1","range":[525,525,525,525,525],"rangeBurn":"525","image":{"full":"KSanteE.png","sprite":"spell7.png","group":"spell","x":192,"y":0,"w":48,"h":48},"resource":"{{ cost }} de {{ abilityresourcename }}"},{"id":"KSanteR","name":"Con Todo","description":"K'Sante golpea y empuja a un enemigo. Si el enemigo impacta contra un muro, lo atravesará y recibirá más daño. K'Sante aparecerá detrás del objetivo y va Con Todo al reducir su defensa, pero aumenta bastante su daño.<br><br>","tooltip":"K'Sante destroza sus ntofos, lo que inflige <magicDamage>{{ totaldamage }} de daño mágico</magicDamage> y <status>lanza hacia atrás</status> a un campeón enemigo. Los enemigos que impacten contra un muro reciben <magicDamage>{{ totaldamageslamdown }} de daño mágico</magicDamage> adicional, son <status>lanzados hacia atrás</status> por encima del muro y quedan <status>aturdidos</status> de forma breve. Después, K'Sante se desplaza hacia el enemigo y obtiene <keywordMajor>Con Todo</keywordMajor> durante 20 seg.<br /><br /><keywordMajor>Con Todo</keywordMajor>: K'Sante pierde un <healing>{{ healthlost*100 }}% de Vida Máxima</healing>, un <scaleArmor>{{ defenseslost*100 }}% de Armadura adicional</scaleArmor> y <scaleMR>{{ defenseslost*100 }}% de Resistencia Mágica adicional</scaleMR>, pero obtiene <scaleAD>{{ alloutattackdamage }} de Daño de Ataque</scaleAD>, un <attackSpeed>{{ attackspeedincrease*100 }}% de Velocidad de Ataque</attackSpeed>, se cura por un <healing>{{ alloutomnivamp }}%</healing> del daño que inflija a campeones y transforma sus habilidades.{{ spellmodifierdescriptionappend }}","leveltip":{"label":["Enfriamiento","Daño","Daño de muro","Daño de Ataque","Velocidad de ataque","Curación"],"effect":["{{ cooldown }} -> {{ cooldownNL }}","{{ basedamage }} -> {{ basedamageNL }}","{{ slamdownstrikedamage }} -> {{ slamdownstrikedamageNL }}","{{ alloutbaseattackdamage }} -> {{ alloutbaseattackdamageNL }}","{{ attackspeedincrease*100.000000 }}% -> {{ attackspeedincreasenl*100.000000 }}%","{{ alloutbaseomnivamp }}% -> {{ alloutbaseomnivampNL }}%"]},"maxrank":3,"cooldown":[120,100,80],"cooldownBurn":"120/100/80","cost":[100,100,100],"costBurn":"100","datavalues":{},"effect":[null,[0,0,0],[0,0,0],[0,0,0],[0,0,0],[0,0,0],[0,0,0],[0,0,0],[0,0,0],[0,0,0],[0,0,0]],"effectBurn":[null,"0","0","0","0","0","0","0","0","0","0"],"vars":[],"costType":" de {{ abilityresourcename }}","maxammo":"-1","range":[250,250,250],"rangeBurn":"250","image":{"full":"KSanteR.png","sprite":"spell7.png","group":"spell","x":240,"y":0,"w":48,"h":48},"resource":"{{ cost }} de {{ abilityresourcename }}"}],"passive":{"name":"Instinto Intrépido","description":"Las habilidades de K'Sante marcan a los objetivos para que reciban más daño con su siguiente ataque.","image":{"full":"Icons_KSante_P.png","sprite":"passive2.png","group":"passive","x":288,"y":0,"w":48,"h":48}},"recommended":[]}}}