{"type":"champion","format":"standAloneComplex","version":"14.3.1","data":{"Leblanc":{"id":"Leblanc","key":"7","name":"LeBlanc","title":"la Maquiavélica","image":{"full":"Leblanc.png","sprite":"champion2.png","group":"champion","x":336,"y":0,"w":48,"h":48},"skins":[{"id":"7000","num":0,"name":"default","chromas":false},{"id":"7001","num":1,"name":"LeBlanc Maligna","chromas":false},{"id":"7002","num":2,"name":"LeBlanc Ilusionista","chromas":true},{"id":"7003","num":3,"name":"LeBlanc Muérdago","chromas":false},{"id":"7004","num":4,"name":"LeBlanc Hija de los Cuervos","chromas":false},{"id":"7005","num":5,"name":"LeBlanc Bosqueviejo","chromas":false},{"id":"7012","num":12,"name":"Programa LeBlanc","chromas":true},{"id":"7019","num":19,"name":"LeBlanc Invictus Gaming","chromas":true},{"id":"7020","num":20,"name":"LeBlanc Aquelarre","chromas":true},{"id":"7029","num":29,"name":"LeBlanc Worlds 2020","chromas":true},{"id":"7033","num":33,"name":"LeBlanc Aquelarre Prestigiosa","chromas":false},{"id":"7035","num":35,"name":"LeBlanc Galante","chromas":true},{"id":"7045","num":45,"name":"LeBlanc Embrujada","chromas":true}],"lore":"Misteriosa hasta para los otros miembros de Rosa Negra, LeBlanc es uno de los tantos nombres de una mujer pálida que ha manipulado personas y eventos desde los primeros días de Noxus. Usando su magia para reflejarse a sí misma, esta hechicera puede aparecérsele a cualquiera, en cualquier sitio y estar en muchos lugares al mismo tiempo. Al siempre estar conspirando en las sombras, los verdaderos objetivos de LeBlanc son tan herméticos como su identidad cambiante.","blurb":"Misteriosa hasta para los otros miembros de Rosa Negra, LeBlanc es uno de los tantos nombres de una mujer pálida que ha manipulado personas y eventos desde los primeros días de Noxus. Usando su magia para reflejarse a sí misma, esta hechicera puede...","allytips":["Distorsión te permite ser agresivo con tus otros hechizos mientras tienes la capacidad de volver a un lugar seguro.","Al usar Distorsión, puedes ayudar a tu posicionamiento para lanzar Cadenas Etéreas.","Puedes encadenar Sello de la Maldad y Cadenas Etéreas para evitar la huida de los personajes con mecanismos de huida un máximo de 4 segundos."],"enemytips":["La definitiva de LeBlanc puede crear LeBlancs falsas durante su lanzamiento de hechizos o, rara vez, desde una posición distante.","La LeBlanc falsa creada a distancia siempre correrá hacia el campeón enemigo más cercano, lanzará un hechizo inofensivo, y luego desaparecerá inmediatamente.","Atacar a LeBlanc primero evita casi todos sus trucos, en especial si apenas usó su desplazamiento, Distorsión.","Aturdir o silenciar a LeBlanc evitará que reactive Distorsión."],"tags":["Assassin","Mage"],"partype":"Maná","info":{"attack":1,"defense":4,"magic":10,"difficulty":9},"stats":{"hp":598,"hpperlevel":111,"mp":400,"mpperlevel":25,"movespeed":340,"armor":22,"armorperlevel":4.7,"spellblock":30,"spellblockperlevel":1.3,"attackrange":525,"hpregen":7.5,"hpregenperlevel":0.55,"mpregen":8,"mpregenperlevel":0.8,"crit":0,"critperlevel":0,"attackdamage":55,"attackdamageperlevel":2.2,"attackspeedperlevel":2.35,"attackspeed":0.658},"spells":[{"id":"LeblancQ","name":"Sello de la Maldad","description":"LeBlanc proyecta un sello, el cual inflige daño sobre el objetivo y lo marca durante 3.5 seg. Si el objetivo marcado recibe daño de una habilidad, el sello se detona e inflige daño adicional. Si alguna de estas etapas mata al objetivo, LeBlanc restaura el costo de Maná y parte del enfriamiento restante del hechizo.","tooltip":"LeBlanc proyecta un sello sobre un enemigo, lo que inflige <magicDamage>{{ damage }} de daño mágico</magicDamage> y lo marca durante {{ markduration }} seg.<br /><br />Si el enemigo marcado recibe daño de una habilidad, el sello se detona e inflige <magicDamage>{{ markdamage }} de daño mágico</magicDamage>.<br /><br />Si alguna de estas etapas mata al objetivo, LeBlanc restaura un {{ manarefund*100 }}% del costo de Maná y un {{ cooldownrefund*100 }}% del enfriamiento restante de este hechizo.<br /><br /><rules>El sello inicial inflige {{ bonusminiondamage }} de daño adicional a súbditos. </rules>{{ spellmodifierdescriptionappend }}","leveltip":{"label":["Daño del sello","Daño de detonación"],"effect":["{{ basedamage }} -> {{ basedamageNL }}","{{ basemarkdamage }} -> {{ basemarkdamageNL }}"]},"maxrank":5,"cooldown":[6,6,6,6,6],"cooldownBurn":"6","cost":[50,50,50,50,50],"costBurn":"50","datavalues":{},"effect":[null,[65,90,115,140,165],[65,90,115,140,165],[3.5,3.5,3.5,3.5,3.5],[0,0,0,0,0],[0,0,0,0,0],[0,0,0,0,0],[60,60,60,60,60],[0,0,0,0,0],[0,0,0,0,0],[0,0,0,0,0]],"effectBurn":[null,"65/90/115/140/165","65/90/115/140/165","3.5","0","0","0","60","0","0","0"],"vars":[],"costType":" de {{ abilityresourcename }}","maxammo":"-1","range":[700,700,700,700,700],"rangeBurn":"700","image":{"full":"LeblancQ.png","sprite":"spell7.png","group":"spell","x":288,"y":0,"w":48,"h":48},"resource":"{{ cost }} de {{ abilityresourcename }}"},{"id":"LeblancW","name":"Distorsión","description":"LeBlanc se desplaza hacia una ubicación, lo que inflige daño a los enemigos cercanos en la zona. En los 4 seg siguientes, podrás reactivar Distorsión para regresar a tu ubicación inicial.","tooltip":"LeBlanc se desplaza e inflige <magicDamage>{{ totaldamage }} de daño mágico</magicDamage> a los enemigos cercanos. Durante {{ e3 }} seg tras desplazarse, LeBlanc puede <recast>volver a lanzar</recast>.<br /><br /><recast>Relanzamiento:</recast> LeBlanc regresa a su ubicación inicial.{{ spellmodifierdescriptionappend }}","leveltip":{"label":["Daño","Enfriamiento","Costo de @AbilityResourceName@"],"effect":["{{ e1 }} -> {{ e1NL }}","{{ cooldown }} -> {{ cooldownNL }}","{{ cost }} -> {{ costNL }}"]},"maxrank":5,"cooldown":[18,16,14,12,10],"cooldownBurn":"18/16/14/12/10","cost":[60,70,80,90,100],"costBurn":"60/70/80/90/100","datavalues":{},"effect":[null,[75,115,155,195,235],[2,2,2,2,2],[4,4,4,4,4],[600,600,600,600,600],[0.2,0.2,0.2,0.2,0.2],[0.2,0.2,0.2,0.2,0.2],[0,0,0,0,0],[0,0,0,0,0],[0,0,0,0,0],[0,0,0,0,0]],"effectBurn":[null,"75/115/155/195/235","2","4","600","0.2","0.2","0","0","0","0"],"vars":[],"costType":" de {{ abilityresourcename }}","maxammo":"-1","range":[600,600,600,600,600],"rangeBurn":"600","image":{"full":"LeblancW.png","sprite":"spell7.png","group":"spell","x":336,"y":0,"w":48,"h":48},"resource":"{{ cost }} de {{ abilityresourcename }}"},{"id":"LeblancE","name":"Cadenas Etéreas","description":"LeBlanc arroja una cadena que la vincula con el primer enemigo alcanzado. Si el objetivo permanece encadenado por 1.5 seg, LeBlanc lo inmoviliza y le inflige daño adicional.","tooltip":"LeBlanc arroja una cadena que la vincula con el primer enemigo alcanzado, lo que inflige <magicDamage>{{ initialdamage }} de daño mágico</magicDamage> y le otorga <keywordStealth>Visión Verdadera</keywordStealth>.<br /><br />Si permanece encadenado durante {{ e3 }} seg, LeBlanc lo <status>inmoviliza</status> durante {{ e4 }} seg y le inflige <magicDamage>{{ delayeddamage }} de daño mágico</magicDamage> adicional.{{ spellmodifierdescriptionappend }}","leveltip":{"label":["Daño de cadena","Daño de inmovilización","Enfriamiento"],"effect":["{{ e1 }} -> {{ e1NL }}","{{ e2 }} -> {{ e2NL }}","{{ cooldown }} -> {{ cooldownNL }}"]},"maxrank":5,"cooldown":[14,13.25,12.5,11.75,11],"cooldownBurn":"14/13.25/12.5/11.75/11","cost":[50,50,50,50,50],"costBurn":"50","datavalues":{},"effect":[null,[50,70,90,110,130],[80,120,160,200,240],[1.5,1.5,1.5,1.5,1.5],[1.5,1.5,1.5,1.5,1.5],[865,865,865,865,865],[14,13.25,12.5,11.75,11],[0,0,0,0,0],[0,0,0,0,0],[0,0,0,0,0],[0,0,0,0,0]],"effectBurn":[null,"50/70/90/110/130","80/120/160/200/240","1.5","1.5","865","14/13.25/12.5/11.75/11","0","0","0","0"],"vars":[],"costType":" de {{ abilityresourcename }}","maxammo":"-1","range":[925,925,925,925,925],"rangeBurn":"925","image":{"full":"LeblancE.png","sprite":"spell7.png","group":"spell","x":384,"y":0,"w":48,"h":48},"resource":"{{ cost }} de {{ abilityresourcename }}"},{"id":"LeblancR","name":"Mímica","description":"LeBlanc lanza una versión copiada de uno de sus hechizos básicos.","tooltip":"LeBlanc copia su habilidad más reciente y la vuelve a lanzar. La habilidad copiada inflige daño aumentado.<br /><br /><spellName>Mímica: Sello de la Maldad</spellName> inflige <magicDamage>{{ rq1damage }} de daño mágico</magicDamage> al aplicarse y <magicDamage>{{ rq2damage }} de daño mágico</magicDamage> al consumirse.<br /><spellName>Mímica: Distorsión</spellName> inflige <magicDamage>{{ rwdamage }} de daño mágico</magicDamage>.<br /><spellName>Mímica: Cadenas Etéreas</spellName> inflige <magicDamage>{{ re1damage }} de daño mágico</magicDamage> al encadenar y <magicDamage>{{ re2damage }} de daño mágico</magicDamage> al <status>inmovilizar</status>.{{ spellmodifierdescriptionappend }}","leveltip":{"label":["Daño de Mímica: Sello de la Maldad / Mímica: Cadenas Etéreas","Daño de marca o de inmovilización de Mímica","Daño de Mímica: Distorsión","Enfriamiento"],"effect":["{{ rq1base }} -> {{ rq1baseNL }}","{{ rq2base }} -> {{ rq2baseNL }}","{{ rwbase }} -> {{ rwbaseNL }}","{{ cooldown }} -> {{ cooldownNL }}"]},"maxrank":3,"cooldown":[50,40,30],"cooldownBurn":"50/40/30","cost":[0,0,0],"costBurn":"0","datavalues":{},"effect":[null,[0,0,0],[0,0,0],[0,0,0],[0,0,0],[0,0,0],[0,0,0],[0,0,0],[0,0,0],[0,0,0],[0,0,0]],"effectBurn":[null,"0","0","0","0","0","0","0","0","0","0"],"vars":[],"costType":"Sin costo","maxammo":"2","range":[25000,25000,25000],"rangeBurn":"25000","image":{"full":"LeblancR.png","sprite":"spell7.png","group":"spell","x":432,"y":0,"w":48,"h":48},"resource":"Sin costo"}],"passive":{"name":"Imagen Especular","description":"Cuando LeBlanc cae por debajo del 40% de Vida, se vuelve invisible por 1 seg y crea una Imagen Especular que no inflige daño y permanece hasta por 8 seg.","image":{"full":"LeBlancP.png","sprite":"passive2.png","group":"passive","x":336,"y":0,"w":48,"h":48}},"recommended":[]}}}