{"type":"champion","format":"standAloneComplex","version":"14.3.1","data":{"LeeSin":{"id":"LeeSin","key":"64","name":"Lee Sin","title":"el Monje Ciego","image":{"full":"LeeSin.png","sprite":"champion2.png","group":"champion","x":384,"y":0,"w":48,"h":48},"skins":[{"id":"64000","num":0,"name":"default","chromas":false},{"id":"64001","num":1,"name":"Lee Sin Tradicional","chromas":false},{"id":"64002","num":2,"name":"Lee Sin Acólito","chromas":false},{"id":"64003","num":3,"name":"Lee Sin Puño de Dragón","chromas":true},{"id":"64004","num":4,"name":"Lee Sin Muay Thai","chromas":false},{"id":"64005","num":5,"name":"Lee Sin Veraniego","chromas":false},{"id":"64006","num":6,"name":"Lee Sin SKT T1","chromas":false},{"id":"64010","num":10,"name":"Lee Sin KO","chromas":false},{"id":"64011","num":11,"name":"Lee Sin Puño Divino","chromas":false},{"id":"64012","num":12,"name":"Lee Sin Delantero","chromas":true},{"id":"64027","num":27,"name":"Lee Sin Portador del Anochecer","chromas":false},{"id":"64028","num":28,"name":"Lee Sin Portador del Anochecer Prestigioso","chromas":false},{"id":"64029","num":29,"name":"Lee Sin FPX","chromas":false},{"id":"64031","num":31,"name":"Lee Sin Dragón de la Tormenta","chromas":false},{"id":"64039","num":39,"name":"Lee Sin Portador del Anochecer Prestigioso (2022)","chromas":false},{"id":"64041","num":41,"name":"Lee Sin Juegos Cénit","chromas":false},{"id":"64051","num":51,"name":"Lee Sin Reino Celestial","chromas":false},{"id":"64052","num":52,"name":"Lee Sin Reino Celestial Divino","chromas":false}],"lore":"Lee Sin, maestro de las antiguas artes marciales jonianas, es un peleador ejemplar que canaliza la esencia del espíritu del dragón para enfrentar cualquier desafío que se le presente. A pesar de que perdió la vista hace muchos años, el monje guerrero ha dedicado su vida a proteger su ciudad natal contra cualquiera que se atreva a perturbar su sagrado equilibrio. Los enemigos que subestiman su apariencia meditativa deberán soportar sus legendarios puños de fuego y sus patadas circulares abrasadoras.","blurb":"Lee Sin, maestro de las antiguas artes marciales jonianas, es un peleador ejemplar que canaliza la esencia del espíritu del dragón para enfrentar cualquier desafío que se le presente. A pesar de que perdió la vista hace muchos años, el monje guerrero ha...","allytips":["Usa Onda Sónica antes de Furia del Dragón para poder perseguir al objetivo con Golpe Resonante.","Aprovecha Ráfaga usando ataques básicos entre los lanzamientos de hechizos; esto mejorará el daño infligido y reducirá la pérdida de Energía.","Usar Salvaguarda como autohechizo y Voluntad de Hierro es muy efectivo para matar monstruos neutrales (en la jungla)."],"enemytips":["Que el equipo se mantenga separado para minimizar el impacto de la habilidad definitiva de Lee Sin, Furia del Dragón.","Lee Sin tiene armas poderosas en Voluntad de Hierro e Incapacitar pues combate el daño físico, pero sigue siendo vulnerable al daño mágico.","Lee Sin depende mucho de encadenar sus habilidades. Usa incapacitaciones para evitar que encadene sus habilidades y ataques."],"tags":["Fighter","Assassin"],"partype":"Energía","info":{"attack":8,"defense":5,"magic":3,"difficulty":6},"stats":{"hp":645,"hpperlevel":105,"mp":200,"mpperlevel":0,"movespeed":345,"armor":36,"armorperlevel":4.9,"spellblock":32,"spellblockperlevel":2.05,"attackrange":125,"hpregen":7.5,"hpregenperlevel":0.7,"mpregen":50,"mpregenperlevel":0,"crit":0,"critperlevel":0,"attackdamage":66,"attackdamageperlevel":3.7,"attackspeedperlevel":3,"attackspeed":0.651},"spells":[{"id":"BlindMonkQOne","name":"Onda Sónica / Golpe Resonante","description":"Onda Sónica: Lee Sin proyecta una onda sonora discordante para localizar a sus enemigos, lo que inflige daño físico al primer enemigo que encuentra. Si Onda Sónica alcanza a un enemigo, Lee Sin puede usar Golpe Resonante en los 3 seg siguientes.<br>Golpe Resonante: Lee Sin se desplaza hacia el enemigo alcanzado por Onda Sónica, y le inflige daño físico según la vida faltante del objetivo.","tooltip":"Lee Sin proyecta una onda discordante de sonido e inflige <physicalDamage>{{ initialdamage }} de daño físico</physicalDamage> al primer enemigo alcanzado, lo que le otorga Visión Verdadera de él y permite a Lee Sin <recast>volver a lanzar</recast> esta habilidad durante los próximos {{ e7 }} seg.<br /><br /><recast>Relanzamiento:</recast> Lee Sin se desplaza hacia el enemigo alcanzado por Onda Sónica e inflige de <physicalDamage>{{ recastdamage }} a {{ empowereddamage }} de daño físico</physicalDamage> que aumenta según la vida faltante del objetivo. {{ spellmodifierdescriptionappend }}","leveltip":{"label":["Daño de Onda Sónica","Daño básico mínimo de Golpe Resonante","Daño básico máximo de Golpe Resonante","Enfriamiento"],"effect":["{{ e1 }} -> {{ e1NL }}","{{ e2 }} -> {{ e2NL }}","{{ e3 }} -> {{ e3NL }}","{{ cooldown }} -> {{ cooldownNL }}"]},"maxrank":5,"cooldown":[10,9,8,7,6],"cooldownBurn":"10/9/8/7/6","cost":[50,50,50,50,50],"costBurn":"50","datavalues":{},"effect":[null,[55,80,105,130,155],[55,80,105,130,155],[110,160,210,260,310],[30,30,30,30,30],[1350,1350,1350,1350,1350],[400,400,400,400,400],[3,3,3,3,3],[1,1,1,1,1],[0,0,0,0,0],[0,0,0,0,0]],"effectBurn":[null,"55/80/105/130/155","55/80/105/130/155","110/160/210/260/310","30","1350","400","3","1","0","0"],"vars":[],"costType":" de {{ abilityresourcename }}","maxammo":"-1","range":[1100,1100,1100,1100,1100],"rangeBurn":"1100","image":{"full":"BlindMonkQOne.png","sprite":"spell7.png","group":"spell","x":0,"y":48,"w":48,"h":48},"resource":"{{ cost }} de {{ abilityresourcename }}"},{"id":"BlindMonkWOne","name":"Salvaguarda / Voluntad de Hierro","description":"Salvaguarda: Lee Sin se lanza hacia un aliado y genera un escudo que lo protege del daño. Si el aliado es un campeón, también recibe el escudo. Tras utilizar Salvaguarda, Lee Sin puede usar Voluntad de Hierro durante los 3 segundos siguientes.<br>Voluntad de Hierro: El intenso adiestramiento de Lee Sin le permite prosperar en la batalla. Obtiene Robo de Vida y Vampirismo de Hechizo durante 4 segundos.","tooltip":"Lee Sin se desplaza hacia un aliado o centinela. Si el objetivo es un campeón, Lee Sin les otorga a ellos y a sí mismo <shield>{{ shieldamount }} de Escudo</shield> durante {{ e3 }} seg y reduce el Enfriamiento de esta Habilidad en un {{ e6 }}%. Lee Sin puede <recast>volver a lanzar</recast> esta habilidad durante {{ e9 }} seg.<br /><br /><recast>Relanzamiento:</recast> Lee Sin obtiene un {{ lifestealandspellvamp }}% de Robo de Vida y Vampirismo de Hechizos durante {{ e8 }} seg.{{ spellmodifierdescriptionappend }}","leveltip":{"label":["Salvaguarda de Absorción de escudo","% Robo de Vida (Voluntad de Hierro) / Vampirismo de Hechizo"],"effect":["{{ shieldvalue }} -> {{ shieldvalueNL }}","{{ lifestealandspellvamp }}% -> {{ lifestealandspellvampNL }}%"]},"maxrank":5,"cooldown":[12,12,12,12,12],"cooldownBurn":"12","cost":[50,50,50,50,50],"costBurn":"50","datavalues":{},"effect":[null,[0,0,0,0,0],[0,0,0,0,0],[2,2,2,2,2],[30,30,30,30,30],[5,5,5,5,5],[50,50,50,50,50],[0,0,0,0,0],[4,4,4,4,4],[3,3,3,3,3],[1350,1350,1350,1350,1350]],"effectBurn":[null,"0","0","2","30","5","50","0","4","3","1350"],"vars":[],"costType":" de {{ abilityresourcename }}","maxammo":"-1","range":[700,700,700,700,700],"rangeBurn":"700","image":{"full":"BlindMonkWOne.png","sprite":"spell7.png","group":"spell","x":48,"y":48,"w":48,"h":48},"resource":"{{ cost }} de {{ abilityresourcename }}"},{"id":"BlindMonkEOne","name":"Tempestad / Incapacitar","description":"Tempestad: Lee Sin golpea el suelo, lo que envía una onda expansiva que inflige daño mágico y revela a las unidades enemigas alcanzadas. Si Tempestad alcanza a un enemigo, Lee Sin puede usar Incapacitar durante los próximos 3 seg.<br>Incapacitar: Lee Sin incapacita a los enemigos cercanos que hayan recibido daño de Tempestad, lo que reduce su velocidad de movimiento durante 4 seg. Los enemigos recuperan su velocidad de movimiento gradualmente a lo largo del efecto.","tooltip":"Lee Sin golpea el suelo, lo que envía una onda expansiva que inflige <magicDamage>{{ initialdamage }} de daño mágico</magicDamage> y revela a las unidades enemigas alcanzadas durante 4 seg. Si esto impacta a un enemigo, Lee Sin puede <recast>volver a lanzar</recast> esta habilidad durante {{ e6 }} seg.<br /><br /><recast>Relanzamiento:</recast> Lee Sin <status>ralentiza</status> a los enemigos cercanos que fueron impactados por la onda expansiva en un {{ slowamount }}% que decae a lo largo de {{ e5 }} seg.{{ spellmodifierdescriptionappend }}","leveltip":{"label":["Daño de Tempestad","Ralentización de Incapacitar"],"effect":["{{ e1damage }} -> {{ e1damageNL }}","{{ slowamount }}% -> {{ slowamountNL }}%"]},"maxrank":5,"cooldown":[9,9,9,9,9],"cooldownBurn":"9","cost":[50,50,50,50,50],"costBurn":"50","datavalues":{},"effect":[null,[0,0,0,0,0],[0,0,0,0,0],[60,95,130,165,200],[30,30,30,30,30],[4,4,4,4,4],[3,3,3,3,3],[0,0,0,0,0],[0,0,0,0,0],[0,0,0,0,0],[0,0,0,0,0]],"effectBurn":[null,"0","0","60/95/130/165/200","30","4","3","0","0","0","0"],"vars":[],"costType":" de {{ abilityresourcename }}","maxammo":"-1","range":[425,425,425,425,425],"rangeBurn":"425","image":{"full":"BlindMonkEOne.png","sprite":"spell7.png","group":"spell","x":96,"y":48,"w":48,"h":48},"resource":"{{ cost }} de {{ abilityresourcename }}"},{"id":"BlindMonkRKick","name":"Furia del Dragón","description":"Lee Sin realiza una potente patada giratoria, que lanza hacia atrás al objetivo e inflige daño físico a él y a todos los enemigos con los que impacte. Estos últimos salen por el aire durante un breve tiempo. Esta técnica se la enseñó Jesse Perring, aunque Lee Sin no patea a los jugadores fuera del mapa.","tooltip":"Lee Sin realiza una poderosa patada circular que <status>lanza hacia atrás</status> a un campeón enemigo y le inflige <physicalDamage>{{ damage }} de daño físico</physicalDamage>.<br /><br />Los enemigos con los que choca el objetivo <status>vuelan por el aire</status> brevemente y reciben <physicalDamage>{{ damage }} más un {{ percenthpcarrythrough }}% de la Vida adicional del enemigo pateado como daño físico</physicalDamage>.{{ spellmodifierdescriptionappend }}","leveltip":{"label":["Daño","Daño por vida adicional","Enfriamiento"],"effect":["{{ basedamage }} -> {{ basedamageNL }}","{{ percenthpcarrythrough }}% -> {{ percenthpcarrythroughNL }}%","{{ cooldown }} -> {{ cooldownNL }}"]},"maxrank":3,"cooldown":[110,85,60],"cooldownBurn":"110/85/60","cost":[0,0,0],"costBurn":"0","datavalues":{},"effect":[null,[0,0,0],[0,0,0],[0,0,0],[0,0,0],[0,0,0],[0,0,0],[0,0,0],[0,0,0],[0,0,0],[0,0,0]],"effectBurn":[null,"0","0","0","0","0","0","0","0","0","0"],"vars":[],"costType":"Sin costo","maxammo":"-1","range":[375,375,375],"rangeBurn":"375","image":{"full":"BlindMonkRKick.png","sprite":"spell7.png","group":"spell","x":144,"y":48,"w":48,"h":48},"resource":"Sin costo"}],"passive":{"name":"Ráfaga","description":"Después de que Lee Sin usa una habilidad, sus siguientes 2 ataques básicos reciben velocidad de ataque y le restauran energía.","image":{"full":"LeeSinPassive.png","sprite":"passive2.png","group":"passive","x":384,"y":0,"w":48,"h":48}},"recommended":[]}}}