{"type":"champion","format":"standAloneComplex","version":"14.3.1","data":{"Leona":{"id":"Leona","key":"89","name":"Leona","title":"el Radiante Amanecer","image":{"full":"Leona.png","sprite":"champion2.png","group":"champion","x":432,"y":0,"w":48,"h":48},"skins":[{"id":"89000","num":0,"name":"default","chromas":false},{"id":"89001","num":1,"name":"Leona Valquiria","chromas":false},{"id":"89002","num":2,"name":"Leona Defensora","chromas":false},{"id":"89003","num":3,"name":"Leona Solari de Hierro","chromas":false},{"id":"89004","num":4,"name":"Leona Veraniega","chromas":true},{"id":"89008","num":8,"name":"PROYECTO: Leona","chromas":false},{"id":"89009","num":9,"name":"Leona Parrillera","chromas":false},{"id":"89010","num":10,"name":"Leona Eclipse Solar","chromas":false},{"id":"89011","num":11,"name":"Leona Eclipse Lunar","chromas":false},{"id":"89012","num":12,"name":"Leona Reinos Mecha","chromas":true},{"id":"89021","num":21,"name":"Leona Academia de Combate","chromas":true},{"id":"89022","num":22,"name":"Leona DWG","chromas":true},{"id":"89023","num":23,"name":"Leona Academia de Combate Prestigiosa","chromas":false},{"id":"89033","num":33,"name":"Leona Galante","chromas":true},{"id":"89034","num":34,"name":"Leona la Forajida","chromas":true},{"id":"89050","num":50,"name":"Leona Crystalis Motus","chromas":true}],"lore":"Leona es una guerrera imbuida con fuego solar y templaria de los Solari que defiende el Monte Targón con la Espada del Cénit y el Escudo del Amanecer. Su piel resplandece con el brillo de una estrella y sus ojos arden con el poder del aspecto celestial que lleva dentro. Leona, que viste una armadura de oro y soporta una terrible carga de conocimiento ancestral, lleva iluminación a algunos y muerte a otros.","blurb":"Leona es una guerrera imbuida con fuego solar y templaria de los Solari que defiende el Monte Targón con la Espada del Cénit y el Escudo del Amanecer. Su piel resplandece con el brillo de una estrella y sus ojos arden con el poder del aspecto celestial...","allytips":["Dirige la carga y marca a tus enemigos con Luz Solar antes de que tus aliados inflijan Daño.","Escudo del Amanecer y Espada del Cénit forman una poderosa combinación de ataque.","Puedes absorber una gran cantidad de Daño usando Eclipse, pero debes mantenerte cerca de los enemigos para obtener la duración adicional."],"enemytips":["Cuando Leona activa Eclipse, tienes tres segundos para escapar de ella antes de que inflija Daño.","Sólo los enemigos en medio de la Llamarada Solar se ven aturdidos, así que podrás evitarlo si eres rápido."],"tags":["Tank","Support"],"partype":"Maná","info":{"attack":4,"defense":8,"magic":3,"difficulty":4},"stats":{"hp":646,"hpperlevel":101,"mp":302,"mpperlevel":40,"movespeed":335,"armor":47,"armorperlevel":4.8,"spellblock":32,"spellblockperlevel":2.05,"attackrange":125,"hpregen":8.5,"hpregenperlevel":0.85,"mpregen":6,"mpregenperlevel":0.8,"crit":0,"critperlevel":0,"attackdamage":60,"attackdamageperlevel":3,"attackspeedperlevel":2.9,"attackspeed":0.625},"spells":[{"id":"LeonaShieldOfDaybreak","name":"Escudo del Amanecer","description":"Leona usa su escudo para realizar su siguiente ataque básico, infligiendo daño mágico adicional y aturdiendo al objetivo.","tooltip":"El siguiente ataque de Leona <status>aturde</status> durante {{ e1 }} seg e inflige <magicDamage>{{ totaldamagetooltip }}</magicDamage> de daño mágico adicional.{{ spellmodifierdescriptionappend }}","leveltip":{"label":["Daño","Costo de @AbilityResourceName@"],"effect":["{{ e2 }} -> {{ e2NL }}","{{ cost }} -> {{ costNL }}"]},"maxrank":5,"cooldown":[5,5,5,5,5],"cooldownBurn":"5","cost":[35,40,45,50,55],"costBurn":"35/40/45/50/55","datavalues":{},"effect":[null,[1,1,1,1,1],[10,35,60,85,110],[0,0,0,0,0],[0,0,0,0,0],[0,0,0,0,0],[0,0,0,0,0],[0,0,0,0,0],[0,0,0,0,0],[0,0,0,0,0],[0,0,0,0,0]],"effectBurn":[null,"1","10/35/60/85/110","0","0","0","0","0","0","0","0"],"vars":[],"costType":" de {{ abilityresourcename }}","maxammo":"-1","range":[100,100,100,100,100],"rangeBurn":"100","image":{"full":"LeonaShieldOfDaybreak.png","sprite":"spell7.png","group":"spell","x":192,"y":48,"w":48,"h":48},"resource":"{{ cost }} de {{ abilityresourcename }}"},{"id":"LeonaSolarBarrier","name":"Eclipse","description":"Leona eleva su escudo para obtener reducción de daño, armadura y resistencia mágica. Cuando la duración termine, si hay enemigos cercanos, les infligirá daño mágico y extenderá la duración del efecto.","tooltip":"Leona levanta su escudo para reducir el daño en {{ flatdamagereduction }} y obtener <scaleArmor>{{ bonusarmortooltip }} de Armadura</scaleArmor> y <scaleMR>{{ bonusmrtooltip }} de Resistencia Mágica</scaleMR> durante {{ e3 }} seg. Luego, detona su escudo e inflige <magicDamage>{{ totaldamagetooltip }} de daño mágico</magicDamage> a los enemigos cercanos. Si alcanza al menos a uno, conservará el efecto de <scaleArmor>Armadura</scaleArmor> y <scaleMR>Resistencia Mágica</scaleMR> adicionales por {{ e3 }} seg más.<br />{{ spellmodifierdescriptionappend }}","leveltip":{"label":["Daño","Armadura y resistencia mágica","Reducción de daño","Enfriamiento"],"effect":["{{ e1 }} -> {{ e1NL }}","{{ e4 }} -> {{ e4NL }}","{{ flatdamagereduction }} -> {{ flatdamagereductionNL }}","{{ cooldown }} -> {{ cooldownNL }}"]},"maxrank":5,"cooldown":[14,13,12,11,10],"cooldownBurn":"14/13/12/11/10","cost":[60,60,60,60,60],"costBurn":"60","datavalues":{},"effect":[null,[55,90,125,160,195],[20,27.5,35,42.5,50],[3,3,3,3,3],[20,27.5,35,42.5,50],[0,0,0,0,0],[0,0,0,0,0],[0,0,0,0,0],[0,0,0,0,0],[0,0,0,0,0],[0,0,0,0,0]],"effectBurn":[null,"55/90/125/160/195","20/27.5/35/42.5/50","3","20/27.5/35/42.5/50","0","0","0","0","0","0"],"vars":[],"costType":" de {{ abilityresourcename }}","maxammo":"-1","range":[450,450,450,450,450],"rangeBurn":"450","image":{"full":"LeonaSolarBarrier.png","sprite":"spell7.png","group":"spell","x":240,"y":48,"w":48,"h":48},"resource":"{{ cost }} de {{ abilityresourcename }}"},{"id":"LeonaZenithBlade","name":"Espada del Cénit","description":"Leona proyecta una imagen solar de su espada, infligiendo daño mágico a todos los enemigos en línea recta. Cuando la imagen desaparece, el último campeón enemigo alcanzado por ella se quedará inmovilizado brevemente, y Leona irá rápidamente hacia él.","tooltip":"Leona hace una estocada con una espada de luz, lo que inflige <magicDamage>{{ totaldamagetooltip }} de daño mágico</magicDamage>. El último campeón alcanzado quedará <status>inmovilizado</status> durante {{ e2 }} seg y Leona se desplazará hacia él.{{ spellmodifierdescriptionappend }}","leveltip":{"label":["Daño","Enfriamiento"],"effect":["{{ e1 }} -> {{ e1NL }}","{{ cooldown }} -> {{ cooldownNL }}"]},"maxrank":5,"cooldown":[12,10.5,9,7.5,6],"cooldownBurn":"12/10.5/9/7.5/6","cost":[60,60,60,60,60],"costBurn":"60","datavalues":{},"effect":[null,[50,90,130,170,210],[0.5,0.5,0.5,0.5,0.5],[0,0,0,0,0],[0,0,0,0,0],[0,0,0,0,0],[0,0,0,0,0],[0,0,0,0,0],[0,0,0,0,0],[0,0,0,0,0],[0,0,0,0,0]],"effectBurn":[null,"50/90/130/170/210","0.5","0","0","0","0","0","0","0","0"],"vars":[],"costType":" de {{ abilityresourcename }}","maxammo":"-1","range":[875,875,875,875,875],"rangeBurn":"875","image":{"full":"LeonaZenithBlade.png","sprite":"spell7.png","group":"spell","x":288,"y":48,"w":48,"h":48},"resource":"{{ cost }} de {{ abilityresourcename }}"},{"id":"LeonaSolarFlare","name":"Llamarada Solar","description":"Leona invoca un rayo de energía solar que inflige daño a los enemigos en un área. Los enemigos en el centro del área quedan aturdidos mientras que los del exterior quedan ralentizados.","tooltip":"Leona invoca un radiante rayo de energía solar que inflige <magicDamage>{{ explosioncalculateddamage }} de daño mágico</magicDamage> y <status>ralentiza</status> un {{ slowpercent }}% durante {{ ccduration }} seg. Los enemigos en el centro de la llamarada quedan <status>aturdidos</status> en lugar de <status>ralentizados</status>.{{ spellmodifierdescriptionappend }}","leveltip":{"label":["Daño","Enfriamiento"],"effect":["{{ explosionbasedamage }} -> {{ explosionbasedamageNL }}","{{ cooldown }} -> {{ cooldownNL }}"]},"maxrank":3,"cooldown":[90,75,60],"cooldownBurn":"90/75/60","cost":[100,100,100],"costBurn":"100","datavalues":{},"effect":[null,[0,0,0],[0,0,0],[0,0,0],[100,100,100],[3,3,3],[0,0,0],[0,0,0],[0,0,0],[0,0,0],[0,0,0]],"effectBurn":[null,"0","0","0","100","3","0","0","0","0","0"],"vars":[],"costType":" de {{ abilityresourcename }}","maxammo":"-1","range":[1200,1200,1200],"rangeBurn":"1200","image":{"full":"LeonaSolarFlare.png","sprite":"spell7.png","group":"spell","x":336,"y":48,"w":48,"h":48},"resource":"{{ cost }} de {{ abilityresourcename }}"}],"passive":{"name":"Luz Solar","description":"Los hechizos que infligen daño aplican Luz Solar a enemigos durante 1.5 seg. Cuando los campeones aliados infligen daño a esos objetivos, consumen la Luz Solar para infligir daño mágico adicional.","image":{"full":"LeonaSunlight.png","sprite":"passive2.png","group":"passive","x":432,"y":0,"w":48,"h":48}},"recommended":[]}}}