{"type":"champion","format":"standAloneComplex","version":"14.3.1","data":{"Lillia":{"id":"Lillia","key":"876","name":"Lillia","title":"La Flor Tímida","image":{"full":"Lillia.png","sprite":"champion2.png","group":"champion","x":0,"y":48,"w":48,"h":48},"skins":[{"id":"876000","num":0,"name":"default","chromas":false},{"id":"876001","num":1,"name":"Lillia Flor Espiritual","chromas":true},{"id":"876010","num":10,"name":"Lillia Portadora del Anochecer","chromas":true},{"id":"876019","num":19,"name":"Lillia Pergaminos Shan Hai","chromas":true}],"lore":"Lillia, la extremadamente tímida cervatilla, deambula nerviosa por los bosques de Jonia. Escondida fuera de la vista de los mortales, cuya misteriosa naturaleza la ha cautivado e intimidado por mucho tiempo, Lillia espera descubrir por qué sus sueños ya no llegan al ancestral Árbol de los Sueños. Ahora viaja por Jonia con una rama mágica en la mano para encontrar los sueños no realizados de las personas. Solo así, Lillia podrá florecer y ayudar a otros a desenredar sus miedos y a que encuentren su brillo interior. ¡Hip!","blurb":"Lillia, la extremadamente tímida cervatilla, deambula nerviosa por los bosques de Jonia. Escondida fuera de la vista de los mortales, cuya misteriosa naturaleza la ha cautivado e intimidado por mucho tiempo, Lillia espera descubrir por qué sus sueños ya...","allytips":[],"enemytips":[],"tags":["Fighter","Mage"],"partype":"Maná","info":{"attack":0,"defense":2,"magic":10,"difficulty":8},"stats":{"hp":605,"hpperlevel":105,"mp":410,"mpperlevel":50,"movespeed":330,"armor":22,"armorperlevel":5.2,"spellblock":32,"spellblockperlevel":1.55,"attackrange":325,"hpregen":2.5,"hpregenperlevel":0.55,"mpregen":11.5,"mpregenperlevel":0.95,"crit":0,"critperlevel":0,"attackdamage":61,"attackdamageperlevel":3.1,"attackspeedperlevel":2.7,"attackspeed":0.625},"spells":[{"id":"LilliaQ","name":"Golpes Florecedores","description":"De forma pasiva, Lillia obtiene velocidad de movimiento acumulable al alcanzar enemigos con hechizos. Puede activar la habilidad para infligir daño mágico a los enemigos cercanos y daño verdadero adicional en el borde.","tooltip":"<spellPassive>Pasiva:</spellPassive> Los impactos con habilidades de Lillia le otorgan <speed>{{ prancespeed }} de Velocidad de Movimiento</speed> durante {{ pranceduration }} seg. Se acumula hasta {{ prancemaxstacks }} veces.<br /><br /><spellActive>Activa:</spellActive> Lillia gira su incensario, lo que inflige <magicDamage>{{ totaldamage }} de daño mágico</magicDamage> más <trueDamage>{{ bonustruedamage }} de daño verdadero adicional</trueDamage> en el borde exterior.{{ spellmodifierdescriptionappend }}","leveltip":{"label":["Enfriamiento","Velocidad de movimiento","Daño mágico","Daño verdadero"],"effect":["{{ cooldown }} -> {{ cooldownNL }}","{{ prancebonusperstack*100.000000 }}% -> {{ prancebonusperstacknl*100.000000 }}%","{{ flatdamagebase }} -> {{ flatdamagebaseNL }}","{{ flatdamagetrue }} -> {{ flatdamagetrueNL }}"]},"maxrank":5,"cooldown":[6,5.5,5,4.5,4],"cooldownBurn":"6/5.5/5/4.5/4","cost":[65,65,65,65,65],"costBurn":"65","datavalues":{},"effect":[null,[0,0,0,0,0],[0,0,0,0,0],[0,0,0,0,0],[0,0,0,0,0],[0,0,0,0,0],[0,0,0,0,0],[0,0,0,0,0],[0,0,0,0,0],[0,0,0,0,0],[0,0,0,0,0]],"effectBurn":[null,"0","0","0","0","0","0","0","0","0","0"],"vars":[],"costType":" de {{ abilityresourcename }}","maxammo":"-1","range":[450,450,450,450,450],"rangeBurn":"450","image":{"full":"LilliaQ.png","sprite":"spell7.png","group":"spell","x":384,"y":48,"w":48,"h":48},"resource":"{{ cost }} de {{ abilityresourcename }}"},{"id":"LilliaW","name":"¡Cuidado! ¡Hip!","description":"Lillia inflige daño en un área cercana. El centro del área causa más daño.","tooltip":"Lillia se prepara para realizar un gran golpe e infligir <magicDamage>{{ flatdamage }} de daño mágico</magicDamage>. Los enemigos en el centro reciben <magicDamage>{{ flatdamagesweetspot }} de daño</magicDamage>.{{ spellmodifierdescriptionappend }}","leveltip":{"label":["Daño","Enfriamiento"],"effect":["{{ flatdamagebase }} -> {{ flatdamagebaseNL }}","{{ cooldown }} -> {{ cooldownNL }}"]},"maxrank":5,"cooldown":[14,13,12,11,10],"cooldownBurn":"14/13/12/11/10","cost":[50,50,50,50,50],"costBurn":"50","datavalues":{},"effect":[null,[0,0,0,0,0],[0,0,0,0,0],[0,0,0,0,0],[0,0,0,0,0],[0,0,0,0,0],[0,0,0,0,0],[0,0,0,0,0],[0,0,0,0,0],[0,0,0,0,0],[0,0,0,0,0]],"effectBurn":[null,"0","0","0","0","0","0","0","0","0","0"],"vars":[],"costType":" de {{ abilityresourcename }}","maxammo":"-1","range":[500,500,500,500,500],"rangeBurn":"500","image":{"full":"LilliaW.png","sprite":"spell7.png","group":"spell","x":432,"y":48,"w":48,"h":48},"resource":"{{ cost }} de {{ abilityresourcename }}"},{"id":"LilliaE","name":"Semilla Remolino","description":"Lillia arroja una semilla que inflige daño y ralentiza a los enemigos que se encuentran donde aterriza. Si no impacta nada, seguirá girando hasta alcanzar un muro o un objetivo.","tooltip":"Lillia lanza una Semilla Remolino que inflige <magicDamage>{{ impactdamagetotal }} de daño mágico</magicDamage> a los enemigos donde aterriza, lo que los revela y <status>ralentiza</status> un {{ slowamount*100 }}% durante {{ slowduration }} seg. Si no impacta a ningún enemigo, la semilla gira hasta que alcance a un enemigo o choque con el terreno.{{ spellmodifierdescriptionappend }}","leveltip":{"label":["Daño"],"effect":["{{ impactdamage }} -> {{ impactdamageNL }}"]},"maxrank":5,"cooldown":[14,14,14,14,14],"cooldownBurn":"14","cost":[70,70,70,70,70],"costBurn":"70","datavalues":{},"effect":[null,[0,0,0,0,0],[0,0,0,0,0],[0,0,0,0,0],[0,0,0,0,0],[0,0,0,0,0],[0,0,0,0,0],[0,0,0,0,0],[0,0,0,0,0],[0,0,0,0,0],[0,0,0,0,0]],"effectBurn":[null,"0","0","0","0","0","0","0","0","0","0"],"vars":[],"costType":" de {{ abilityresourcename }}","maxammo":"-1","range":[700,700,700,700,700],"rangeBurn":"700","image":{"full":"LilliaE.png","sprite":"spell7.png","group":"spell","x":0,"y":96,"w":48,"h":48},"resource":"{{ cost }} de {{ abilityresourcename }}"},{"id":"LilliaR","name":"Arrullo Rítmico","description":"Lillia hace que todos los enemigos bajo el efecto de Polvo de los Sueños se sientan aletargados antes de caer dormidos. Estos enemigos recibirán daño adicional al ser despertados abruptamente.","tooltip":"Lillia hace que todos los enemigos bajo el efecto de <keywordMajor>Polvo de los Sueños</keywordMajor> se sientan <status>aletargados</status> durante {{ drowsyduration }} seg. Después, se quedan <status>dormidos</status> durante {{ sleepduration }} seg.<br /><br />Cuando se despierten al recibir daño, también recibirán <magicDamage>{{ totaldamage }} de daño mágico</magicDamage> adicional.{{ spellmodifierdescriptionappend }}","leveltip":{"label":["Enfriamiento","Duración","Daño al despertar"],"effect":["{{ cooldown }} -> {{ cooldownNL }}","{{ sleepduration }} -> {{ sleepdurationNL }}","{{ breakdamagebase }} -> {{ breakdamagebaseNL }}"]},"maxrank":3,"cooldown":[150,130,110],"cooldownBurn":"150/130/110","cost":[50,50,50],"costBurn":"50","datavalues":{},"effect":[null,[0,0,0],[0,0,0],[0,0,0],[0,0,0],[0,0,0],[0,0,0],[0,0,0],[0,0,0],[0,0,0],[0,0,0]],"effectBurn":[null,"0","0","0","0","0","0","0","0","0","0"],"vars":[],"costType":" de {{ abilityresourcename }}","maxammo":"-1","range":[1600,1600,1600],"rangeBurn":"1600","image":{"full":"LilliaR.png","sprite":"spell7.png","group":"spell","x":48,"y":96,"w":48,"h":48},"resource":"{{ cost }} de {{ abilityresourcename }}"}],"passive":{"name":"Rama de los Sueños","description":"Alcanzar a un campeón o monstruo con una habilidad le infligirá daño prolongado adicional según la vida máxima.","image":{"full":"Lillia_Icon_Passive.png","sprite":"passive2.png","group":"passive","x":0,"y":48,"w":48,"h":48}},"recommended":[]}}}