{"type":"champion","format":"standAloneComplex","version":"14.3.1","data":{"Lissandra":{"id":"Lissandra","key":"127","name":"Lissandra","title":"la Bruja de Hielo","image":{"full":"Lissandra.png","sprite":"champion2.png","group":"champion","x":48,"y":48,"w":48,"h":48},"skins":[{"id":"127000","num":0,"name":"default","chromas":false},{"id":"127001","num":1,"name":"Lissandra Piedra de Sangre","chromas":false},{"id":"127002","num":2,"name":"Lissandra Reina de las Dagas","chromas":false},{"id":"127003","num":3,"name":"Programa Lissandra","chromas":false},{"id":"127004","num":4,"name":"Lissandra Aquelarre","chromas":true},{"id":"127012","num":12,"name":"Lissandra Oscuridad Cósmica","chromas":true},{"id":"127023","num":23,"name":"Lissandra de Porcelana","chromas":true},{"id":"127033","num":33,"name":"Lissandra de Porcelana Prestigiosa","chromas":false},{"id":"127034","num":34,"name":"Lissandra Onda Espacial","chromas":true}],"lore":"La magia de Lissandra transforma el poder del hielo en algo oscuro y terrible. Con la fuerza de su hielo negro, además de congelar a aquellos que la enfrentan, los empala y los destruye sin mostrar piedad. Se le conoce como ''la Bruja de Hielo'' entre los aterrados habitantes del norte. Pero la verdad es mucho más siniestra: Lissandra es una corruptora de la naturaleza que pretende desencadenar una era glacial en el mundo.","blurb":"La magia de Lissandra transforma el poder del hielo en algo oscuro y terrible. Con la fuerza de su hielo negro, además de congelar a aquellos que la enfrentan, los empala y los destruye sin mostrar piedad. Se le conoce como ''la Bruja de Hielo'' entre...","allytips":["Puedes usar al instante tu definitiva sobre ti presionando a la vez la tecla de autohechizo y la tecla de definitiva (alt+R por defecto).","Lanzar Sendero Glacial y luego huir en dirección contraria confundirá a los enemigos, pues no sabrán hacia dónde fuiste en realidad.","Las habilidades de Lissandra tienen menos alcance que las de muchos magos. Por tanto, a modo de ayuda para sobrevivir e infligir daño, es recomendable comprar objetos que ofrezcan tanto Poder de Habilidad como Defensa, como el Reloj de Arena de Zhonya y Velo de la Banshee."],"enemytips":["La mejor forma de evitar que Lissandra se mueva usando su Sendero Glacial es inmovilizándola antes que vuelva a activarla.","El Anillo de Escarcha de Lissandra tiene mucho enfriamiento en los primeros niveles; enfréntate a ella mientras está en enfriamiento.","El Fragmento de Hielo de Lissandra solo ralentiza a la primera unidad a la que impacta. Acércate a Lissandra por detrás de los súbditos de tu equipo para evitar que te ralentice."],"tags":["Mage"],"partype":"Maná","info":{"attack":2,"defense":5,"magic":8,"difficulty":6},"stats":{"hp":620,"hpperlevel":110,"mp":475,"mpperlevel":30,"movespeed":325,"armor":22,"armorperlevel":4.9,"spellblock":30,"spellblockperlevel":1.3,"attackrange":550,"hpregen":7,"hpregenperlevel":0.55,"mpregen":8,"mpregenperlevel":0.4,"crit":0,"critperlevel":0,"attackdamage":55,"attackdamageperlevel":2.7,"attackspeedperlevel":1.5,"attackspeed":0.656},"spells":[{"id":"LissandraQ","name":"Fragmento de Hielo","description":"Dispara una lanza de hielo que se divide cuando impacta en un enemigo e inflige daño mágico y reduce la Velocidad de Movimiento. Los fragmentos atraviesan al objetivo e infligen el mismo daño a los demás enemigos impactados.","tooltip":"Lissandra arroja una lanza de hielo que se fragmenta al impactar a un enemigo, lo que inflige <magicDamage>{{ totaldamage }} de daño mágico</magicDamage>, lo <status>ralentiza</status> en un {{ e3 }}% durante {{ e2 }} seg e inflige el daño y ralentiza a los enemigos detrás de él.{{ spellmodifierdescriptionappend }}","leveltip":{"label":["Daño","Ralentización","Enfriamiento","Costo de @AbilityResourceName@"],"effect":["{{ e1 }} -> {{ e1NL }}","{{ effect3amount*-100.000000 }}% -> {{ effect3amountnl*-100.000000 }}%","{{ cooldown }} -> {{ cooldownNL }}","{{ cost }} -> {{ costNL }}"]},"maxrank":5,"cooldown":[8,7,6,5,4],"cooldownBurn":"8/7/6/5/4","cost":[55,60,65,70,75],"costBurn":"55/60/65/70/75","datavalues":{},"effect":[null,[80,110,140,170,200],[1.5,1.5,1.5,1.5,1.5],[20,24,28,32,36],[0,0,0,0,0],[0,0,0,0,0],[0,0,0,0,0],[0,0,0,0,0],[0,0,0,0,0],[0,0,0,0,0],[0,0,0,0,0]],"effectBurn":[null,"80/110/140/170/200","1.5","20/24/28/32/36","0","0","0","0","0","0","0"],"vars":[],"costType":" de {{ abilityresourcename }}","maxammo":"-1","range":[725,725,725,725,725],"rangeBurn":"725","image":{"full":"LissandraQ.png","sprite":"spell7.png","group":"spell","x":96,"y":96,"w":48,"h":48},"resource":"{{ cost }} de {{ abilityresourcename }}"},{"id":"LissandraW","name":"Anillo de Escarcha","description":"Congela a los enemigos cercanos, lo que les inflige daño mágico y los inmoviliza.","tooltip":"Lissandra crea un campo de hielo, lo que <status>inmoviliza</status> a los enemigos cercanos durante {{ e2 }} seg e inflige <magicDamage>{{ totaldamage }} de daño mágico</magicDamage>.{{ spellmodifierdescriptionappend }}","leveltip":{"label":["Daño","Duración de inmovilización","Enfriamiento"],"effect":["{{ e1 }} -> {{ e1NL }}","{{ e2 }} -> {{ e2NL }}","{{ cooldown }} -> {{ cooldownNL }}"]},"maxrank":5,"cooldown":[12,11,10,9,8],"cooldownBurn":"12/11/10/9/8","cost":[40,40,40,40,40],"costBurn":"40","datavalues":{},"effect":[null,[70,105,140,175,210],[1.25,1.35,1.45,1.55,1.65],[3,3,3,3,3],[8,8,8,8,8],[0,0,0,0,0],[0,0,0,0,0],[0,0,0,0,0],[0,0,0,0,0],[0,0,0,0,0],[0,0,0,0,0]],"effectBurn":[null,"70/105/140/175/210","1.25/1.35/1.45/1.55/1.65","3","8","0","0","0","0","0","0"],"vars":[],"costType":" de {{ abilityresourcename }}","maxammo":"-1","range":[450,450,450,450,450],"rangeBurn":"450","image":{"full":"LissandraW.png","sprite":"spell7.png","group":"spell","x":144,"y":96,"w":48,"h":48},"resource":"{{ cost }} de {{ abilityresourcename }}"},{"id":"LissandraE","name":"Sendero Glacial","description":"Lissandra crea una garra de hielo que inflige daño mágico. Volver a usar esta habilidad transporta a Lissandra a la posición actual de la garra.","tooltip":"Lissandra lanza una garra de hielo que inflige <magicDamage>{{ totaldamage }} de daño mágico</magicDamage>. Lissandra puede <recast>volver a lanzar</recast> mientras la garra viaja para teletransportarse a su ubicación.{{ spellmodifierdescriptionappend }}","leveltip":{"label":["Daño","Enfriamiento","Costo de @AbilityResourceName@"],"effect":["{{ e1 }} -> {{ e1NL }}","{{ cooldown }} -> {{ cooldownNL }}","{{ cost }} -> {{ costNL }}"]},"maxrank":5,"cooldown":[24,21,18,15,12],"cooldownBurn":"24/21/18/15/12","cost":[80,85,90,95,100],"costBurn":"80/85/90/95/100","datavalues":{},"effect":[null,[70,105,140,175,210],[14,13,12,11,10],[20,20,20,20,20],[1,1,1,1,1],[0,0,0,0,0],[0,0,0,0,0],[0,0,0,0,0],[0,0,0,0,0],[0,0,0,0,0],[0,0,0,0,0]],"effectBurn":[null,"70/105/140/175/210","14/13/12/11/10","20","1","0","0","0","0","0","0"],"vars":[],"costType":" de {{ abilityresourcename }}","maxammo":"-1","range":[1050,1050,1050,1050,1050],"rangeBurn":"1050","image":{"full":"LissandraE.png","sprite":"spell7.png","group":"spell","x":192,"y":96,"w":48,"h":48},"resource":"{{ cost }} de {{ abilityresourcename }}"},{"id":"LissandraR","name":"Tumba Congelada","description":"Si se lanza contra un campeón enemigo, lo congela y lo deja aturdido. Si se lanza contra Lissandra, se encierra en Hielo Oscuro, se cura a sí misma al tiempo que se vuelve invulnerable e imposible de atacar. Del objetivo emana Hielo Oscuro, que inflige daño mágico a los enemigos y reduce la velocidad de movimiento.","tooltip":"Lissandra se envuelve a sí misma o a un campeón enemigo en hielo. Los enemigos quedan <status>aturdidos</status> durante {{ enemycastduration }} seg. Cuando se lo lanza a sí misma, Lissandra ingresa en estasis durante {{ selfcastduration }} seg y restaura <healing>{{ healamount }} de Vida</healing>, que se incrementa un {{ selfcastmissinghpratio }}% por cada {{ selfcastmissinghpperabove }}% de Vida faltante.<br /><br />En cualquiera de los casos, un hielo oscuro emana del objetivo, lo que inflige <magicDamage>{{ calculateddamage }} de daño mágico</magicDamage>. El hielo persiste durante {{ slowduration }} seg, lo que <status>ralentiza</status> a los enemigos un {{ slowamount*-100 }}%.{{ spellmodifierdescriptionappend }}","leveltip":{"label":["Daño","Ralentización","Curación","Enfriamiento"],"effect":["{{ basedamage }} -> {{ basedamageNL }}","{{ slowamount*-100.000000 }}% -> {{ slowamountnl*-100.000000 }}%","{{ selfcastflatheal }} -> {{ selfcastflathealNL }}","{{ cooldown }} -> {{ cooldownNL }}"]},"maxrank":3,"cooldown":[120,100,80],"cooldownBurn":"120/100/80","cost":[100,100,100],"costBurn":"100","datavalues":{},"effect":[null,[0,0,0],[0,0,0],[0,0,0],[0,0,0],[0,0,0],[0,0,0],[0,0,0],[0,0,0],[0,0,0],[0,0,0]],"effectBurn":[null,"0","0","0","0","0","0","0","0","0","0"],"vars":[],"costType":" de {{ abilityresourcename }}","maxammo":"-1","range":[550,550,550],"rangeBurn":"550","image":{"full":"LissandraR.png","sprite":"spell7.png","group":"spell","x":240,"y":96,"w":48,"h":48},"resource":"{{ cost }} de {{ abilityresourcename }}"}],"passive":{"name":"Sometimiento de Hielo","description":"Cuando un campeón enemigo muere cerca de Lissandra, se convierte en un Esclavo Congelado. Los Esclavos Congelados ralentizan a los enemigos cercanos y luego, después de unos momentos, se destruyen por el frío intenso e infligen daño mágico a los objetivos cercanos.","image":{"full":"Lissandra_Passive.png","sprite":"passive2.png","group":"passive","x":48,"y":48,"w":48,"h":48}},"recommended":[]}}}