{"type":"champion","format":"standAloneComplex","version":"14.3.1","data":{"Lucian":{"id":"Lucian","key":"236","name":"Lucian","title":"el Purificador","image":{"full":"Lucian.png","sprite":"champion2.png","group":"champion","x":96,"y":48,"w":48,"h":48},"skins":[{"id":"236000","num":0,"name":"default","chromas":true},{"id":"236001","num":1,"name":"Lucian Asesino a Sueldo","chromas":false},{"id":"236002","num":2,"name":"Lucian Goleador","chromas":false},{"id":"236006","num":6,"name":"PROYECTO: Lucian","chromas":true},{"id":"236007","num":7,"name":"Lucian Buscacorazones","chromas":false},{"id":"236008","num":8,"name":"Lucian el Forajido","chromas":true},{"id":"236009","num":9,"name":"Lucian Demacia Vice","chromas":true},{"id":"236018","num":18,"name":"Lucian Pulso de Fuego","chromas":false},{"id":"236019","num":19,"name":"Lucian Pulso de Fuego Prestigioso","chromas":false},{"id":"236025","num":25,"name":"Lucian Victorioso","chromas":true},{"id":"236031","num":31,"name":"Lucian Arcana","chromas":true},{"id":"236040","num":40,"name":"Lucian Paladín de Ataque","chromas":true},{"id":"236052","num":52,"name":"Lucian Favor del Invierno","chromas":true}],"lore":"Lucian es un Centinela de la Luz y un sombrío cazador de espíritus inmortales, a los que persigue incansablemente y aniquila con sus dos pistolas reliquia. Después de que el espectro Thresh matara a su esposa, Lucian se embarcó en el camino de la venganza. A pesar del retorno a la vida de Senna, su rabia permanece indemne. Despiadado y firme, nada detendrá a Lucian en su misión por proteger a los vivos de los horrores ancestrales de la Niebla Negra.","blurb":"Lucian es un Centinela de la Luz y un sombrío cazador de espíritus inmortales, a los que persigue incansablemente y aniquila con sus dos pistolas reliquia. Después de que el espectro Thresh matara a su esposa, Lucian se embarcó en el camino de la...","allytips":["Para una serie de daño óptima, prueba a combinar Persecución Implacable con Luz Lacerante.","Resplandor Ardiente explota en una forma de estrella. Trata de hacer que explote y golpee a los campeones enemigos.","No puedes cambiar el ángulo para El Sacrificio una vez lo hayas escogido. ¡Elige bien los momentos!","Gracias a Balas Luminosas, Lucian se beneficia más del Daño de Ataque que de la Velocidad de Ataque."],"enemytips":["Lucian tiene un poderoso daño de estallido, pero poco daño constante.","Lucian no puede cambiar el objetivo de El Sacrificio. Aprovecha la ventaja de esto al evitar el ángulo de las balas.","Luz Lacerante no le otorga Alcance de Ataque adicional a Lucian. Sigue necesitando encontrar un objetivo al alcance para su disparo. Evita Luz Lacerante al anticipar el ángulo que elegirá Lucian."],"tags":["Marksman"],"partype":"Maná","info":{"attack":8,"defense":5,"magic":3,"difficulty":6},"stats":{"hp":641,"hpperlevel":100,"mp":320,"mpperlevel":43,"movespeed":335,"armor":28,"armorperlevel":4.2,"spellblock":30,"spellblockperlevel":1.3,"attackrange":500,"hpregen":3.75,"hpregenperlevel":0.65,"mpregen":7,"mpregenperlevel":0.8,"crit":0,"critperlevel":0,"attackdamage":60,"attackdamageperlevel":2.9,"attackspeedperlevel":3.3,"attackspeed":0.638},"spells":[{"id":"LucianQ","name":"Luz Lacerante","description":"Lucian dispara un rayo de luz lacerante a través de un objetivo.","tooltip":"Lucian dispara un rayo de luz lacerante, lo que inflige <physicalDamage>{{ totaldamage }} de daño físico</physicalDamage>.<br />{{ spellmodifierdescriptionappend }}","leveltip":{"label":["Daño","Daño de Ataque","Enfriamiento","Costo de @AbilityResourceName@"],"effect":["{{ e1 }} -> {{ e1NL }}","{{ e2 }}% -> {{ e2NL }}%","{{ cooldown }} -> {{ cooldownNL }}","{{ cost }} -> {{ costNL }}"]},"maxrank":5,"cooldown":[9,8,7,6,5],"cooldownBurn":"9/8/7/6/5","cost":[48,56,64,72,80],"costBurn":"48/56/64/72/80","datavalues":{},"effect":[null,[95,125,155,185,215],[60,75,90,105,120],[1000,1000,1000,1000,1000],[0.41,0.41,0.41,0.41,0.41],[100,100,100,100,100],[0,0,0,0,0],[0,0,0,0,0],[0,0,0,0,0],[0,0,0,0,0],[0,0,0,0,0]],"effectBurn":[null,"95/125/155/185/215","60/75/90/105/120","1000","0.41","100","0","0","0","0","0"],"vars":[],"costType":" de {{ abilityresourcename }}","maxammo":"-1","range":[500,500,500,500,500],"rangeBurn":"500","image":{"full":"LucianQ.png","sprite":"spell7.png","group":"spell","x":288,"y":96,"w":48,"h":48},"resource":"{{ cost }} de {{ abilityresourcename }}"},{"id":"LucianW","name":"Resplandor Ardiente","description":"Lucian dispara un misil que explota en forma de estrella, lo que marca y revela de forma breve a los enemigos. Lucian obtiene velocidad de movimiento al atacar a los enemigos marcados.","tooltip":"Lucian realiza un disparo que explota cuando alcanza a un enemigo o llega al final de su alcance, lo que inflige <magicDamage>{{ totaldamage }} de daño mágico</magicDamage>, marca brevemente a los enemigos y los revela durante 6 seg.<br /><br />Cuando Lucian o un aliado infligen daño a un objetivo marcado, Lucian obtiene <speed>{{ e2 }} de Velocidad de Movimiento</speed> durante 1 seg. Los aliados que activen este efecto también le otorgarán <attention>Vigilancia</attention> a Lucian.{{ spellmodifierdescriptionappend }}","leveltip":{"label":["Daño","Velocidad de movimiento","Enfriamiento"],"effect":["{{ e1 }} -> {{ e1NL }}","{{ e2 }} -> {{ e2NL }}","{{ cooldown }} -> {{ cooldownNL }}"]},"maxrank":5,"cooldown":[14,13,12,11,10],"cooldownBurn":"14/13/12/11/10","cost":[60,60,60,60,60],"costBurn":"60","datavalues":{},"effect":[null,[75,110,145,180,215],[60,65,70,75,80],[900,900,900,900,900],[0,0,0,0,0],[1,1,1,1,1],[200,200,200,200,200],[1,1,1,1,1],[6,6,6,6,6],[1,1,1,1,1],[700,700,700,700,700]],"effectBurn":[null,"75/110/145/180/215","60/65/70/75/80","900","0","1","200","1","6","1","700"],"vars":[],"costType":" de {{ abilityresourcename }}","maxammo":"-1","range":[900,900,900,900,900],"rangeBurn":"900","image":{"full":"LucianW.png","sprite":"spell7.png","group":"spell","x":336,"y":96,"w":48,"h":48},"resource":"{{ cost }} de {{ abilityresourcename }}"},{"id":"LucianE","name":"Persecución Implacable","description":"Lucian se desplaza una corta distancia. Los ataques de Balas Luminosas reducen el enfriamiento de Persecución Implacable.","tooltip":"Lucian se desplaza.<br /><br />El enfriamiento se reduce {{ e1 }} seg cuando Lucian daña a un enemigo con <spellName>Balas Luminosas</spellName> ({{ e2 }} seg para campeones). {{ spellmodifierdescriptionappend }}","leveltip":{"label":["Enfriamiento","Costo de @AbilityResourceName@"],"effect":["{{ cooldown }} -> {{ cooldownNL }}","{{ cost }} -> {{ costNL }}"]},"maxrank":5,"cooldown":[19,17.75,16.5,15.25,14],"cooldownBurn":"19/17.75/16.5/15.25/14","cost":[40,30,20,10,0],"costBurn":"40/30/20/10/0","datavalues":{},"effect":[null,[1,1,1,1,1],[2,2,2,2,2],[425,425,425,425,425],[200,200,200,200,200],[1350,1350,1350,1350,1350],[0,0,0,0,0],[0,0,0,0,0],[0,0,0,0,0],[0,0,0,0,0],[0,0,0,0,0]],"effectBurn":[null,"1","2","425","200","1350","0","0","0","0","0"],"vars":[],"costType":" de {{ abilityresourcename }}","maxammo":"-1","range":[445,445,445,445,445],"rangeBurn":"445","image":{"full":"LucianE.png","sprite":"spell7.png","group":"spell","x":384,"y":96,"w":48,"h":48},"resource":"{{ cost }} de {{ abilityresourcename }}"},{"id":"LucianR","name":"El Sacrificio","description":"Lucian desata un torrente de disparos de sus armas.","tooltip":"Lucian dispara rápidamente <keywordMajor>{{ totalnumshots }}</keywordMajor> disparos en una dirección durante {{ duration }} seg o hasta que <recast>vuelva a lanzar</recast>. Cada disparo inflige <physicalDamage>{{ damageperbullet }} de daño físico</physicalDamage> al primer enemigo alcanzado.<br /><br />Al disparar, Lucian puede usar <spellName>Persecución Implacable</spellName>.<br /><br />Daño Total: <physicalDamage>{{ totaldamage }} de daño físico</physicalDamage><br />.{{ spellmodifierdescriptionappend }}","leveltip":{"label":["Daño","Enfriamiento"],"effect":["{{ basedamage }} -> {{ basedamageNL }}","{{ cooldown }} -> {{ cooldownNL }}"]},"maxrank":3,"cooldown":[110,100,90],"cooldownBurn":"110/100/90","cost":[100,100,100],"costBurn":"100","datavalues":{},"effect":[null,[0,0,0],[0,0,0],[0,0,0],[0,0,0],[0,0,0],[0,0,0],[0,0,0],[0,0,0],[0,0,0],[0,0,0]],"effectBurn":[null,"0","0","0","0","0","0","0","0","0","0"],"vars":[],"costType":" de {{ abilityresourcename }}","maxammo":"-1","range":[1400,1400,1400],"rangeBurn":"1400","image":{"full":"LucianR.png","sprite":"spell7.png","group":"spell","x":432,"y":96,"w":48,"h":48},"resource":"{{ cost }} de {{ abilityresourcename }}"}],"passive":{"name":"Balas Luminosas","description":"Cuando Lucian usa una habilidad, su siguiente ataque se vuelve un disparo doble. Cuando Lucian recibe una curación o un escudo de un aliado, o cuando un campeón enemigo cercano es inmovilizado, sus 2 siguientes ataques básicos infligen daño mágico adicional.","image":{"full":"Lucian_Passive.png","sprite":"passive2.png","group":"passive","x":96,"y":48,"w":48,"h":48}},"recommended":[]}}}