{"type":"champion","format":"standAloneComplex","version":"14.3.1","data":{"Lulu":{"id":"Lulu","key":"117","name":"Lulu","title":"La Hechicera Hadística","image":{"full":"Lulu.png","sprite":"champion2.png","group":"champion","x":144,"y":48,"w":48,"h":48},"skins":[{"id":"117000","num":0,"name":"default","chromas":false},{"id":"117001","num":1,"name":"Lulu Agridulce","chromas":false},{"id":"117002","num":2,"name":"Lulu Maligna","chromas":false},{"id":"117003","num":3,"name":"Lulu Entrenadora de Dragones","chromas":true},{"id":"117004","num":4,"name":"Lulu Maravilla Invernal","chromas":false},{"id":"117005","num":5,"name":"Lulu Veraniega","chromas":true},{"id":"117006","num":6,"name":"Lulu Guardiana Estelar","chromas":false},{"id":"117014","num":14,"name":"Lulu Encantadora Cósmica","chromas":true},{"id":"117015","num":15,"name":"Lulu Pijama Estelar","chromas":false},{"id":"117026","num":26,"name":"Lulu Onda Espacial","chromas":true},{"id":"117027","num":27,"name":"Lulu Onda Espacial Prestigiosa","chromas":false},{"id":"117037","num":37,"name":"Lulu Domadora de Monstruos","chromas":true},{"id":"117046","num":46,"name":"Lulu Monerías de Café","chromas":true}],"lore":"La maga yordle, Lulu, es conocida por conjurar ilusiones oníricas y extravagantes criaturas mientras vaga por Runaterra con su hada compañera, Pix. Lulu puede darle forma a la realidad a su antojo, deformando el tejido del mundo, y lo que ve como los límites del ámbito físico y mundano. Aunque otros podrían considerar su magia antinatural y peligrosa, ella cree que cualquiera necesita un toque de encantamiento.","blurb":"La maga yordle, Lulu, es conocida por conjurar ilusiones oníricas y extravagantes criaturas mientras vaga por Runaterra con su hada compañera, Pix. Lulu puede darle forma a la realidad a su antojo, deformando el tejido del mundo, y lo que ve como los...","allytips":["Lanza Brillantina puede ser disparada desde ángulos peculiares, dependiendo de donde esté el cursor: acercar el cursor más cerca de Pix y Lulu cambiará el tamaño del área de efecto considerablemente.","Trata de utilizar ¡Ayudita, Pix! sobre atacantes a distancia para obtener el aumento de Pix y Enormamiento sobre Tanques o Luchadores para mejorar su capacidad de iniciación."],"enemytips":["Los disparos del hada de Lulu se pueden interceptar, escóndete tras los súbditos para evitar los ataques adicionales del hada.","Lulu destaca cuando los rivales arremeten con potencia. ¡No le des la oportunidad! Utiliza tácticas de hostigamiento en vez de intentar echar a Lulu y su compañero."],"tags":["Support","Mage"],"partype":"Maná","info":{"attack":4,"defense":5,"magic":7,"difficulty":5},"stats":{"hp":595,"hpperlevel":92,"mp":350,"mpperlevel":55,"movespeed":330,"armor":26,"armorperlevel":4.9,"spellblock":30,"spellblockperlevel":1.3,"attackrange":550,"hpregen":6,"hpregenperlevel":0.6,"mpregen":11,"mpregenperlevel":0.6,"crit":0,"critperlevel":0,"attackdamage":47,"attackdamageperlevel":2.6,"attackspeedperlevel":2.25,"attackspeed":0.625},"spells":[{"id":"LuluQ","name":"Lanza Brillantina","description":"Pix y Lulu disparan cada uno un proyectil de energía mágica que inflige daño y ralentiza considerablemente a todos los enemigos alcanzados.","tooltip":"Lulu y Pix disparan cada uno un proyectil perforante que inflige <magicDamage>{{ totaldamage }} de daño mágico</magicDamage> y <status>ralentiza</status> un {{ e2 }}%, que decae a lo largo de {{ e3 }} seg.<br /><br />Los enemigos reciben <magicDamage>{{ bonusmissiledamage }} de daño mágico</magicDamage> de proyectiles adicionales.{{ spellmodifierdescriptionappend }}","leveltip":{"label":["Daño","Costo de @AbilityResourceName@"],"effect":["{{ e1 }} -> {{ e1NL }}","{{ cost }} -> {{ costNL }}"]},"maxrank":5,"cooldown":[7,7,7,7,7],"cooldownBurn":"7","cost":[50,55,60,65,70],"costBurn":"50/55/60/65/70","datavalues":{},"effect":[null,[70,105,140,175,210],[80,80,80,80,80],[2,2,2,2,2],[0,0,0,0,0],[1,1,1,1,1],[8,8,8,8,8],[0,0,0,0,0],[0,0,0,0,0],[0,0,0,0,0],[0,0,0,0,0]],"effectBurn":[null,"70/105/140/175/210","80","2","0","1","8","0","0","0","0"],"vars":[],"costType":" de {{ abilityresourcename }}","maxammo":"-1","range":[925,925,925,925,925],"rangeBurn":"925","image":{"full":"LuluQ.png","sprite":"spell7.png","group":"spell","x":0,"y":144,"w":48,"h":48},"resource":"{{ cost }} de {{ abilityresourcename }}"},{"id":"LuluW","name":"Capricho","description":"Si se usa sobre un aliado, le otorga velocidad de ataque y de movimiento durante un breve período de tiempo. Si se usa sobre un enemigo, lo convierte en un animalito adorable que no puede atacar ni lanzar hechizos.","tooltip":"Al usarse en un aliado, Lulu otorga <speed>{{ totalms }} de Velocidad de Movimiento</speed> y un <attackSpeed>{{ e7 }}% de Velocidad de Ataque</attackSpeed> durante {{ e5 }} seg.<br /><br />Al usarse en un enemigo, Lulu lo deja bajo el efecto de <status>Polimorfia</status> durante {{ e3 }} seg.{{ spellmodifierdescriptionappend }}","leveltip":{"label":["Duración de velocidad de movimiento y de ataque","Velocidad de ataque","Duración de polimorfia","Enfriamiento"],"effect":["{{ e5 }} -> {{ e5NL }}","{{ effect7amount*100.000000 }}% -> {{ effect7amountnl*100.000000 }}%","{{ e3 }} -> {{ e3NL }}","{{ cooldown }} -> {{ cooldownNL }}"]},"maxrank":5,"cooldown":[17,16.5,16,15.5,15],"cooldownBurn":"17/16.5/16/15.5/15","cost":[65,65,65,65,65],"costBurn":"65","datavalues":{},"effect":[null,[0.25,0.25,0.25,0.25,0.25],[0,0,0,0,0],[1.2,1.4,1.6,1.8,2],[-60,-60,-60,-60,-60],[3,3.25,3.5,3.75,4],[0.01,0.01,0.01,0.01,0.01],[25,27.5,30,32.5,35],[0,0,0,0,0],[0,0,0,0,0],[0,0,0,0,0]],"effectBurn":[null,"0.25","0","1.2/1.4/1.6/1.8/2","-60","3/3.25/3.5/3.75/4","0.01","25/27.5/30/32.5/35","0","0","0"],"vars":[],"costType":" de {{ abilityresourcename }}","maxammo":"-1","range":[650,650,650,650,650],"rangeBurn":"650","image":{"full":"LuluW.png","sprite":"spell7.png","group":"spell","x":48,"y":144,"w":48,"h":48},"resource":"{{ cost }} de {{ abilityresourcename }}"},{"id":"LuluE","name":"¡Ayudita, Pix!","description":"Si se lanza sobre un aliado, ordena a Pix a saltar sobre un aliado y protegerle. Entonces le sigue y posibilita ver al enemigo. Si se lanza sobre un enemigo, ordena a Pix a saltar sobre él e infligirle daño.","tooltip":"Al usarse en un aliado, Pix salta hacia él y le otorga <spellName>Pix, Compañero Hadástico</spellName> durante {{ e1 }} seg. Si el aliado es un campeón, Pix también otorga un <shield>Escudo de {{ totalshield }}</shield> durante {{ e7 }} seg.<br /><br />Al usarse en un campeón enemigo, Pix salta hacia él e inflige <magicDamage>{{ totaldamage }} de daño mágico</magicDamage> y otorga <keywordStealth>Visión Verdadera</keywordStealth> de él durante {{ e6 }} seg.{{ spellmodifierdescriptionappend }}","leveltip":{"label":["Cantidad de escudo","Daño","Costo de @AbilityResourceName@"],"effect":["{{ e2 }} -> {{ e2NL }}","{{ e4 }} -> {{ e4NL }}","{{ cost }} -> {{ costNL }}"]},"maxrank":5,"cooldown":[8,8,8,8,8],"cooldownBurn":"8","cost":[60,65,70,75,80],"costBurn":"60/65/70/75/80","datavalues":{},"effect":[null,[6,6,6,6,6],[75,115,155,195,235],[50,50,50,50,50],[80,120,160,200,240],[25,25,25,25,25],[4,4,4,4,4],[2.5,2.5,2.5,2.5,2.5],[0,0,0,0,0],[0,0,0,0,0],[0,0,0,0,0]],"effectBurn":[null,"6","75/115/155/195/235","50","80/120/160/200/240","25","4","2.5","0","0","0"],"vars":[],"costType":" de {{ abilityresourcename }}","maxammo":"-1","range":[650,650,650,650,650],"rangeBurn":"650","image":{"full":"LuluE.png","sprite":"spell7.png","group":"spell","x":96,"y":144,"w":48,"h":48},"resource":"{{ cost }} de {{ abilityresourcename }}"},{"id":"LuluR","name":"Enormamiento","description":"Lulu hace crecer a un aliado. Los enemigos cercanos salen despedidos y el aliado afectado consigue gran cantidad de vida adicional. Durante los siguientes segundos, también obtiene un aura que ralentiza a los enemigos próximos.","tooltip":"Lulu hace gigante a un aliado, lo que <status>lanza por el aire</status> a los enemigos cercanos durante {{ knockbackduration }} seg. El aliado gigante recibe <healing>{{ totalbonushealth }} de Vida Máxima</healing> y <status>ralentiza</status> a los enemigos cercanos un {{ slowpercent }}% durante {{ buffduration }} seg.{{ spellmodifierdescriptionappend }}","leveltip":{"label":["Vida adicional","Ralentización","Enfriamiento"],"effect":["{{ bonushealth }} -> {{ bonushealthNL }}","{{ slowpercent }}% -> {{ slowpercentNL }}%","{{ cooldown }} -> {{ cooldownNL }}"]},"maxrank":3,"cooldown":[120,100,80],"cooldownBurn":"120/100/80","cost":[100,100,100],"costBurn":"100","datavalues":{},"effect":[null,[0,0,0],[0,0,0],[0,0,0],[0,0,0],[0,0,0],[0,0,0],[0,0,0],[0,0,0],[0,0,0],[0,0,0]],"effectBurn":[null,"0","0","0","0","0","0","0","0","0","0"],"vars":[],"costType":" de {{ abilityresourcename }}","maxammo":"-1","range":[900,900,900],"rangeBurn":"900","image":{"full":"LuluR.png","sprite":"spell7.png","group":"spell","x":144,"y":144,"w":48,"h":48},"resource":"{{ cost }} de {{ abilityresourcename }}"}],"passive":{"name":"Pix, Compañero Hadástico","description":"Pix dispara rayos mágicos de energía cuando el campeón al que sigue ataca a otra unidad enemiga. Los rayos son dirigidos, pero otras unidades pueden interceptarlos.","image":{"full":"Lulu_PixFaerieCompanion.png","sprite":"passive2.png","group":"passive","x":144,"y":48,"w":48,"h":48}},"recommended":[]}}}