{"type":"champion","format":"standAloneComplex","version":"14.3.1","data":{"Lux":{"id":"Lux","key":"99","name":"Lux","title":"la Dama Luminosa","image":{"full":"Lux.png","sprite":"champion2.png","group":"champion","x":192,"y":48,"w":48,"h":48},"skins":[{"id":"99000","num":0,"name":"default","chromas":false},{"id":"99001","num":1,"name":"Brujita Lux","chromas":false},{"id":"99002","num":2,"name":"Lux Ladrona de Hechizos","chromas":false},{"id":"99003","num":3,"name":"Lux Comando","chromas":false},{"id":"99004","num":4,"name":"Lux Imperial","chromas":false},{"id":"99005","num":5,"name":"Lux Legión de Acero","chromas":false},{"id":"99006","num":6,"name":"Lux Guardiana Estelar","chromas":false},{"id":"99007","num":7,"name":"Lux Elementalista","chromas":false},{"id":"99008","num":8,"name":"Lux Emperatriz Lunar","chromas":true},{"id":"99014","num":14,"name":"Lux Pijama Estelar","chromas":false},{"id":"99015","num":15,"name":"Lux Academia de Combate","chromas":false},{"id":"99016","num":16,"name":"Lux Academia de Combate Prestigiosa","chromas":false},{"id":"99017","num":17,"name":"Lux Oscuridad Cósmica","chromas":false},{"id":"99018","num":18,"name":"Lux Cósmica","chromas":false},{"id":"99019","num":19,"name":"Lux Onda Espacial","chromas":true},{"id":"99029","num":29,"name":"Lux de Porcelana","chromas":true},{"id":"99038","num":38,"name":"Lux Peleadora Álmica","chromas":true},{"id":"99039","num":39,"name":"Lux Academia de Combate Prestigiosa (2022)","chromas":false},{"id":"99040","num":40,"name":"Lux de Porcelana Prestigiosa","chromas":false},{"id":"99042","num":42,"name":"Lux Empírea","chromas":true}],"lore":"Luxanna Guardia de la Corona proviene de Demacia, un reino aislado en el que la gente observa con terror y sospecha a las habilidades mágicas. Con el talento de manipular la luz a su voluntad, Lux creció temiendo que la descubrieran y exiliaran, lo que la obligó a mantener su poder en secreto para conservar el estado de nobleza de su familia. Sin embargo, su optimismo y resistencia la llevaron a aceptar sus talentos únicos y ahora los utiliza en secreto para servir a su tierra.","blurb":"Luxanna Guardia de la Corona proviene de Demacia, un reino aislado en el que la gente observa con terror y sospecha a las habilidades mágicas. Con el talento de manipular la luz a su voluntad, Lux creció temiendo que la descubrieran y exiliaran, lo que...","allytips":["Lux tiene grandes habilidades para controlar zonas. Intenta usar Singularidad Brillante para impedir que el enemigo avance o huya.","Si te cuesta dominar Barrera Prismática, recuerda que regresará a ti al llegar a su alcance máximo. Colócate de modo que alcance a tus aliados a su regreso.","Singularidad Brillante sirve para explorar. Lánzalo a la maleza antes de adentrarte en ella para evitar sorpresas."],"enemytips":["Lux tiene grandes habilidades para controlar zonas. Intenta dispersarte y atacar desde varias direcciones para que no pueda bloquear un área concreta.","Cuando te retires con poca Vida, prepárate para esquivar la Chispa Final de Lux. Un rayo rojo de mira se proyecta antes que el rayo principal, así que intenta hacerte a un lado si puedes."],"tags":["Mage","Support"],"partype":"Maná","info":{"attack":2,"defense":4,"magic":9,"difficulty":5},"stats":{"hp":580,"hpperlevel":99,"mp":480,"mpperlevel":23.5,"movespeed":330,"armor":21,"armorperlevel":5.2,"spellblock":30,"spellblockperlevel":1.3,"attackrange":550,"hpregen":5.5,"hpregenperlevel":0.55,"mpregen":7,"mpregenperlevel":0.8,"crit":0,"critperlevel":0,"attackdamage":54,"attackdamageperlevel":3.3,"attackspeedperlevel":3,"attackspeed":0.669},"spells":[{"id":"LuxLightBinding","name":"Hechizo Luminoso","description":"Lux desata una esfera de luz que atrapa e inflige daño hasta a dos unidades enemigas.","tooltip":"Lux lanza una esfera de luz que <status>inmoviliza</status> a los dos primeros enemigos que alcance durante {{ e3 }} seg y les inflige <magicDamage>{{ totaldamagett }} de daño mágico</magicDamage> a cada uno.{{ spellmodifierdescriptionappend }}","leveltip":{"label":["Daño","Enfriamiento"],"effect":["{{ e1 }} -> {{ e1NL }}","{{ cooldown }} -> {{ cooldownNL }}"]},"maxrank":5,"cooldown":[11,10.5,10,9.5,9],"cooldownBurn":"11/10.5/10/9.5/9","cost":[50,50,50,50,50],"costBurn":"50","datavalues":{},"effect":[null,[80,120,160,200,240],[50,50,50,50,50],[2,2,2,2,2],[0,0,0,0,0],[0,0,0,0,0],[0,0,0,0,0],[0,0,0,0,0],[0,0,0,0,0],[0,0,0,0,0],[0,0,0,0,0]],"effectBurn":[null,"80/120/160/200/240","50","2","0","0","0","0","0","0","0"],"vars":[],"costType":" de {{ abilityresourcename }}","maxammo":"-1","range":[1175,1175,1175,1175,1175],"rangeBurn":"1175","image":{"full":"LuxLightBinding.png","sprite":"spell7.png","group":"spell","x":192,"y":144,"w":48,"h":48},"resource":"{{ cost }} de {{ abilityresourcename }}"},{"id":"LuxPrismaticWave","name":"Barrera Prismática","description":"Lux lanza su vara y deforma la luz alrededor de cualquier objetivo aliado que alcanza, lo que los protege del daño enemigo.","tooltip":"Lux lanza su vara, lo que otorga <shield>{{ totalshieldtt }} de Escudo</shield> por {{ e3 }} seg a todos los aliados que atraviese. Luego vuelve y otorga el mismo <shield>Escudo</shield>.{{ spellmodifierdescriptionappend }}","leveltip":{"label":["Cantidad de escudo","Enfriamiento","Costo de @AbilityResourceName@"],"effect":["{{ e2 }} -> {{ e2NL }}","{{ cooldown }} -> {{ cooldownNL }}","{{ cost }} -> {{ costNL }}"]},"maxrank":5,"cooldown":[14,13,12,11,10],"cooldownBurn":"14/13/12/11/10","cost":[60,65,70,75,80],"costBurn":"60/65/70/75/80","datavalues":{},"effect":[null,[2,4,6,8,10],[40,55,70,85,100],[2.5,2.5,2.5,2.5,2.5],[100,100,100,100,100],[0,0,0,0,0],[0,0,0,0,0],[0,0,0,0,0],[0,0,0,0,0],[0,0,0,0,0],[0,0,0,0,0]],"effectBurn":[null,"2/4/6/8/10","40/55/70/85/100","2.5","100","0","0","0","0","0","0"],"vars":[],"costType":" de {{ abilityresourcename }}","maxammo":"-1","range":[1150,1150,1150,1150,1150],"rangeBurn":"1150","image":{"full":"LuxPrismaticWave.png","sprite":"spell7.png","group":"spell","x":240,"y":144,"w":48,"h":48},"resource":"{{ cost }} de {{ abilityresourcename }}"},{"id":"LuxLightStrikeKugel","name":"Singularidad Brillante","description":"Dispara una anomalía de luz retorcida en una zona que ralentiza a los enemigos cercanos. Lux puede detonarla para infligir daño a los enemigos en el área de efecto.","tooltip":"Lux crea una zona de luz que <status>ralentiza</status> un {{ e1 }}% y revela la zona. Tras {{ e3 }} seg o al <recast>volver a lanzar</recast> esta habilidad, se detona, lo que inflige <magicDamage>{{ totaldamagett }} de daño mágico</magicDamage> y <status>ralentiza</status> durante {{ slowlingerduration }} seg adicionales.{{ spellmodifierdescriptionappend }}","leveltip":{"label":["Daño","Ralentización","Costo de @AbilityResourceName@","Enfriamiento"],"effect":["{{ e2 }} -> {{ e2NL }}","{{ e1 }} -> {{ e1NL }}","{{ cost }} -> {{ costNL }}","{{ cooldown }} -> {{ cooldownNL }}"]},"maxrank":5,"cooldown":[10,9.5,9,8.5,8],"cooldownBurn":"10/9.5/9/8.5/8","cost":[70,80,90,100,110],"costBurn":"70/80/90/100/110","datavalues":{},"effect":[null,[25,30,35,40,45],[65,115,165,215,265],[5,5,5,5,5],[310,310,310,310,310],[0,0,0,0,0],[0,0,0,0,0],[0,0,0,0,0],[0,0,0,0,0],[0,0,0,0,0],[0,0,0,0,0]],"effectBurn":[null,"25/30/35/40/45","65/115/165/215/265","5","310","0","0","0","0","0","0"],"vars":[],"costType":" de {{ abilityresourcename }}","maxammo":"-1","range":[1100,1100,1100,1100,1100],"rangeBurn":"1100","image":{"full":"LuxLightStrikeKugel.png","sprite":"spell7.png","group":"spell","x":288,"y":144,"w":48,"h":48},"resource":"{{ cost }} de {{ abilityresourcename }}"},{"id":"LuxR","name":"Chispa Final","description":"Tras reunir la energía necesaria, Lux lanza un rayo de luz que inflige daño a todos los objetivos en el área. Además, activa la habilidad pasiva de Lux y restablece la duración de Iluminación.","tooltip":"Lux lanza un deslumbrante rayo de luz que inflige <magicDamage>{{ totaldamage }} de daño mágico</magicDamage> a todos los enemigos en una línea recta.{{ spellmodifierdescriptionappend }}","leveltip":{"label":["Daño","Enfriamiento"],"effect":["{{ damage }} -> {{ damageNL }}","{{ cooldown }} -> {{ cooldownNL }}"]},"maxrank":3,"cooldown":[60,50,40],"cooldownBurn":"60/50/40","cost":[100,100,100],"costBurn":"100","datavalues":{},"effect":[null,[0,0,0],[0,0,0],[0,0,0],[0,0,0],[0,0,0],[0,0,0],[0,0,0],[0,0,0],[0,0,0],[0,0,0]],"effectBurn":[null,"0","0","0","0","0","0","0","0","0","0"],"vars":[],"costType":" de {{ abilityresourcename }}","maxammo":"-1","range":[3340,3340,3340],"rangeBurn":"3340","image":{"full":"LuxR.png","sprite":"spell7.png","group":"spell","x":336,"y":144,"w":48,"h":48},"resource":"{{ cost }} de {{ abilityresourcename }}"}],"passive":{"name":"Iluminación","description":"Los hechizos dañinos de Lux cargan de energía al objetivo durante algunos segundos. Su siguiente ataque desata la energía e inflige daño mágico adicional al objetivo (según el nivel de Lux).","image":{"full":"LuxIlluminatingFraulein.png","sprite":"passive2.png","group":"passive","x":192,"y":48,"w":48,"h":48}},"recommended":[]}}}