{"type":"champion","format":"standAloneComplex","version":"14.3.1","data":{"Malphite":{"id":"Malphite","key":"54","name":"Malphite","title":"el Fragmento del Monolito","image":{"full":"Malphite.png","sprite":"champion2.png","group":"champion","x":240,"y":48,"w":48,"h":48},"skins":[{"id":"54000","num":0,"name":"default","chromas":false},{"id":"54001","num":1,"name":"Malphite Trébol","chromas":false},{"id":"54002","num":2,"name":"Malphite de los Arrecifes","chromas":false},{"id":"54003","num":3,"name":"Malphite de Mármol","chromas":false},{"id":"54004","num":4,"name":"Malphite de Obsidiana","chromas":false},{"id":"54005","num":5,"name":"Malphite Glacial","chromas":false},{"id":"54006","num":6,"name":"Malphite Mecha","chromas":true},{"id":"54007","num":7,"name":"Malphite Coraza de Hierro","chromas":false},{"id":"54016","num":16,"name":"Malphite Odisea","chromas":true},{"id":"54023","num":23,"name":"Malphite Estrella Oscura","chromas":false},{"id":"54024","num":24,"name":"Malphite Estrella Oscura Prestigioso","chromas":false},{"id":"54025","num":25,"name":"Malphite FPX","chromas":true},{"id":"54027","num":27,"name":"Malphite Dios Antiguo","chromas":true},{"id":"54037","num":37,"name":"Malphite Guardián Lunar","chromas":true}],"lore":"Como una criatura masiva de piedra viviente, Malphite lucha para imponer orden bendito en un mundo caótico. Nacido como un fragmento originario de un obelisco sobrenatural llamado Monolito, usó su tremendo poderío elemental para mantener y proteger a su progenitor, pero falló. Como el único sobreviviente de la destrucción que le siguió, Malphite ahora debe soportar a los hombres de piel suave de Runaterra y sus temperamentos cambiantes, mientras se esfuerza por buscar un rol digno para el último de su especie.","blurb":"Como una criatura masiva de piedra viviente, Malphite lucha para imponer orden bendito en un mundo caótico. Nacido como un fragmento originario de un obelisco sobrenatural llamado Monolito, usó su tremendo poderío elemental para mantener y proteger a su...","allytips":["La armadura reduce de manera natural la velocidad a la que los ataques atraviesan Escudo de Granito, así que Ataques Brutales lo refuerza frente al daño físico.","A pesar de que la progresión de sus habilidades depende de armadura, algunas partidas requieren que Malphite obtenga resistencia mágica. En esos casos, intenta conseguir Égida de la Legión, Botas de Mercurio y Ángel Guardián."],"enemytips":["Si tu personaje causa mucho daño físico, quédate tras tus aliados al combatir a Malphite. Golpe en el Suelo puede reducir de forma significativa tu capacidad de daño.","Malphite es uno de los tanques capaces de junglear. Ten cuidado si consigue Castigo."],"tags":["Tank","Fighter"],"partype":"Maná","info":{"attack":5,"defense":9,"magic":7,"difficulty":2},"stats":{"hp":644,"hpperlevel":104,"mp":280,"mpperlevel":60,"movespeed":335,"armor":37,"armorperlevel":4.95,"spellblock":28,"spellblockperlevel":2.05,"attackrange":125,"hpregen":7,"hpregenperlevel":0.55,"mpregen":7.3,"mpregenperlevel":0.55,"crit":0,"critperlevel":0,"attackdamage":62,"attackdamageperlevel":4,"attackspeedperlevel":3.4,"attackspeed":0.736},"spells":[{"id":"SeismicShard","name":"Fragmento Sísmico","description":"Malphite lanza un fragmento de tierra a su oponente a través del subsuelo. El fragmento inflige daño cuando impacta y roba velocidad de movimiento durante 3 seg.","tooltip":"Malphite lanza un fragmento de tierra a un enemigo, lo que le inflige <magicDamage>{{ qdamagecalc }} de daño mágico</magicDamage> y lo <status>ralentiza</status> un {{ e2 }}% durante {{ slowduration }} seg. Además, Malphite roba la cantidad de la <status>ralentización</status> para obtenerla como <speed>velocidad de movimiento</speed> durante {{ slowduration }} seg.{{ spellmodifierdescriptionappend }}","leveltip":{"label":["Costo de @AbilityResourceName@","Daño","Ralentización"],"effect":["{{ cost }} -> {{ costNL }}","{{ basedamage }} -> {{ basedamageNL }}","{{ e2 }}% -> {{ e2NL }}%"]},"maxrank":5,"cooldown":[8,8,8,8,8],"cooldownBurn":"8","cost":[70,75,80,85,90],"costBurn":"70/75/80/85/90","datavalues":{},"effect":[null,[70,120,170,220,270],[20,25,30,35,40],[3,3,3,3,3],[0,0,0,0,0],[0,0,0,0,0],[0,0,0,0,0],[0,0,0,0,0],[0,0,0,0,0],[0,0,0,0,0],[0,0,0,0,0]],"effectBurn":[null,"70/120/170/220/270","20/25/30/35/40","3","0","0","0","0","0","0","0"],"vars":[],"costType":" de {{ abilityresourcename }}","maxammo":"-1","range":[625,625,625,625,625],"rangeBurn":"625","image":{"full":"SeismicShard.png","sprite":"spell7.png","group":"spell","x":384,"y":144,"w":48,"h":48},"resource":"{{ cost }} de {{ abilityresourcename }}"},{"id":"Obduracy","name":"Estruendo","description":"Malphite ataca con tanta fuerza que genera un choque sónico. Durante los momentos siguientes, sus ataques crearán ondas en frente de él.","tooltip":"<spellPassive>Pasiva: </spellPassive>Malphite obtiene un <scaleArmor>{{ bonusarmorpassive*100 }}% de Armadura (%i:scaleArmor%{{ f1 }})</scaleArmor>. Este efecto aumenta a <scaleArmor>{{ bonusarmorpassive*300 }}% (%i:scaleArmor%{{ f2 }})</scaleArmor> mientras <spellName>Escudo de Granito</spellName> está activo.<br /><br /><spellPassive>Activa: </spellPassive>El siguiente ataque de Malphite inflige <physicalDamage>{{ totalbonusdamage }} de daño físico</physicalDamage> adicional y crea una onda de choque que inflige <physicalDamage>{{ thunderclapsplash }} de daño físico</physicalDamage> hacia su dirección. Sus ataques siguen generando ondas de choque durante los próximos {{ thunderclapbuffduration }} seg.{{ spellmodifierdescriptionappend }}","leveltip":{"label":["Costo de @AbilityResourceName@","Armadura","Daño","Daño en área","Enfriamiento"],"effect":["{{ cost }} -> {{ costNL }}","{{ bonusarmorpassive*100.000000 }}% -> {{ bonusarmorpassivenl*100.000000 }}%","{{ thunderclapbasedamage }} -> {{ thunderclapbasedamageNL }}","{{ thunderclapsplashdamage }} -> {{ thunderclapsplashdamageNL }}","{{ cooldown }} -> {{ cooldownNL }}"]},"maxrank":5,"cooldown":[10,9.5,9,8.5,8],"cooldownBurn":"10/9.5/9/8.5/8","cost":[30,35,40,45,50],"costBurn":"30/35/40/45/50","datavalues":{},"effect":[null,[0,0,0,0,0],[0,0,0,0,0],[0,0,0,0,0],[0,0,0,0,0],[0,0,0,0,0],[0,0,0,0,0],[0,0,0,0,0],[0,0,0,0,0],[0,0,0,0,0],[0,0,0,0,0]],"effectBurn":[null,"0","0","0","0","0","0","0","0","0","0"],"vars":[],"costType":" de {{ abilityresourcename }}","maxammo":"-1","range":[400,400,400,400,400],"rangeBurn":"400","image":{"full":"Obduracy.png","sprite":"spell7.png","group":"spell","x":432,"y":144,"w":48,"h":48},"resource":"{{ cost }} de {{ abilityresourcename }}"},{"id":"Landslide","name":"Golpe en el Suelo","description":"Malphite golpea el suelo para enviar una onda expansiva que inflige daño mágico según su armadura y reduce la velocidad de ataque de los enemigos durante un breve periodo.","tooltip":"Malphite golpea el suelo, lo que inflige <magicDamage>{{ edamagecalc }} de daño mágico</magicDamage> y reduce la <attackSpeed>Velocidad de Ataque un {{ asreduction }}%</attackSpeed> durante {{ duration }} seg.{{ spellmodifierdescriptionappend }}","leveltip":{"label":["Daño","Reducción de Velocidad de Ataque"],"effect":["{{ basedamage }} -> {{ basedamageNL }}","{{ asreduction }}% -> {{ asreductionNL }}%"]},"maxrank":5,"cooldown":[7,7,7,7,7],"cooldownBurn":"7","cost":[50,50,50,50,50],"costBurn":"50","datavalues":{},"effect":[null,[0,0,0,0,0],[0,0,0,0,0],[0,0,0,0,0],[0,0,0,0,0],[0,0,0,0,0],[0,0,0,0,0],[0,0,0,0,0],[0,0,0,0,0],[0,0,0,0,0],[0,0,0,0,0]],"effectBurn":[null,"0","0","0","0","0","0","0","0","0","0"],"vars":[],"costType":" de {{ abilityresourcename }}","maxammo":"-1","range":[400,400,400,400,400],"rangeBurn":"400","image":{"full":"Landslide.png","sprite":"spell8.png","group":"spell","x":0,"y":0,"w":48,"h":48},"resource":"{{ cost }} de {{ abilityresourcename }}"},{"id":"UFSlash","name":"Fuerza Imparable","description":"Malphite se lanza hacia una ubicación con gran velocidad para infligir daño a enemigos y lanzarlos por el aire.","tooltip":"Malphite ataca con la fuerza de una avalancha y se desplaza sin detenerse. Al final del desplazamiento, Malphite <status>lanza por el aire</status> durante {{ knockupduration }} seg e inflige <magicDamage>{{ totaldamage }} de daño mágico</magicDamage>.{{ spellmodifierdescriptionappend }}","leveltip":{"label":["Enfriamiento","Daño"],"effect":["{{ cooldown }} -> {{ cooldownNL }}","{{ e2 }} -> {{ e2NL }}"]},"maxrank":3,"cooldown":[130,105,80],"cooldownBurn":"130/105/80","cost":[100,100,100],"costBurn":"100","datavalues":{},"effect":[null,[1.5,1.75,2],[200,300,400],[1.5,1.5,1.5],[0,0,0],[0,0,0],[0,0,0],[0,0,0],[0,0,0],[0,0,0],[0,0,0]],"effectBurn":[null,"1.5/1.75/2","200/300/400","1.5","0","0","0","0","0","0","0"],"vars":[],"costType":" de {{ abilityresourcename }}","maxammo":"-1","range":[1000,1000,1000],"rangeBurn":"1000","image":{"full":"UFSlash.png","sprite":"spell8.png","group":"spell","x":48,"y":0,"w":48,"h":48},"resource":"{{ cost }} de {{ abilityresourcename }}"}],"passive":{"name":"Escudo de Granito","description":"Malphite está protegido por una capa de piedra que absorbe daño hasta un 10% de su Vida Máxima. Este efecto se recarga si Malphite no ha recibido daño durante unos segundos.","image":{"full":"Malphite_GraniteShield.png","sprite":"passive2.png","group":"passive","x":240,"y":48,"w":48,"h":48}},"recommended":[]}}}