{"type":"champion","format":"standAloneComplex","version":"14.3.1","data":{"Malzahar":{"id":"Malzahar","key":"90","name":"Malzahar","title":"el Profeta del Vacío","image":{"full":"Malzahar.png","sprite":"champion2.png","group":"champion","x":288,"y":48,"w":48,"h":48},"skins":[{"id":"90000","num":0,"name":"default","chromas":false},{"id":"90001","num":1,"name":"Visir Malzahar","chromas":false},{"id":"90002","num":2,"name":"Príncipe de las Sombras Malzahar","chromas":false},{"id":"90003","num":3,"name":"Genio Malzahar","chromas":false},{"id":"90004","num":4,"name":"Malzahar Soberano","chromas":false},{"id":"90005","num":5,"name":"Malzahar Día Nevado","chromas":true},{"id":"90006","num":6,"name":"Malzahar Subjefe","chromas":false},{"id":"90007","num":7,"name":"Malzahar Hextech","chromas":false},{"id":"90009","num":9,"name":"Malzahar Rompemundos","chromas":true},{"id":"90018","num":18,"name":"Mielzahar","chromas":true},{"id":"90028","num":28,"name":"Malzahar Gallardo","chromas":true},{"id":"90038","num":38,"name":"Malzahar Tres Honores","chromas":false}],"lore":"Como vidente fanático dedicado a la unificación de toda la vida, Malzahar realmente cree que el recién emergido Vacío es el camino a la salvación de Runaterra. En los páramos desérticos de Shurima, siguió los susurros en su mente que lo llevaron a la antigua Icathia. En las ruinas de aquella tierra, miró hacia el oscuro corazón del mismísimo Vacío, lo que le otorgó nuevos poderes y un propósito. Ahora, Malzahar cree que es un pastor con el poder de llevar a otros al rebaño... o de desatar las criaturas del Vacío que moran debajo.","blurb":"Como vidente fanático dedicado a la unificación de toda la vida, Malzahar realmente cree que el recién emergido Vacío es el camino a la salvación de Runaterra. En los páramos desérticos de Shurima, siguió los susurros en su mente que lo llevaron a la...","allytips":["Lanza Enjambre del Vacío cuando haya enemigos cerca que los Entes del Vacío puedan atacar o matar.","Usa Llamado del Vacío y Agarre Infernal para renovar la duración de las Visiones Maléficas que afectan a los enemigos.","Evitar el daño en el carril maximiza el tiempo de Suspensión del Vacío, lo que aumenta mucho la seguridad de Malzahar."],"enemytips":["Cuando Malzahar lanza un hechizo contra enemigos afectados por Visiones Maléficas, las visiones se renuevan.","Evita las oleadas de súbditos afectados por Visiones Maléficas, nunca sabes cuándo pueden morir y pasártelas.","Malzahar es especialmente peligroso cuando dispone de todo su Enjambre del Vacío."],"tags":["Mage","Assassin"],"partype":"Maná","info":{"attack":2,"defense":2,"magic":9,"difficulty":6},"stats":{"hp":580,"hpperlevel":101,"mp":375,"mpperlevel":28,"movespeed":335,"armor":18,"armorperlevel":4.7,"spellblock":30,"spellblockperlevel":1.3,"attackrange":500,"hpregen":6,"hpregenperlevel":0.6,"mpregen":8,"mpregenperlevel":0.8,"crit":0,"critperlevel":0,"attackdamage":55,"attackdamageperlevel":3,"attackspeedperlevel":1.5,"attackspeed":0.625},"spells":[{"id":"MalzaharQ","name":"Llamado del Vacío","description":"Malzahar abre dos portales al Vacío. Después de un breve momento, disparan proyectiles que infligen daño mágico y silencian a los campeones enemigos.","tooltip":"Malzahar abre dos portales al Vacío que disparan proyectiles hacia su interior, lo que inflige <magicDamage>{{ totaldamagetooltip }} de daño mágico</magicDamage> y <status>silencia</status> durante {{ e2 }} seg.{{ spellmodifierdescriptionappend }}","leveltip":{"label":["Daño","Duración de silencio"],"effect":["{{ e1 }} -> {{ e1NL }}","{{ e2 }} -> {{ e2NL }}"]},"maxrank":5,"cooldown":[6,6,6,6,6],"cooldownBurn":"6","cost":[80,80,80,80,80],"costBurn":"80","datavalues":{},"effect":[null,[70,105,140,175,210],[1,1.25,1.5,1.75,2],[0.4,0.4,0.4,0.4,0.4],[0,0,0,0,0],[0,0,0,0,0],[0,0,0,0,0],[0,0,0,0,0],[0,0,0,0,0],[0,0,0,0,0],[0,0,0,0,0]],"effectBurn":[null,"70/105/140/175/210","1/1.25/1.5/1.75/2","0.4","0","0","0","0","0","0","0"],"vars":[],"costType":" de {{ abilityresourcename }}","maxammo":"-1","range":[900,900,900,900,900],"rangeBurn":"900","image":{"full":"MalzaharQ.png","sprite":"spell8.png","group":"spell","x":96,"y":0,"w":48,"h":48},"resource":"{{ cost }} de {{ abilityresourcename }}"},{"id":"MalzaharW","name":"Enjambre del Vacío","description":"Malzahar invoca Entes del Vacío para atacar a los enemigos cercanos.","tooltip":"<spellPassive>Pasiva:</spellPassive> Las otras habilidades de Malzahar le otorgan una acumulación al lanzarlas (máximo {{ stackcap }}).<br /><br /><spellActive>Activa:</spellActive> Malzahar invoca un Ente del Vacío más un ente adicional por acumulación. Los Entes del Vacío duran {{ voidlingduration }} seg e infligen <magicDamage>{{ voidlingbonusdamagetooltip }} de daño mágico</magicDamage> adicional con cada golpe.{{ spellmodifierdescriptionappend }}","leveltip":{"label":["Daño adicional de Entes del Vacío","Duración de Entes del Vacío","Costo de @AbilityResourceName@"],"effect":["{{ e2 }} -> {{ e2NL }}","{{ e1 }} -> {{ e1NL }}","{{ cost }} -> {{ costNL }}"]},"maxrank":5,"cooldown":[8,8,8,8,8],"cooldownBurn":"8","cost":[40,45,50,55,60],"costBurn":"40/45/50/55/60","datavalues":{},"effect":[null,[8,8,9,9,10],[12,14,16,18,20],[3,3,3,3,3],[0.5,0.5,0.5,0.5,0.5],[25000,25000,25000,25000,25000],[2,2,2,2,2],[0.5,0.5,0.5,0.5,0.5],[0,0,0,0,0],[0,0,0,0,0],[0,0,0,0,0]],"effectBurn":[null,"8/8/9/9/10","12/14/16/18/20","3","0.5","25000","2","0.5","0","0","0"],"vars":[],"costType":" de {{ abilityresourcename }}","maxammo":"0","range":[150,150,150,150,150],"rangeBurn":"150","image":{"full":"MalzaharW.png","sprite":"spell8.png","group":"spell","x":144,"y":0,"w":48,"h":48},"resource":"{{ cost }} de {{ abilityresourcename }}"},{"id":"MalzaharE","name":"Visiones Maléficas","description":"Malzahar infecta la mente de su objetivo con crueles visiones de su muerte, lo que inflige daño prolongado. Al usar otros hechizos de Malzahar sobre el objetivo, se restablecerán las visiones.<br><br>Si el objetivo muere al estar bajo los efectos de las visiones, se trasferirán a una unidad enemiga cercana y Malzahar obtendrá maná. Las unidades afectadas atraen a los Entes del Vacío de Malzahar.","tooltip":"Malzahar causa visiones terribles, lo que inflige <magicDamage>{{ totaldamage }} de daño mágico</magicDamage> a lo largo de {{ duration }} segundos. Aplicar <spellName>Llamado del Vacío</spellName> o <spellName>Agarre Infernal</spellName> a la víctima durante este periodo, restablece las visiones.<br /><br />Si la víctima muere, Malzahar gana <scaleMana>{{ manarestore }} de Maná</scaleMana> y las visiones se propagan al enemigo más cercano.<br /><br /><rules>Visiones Maléficas ejecuta súbditos con menos de {{ minionexecutethreshold }} de Vida.</rules>{{ spellmodifierdescriptionappend }}","leveltip":{"label":["Daño","Enfriamiento","Costo de @AbilityResourceName@"],"effect":["{{ basedamage }} -> {{ basedamageNL }}","{{ cooldown }} -> {{ cooldownNL }}","{{ cost }} -> {{ costNL }}"]},"maxrank":5,"cooldown":[15,13,11,9,7],"cooldownBurn":"15/13/11/9/7","cost":[60,70,80,90,100],"costBurn":"60/70/80/90/100","datavalues":{},"effect":[null,[0,0,0,0,0],[0,0,0,0,0],[0,0,0,0,0],[8,8,8,8,8],[2,2,2,2,2],[0,0,0,0,0],[0,0,0,0,0],[0,0,0,0,0],[0,0,0,0,0],[0,0,0,0,0]],"effectBurn":[null,"0","0","0","8","2","0","0","0","0","0"],"vars":[],"costType":" de {{ abilityresourcename }}","maxammo":"-1","range":[650,650,650,650,650],"rangeBurn":"650","image":{"full":"MalzaharE.png","sprite":"spell8.png","group":"spell","x":192,"y":0,"w":48,"h":48},"resource":"{{ cost }} de {{ abilityresourcename }}"},{"id":"MalzaharR","name":"Agarre Infernal","description":"Malzahar canaliza la esencia del Vacío para suprimir a un campeón enemigo sobre una zona de energía negativa.","tooltip":"Malzahar <status>suprime</status> a un campeón enemigo e inflige <magicDamage>{{ totaldamagetooltip }} de daño mágico</magicDamage> a lo largo de {{ e4 }} seg. Una zona de energía negativa se crea alrededor de su objetivo, lo que inflige un <magicDamage>{{ zonedamagetooltip }} de su Vida Máxima como daño mágico</magicDamage> a lo largo de {{ e3 }} seg.{{ spellmodifierdescriptionappend }}","leveltip":{"label":["Daño de Agarre Infernal","Daño por segundo de Zona Nula","Enfriamiento"],"effect":["{{ e7 }} -> {{ e7NL }}","{{ e1 }}% -> {{ e1NL }}%","{{ cooldown }} -> {{ cooldownNL }}"]},"maxrank":3,"cooldown":[140,110,80],"cooldownBurn":"140/110/80","cost":[100,100,100],"costBurn":"100","datavalues":{},"effect":[null,[2,3,4],[120,100,80],[5,5,5],[2.5,2.5,2.5],[120,120,120],[10,10,10],[125,200,275],[1250,1250,1250],[0,0,0],[0,0,0]],"effectBurn":[null,"2/3/4","120/100/80","5","2.5","120","10","125/200/275","1250","0","0"],"vars":[],"costType":" de {{ abilityresourcename }}","maxammo":"-1","range":[700,700,700],"rangeBurn":"700","image":{"full":"MalzaharR.png","sprite":"spell8.png","group":"spell","x":240,"y":0,"w":48,"h":48},"resource":"{{ cost }} de {{ abilityresourcename }}"}],"passive":{"name":"Suspensión del Vacío","description":"Cuando no ha recibido daño o no ha estado bajo el efecto de control de masas recientemente, Malzahar obtiene gran reducción de daño e inmunidad al control de masas, que se mantiene durante un breve momento tras recibir daño.","image":{"full":"Malzahar_Passive.png","sprite":"passive2.png","group":"passive","x":288,"y":48,"w":48,"h":48}},"recommended":[]}}}