{"type":"champion","format":"standAloneComplex","version":"14.3.1","data":{"Maokai":{"id":"Maokai","key":"57","name":"Maokai","title":"el Treant Retorcido","image":{"full":"Maokai.png","sprite":"champion2.png","group":"champion","x":336,"y":48,"w":48,"h":48},"skins":[{"id":"57000","num":0,"name":"default","chromas":false},{"id":"57001","num":1,"name":"Maokai Carbonizado","chromas":false},{"id":"57002","num":2,"name":"Maokai Totémico","chromas":false},{"id":"57003","num":3,"name":"Maokai Festivo","chromas":false},{"id":"57004","num":4,"name":"Maokai Embrujado","chromas":false},{"id":"57005","num":5,"name":"Maokai Guardavallas","chromas":false},{"id":"57006","num":6,"name":"Miaukai","chromas":true},{"id":"57007","num":7,"name":"Maokai Victorioso","chromas":false},{"id":"57016","num":16,"name":"Maokai Rompemundos","chromas":true},{"id":"57024","num":24,"name":"AstroMaokai","chromas":true},{"id":"57033","num":33,"name":"Maokai DRX","chromas":true}],"lore":"Maokai es un imponente y feroz treant que lucha contra los horrores antinaturales de las Islas de la Sombra. Las ansias de venganza lo inundaron después de que un cataclismo mágico destruyera su hogar y sobrevive a la podredumbre únicamente gracias las aguas de vida imbuidas en su duramen. Maokai, antaño un pacífico espíritu de la naturaleza, lucha ahora con fiereza para desterrar la plaga de no-vida de las Islas de la Sombra y restituir la anterior belleza de su hogar.","blurb":"Maokai es un imponente y feroz treant que lucha contra los horrores antinaturales de las Islas de la Sombra. Las ansias de venganza lo inundaron después de que un cataclismo mágico destruyera su hogar y sobrevive a la podredumbre únicamente gracias las...","allytips":["Puedes lanzar retoños a la maleza para lograr un mayor efecto, aunque no se acumulan bien.","Busca oportunidades de flanqueo u otras situaciones en las que Agarre de la Naturaleza sea inevitable o tome a los enemigos por sorpresa.","La pasiva de Maokai lo hace muy resistente contra hechizos enfocados en él, siempre y cuando pueda usar sus ataques básicos."],"enemytips":["Los retoños persiguen al primer enemigo que se acerque demasiado, aunque explotarán tras pocos segundos o si chocan con otros enemigos. Ten especial cuidado al estar cerca de los retoños en la maleza, porque son mucho más peligrosos.","El enfriamiento de la autocuración de Maokai está muy restringido por la cantidad de veces que sea golpeado con hechizos. Intenta no malgastar habilidades en él.","Maokai evita recibir daño mientras usa Avance Retorcido, así que no desperdicies tus hechizos."],"tags":["Tank","Mage"],"partype":"Maná","info":{"attack":3,"defense":8,"magic":6,"difficulty":3},"stats":{"hp":635,"hpperlevel":109,"mp":375,"mpperlevel":43,"movespeed":335,"armor":39,"armorperlevel":5.2,"spellblock":32,"spellblockperlevel":2.05,"attackrange":125,"hpregen":5,"hpregenperlevel":0.75,"mpregen":6,"mpregenperlevel":0.6,"crit":0,"critperlevel":0,"attackdamage":64,"attackdamageperlevel":3.3,"attackspeedperlevel":2.125,"attackspeed":0.8},"spells":[{"id":"MaokaiQ","name":"Aplastamiento Espinoso","description":"Maokai empuja a los enemigos cercanos con una onda de choque, lo que inflige daño mágico y los ralentiza.","tooltip":"Maokai golpea sus puños contra el suelo e inflige <magicDamage>{{ totaldamage }} más un {{ basepercenthealth*100 }}% de la Vida Máxima como daño mágico</magicDamage> y <status>ralentiza</status> a los enemigos brevemente. Los enemigos cercanos también son <status>lanzados hacia atrás</status>.{{ spellmodifierdescriptionappend }}","leveltip":{"label":["Daño","% Vida máxima","Daño a monstruos","Enfriamiento"],"effect":["{{ basedamage }} -> {{ basedamageNL }}","{{ basepercenthealth*100.000000 }}% -> {{ basepercenthealthnl*100.000000 }}%","{{ bonusmonsterdamage }} -> {{ bonusmonsterdamageNL }}","{{ cooldown }} -> {{ cooldownNL }}"]},"maxrank":5,"cooldown":[7,6.5,6,5.5,5],"cooldownBurn":"7/6.5/6/5.5/5","cost":[40,40,40,40,40],"costBurn":"40","datavalues":{},"effect":[null,[0,0,0,0,0],[0,0,0,0,0],[0,0,0,0,0],[0,0,0,0,0],[0,0,0,0,0],[0,0,0,0,0],[0,0,0,0,0],[0,0,0,0,0],[0,0,0,0,0],[0,0,0,0,0]],"effectBurn":[null,"0","0","0","0","0","0","0","0","0","0"],"vars":[],"costType":" de {{ abilityresourcename }}","maxammo":"-1","range":[600,600,600,600,600],"rangeBurn":"600","image":{"full":"MaokaiQ.png","sprite":"spell8.png","group":"spell","x":288,"y":0,"w":48,"h":48},"resource":"{{ cost }} de {{ abilityresourcename }}"},{"id":"MaokaiW","name":"Avance Retorcido","description":"Maokai se transforma en una masa de raíces en movimiento, lo que lo vuelve inalcanzable y se desplaza hacia el enemigo. Al llegar, inmoviliza al objetivo.","tooltip":"Maokai se transforma en una masa andante de raíces, convirtiéndose en Inalcanzable y corriendo hacia un enemigo. Al llegar, <status>inmoviliza</status> al enemigo por {{ e2 }} seg e inflige <magicDamage>{{ totaldamage }} de daño mágico</magicDamage>. {{ spellmodifierdescriptionappend }}","leveltip":{"label":["Daño","Duración de inmovilización","Enfriamiento"],"effect":["{{ basedamage }} -> {{ basedamageNL }}","{{ e2 }} -> {{ e2NL }}","{{ cooldown }} -> {{ cooldownNL }}"]},"maxrank":5,"cooldown":[13,12,11,10,9],"cooldownBurn":"13/12/11/10/9","cost":[60,60,60,60,60],"costBurn":"60","datavalues":{},"effect":[null,[60,85,110,135,160],[1,1.1,1.2,1.3,1.4],[0,0,0,0,0],[0,0,0,0,0],[1300,1300,1300,1300,1300],[0,0,0,0,0],[0,0,0,0,0],[0,0,0,0,0],[0,0,0,0,0],[0,0,0,0,0]],"effectBurn":[null,"60/85/110/135/160","1/1.1/1.2/1.3/1.4","0","0","1300","0","0","0","0","0"],"vars":[],"costType":" de {{ abilityresourcename }}","maxammo":"-1","range":[525,525,525,525,525],"rangeBurn":"525","image":{"full":"MaokaiW.png","sprite":"spell8.png","group":"spell","x":336,"y":0,"w":48,"h":48},"resource":"{{ cost }} de {{ abilityresourcename }}"},{"id":"MaokaiE","name":"Lanzamiento de Retoño","description":"Maokai arroja un retoño a la zona objetivo para que la vigile. Es más efectivo en la maleza.","tooltip":"Maokai lanza un retoño que vigila el área durante {{ saplingduration }} seg. Los retoños persiguen a los enemigos cercanos y detonan al llegar, lo que inflige <magicDamage>{{ totaldamage }} de daño mágico</magicDamage> y <status>ralentizan</status> a los enemigos cercanos un {{ slowamount*100 }}% durante {{ slowduration }} seg. El enfriamiento de <keywordMajor>Extracción de Magia</keywordMajor> se reduce en 4 seg más si el retoño impacta a un campeón enemigo o a un monstruo épico.<br /><br />Si los retoños se colocan en la maleza, durarán {{ empoweredsaplingduration }} seg y causarán una explosión más grande que infligirá <magicDamage>{{ totalempowereddamage }} de daño mágico</magicDamage> durante {{ empowereddotduration }} seg y <status>ralentizará</status> a los enemigos un {{ empoweredslowamount }}.{{ spellmodifierdescriptionappend }}","leveltip":{"label":["Daño","Daño potenciado","Enfriamiento","Costo de @AbilityResourceName@"],"effect":["{{ basedamage }} -> {{ basedamageNL }}","{{ empoweredbasedamage }} -> {{ empoweredbasedamageNL }}","{{ cooldown }} -> {{ cooldownNL }}","{{ cost }} -> {{ costNL }}"]},"maxrank":5,"cooldown":[16,15,14,13,12],"cooldownBurn":"16/15/14/13/12","cost":[60,65,70,75,80],"costBurn":"60/65/70/75/80","datavalues":{},"effect":[null,[0,0,0,0,0],[0,0,0,0,0],[0,0,0,0,0],[0,0,0,0,0],[0,0,0,0,0],[0,0,0,0,0],[0,0,0,0,0],[0,0,0,0,0],[0,0,0,0,0],[0,0,0,0,0]],"effectBurn":[null,"0","0","0","0","0","0","0","0","0","0"],"vars":[],"costType":" de {{ abilityresourcename }}","maxammo":"-1","range":[1100,1100,1100,1100,1100],"rangeBurn":"1100","image":{"full":"MaokaiE.png","sprite":"spell8.png","group":"spell","x":384,"y":0,"w":48,"h":48},"resource":"{{ cost }} de {{ abilityresourcename }}"},{"id":"MaokaiR","name":"Agarre de la Naturaleza","description":"Maokai invoca un muro colosal de espinas que avanza hacia adelante lentamente, lo que inflige daño e inmoviliza a los enemigos en el camino.","tooltip":"Maokai invoca una ola colosal de zarzas y espinas, la cual <status>inmoviliza</status> a los enemigos de {{ minrootduration }} a {{ maxrootduration }} seg y aumenta con la distancia recorrida para infligir <magicDamage>{{ totaldamage }} de daño mágico</magicDamage>. Golpear a un campeón le otorga a Maokai un <speed>{{ movehaste*100 }}% de Velocidad de Movimiento</speed> que decae a lo largo de {{ hasteduration }} seg. {{ spellmodifierdescriptionappend }}","leveltip":{"label":["Daño","Velocidad de movimiento","Enfriamiento"],"effect":["{{ basedamage }} -> {{ basedamageNL }}","{{ movehaste*100.000000 }}% -> {{ movehastenl*100.000000 }}%","{{ cooldown }} -> {{ cooldownNL }}"]},"maxrank":3,"cooldown":[130,110,90],"cooldownBurn":"130/110/90","cost":[100,100,100],"costBurn":"100","datavalues":{},"effect":[null,[0,0,0],[0.6,0.6,0.6],[0,0,0],[0,0,0],[0,0,0],[0,0,0],[0,0,0],[0,0,0],[0,0,0],[0,0,0]],"effectBurn":[null,"0","0.6","0","0","0","0","0","0","0","0"],"vars":[],"costType":" de {{ abilityresourcename }}","maxammo":"-1","range":[3000,3000,3000],"rangeBurn":"3000","image":{"full":"MaokaiR.png","sprite":"spell8.png","group":"spell","x":432,"y":0,"w":48,"h":48},"resource":"{{ cost }} de {{ abilityresourcename }}"}],"passive":{"name":"Extracción de Magia","description":"El ataque básico de Maokai también lo cura e inflige daño adicional en un enfriamiento moderado. Cada vez que Maokai lanza un hechizo o es golpeado por un hechizo enemigo, el enfriamiento se reduce.","image":{"full":"Maokai_Passive.png","sprite":"passive2.png","group":"passive","x":336,"y":48,"w":48,"h":48}},"recommended":[]}}}