{"type":"champion","format":"standAloneComplex","version":"14.3.1","data":{"MasterYi":{"id":"MasterYi","key":"11","name":"Maestro Yi","title":"la Espada Wuju","image":{"full":"MasterYi.png","sprite":"champion2.png","group":"champion","x":384,"y":48,"w":48,"h":48},"skins":[{"id":"11000","num":0,"name":"default","chromas":false},{"id":"11001","num":1,"name":"Maestro Yi Asesino","chromas":false},{"id":"11002","num":2,"name":"Yi el Elegido","chromas":false},{"id":"11003","num":3,"name":"Maestro Yi de Jonia","chromas":false},{"id":"11004","num":4,"name":"Yi Samurái","chromas":false},{"id":"11005","num":5,"name":"Maestro Yi Cazador de Cabezas","chromas":true},{"id":"11009","num":9,"name":"PROYECTO: Yi","chromas":false},{"id":"11010","num":10,"name":"Maestro Yi Espada Cósmica","chromas":false},{"id":"11011","num":11,"name":"Yi Espada Eterna","chromas":true},{"id":"11017","num":17,"name":"Yi Muñeco de Nieve","chromas":true},{"id":"11024","num":24,"name":"Maestro Yi Luna de Sangre","chromas":false},{"id":"11033","num":33,"name":"Maestro Yi PsyOps","chromas":false},{"id":"11042","num":42,"name":"Maestro Yi Gallardo","chromas":false},{"id":"11052","num":52,"name":"Maestro Yi Flor Espiritual","chromas":false},{"id":"11053","num":53,"name":"Maestro Yi Flor Espiritual Prestigioso","chromas":true},{"id":"11089","num":89,"name":"Maestro Yi Tinta Sombría","chromas":false},{"id":"11096","num":96,"name":"Maestro Yi Reino Celestial","chromas":false}],"lore":"El Maestro Yi templó su cuerpo y afinó su mente para que su forma de pensar y actuar se convirtieran casi en uno. A pesar de que solo elige actuar con violencia como último recurso, la gracia y la velocidad de su espada garantizan que la resolución siempre sea ágil. Como uno de los últimos practicantes del arte jonio de Wuju, Yi ha dedicado su vida a continuar el legado de su gente y a buscar posibles nuevos discípulos con las Siete Gafas del Saber para identificar a los más dignos.","blurb":"El Maestro Yi templó su cuerpo y afinó su mente para que su forma de pensar y actuar se convirtieran casi en uno. A pesar de que solo elige actuar con violencia como último recurso, la gracia y la velocidad de su espada garantizan que la resolución...","allytips":["Si estás en carril contra campeones a distancia, subir Meditación de nivel te permitirá permanecer más tiempo en el carril y subir de nivel más rápido que ellos.","Al principio de las partidas, Estilo Wuju es muy eficaz para asestar últimos golpes a los súbditos.","Intenta usar Golpe Alfa en un súbdito que esté adelante de un campeón enemigo para colocarte a una distancia segura al final del hechizo."],"enemytips":["Meditar es eficaz para curar Vida a lo largo del tiempo, pero, al principio del juego, el Maestro Yi es vulnerable a las emboscadas coordinadas.","Si el Maestro Yi intenta matar súbditos con Golpe Alfa, golpéalo repetidamente y oblígalo a gastar Maná haciendo que se cure con Meditar.","Aunque el Maestro Yi no puede ser ralentizado mientras usa Imparable, otras incapacitaciones pueden frenarlo en seco."],"tags":["Assassin","Fighter"],"partype":"Maná","info":{"attack":10,"defense":4,"magic":2,"difficulty":4},"stats":{"hp":669,"hpperlevel":100,"mp":251,"mpperlevel":42,"movespeed":355,"armor":33,"armorperlevel":4.2,"spellblock":32,"spellblockperlevel":2.05,"attackrange":175,"hpregen":7.5,"hpregenperlevel":0.65,"mpregen":7.25,"mpregenperlevel":0.45,"crit":0,"critperlevel":0,"attackdamage":65,"attackdamageperlevel":2.2,"attackspeedperlevel":2,"attackspeed":0.679},"spells":[{"id":"AlphaStrike","name":"Golpe Alfa","description":"El Maestro Yi se teletransporta por el campo de batalla a toda velocidad, lo que inflige daño a múltiples unidades a su paso y se vuelve inalcanzable. Golpe Alfa puede infligir golpes críticos e inflige daño físico adicional contra monstruos. Los ataques básicos reducen el enfriamiento de Golpe Alfa.","tooltip":"Maestro Yi se vuelve inalcanzable y se teletransporta para golpear enemigos rápidamente cerca de su objetivo, lo que inflige <physicalDamage>{{ totaldamage }} de daño físico</physicalDamage> a todos los enemigos después de {{ alphastrikebounces }} golpes. <br /><br />Esta habilidad puede golpear al mismo enemigo varias veces si no hay otros objetivos, lo que inflige un {{ subsequenthitmultiplier*100 }}% de daño en los golpes siguientes (<physicalDamage>{{ subesquentdamage }}</physicalDamage>) hasta un total máximo de <physicalDamage>{{ singletotaldamage }} de daño físico</physicalDamage> para un solo objetivo.{{ spellmodifierdescriptionappend }}","leveltip":{"label":["Daño","Daño adicional a monstruos","Enfriamiento","Costo de @AbilityResourceName@"],"effect":["{{ basedamage }} -> {{ basedamageNL }}","{{ bonusmonsterdamage }} -> {{ bonusmonsterdamageNL }}","{{ cooldown }} -> {{ cooldownNL }}","{{ cost }} -> {{ costNL }}"]},"maxrank":5,"cooldown":[20,19.5,19,18.5,18],"cooldownBurn":"20/19.5/19/18.5/18","cost":[50,55,60,65,70],"costBurn":"50/55/60/65/70","datavalues":{},"effect":[null,[0,0,0,0,0],[0,0,0,0,0],[0,0,0,0,0],[0,0,0,0,0],[0,0,0,0,0],[0,0,0,0,0],[0,0,0,0,0],[0,0,0,0,0],[0,0,0,0,0],[0,0,0,0,0]],"effectBurn":[null,"0","0","0","0","0","0","0","0","0","0"],"vars":[],"costType":" de {{ abilityresourcename }}","maxammo":"-1","range":[600,600,600,600,600],"rangeBurn":"600","image":{"full":"AlphaStrike.png","sprite":"spell8.png","group":"spell","x":0,"y":48,"w":48,"h":48},"resource":"{{ cost }} de {{ abilityresourcename }}"},{"id":"Meditate","name":"Meditación","description":"El Maestro Yi enfoca su mente para rejuvenecer su cuerpo, lo que restaura vida y reduce el daño recibido por unos momentos. Además, el Maestro Yi obtiene acumulaciones de Golpe Doble y pausa la duración restante de Estilo Wuju e Imparable por cada segundo de canalización.","tooltip":"Maestro Yi canaliza, lo que restaura <healing>{{ totalheal }} de Vida</healing> a lo largo de {{ healduration }} seg. Esta curación aumenta hasta en un {{ maxmissinghealthpercent*100 }}% según la vida faltante del Maestro Yi.<br /><br />Al canalizar y tras los primeros {{ drlinger }} seg, recibe {{ initialdr }} de daño reducido, que disminuye a un {{ damagereduction*100 }}% tras los primeros {{ initialextradrduration }} seg.{{ spellmodifierdescriptionappend }}","leveltip":{"label":["Vida restaurada","Reducción de daño"],"effect":["{{ baseheal }} -> {{ basehealNL }}","{{ damagereduction*100.000000 }}% -> {{ damagereductionnl*100.000000 }}%"]},"maxrank":5,"cooldown":[9,9,9,9,9],"cooldownBurn":"9","cost":[40,40,40,40,40],"costBurn":"40","datavalues":{},"effect":[null,[0,0,0,0,0],[0,0,0,0,0],[0,0,0,0,0],[0,0,0,0,0],[0,0,0,0,0],[0,0,0,0,0],[0,0,0,0,0],[0,0,0,0,0],[0,0,0,0,0],[0,0,0,0,0]],"effectBurn":[null,"0","0","0","0","0","0","0","0","0","0"],"vars":[],"costType":" de Maná (+{{ percentmanacostpersecond*100 }}% del Maná máximo por segundo)","maxammo":"-1","range":[20,20,20,20,20],"rangeBurn":"20","image":{"full":"Meditate.png","sprite":"spell8.png","group":"spell","x":48,"y":48,"w":48,"h":48},"resource":"{{ basemanacost }} de Maná (+{{ percentmanacostpersecond*100 }}% del Maná máximo por segundo)"},{"id":"WujuStyle","name":"Estilo Wuju","description":"Otorga daño verdadero adicional a los ataques básicos.","tooltip":"Los ataques del Maestro Yi infligen <trueDamage>{{ totaldamage }} de daño verdadero</trueDamage> durante {{ duration }} seg.{{ spellmodifierdescriptionappend }}","leveltip":{"label":["Daño"],"effect":["{{ basedamage }} -> {{ basedamageNL }}"]},"maxrank":5,"cooldown":[14,14,14,14,14],"cooldownBurn":"14","cost":[0,0,0,0,0],"costBurn":"0","datavalues":{},"effect":[null,[0,0,0,0,0],[0,0,0,0,0],[0,0,0,0,0],[0,0,0,0,0],[0,0,0,0,0],[0,0,0,0,0],[0,0,0,0,0],[0,0,0,0,0],[0,0,0,0,0],[0,0,0,0,0]],"effectBurn":[null,"0","0","0","0","0","0","0","0","0","0"],"vars":[],"costType":"Sin costo","maxammo":"-1","range":[20,20,20,20,20],"rangeBurn":"20","image":{"full":"WujuStyle.png","sprite":"spell8.png","group":"spell","x":96,"y":48,"w":48,"h":48},"resource":"Sin costo"},{"id":"Highlander","name":"Imparable","description":"El Maestro Yi se mueve con una agilidad inigualable, lo que aumenta su velocidad de movimiento y de ataque de forma temporal, además de hacerlo inmune a todas las ralentizaciones. Al estar activa, los asesinatos o asistencias contra campeones extienden la duración de Imparable. Reduce el enfriamiento de sus otras habilidades de forma pasiva con cada asesinato o asistencia.","tooltip":"<spellPassive>Pasiva:</spellPassive> Los derribos de campeones reducen los enfriamientos restantes de las habilidades básicas del Maestro Yi un {{ rcooldownrefund*100 }}%.<br /><br /><spellActive>Activa:</spellActive> Maestro Yi entra en trance y obtiene un <speed>{{ rmsbonus }}% de Velocidad de Movimiento</speed>, un <attackSpeed>{{ rasbonus }}% de Velocidad de Ataque</attackSpeed> e inmunidad a las <status>ralentizaciones</status> durante {{ rduration }} seg. Los derribos de campeones extienden la duración de esta habilidad en {{ rkillassistextension }} seg.{{ spellmodifierdescriptionappend }}","leveltip":{"label":["Velocidad de ataque","Velocidad de movimiento"],"effect":["{{ rasbonus }}% -> {{ rasbonusNL }}%","{{ rmsbonus }}% -> {{ rmsbonusNL }}%"]},"maxrank":3,"cooldown":[85,85,85],"cooldownBurn":"85","cost":[100,100,100],"costBurn":"100","datavalues":{},"effect":[null,[0,0,0],[0,0,0],[0,0,0],[0,0,0],[0,0,0],[0,0,0],[0,0,0],[0,0,0],[0,0,0],[0,0,0]],"effectBurn":[null,"0","0","0","0","0","0","0","0","0","0"],"vars":[],"costType":" de {{ abilityresourcename }}","maxammo":"-1","range":[1,1,1],"rangeBurn":"1","image":{"full":"Highlander.png","sprite":"spell8.png","group":"spell","x":144,"y":48,"w":48,"h":48},"resource":"{{ cost }} de {{ abilityresourcename }}"}],"passive":{"name":"Golpe Doble","description":"El Maestro Yi ataca dos veces cada cierto número de ataques básicos consecutivos.","image":{"full":"MasterYi_Passive1.png","sprite":"passive2.png","group":"passive","x":384,"y":48,"w":48,"h":48}},"recommended":[]}}}