{"type":"champion","format":"standAloneComplex","version":"14.3.1","data":{"Milio":{"id":"Milio","key":"902","name":"Milio","title":"La Flama Gentil","image":{"full":"Milio.png","sprite":"champion2.png","group":"champion","x":432,"y":48,"w":48,"h":48},"skins":[{"id":"902000","num":0,"name":"default","chromas":false},{"id":"902001","num":1,"name":"Milio Corte Feérica","chromas":true}],"lore":"Milio es un joven de corazón cálido proveniente de Ixtal que, a pesar de su corta edad, dominó el axioma del fuego y descubrió algo nuevo: el fuego reconfortante. Con su reciente poder, Milio planea ayudar a su familia a escapar del exilio uniéndose a los Yun Tal, tal como alguna vez lo hizo su abuela. Después de viajar a través de las junglas de Ixtal hasta la capital de Ixaocan, Milio ahora se prepara para enfrentarse al Vidalion y unirse a los Yun Tal, sin tener idea alguna de los retos (y los peligros) que le esperan.","blurb":"Milio es un joven de corazón cálido proveniente de Ixtal que, a pesar de su corta edad, dominó el axioma del fuego y descubrió algo nuevo: el fuego reconfortante. Con su reciente poder, Milio planea ayudar a su familia a escapar del exilio uniéndose a...","allytips":["Milio necesita aliados cerca de él para aprovechar al máximo sus herramientas.","La velocidad de desplazamiento de Milio aumenta con su velocidad de movimiento. ¡Usa la velocidad adicional para sorprender a tus enemigos!","Tú decides qué tan divertido puede ser el peligro."],"enemytips":["Las habilidades de movimiento de Milio pronostican su destino. Trata de usar esto a tu favor.","Los campeones con control de masas que se puede aplicar rápidamente sobresalen contra Milio.","Atrapar a Milio sin aliados cerca afecta considerablemente su movilidad. Intenta encontrarlo solo."],"tags":["Support"],"partype":"Maná","info":{"attack":2,"defense":4,"magic":8,"difficulty":5},"stats":{"hp":560,"hpperlevel":88,"mp":365,"mpperlevel":43,"movespeed":330,"armor":26,"armorperlevel":4.6,"spellblock":30,"spellblockperlevel":1.3,"attackrange":525,"hpregen":5,"hpregenperlevel":0.5,"mpregen":11.5,"mpregenperlevel":0.4,"crit":0,"critperlevel":0,"attackdamage":48,"attackdamageperlevel":3.2,"attackspeedperlevel":3,"attackspeed":0.625},"spells":[{"id":"MilioQ","name":"Ultramegapatada de Fuego","description":"Lanza hacia atrás a un enemigo al patear una pelota. Esta sale disparada hacia arriba al ser pateada y cae en el objetivo, dañando y ralentizando a los enemigos de la zona donde impacta.","tooltip":"Milio patea una bola de fuego, que <status>lanza hacia atrás</status> al primer enemigo impactado. Si impacta al enemigo, la bola rebotará frente a él y explotará, lo que infligirá <magicDamage>{{ damage }} de daño mágico</magicDamage> a los enemigos cercanos y los <status>ralentizará</status> en {{ slowamountpercent }} durante {{ slowduration }} seg.{{ spellmodifierdescriptionappend }}","leveltip":{"label":["Daño","Ralentización","Costo de maná"],"effect":["{{ falldamage }} -> {{ falldamageNL }}","{{ slowamount*100.000000 }}% -> {{ slowamountnl*100.000000 }}%","{{ cost }} -> {{ costNL }}"]},"maxrank":5,"cooldown":[12,12,12,12,12],"cooldownBurn":"12","cost":[50,55,60,65,70],"costBurn":"50/55/60/65/70","datavalues":{},"effect":[null,[0,0,0,0,0],[0,0,0,0,0],[0,0,0,0,0],[0,0,0,0,0],[0,0,0,0,0],[0,0,0,0,0],[0,0,0,0,0],[0,0,0,0,0],[0,0,0,0,0],[0,0,0,0,0]],"effectBurn":[null,"0","0","0","0","0","0","0","0","0","0"],"vars":[],"costType":" de {{ abilityresourcename }}","maxammo":"-1","range":[1000,1000,1000,1000,1000],"rangeBurn":"1000","image":{"full":"MilioQ.png","sprite":"spell8.png","group":"spell","x":192,"y":48,"w":48,"h":48},"resource":"{{ cost }} de {{ abilityresourcename }}"},{"id":"MilioW","name":"Fogata Hogareña","description":"Crea una zona de potenciación que cura a los aliados y aumenta el alcance del ataque para los que estén dentro de ella. La zona sigue al aliado más cercano al punto de lanzamiento.","tooltip":"Milio crea un fogón que sigue a los campeones aliados durante {{ zoneduration }} seg. Los campeones aliados cercanos obtienen {{ rangepercent }} de Alcance de Ataque y se restauran <healing>{{ healingovertime }} de Vida</healing> durante el efecto. El fogón también aplica <spellName>¡Encendido!</spellName> cada {{ healfrequencyseconds }} seg.<br /><br /><recast>Relanzamiento:</recast> Cambia el aliado al que sigue el fogón.{{ spellmodifierdescriptionappend }}","leveltip":{"label":["Alcance","Curación","Enfriamiento","Costo de maná"],"effect":["{{ rangepctincrease*100.000000 }}% -> {{ rangepctincreasenl*100.000000 }}%","{{ totalhealingovertime }} -> {{ totalhealingovertimeNL }}","{{ cooldown }} -> {{ cooldownNL }}","{{ cost }} -> {{ costNL }}"]},"maxrank":5,"cooldown":[29,27,25,23,21],"cooldownBurn":"29/27/25/23/21","cost":[90,100,110,120,130],"costBurn":"90/100/110/120/130","datavalues":{},"effect":[null,[0,0,0,0,0],[0,0,0,0,0],[0,0,0,0,0],[0,0,0,0,0],[0,0,0,0,0],[0,0,0,0,0],[0,0,0,0,0],[0,0,0,0,0],[0,0,0,0,0],[0,0,0,0,0]],"effectBurn":[null,"0","0","0","0","0","0","0","0","0","0"],"vars":[],"costType":" de {{ abilityresourcename }}","maxammo":"-1","range":[350,350,350,350,350],"rangeBurn":"350","image":{"full":"MilioW.png","sprite":"spell8.png","group":"spell","x":240,"y":48,"w":48,"h":48},"resource":"{{ cost }} de {{ abilityresourcename }}"},{"id":"MilioE","name":"Abrazos Calientitos","description":"Milio lanza un escudo a un aliado que aumenta temporalmente su velocidad de movimiento. Esta habilidad tiene 2 cargas.","tooltip":"Milio envuelve a un campeón aliado en flamas protectoras, lo que otorga <shield>{{ shieldcalc }} de Escudo</shield> y un <speed>{{ movespeedamount*100 }}% de Velocidad de Movimiento</speed> durante {{ movespeedduration }} seg.<br /><br />Esta habilidad tiene 2 cargas y los efectos se acumulan al usarla de nuevo en el mismo objetivo.{{ spellmodifierdescriptionappend }}","leveltip":{"label":["Cantidad de escudo","Velocidad de movimiento","Recarga de munición","Costo de maná"],"effect":["{{ shieldbase }} -> {{ shieldbaseNL }}","{{ movespeedamount*100.000000 }}% -> {{ movespeedamountnl*100.000000 }}%","{{ ammorechargetime }} -> {{ ammorechargetimeNL }}","{{ cost }} -> {{ costNL }}"]},"maxrank":5,"cooldown":[0.5,0.5,0.5,0.5,0.5],"cooldownBurn":"0.5","cost":[50,60,70,80,90],"costBurn":"50/60/70/80/90","datavalues":{},"effect":[null,[0,0,0,0,0],[0,0,0,0,0],[0,0,0,0,0],[0,0,0,0,0],[0,0,0,0,0],[0,0,0,0,0],[0,0,0,0,0],[0,0,0,0,0],[0,0,0,0,0],[0,0,0,0,0]],"effectBurn":[null,"0","0","0","0","0","0","0","0","0","0"],"vars":[],"costType":" de {{ abilityresourcename }}","maxammo":"2","range":[650,650,650,650,650],"rangeBurn":"650","image":{"full":"MilioE.png","sprite":"spell8.png","group":"spell","x":288,"y":48,"w":48,"h":48},"resource":"{{ cost }} de {{ abilityresourcename }}"},{"id":"MilioR","name":"Aliento de la Vida","description":"Milio desata una oleada de flamas reconfortantes que curan y eliminan los efectos de control de masas de los aliados a su alcance.","tooltip":"Milio libera una onda de flamas reconfortantes contra los campeones aliados cercanos, lo que purifica los efectos <status>incapacitantes</status> e <status>inmovilizadores</status>, restablece <healing>{{ healcalc }} de Vida</healing> y otorga un {{ tenacityamount*100 }}% de Tenacidad durante {{ tenacityduration }} seg.{{ spellmodifierdescriptionappend }}","leveltip":{"label":["Curación","Enfriamiento"],"effect":["{{ healbase }} -> {{ healbaseNL }}","{{ cooldown }} -> {{ cooldownNL }}"]},"maxrank":3,"cooldown":[160,145,130],"cooldownBurn":"160/145/130","cost":[100,100,100],"costBurn":"100","datavalues":{},"effect":[null,[0,0,0],[0,0,0],[0,0,0],[0,0,0],[0,0,0],[0,0,0],[0,0,0],[0,0,0],[0,0,0],[0,0,0]],"effectBurn":[null,"0","0","0","0","0","0","0","0","0","0"],"vars":[],"costType":" de {{ abilityresourcename }}","maxammo":"-1","range":[700,700,700],"rangeBurn":"700","image":{"full":"MilioR.png","sprite":"spell8.png","group":"spell","x":336,"y":48,"w":48,"h":48},"resource":"{{ cost }} de {{ abilityresourcename }}"}],"passive":{"name":"¡Encendido!","description":"Las habilidades de Milio otorgan un encantamiento a sus aliados al tocarlos, lo que hace que su siguiente daño inflija una ráfaga de daño adicional y queme al objetivo.","image":{"full":"Milio_P.png","sprite":"passive2.png","group":"passive","x":432,"y":48,"w":48,"h":48}},"recommended":[]}}}