{"type":"champion","format":"standAloneComplex","version":"14.3.1","data":{"MissFortune":{"id":"MissFortune","key":"21","name":"Miss Fortune","title":"la Cazarrecompensas","image":{"full":"MissFortune.png","sprite":"champion2.png","group":"champion","x":0,"y":96,"w":48,"h":48},"skins":[{"id":"21000","num":0,"name":"default","chromas":false},{"id":"21001","num":1,"name":"Miss Fortune Vaquera","chromas":false},{"id":"21002","num":2,"name":"Miss Fortune de Waterloo","chromas":false},{"id":"21003","num":3,"name":"Miss Fortune Agente Secreta","chromas":false},{"id":"21004","num":4,"name":"Miss Fortune de Caramelo","chromas":false},{"id":"21005","num":5,"name":"Miss Fortune Guerrera del Camino","chromas":false},{"id":"21006","num":6,"name":"Miss Fortune Ciudad del Crimen","chromas":false},{"id":"21007","num":7,"name":"Miss Fortune de Arcadia","chromas":true},{"id":"21008","num":8,"name":"Capitana Fortune","chromas":false},{"id":"21009","num":9,"name":"Miss Fortune Veraniega","chromas":false},{"id":"21015","num":15,"name":"Miss Fortune Guardiana Estelar","chromas":false},{"id":"21016","num":16,"name":"Miss Fortune Gatillera Galáctica","chromas":false},{"id":"21017","num":17,"name":"Miss Fortune Pijama Estelar","chromas":false},{"id":"21018","num":18,"name":"Miss Fortune Embrujada","chromas":false},{"id":"21020","num":20,"name":"Miss Fortune Embrujada Prestigiosa","chromas":false},{"id":"21021","num":21,"name":"Miss Fortune Arruinada","chromas":true},{"id":"21031","num":31,"name":"Miss Fortune Conejita Guerrera","chromas":true},{"id":"21033","num":33,"name":"Miss Fortune Embrujada Prestigiosa (2022)","chromas":false},{"id":"21040","num":40,"name":"Miss Fortune Pacto Quebrantado","chromas":false},{"id":"21041","num":41,"name":"Miss Fortune Pacto Quebrantado Prestigiosa","chromas":true}],"lore":"Sarah Fortune, capitana de Aguasturbias famosa por su apariencia, pero temida por su brutalidad, es una figura severa entre los criminales más duros de la ciudad portuaria. Cuando era niña fue testigo de cómo el rey Gangplank asesinó a su familia, un acto que vengó brutalmente años después, explotando su barco mientras él estaba a bordo. Aquellos que la subestiman tendrán que enfrentar a un oponente seductor e impredecible... y probablemente una bala o dos en sus entrañas.","blurb":"Sarah Fortune, capitana de Aguasturbias famosa por su apariencia, pero temida por su brutalidad, es una figura severa entre los criminales más duros de la ciudad portuaria. Cuando era niña fue testigo de cómo el rey Gangplank asesinó a su familia, un...","allytips":["Miss Fortune aumenta su velocidad si no recibe daño durante un tiempo. Procura que no te golpeen para moverte muy rápido.","Utiliza Doble Bala en el súbdito enemigo más alejado si los campeones enemigos se ocultan detrás: les rebotará y les infligirá mucho daño.","Asegúrate de usar Toque de Amor mientras Alarde esté en enfriamiento para maximizar la disponibilidad de su activa."],"enemytips":["El aumento de la velocidad de Miss Fortune desaparece si un enemigo le inflige daño.","Miss Fortune es fácil de matar si puedes alcanzarla, concéntrate primero en ella en las peleas de equipo."],"tags":["Marksman"],"partype":"Maná","info":{"attack":8,"defense":2,"magic":5,"difficulty":1},"stats":{"hp":640,"hpperlevel":103,"mp":300,"mpperlevel":40,"movespeed":325,"armor":28,"armorperlevel":4.2,"spellblock":30,"spellblockperlevel":1.3,"attackrange":550,"hpregen":3.75,"hpregenperlevel":0.65,"mpregen":8,"mpregenperlevel":0.8,"crit":0,"critperlevel":0,"attackdamage":52,"attackdamageperlevel":2.4,"attackspeedperlevel":3,"attackspeed":0.656},"spells":[{"id":"MissFortuneRicochetShot","name":"Doble Bala","description":"Miss Fortune dispara una bala que inflige daño a un objetivo y a la unidad detrás de él. Ambos impactos pueden aplicar Toque de Amor.","tooltip":"Miss Fortune dispara una bala que rebota e inflige <physicalDamage>{{ totaldamagetooltip }} de daño físico</physicalDamage> a un enemigo y a otro detrás de él. <br /><br />El segundo disparo puede asestar golpes críticos. Siempre aplicará golpes críticos si el primer disparo mata a su objetivo. {{ spellmodifierdescriptionappend }}","leveltip":{"label":["Costo de @AbilityResourceName@","Enfriamiento","Daño"],"effect":["{{ cost }} -> {{ costNL }}","{{ cooldown }} -> {{ cooldownNL }}","{{ e2 }} -> {{ e2NL }}"]},"maxrank":5,"cooldown":[7,6,5,4,3],"cooldownBurn":"7/6/5/4/3","cost":[43,46,49,52,55],"costBurn":"43/46/49/52/55","datavalues":{},"effect":[null,[0,0,0,0,0],[20,45,70,95,120],[0,0,0,0,0],[0,0,0,0,0],[40,40,40,40,40],[20,20,20,20,20],[40,40,40,40,40],[110,110,110,110,110],[160,160,160,160,160],[0,0,0,0,0]],"effectBurn":[null,"0","20/45/70/95/120","0","0","40","20","40","110","160","0"],"vars":[],"costType":" de {{ abilityresourcename }}","maxammo":"-1","range":[650,650,650,650,650],"rangeBurn":"650","image":{"full":"MissFortuneRicochetShot.png","sprite":"spell8.png","group":"spell","x":384,"y":48,"w":48,"h":48},"resource":"{{ cost }} de {{ abilityresourcename }}"},{"id":"MissFortuneViciousStrikes","name":"Alarde","description":"De forma pasiva, Miss Fortune obtiene velocidad de movimiento cuando no es atacada. Activar esta habilidad otorga velocidad de ataque adicional por unos segundos. Si está en enfriamiento, los Toques de Amor reducen el enfriamiento restante de Alarde.","tooltip":"<passive>Pasiva:</passive> Tras {{ passivebasemsooc }} seg de no recibir daño, Miss Fortune obtiene <speed>{{ passivebasems }} de Velocidad de Movimiento</speed>. Tras otros {{ passivemaxmsextraooc }} seg, aumenta a <speed>{{ passivemaxms }}</speed>.<br /><br /><active>Activa:</active> Obtiene toda la <speed>velocidad de movimiento</speed> adicional de la pasiva y un <attackSpeed>{{ activeas*100 }}% de Velocidad de Ataque</attackSpeed> durante {{ activeduration }} seg.<br /><br /><spellName>Toque de Amor</spellName> reduce el enfriamiento de esta habilidad en {{ lovetaprefund }} seg.{{ spellmodifierdescriptionappend }}","leveltip":{"label":["Velocidad de movimiento","Velocidad de ataque"],"effect":["{{ passivemaxms }} -> {{ passivemaxmsNL }}","{{ activeas*100.000000 }}% -> {{ activeasnl*100.000000 }}%"]},"maxrank":5,"cooldown":[12,12,12,12,12],"cooldownBurn":"12","cost":[45,45,45,45,45],"costBurn":"45","datavalues":{},"effect":[null,[0,0,0,0,0],[0,0,0,0,0],[0,0,0,0,0],[0,0,0,0,0],[0,0,0,0,0],[0,0,0,0,0],[0,0,0,0,0],[0,0,0,0,0],[0,0,0,0,0],[0,0,0,0,0]],"effectBurn":[null,"0","0","0","0","0","0","0","0","0","0"],"vars":[],"costType":" de {{ abilityresourcename }}","maxammo":"-1","range":[600,600,600,600,600],"rangeBurn":"600","image":{"full":"MissFortuneViciousStrikes.png","sprite":"spell8.png","group":"spell","x":432,"y":48,"w":48,"h":48},"resource":"{{ cost }} de {{ abilityresourcename }}"},{"id":"MissFortuneScattershot","name":"Lluvia de Plomo","description":"Miss Fortune revela un área con una lluvia de balas que inflige oleadas de daño y ralentiza a los enemigos.","tooltip":"Miss Fortune lanza una lluvia de balas que revela el área, <status>ralentiza</status> en un {{ totalslowamount }} e inflige <magicDamage>{{ totaldamagepersecond }} de daño mágico</magicDamage> por segundo a lo largo de {{ baseduration }} seg (un total de <magicDamage>{{ totaldamage }} de daño mágico</magicDamage>).{{ spellmodifierdescriptionappend }}","leveltip":{"label":["Daño por segundo","Enfriamiento"],"effect":["{{ basedamagepersecond }} -> {{ basedamagepersecondNL }}","{{ cooldown }} -> {{ cooldownNL }}"]},"maxrank":5,"cooldown":[18,17,16,15,14],"cooldownBurn":"18/17/16/15/14","cost":[80,80,80,80,80],"costBurn":"80","datavalues":{},"effect":[null,[0,0,0,0,0],[0,0,0,0,0],[0,0,0,0,0],[0,0,0,0,0],[0,0,0,0,0],[0,0,0,0,0],[0,0,0,0,0],[0,0,0,0,0],[0,0,0,0,0],[0,0,0,0,0]],"effectBurn":[null,"0","0","0","0","0","0","0","0","0","0"],"vars":[],"costType":" de {{ abilityresourcename }}","maxammo":"-1","range":[1000,1000,1000,1000,1000],"rangeBurn":"1000","image":{"full":"MissFortuneScattershot.png","sprite":"spell8.png","group":"spell","x":0,"y":96,"w":48,"h":48},"resource":"{{ cost }} de {{ abilityresourcename }}"},{"id":"MissFortuneBulletTime","name":"Balacera","description":"Miss Fortune canaliza una ráfaga de balas en forma de cono frente a ella que inflige una enorme cantidad de daño a los enemigos. Cada oleada de Balacera puede infligir golpes críticos.","tooltip":"Miss Fortune canaliza una descarga de balas de {{ totalwaves }} oleadas a lo largo de {{ totalchannelduration }} seg, lo que inflige <physicalDamage>{{ physicaldamageperwave }} de daño físico</physicalDamage> por oleada (un total de <physicalDamage>{{ totalphysicaldamage }} de daño físico</physicalDamage>).<br /><br />Cada oleada puede realizar golpes críticos de %i:scaleCrit% <physicalDamage>{{ physicalcritperwave }} del daño físico</physicalDamage> (un total de un %i:scaleCrit% <physicalDamage>{{ totalphysicalcritdamage }} del daño físico</physicalDamage>).{{ spellmodifierdescriptionappend }}","leveltip":{"label":["Ráfaga de balas","Enfriamiento"],"effect":["{{ basewaves }} -> {{ basewavesNL }}","{{ cooldown }} -> {{ cooldownNL }}"]},"maxrank":3,"cooldown":[120,110,100],"cooldownBurn":"120/110/100","cost":[100,100,100],"costBurn":"100","datavalues":{},"effect":[null,[0,0,0],[0,0,0],[0,0,0],[0,0,0],[0,0,0],[0,0,0],[0,0,0],[0,0,0],[0,0,0],[0,0,0]],"effectBurn":[null,"0","0","0","0","0","0","0","0","0","0"],"vars":[],"costType":" de {{ abilityresourcename }}","maxammo":"-1","range":[25000,25000,25000],"rangeBurn":"25000","image":{"full":"MissFortuneBulletTime.png","sprite":"spell8.png","group":"spell","x":48,"y":96,"w":48,"h":48},"resource":"{{ cost }} de {{ abilityresourcename }}"}],"passive":{"name":"Toque de Amor","description":"Miss Fortune inflige daño físico adicional cuando usa un ataque básico contra un objetivo nuevo.","image":{"full":"MissFortune_W.png","sprite":"passive2.png","group":"passive","x":0,"y":96,"w":48,"h":48}},"recommended":[]}}}