{"type":"champion","format":"standAloneComplex","version":"14.3.1","data":{"MonkeyKing":{"id":"MonkeyKing","key":"62","name":"Wukong","title":"el Rey de los Monos","image":{"full":"MonkeyKing.png","sprite":"champion2.png","group":"champion","x":48,"y":96,"w":48,"h":48},"skins":[{"id":"62000","num":0,"name":"default","chromas":false},{"id":"62001","num":1,"name":"Wukong Volcánico","chromas":false},{"id":"62002","num":2,"name":"General Wukong","chromas":false},{"id":"62003","num":3,"name":"Wukong Dragón de Jade","chromas":true},{"id":"62004","num":4,"name":"Wukong del Inframundo","chromas":false},{"id":"62005","num":5,"name":"Wukong Radiante","chromas":false},{"id":"62006","num":6,"name":"Wukong Lancero del Nimbo","chromas":false},{"id":"62007","num":7,"name":"Wukong Academia de Combate","chromas":true},{"id":"62016","num":16,"name":"Wukong Bosqueviejo","chromas":true}],"lore":"Wukong es un vastaya embaucador que usa su fuerza, agilidad e inteligencia para confundir a sus oponentes y obtener la ventaja. Tras encontrar un amigo de por vida en el guerrero conocido como Maestro Yi, Wukong se convirtió en el último aprendiz de la antigua arte marcial conocida como Wuju. Armado con un bastón encantado, Wukong busca impedir que Jonia caiga en la ruina.","blurb":"Wukong es un vastaya embaucador que usa su fuerza, agilidad e inteligencia para confundir a sus oponentes y obtener la ventaja. Tras encontrar un amigo de por vida en el guerrero conocido como Maestro Yi, Wukong se convirtió en el último aprendiz de la...","allytips":["Señuelo y Golpe de Nimbo se complementan bien para lanzar ataques rápidos y replegarse antes de que el enemigo pueda responder.","Intenta usar Señuelo cerca de la maleza para que el enemigo reaccione innecesariamente a tu movimiento."],"enemytips":["Wukong suele usar Señuelo después de Golpe de Nimbo. Procura demorar un poco el uso de tus habilidades para asegurarte de golpear al Wukong verdadero.","Es más difícil matar a Wukong cuando está rodeado de enemigos. Intenta aislarlo para obtener ventaja."],"tags":["Fighter","Tank"],"partype":"Maná","info":{"attack":8,"defense":5,"magic":2,"difficulty":3},"stats":{"hp":610,"hpperlevel":99,"mp":300,"mpperlevel":65,"movespeed":340,"armor":31,"armorperlevel":4.7,"spellblock":28,"spellblockperlevel":2.05,"attackrange":175,"hpregen":3.5,"hpregenperlevel":0.65,"mpregen":8,"mpregenperlevel":0.8,"crit":0,"critperlevel":0,"attackdamage":66,"attackdamageperlevel":3.5,"attackspeedperlevel":3,"attackspeed":0.69},"spells":[{"id":"MonkeyKingDoubleAttack","name":"Golpe Aplastante","description":"El siguiente ataque de Wukong obtiene alcance adicional, inflige daño adicional y reduce la armadura del objetivo por unos segundos.","tooltip":"El siguiente ataque de Wukong y de su <keywordMajor>clon</keywordMajor> obtiene {{ attackrangebonus }} de alcance, inflige <physicalDamage>{{ bonusdamagett }} de daño físico</physicalDamage> adicional y elimina un <scaleArmor>{{ armorshredpercent*100 }}% de Armadura</scaleArmor> durante {{ shredduration }} seg.<br /><br />El enfriamiento de esta habilidad se reduce en {{ cooldowndecrease }} cada vez que Wukong o su <keywordMajor>clon</keywordMajor> impactan a un enemigo con un ataque o una habilidad.<br /><br /><rules>Esta habilidad activa efectos de hechizo al infligir daño.</rules>{{ spellmodifierdescriptionappend }}","leveltip":{"label":["Daño","% Reducción de Armadura","Alcance","Enfriamiento"],"effect":["{{ basedamage }} -> {{ basedamageNL }}","{{ armorshredpercent*100.000000 }}% -> {{ armorshredpercentnl*100.000000 }}%","{{ attackrangebonus }} -> {{ attackrangebonusNL }}","{{ cooldown }} -> {{ cooldownNL }}"]},"maxrank":5,"cooldown":[8,7.5,7,6.5,6],"cooldownBurn":"8/7.5/7/6.5/6","cost":[20,20,20,20,20],"costBurn":"20","datavalues":{},"effect":[null,[0,0,0,0,0],[0,0,0,0,0],[0,0,0,0,0],[0,0,0,0,0],[0,0,0,0,0],[0,0,0,0,0],[0,0,0,0,0],[0,0,0,0,0],[0,0,0,0,0],[0,0,0,0,0]],"effectBurn":[null,"0","0","0","0","0","0","0","0","0","0"],"vars":[],"costType":" de {{ abilityresourcename }}","maxammo":"-1","range":[250,275,300,325,350],"rangeBurn":"250/275/300/325/350","image":{"full":"MonkeyKingDoubleAttack.png","sprite":"spell8.png","group":"spell","x":96,"y":96,"w":48,"h":48},"resource":"{{ cost }} de {{ abilityresourcename }}"},{"id":"MonkeyKingDecoy","name":"Guerrero Bromista","description":"Wukong se vuelve <font color='#91d7ee'>Invisible</font>, se desplaza en una dirección y deja atrás un clon que atacará a los enemigos cercanos.","tooltip":"Wukong se desplaza y se vuelve <keywordStealth>Invisible</keywordStealth> durante {{ stealthduration }} seg. Además, deja un <keywordMajor>clon</keywordMajor> estático durante {{ cloneduration }} seg.<br /><br />El <keywordMajor>clon</keywordMajor> ataca a los enemigos cercanos que Wukong haya dañado recientemente e imitará su definitiva, lo que inflige un {{ clonedamagemod*100 }}% del daño normal.{{ spellmodifierdescriptionappend }}","leveltip":{"label":["Porcentaje de daño","Enfriamiento","Costo de @AbilityResourceName@"],"effect":["{{ clonedamagemod*100.000000 }}% -> {{ clonedamagemodnl*100.000000 }}%","{{ cooldown }} -> {{ cooldownNL }}","{{ cost }} -> {{ costNL }}"]},"maxrank":5,"cooldown":[22,20,18,16,14],"cooldownBurn":"22/20/18/16/14","cost":[60,55,50,45,40],"costBurn":"60/55/50/45/40","datavalues":{},"effect":[null,[0,0,0,0,0],[0,0,0,0,0],[0,0,0,0,0],[0,0,0,0,0],[0,0,0,0,0],[0,0,0,0,0],[0,0,0,0,0],[0,0,0,0,0],[0,0,0,0,0],[0,0,0,0,0]],"effectBurn":[null,"0","0","0","0","0","0","0","0","0","0"],"vars":[],"costType":" de {{ abilityresourcename }}","maxammo":"-1","range":[275,275,275,275,275],"rangeBurn":"275","image":{"full":"MonkeyKingDecoy.png","sprite":"spell8.png","group":"spell","x":144,"y":96,"w":48,"h":48},"resource":"{{ cost }} de {{ abilityresourcename }}"},{"id":"MonkeyKingNimbus","name":"Golpe de Nimbo","description":"Wukong se lanza contra un enemigo y envía imágenes para que ataquen a otros enemigos cercanos a su objetivo, lo que inflige daño a cada enemigo alcanzado.","tooltip":"Wukong se desplaza hacia un enemigo y envía <keywordMajor>Clones</keywordMajor> que imitan su desplazamiento hasta {{ extratargets }} enemigos adicionales cercanos. Cada enemigo impactado recibe <magicDamage>{{ totaldamage }} de daño mágico</magicDamage>. Él y sus <keywordMajor>Clones</keywordMajor> obtienen un <attackSpeed>{{ attackspeed*100 }}% de Velocidad de Ataque</attackSpeed> durante {{ attackspeedduration }} seg.<br /><br />{{ spellmodifierdescriptionappend }}","leveltip":{"label":["Daño","Velocidad de ataque","Enfriamiento","Costo de @AbilityResourceName@"],"effect":["{{ basedamage }} -> {{ basedamageNL }}","{{ attackspeed*100.000000 }}% -> {{ attackspeednl*100.000000 }}%","{{ cooldown }} -> {{ cooldownNL }}","{{ cost }} -> {{ costNL }}"]},"maxrank":5,"cooldown":[10,9.25,8.5,7.75,7],"cooldownBurn":"10/9.25/8.5/7.75/7","cost":[30,35,40,45,50],"costBurn":"30/35/40/45/50","datavalues":{},"effect":[null,[0,0,0,0,0],[0,0,0,0,0],[0,0,0,0,0],[0,0,0,0,0],[0,0,0,0,0],[0,0,0,0,0],[0,0,0,0,0],[0,0,0,0,0],[0,0,0,0,0],[0,0,0,0,0]],"effectBurn":[null,"0","0","0","0","0","0","0","0","0","0"],"vars":[],"costType":" de {{ abilityresourcename }}","maxammo":"-1","range":[650,650,650,650,650],"rangeBurn":"650","image":{"full":"MonkeyKingNimbus.png","sprite":"spell8.png","group":"spell","x":192,"y":96,"w":48,"h":48},"resource":"{{ cost }} de {{ abilityresourcename }}"},{"id":"MonkeyKingSpinToWin","name":"Ciclón","description":"Wukong extiende su báculo, lo hace girar repetidamente y obtiene velocidad de movimiento.<br><br>Los enemigos alcanzados por el báculo reciben daño y son lanzados por el aire.","tooltip":"Wukong obtiene un <speed>{{ movespeed*100 }}% de Velocidad de Movimiento</speed> y gira su báculo, lo que <status>lanza por el aire</status> a los enemigos cercanos durante {{ knockupduration }} seg y les inflige <physicalDamage>{{ totaldamagett }} más un {{ percenthpdamagett }} de su Vida Máxima como daño físico</physicalDamage> a lo largo de {{ spinduration }} seg.<br /><br />Puedes lanzar esta habilidad por segunda vez en los próximos {{ recastwindow }} seg antes de que entre en enfriamiento.{{ spellmodifierdescriptionappend }}","leveltip":{"label":["Daño de vida máxima","Enfriamiento"],"effect":["{{ basepercentmaxhpdmgpersec*100.000000 }}% -> {{ basepercentmaxhpdmgpersecnl*100.000000 }}%","{{ cooldown }} -> {{ cooldownNL }}"]},"maxrank":3,"cooldown":[130,110,90],"cooldownBurn":"130/110/90","cost":[100,100,100],"costBurn":"100","datavalues":{},"effect":[null,[0,0,0],[0,0,0],[0,0,0],[0,0,0],[0,0,0],[0,0,0],[0,0,0],[0,0,0],[0,0,0],[0,0,0]],"effectBurn":[null,"0","0","0","0","0","0","0","0","0","0"],"vars":[],"costType":" de {{ abilityresourcename }}","maxammo":"-1","range":[315,315,315],"rangeBurn":"315","image":{"full":"MonkeyKingSpinToWin.png","sprite":"spell8.png","group":"spell","x":240,"y":96,"w":48,"h":48},"resource":"{{ cost }} de {{ abilityresourcename }}"}],"passive":{"name":"Piel de Piedra","description":"Wukong obtiene armadura y regeneración de vida máxima que se acumulan al luchar contra campeones y monstruos.","image":{"full":"MonkeyKingStoneSkin.png","sprite":"passive2.png","group":"passive","x":48,"y":96,"w":48,"h":48}},"recommended":[]}}}