{"type":"champion","format":"standAloneComplex","version":"14.3.1","data":{"Mordekaiser":{"id":"Mordekaiser","key":"82","name":"Mordekaiser","title":"el Renacido de Hierro","image":{"full":"Mordekaiser.png","sprite":"champion2.png","group":"champion","x":96,"y":96,"w":48,"h":48},"skins":[{"id":"82000","num":0,"name":"default","chromas":false},{"id":"82001","num":1,"name":"Mordekaiser Caballero Dragón","chromas":false},{"id":"82002","num":2,"name":"Mordekaiser Infernal","chromas":false},{"id":"82003","num":3,"name":"Mordekaiser Pentakill","chromas":false},{"id":"82004","num":4,"name":"Lord Mordekaiser","chromas":false},{"id":"82005","num":5,"name":"Mordekaiser Rey de Bastos","chromas":false},{"id":"82006","num":6,"name":"Mordekaiser Estrella Oscura","chromas":true},{"id":"82013","num":13,"name":"PROYECTO: Mordekaiser","chromas":true},{"id":"82023","num":23,"name":"Mordekaiser Pentakill III: Lost Chapter","chromas":true},{"id":"82032","num":32,"name":"Mordekaiser el Forajido","chromas":true},{"id":"82042","num":42,"name":"Mordekaiser Caballero Sepulcral de la Ceniza","chromas":true},{"id":"82044","num":44,"name":"Mordekaiser Dios Antiguo","chromas":true}],"lore":"Asesinado dos veces y renacido tres, Mordekaiser es un señor de la guerra brutal de una época olvidada, quien usa su brujería nigromántica para atar almas a una esclavitud eterna. Quedan muy pocos que recuerden sus conquistas precedentes o que conozcan el verdadero alcance de sus poderes, pero las antiguas almas que lo hacen, temen que llegue el día que regrese para reclamar el dominio sobre vivos y muertos.","blurb":"Asesinado dos veces y renacido tres, Mordekaiser es un señor de la guerra brutal de una época olvidada, quien usa su brujería nigromántica para atar almas a una esclavitud eterna. Quedan muy pocos que recuerden sus conquistas precedentes o que conozcan...","allytips":["El ataque es tu defensa. Continúa peleando para crear escudos más grandes con Indestructible.","Alcanzar a múltiples campeones con la misma habilidad puede ayudarte a activar Oscuridad Creciente de forma más rápida.","Usa Reino de la Muerte contra un enemigo con poca vida para garantizar el asesinato y conservar sus estadísticas durante el resto de la pelea en equipo."],"enemytips":["Mordekaiser crea una poderosa aura de daño al pelear contra campeones, así que mantén la distancia.","Puede convertir el daño que inflige en un poderoso escudo y consumirlo para recuperar vida","Reino de la Muerte te aislará completamente de tus compañeros. Intenta conservar tus hechizos de movilidad para escapar de Mordekaiser cuando estés dentro del reino."],"tags":["Fighter"],"partype":"Escudo","info":{"attack":4,"defense":6,"magic":7,"difficulty":4},"stats":{"hp":645,"hpperlevel":104,"mp":100,"mpperlevel":0,"movespeed":335,"armor":37,"armorperlevel":4.2,"spellblock":32,"spellblockperlevel":2.05,"attackrange":175,"hpregen":5,"hpregenperlevel":0.75,"mpregen":0,"mpregenperlevel":0,"crit":0,"critperlevel":0,"attackdamage":61,"attackdamageperlevel":4,"attackspeedperlevel":1,"attackspeed":0.625},"spells":[{"id":"MordekaiserQ","name":"Aniquilación","description":"Mordekaiser golpea el piso con su maza e inflige daño a todos los enemigos alcanzados. El daño aumenta cuando alcanza a un solo enemigo.","tooltip":"Mordekaiser azota el piso con Ocaso e inflige <magicDamage>{{ qdamage }} de daño mágico</magicDamage>. Aumenta a <magicDamage>{{ empowereddamagetooltip }}</magicDamage> si impacta a un solo enemigo.{{ spellmodifierdescriptionappend }}","leveltip":{"label":["Daño a objetivo aislado","Daño","Enfriamiento"],"effect":["{{ isolationscalar*100.000000 }}% -> {{ isolationscalarnl*100.000000 }}%","{{ qbasedamage }} -> {{ qbasedamageNL }}","{{ cooldown }} -> {{ cooldownNL }}"]},"maxrank":5,"cooldown":[9,7.75,6.5,5.25,4],"cooldownBurn":"9/7.75/6.5/5.25/4","cost":[0,0,0,0,0],"costBurn":"0","datavalues":{},"effect":[null,[0,0,0,0,0],[0,0,0,0,0],[0,0,0,0,0],[0,0,0,0,0],[0,0,0,0,0],[0,0,0,0,0],[0,0,0,0,0],[0,0,0,0,0],[0,0,0,0,0],[0,0,0,0,0]],"effectBurn":[null,"0","0","0","0","0","0","0","0","0","0"],"vars":[],"costType":"Sin costo","maxammo":"-1","range":[675,675,675,675,675],"rangeBurn":"675","image":{"full":"MordekaiserQ.png","sprite":"spell8.png","group":"spell","x":288,"y":96,"w":48,"h":48},"resource":"Sin costo"},{"id":"MordekaiserW","name":"Indestructible","description":"Mordekaiser almacena el daño que inflige y recibe para crear un escudo. Puede consumir el escudo para curarse.","tooltip":"<passive>Pasiva:</passive> Mordekaiser almacena un {{ damageconversion*100 }}% del daño que inflige y un {{ damagetakenconversion*100 }}% del daño que recibe.<br /><br /><active>Activa:</active> Mordekaiser obtiene el daño almacenado como <shield>Escudo</shield>. Puede <recast>volver a lanzar</recast> esta habilidad para restaurar un <healing>{{ healingpercent*100 }}% del Escudo restante como Vida</healing>.<br /><br />Escudo mínimo: <shield>{{ minhealthtooltip }}</shield><br />Escudo máximo: <shield>{{ maxhealthtooltip }}</shield>{{ spellmodifierdescriptionappend }}","leveltip":{"label":["Porcentaje de curación","Enfriamiento"],"effect":["{{ healingpercent*100.000000 }}% -> {{ healingpercentnl*100.000000 }}%","{{ cooldown }} -> {{ cooldownNL }}"]},"maxrank":5,"cooldown":[12,11,10,9,8],"cooldownBurn":"12/11/10/9/8","cost":[0,0,0,0,0],"costBurn":"0","datavalues":{},"effect":[null,[0,0,0,0,0],[0,0,0,0,0],[0,0,0,0,0],[0,0,0,0,0],[0,0,0,0,0],[0,0,0,0,0],[0,0,0,0,0],[0,0,0,0,0],[0,0,0,0,0],[0,0,0,0,0]],"effectBurn":[null,"0","0","0","0","0","0","0","0","0","0"],"vars":[],"costType":"Sin costo","maxammo":"-1","range":[25000,25000,25000,25000,25000],"rangeBurn":"25000","image":{"full":"MordekaiserW.png","sprite":"spell8.png","group":"spell","x":336,"y":96,"w":48,"h":48},"resource":"Sin costo"},{"id":"MordekaiserE","name":"Garra del Inframundo","description":"Mordekaiser atrae a todos los enemigos en un área.","tooltip":"<spellPassive>Pasiva:</spellPassive> Mordekaiser obtiene un {{ magicpen*100 }}% de Penetración de Magia.<br /><br /><spellActive>Activa:</spellActive> Mordekaiser atrae a los enemigos hacia su ubicación y les inflige <magicDamage>{{ totaldamage }} de daño mágico.</magicDamage>{{ spellmodifierdescriptionappend }}","leveltip":{"label":["Penetración de magia porcentual","Daño","Enfriamiento"],"effect":["{{ magicpen*100.000000 }}% -> {{ magicpennl*100.000000 }}%","{{ damage }} -> {{ damageNL }}","{{ cooldown }} -> {{ cooldownNL }}"]},"maxrank":5,"cooldown":[18,16,14,12,10],"cooldownBurn":"18/16/14/12/10","cost":[0,0,0,0,0],"costBurn":"0","datavalues":{},"effect":[null,[0,0,0,0,0],[0,0,0,0,0],[0,0,0,0,0],[0,0,0,0,0],[0,0,0,0,0],[0,0,0,0,0],[0,0,0,0,0],[0,0,0,0,0],[0,0,0,0,0],[0,0,0,0,0]],"effectBurn":[null,"0","0","0","0","0","0","0","0","0","0"],"vars":[],"costType":"Sin costo","maxammo":"-1","range":[700,700,700,700,700],"rangeBurn":"700","image":{"full":"MordekaiserE.png","sprite":"spell8.png","group":"spell","x":384,"y":96,"w":48,"h":48},"resource":"Sin costo"},{"id":"MordekaiserR","name":"Reino de la Muerte","description":"Mordekaiser arrastra a su víctima a una dimensión distinta con él y roba una parte de sus estadísticas. Si la mata, conservará las estadísticas hasta que la víctima reaparezca.","tooltip":"Mordekaiser destierra a un campeón al Reino de la Muerte junto con él durante {{ spiritrealmduration }} seg y le roba un {{ statstealpercentscalar*100 }}% de sus estadísticas básicas durante el efecto.<br /><br />Si Mordekaiser mata a ese enemigo en el Reino de la Muerte, consume su alma y conserva las estadísticas que robó hasta que el objetivo reaparezca.{{ spellmodifierdescriptionappend }}","leveltip":{"label":["Enfriamiento"],"effect":["{{ cooldown }} -> {{ cooldownNL }}"]},"maxrank":3,"cooldown":[140,120,100],"cooldownBurn":"140/120/100","cost":[0,0,0],"costBurn":"0","datavalues":{},"effect":[null,[0,0,0],[0,0,0],[0,0,0],[0,0,0],[0,0,0],[0,0,0],[0,0,0],[0,0,0],[0,0,0],[0,0,0]],"effectBurn":[null,"0","0","0","0","0","0","0","0","0","0"],"vars":[],"costType":"Sin costo","maxammo":"-1","range":[650,650,650],"rangeBurn":"650","image":{"full":"MordekaiserR.png","sprite":"spell8.png","group":"spell","x":432,"y":96,"w":48,"h":48},"resource":"Sin costo"}],"passive":{"name":"Oscuridad Creciente","description":"Mordekaiser obtiene una poderosa aura de daño y velocidad de movimiento después de asestar 3 ataques o hechizos contra campeones o monstruos.","image":{"full":"MordekaiserPassive.png","sprite":"passive2.png","group":"passive","x":96,"y":96,"w":48,"h":48}},"recommended":[]}}}