{"type":"champion","format":"standAloneComplex","version":"14.3.1","data":{"Morgana":{"id":"Morgana","key":"25","name":"Morgana","title":"la Desolada","image":{"full":"Morgana.png","sprite":"champion2.png","group":"champion","x":144,"y":96,"w":48,"h":48},"skins":[{"id":"25000","num":0,"name":"default","chromas":true},{"id":"25001","num":1,"name":"Morgana Exiliada","chromas":false},{"id":"25002","num":2,"name":"Morgana Suculencia Pecaminosa","chromas":false},{"id":"25003","num":3,"name":"Morgana Dama de Espadas","chromas":false},{"id":"25004","num":4,"name":"Morgana Espina Negra","chromas":true},{"id":"25005","num":5,"name":"Morgana la Llorona","chromas":false},{"id":"25006","num":6,"name":"Morgana Victoriosa","chromas":false},{"id":"25010","num":10,"name":"Morgana Espectro Lunar","chromas":false},{"id":"25011","num":11,"name":"Morgana Embrujada","chromas":true},{"id":"25017","num":17,"name":"Morgana Emperatriz Majestuosa","chromas":true},{"id":"25026","num":26,"name":"Morgana Aquelarre","chromas":true},{"id":"25039","num":39,"name":"Morgana Portadora del Amanecer","chromas":true},{"id":"25041","num":41,"name":"Morgana Embrujada Prestigiosa","chromas":false},{"id":"25050","num":50,"name":"Morgana Némesis Estelar","chromas":true},{"id":"25060","num":60,"name":"Morgana Luna de Nieve","chromas":true}],"lore":"Atribulada entre su naturaleza celestial y mortal, Morgana ató sus alas para aceptar su humanidad e inflige su dolor y amargura en los deshonestos y los corruptos. Rechaza las leyes y tradiciones que considera injustas y pelea por la verdad desde las sombras de Demacia con escudos y cadenas de fuego oscuro, aun cuando otros tratan de reprimirla. Pero, ante todo, Morgana cree que incluso los parias y los desterrados serán capaces de elevarse de nuevo un día.","blurb":"Atribulada entre su naturaleza celestial y mortal, Morgana ató sus alas para aceptar su humanidad e inflige su dolor y amargura en los deshonestos y los corruptos. Rechaza las leyes y tradiciones que considera injustas y pelea por la verdad desde las...","allytips":["Usar Escudo Negro de forma creativa puede determinar el resultado de las peleas en equipo.","Los objetos que proporcionan supervivencia permiten que Morgana se vuelva extremadamente difícil de matar junto con Escudo Negro y Grilletes del Alma.","Sombra Maldita es una excelente herramienta para matar súbditos si estás a solas en un carril."],"enemytips":["Sombra Maldita inflige grandes cantidades de daño a unidades con mucha vida faltante. Cuando tengas poca vida, ten cuidado con los intentos de Morgana de atraparte bajo su alcance.","A menudo Morgana necesita alcanzar a su objetivo con Hechizo Oscuro para preparar sus otros ataques. Usa a tus súbditos como escudos contra Hechizo Oscuro.","Escudo Negro hace que Morgana sea inmune a los efectos de inhabilitación, pero puede romperse con daño mágico."],"tags":["Mage","Support"],"partype":"Maná","info":{"attack":1,"defense":6,"magic":8,"difficulty":1},"stats":{"hp":630,"hpperlevel":104,"mp":340,"mpperlevel":60,"movespeed":335,"armor":25,"armorperlevel":5,"spellblock":30,"spellblockperlevel":1.3,"attackrange":450,"hpregen":5.5,"hpregenperlevel":0.4,"mpregen":11,"mpregenperlevel":0.4,"crit":0,"critperlevel":0,"attackdamage":56,"attackdamageperlevel":3.5,"attackspeedperlevel":1.53,"attackspeed":0.625},"spells":[{"id":"MorganaQ","name":"Hechizo Oscuro","description":"Morgana inmoviliza a un enemigo con magia oscura y lo obliga a sentir el dolor que ha causado, lo que le inflige daño mágico. ","tooltip":"Morgana lanza una explosión de fuego celeste que <status>inmoviliza</status> al primer enemigo alcanzado durante {{ rootduration }} seg y le inflige <magicDamage>{{ totaldamage }} de daño mágico</magicDamage>.{{ spellmodifierdescriptionappend }}","leveltip":{"label":["Daño","Duración de inmovilización","Costo de @AbilityResourceName@"],"effect":["{{ damage }} -> {{ damageNL }}","{{ rootduration }} -> {{ rootdurationNL }}","{{ cost }} -> {{ costNL }}"]},"maxrank":5,"cooldown":[10,10,10,10,10],"cooldownBurn":"10","cost":[50,55,60,65,70],"costBurn":"50/55/60/65/70","datavalues":{},"effect":[null,[80,135,190,245,300],[2,2.25,2.5,2.75,3],[0,0,0,0,0],[0,0,0,0,0],[0,0,0,0,0],[0,0,0,0,0],[0,0,0,0,0],[0,0,0,0,0],[0,0,0,0,0],[0,0,0,0,0]],"effectBurn":[null,"80/135/190/245/300","2/2.25/2.5/2.75/3","0","0","0","0","0","0","0","0"],"vars":[],"costType":" de {{ abilityresourcename }}","maxammo":"-1","range":[1250,1250,1250,1250,1250],"rangeBurn":"1250","image":{"full":"MorganaQ.png","sprite":"spell8.png","group":"spell","x":0,"y":144,"w":48,"h":48},"resource":"{{ cost }} de {{ abilityresourcename }}"},{"id":"MorganaW","name":"Sombra Maldita","description":"Morgana proyecta una sombra maldita en un área que inflige daño a los enemigos que osen pisar su círculo oscuro. Reciben daño mágico prolongado que aumenta entre menos vida tenga el enemigo afectado.","tooltip":"Morgana incendia el suelo durante {{ wduration }} seg e inflige <magicDamage>{{ totalmindamage }} de daño mágico</magicDamage> por seg que aumenta hasta un {{ missinghealthamppercent*100 }}% según el porcentaje de Vida faltante de los objetivos.<br /><br />El enfriamiento de esta habilidad se reduce en un {{ cdrefundpercent*100 }}% cuando Morgana se cura con <spellName>Sifón del Alma</spellName>.{{ spellmodifierdescriptionappend }}","leveltip":{"label":["Daño por segundo","Costo de @AbilityResourceName@"],"effect":["{{ basedamage }} -> {{ basedamageNL }}","{{ cost }} -> {{ costNL }}"]},"maxrank":5,"cooldown":[12,12,12,12,12],"cooldownBurn":"12","cost":[70,85,100,115,130],"costBurn":"70/85/100/115/130","datavalues":{},"effect":[null,[0,0,0,0,0],[0,0,0,0,0],[0,0,0,0,0],[0,0,0,0,0],[0,0,0,0,0],[0,0,0,0,0],[0,0,0,0,0],[0,0,0,0,0],[0,0,0,0,0],[0,0,0,0,0]],"effectBurn":[null,"0","0","0","0","0","0","0","0","0","0"],"vars":[],"costType":" de {{ abilityresourcename }}","maxammo":"-1","range":[900,900,900,900,900],"rangeBurn":"900","image":{"full":"MorganaW.png","sprite":"spell8.png","group":"spell","x":48,"y":144,"w":48,"h":48},"resource":"{{ cost }} de {{ abilityresourcename }}"},{"id":"MorganaE","name":"Escudo Negro","description":"Morgana confiere a un aliado una barrera protectora de fuego estelar que absorbe daño mágico y anula efectos de control de masas hasta que se rompe.","tooltip":"Morgana le otorga a un campeón aliado un escudo contra <shield>{{ totalshieldstrength }} de daño mágico</shield> durante {{ shieldduration }} seg. El escudo protege contra los efectos <status>inhabilitantes</status> e <status>inmovilizadores</status> hasta que se rompa.{{ spellmodifierdescriptionappend }}","leveltip":{"label":["Cantidad de escudo","Enfriamiento"],"effect":["{{ shieldstrength }} -> {{ shieldstrengthNL }}","{{ cooldown }} -> {{ cooldownNL }}"]},"maxrank":5,"cooldown":[26,23.5,21,18.5,16],"cooldownBurn":"26/23.5/21/18.5/16","cost":[80,80,80,80,80],"costBurn":"80","datavalues":{},"effect":[null,[0,0,0,0,0],[0,0,0,0,0],[0,0,0,0,0],[0,0,0,0,0],[0,0,0,0,0],[0,0,0,0,0],[0,0,0,0,0],[0,0,0,0,0],[0,0,0,0,0],[0,0,0,0,0]],"effectBurn":[null,"0","0","0","0","0","0","0","0","0","0"],"vars":[],"costType":" de {{ abilityresourcename }}","maxammo":"-1","range":[800,800,800,800,800],"rangeBurn":"800","image":{"full":"MorganaE.png","sprite":"spell8.png","group":"spell","x":96,"y":144,"w":48,"h":48},"resource":"{{ cost }} de {{ abilityresourcename }}"},{"id":"MorganaR","name":"Grilletes del Alma","description":"Morgana desata toda la fuerza de su poder celestial, con lo que desata sus alas y sobrevuela. Morgana ata cadenas de dolor oscuras a los campeones enemigos cercanos y obtiene velocidad de movimiento al moverse hacia ellos. Las cadenas ralentizan e infligen daño inicial. Después de un momento, aturden a los que no puedan romperlas.","tooltip":"Morgana se encadena a los campeones enemigos cercanos, lo que inflige <magicDamage>{{ totaldamage }} de daño mágico</magicDamage> y los <status>ralentiza</status> en un {{ slowpercent }}%. Después de {{ chainduration }} seg, los enemigos incapaces de romper las cadenas reciben <magicDamage>{{ totaldamage }} de daño mágico</magicDamage> adicional y quedan <status>aturdidos</status> durante {{ stunduration }} seg.<br /><br />Al lanzar esta habilidad, Morgana obtiene un <speed>{{ hastepercent }}% de Velocidad de Movimiento</speed>.{{ spellmodifierdescriptionappend }}","leveltip":{"label":["Daño","Velocidad de movimiento","Duración de aturdimiento","Enfriamiento"],"effect":["{{ damage }} -> {{ damageNL }}","{{ hastepercent }}% -> {{ hastepercentNL }}%","{{ stunduration }} -> {{ stundurationNL }}","{{ cooldown }} -> {{ cooldownNL }}"]},"maxrank":3,"cooldown":[120,110,100],"cooldownBurn":"120/110/100","cost":[100,100,100],"costBurn":"100","datavalues":{},"effect":[null,[0,0,0],[0,0,0],[0,0,0],[0,0,0],[0,0,0],[0,0,0],[0,0,0],[0,0,0],[0,0,0],[0,0,0]],"effectBurn":[null,"0","0","0","0","0","0","0","0","0","0"],"vars":[],"costType":" de {{ abilityresourcename }}","maxammo":"-1","range":[625,625,625],"rangeBurn":"625","image":{"full":"MorganaR.png","sprite":"spell8.png","group":"spell","x":144,"y":144,"w":48,"h":48},"resource":"{{ cost }} de {{ abilityresourcename }}"}],"passive":{"name":"Sifón del Alma","description":"Morgana drena el espíritu de sus enemigos y se cura mientras inflige daño a campeones, súbditos grandes y monstruos de la jungla grandes y medianos.","image":{"full":"FallenAngel_Empathize.png","sprite":"passive2.png","group":"passive","x":144,"y":96,"w":48,"h":48}},"recommended":[]}}}