{"type":"champion","format":"standAloneComplex","version":"14.3.1","data":{"Naafiri":{"id":"Naafiri","key":"950","name":"Naafiri","title":"la Sabueso de las Cien Mordidas","image":{"full":"Naafiri.png","sprite":"champion2.png","group":"champion","x":192,"y":96,"w":48,"h":48},"skins":[{"id":"950000","num":0,"name":"default","chromas":false},{"id":"950001","num":1,"name":"Naafiri Peleadora Álmica","chromas":true}],"lore":"A través de las arenas de Shurima, resuena un coro de aullidos. Es el llamado de los sabuesos de las dunas, depredadores voraces que forman manadas y compiten por el derecho a cazar en estas tierras desérticas. Entre ellos, una manada se destaca por encima de las demás, pues no solo la motivan sus instintos caninos, sino el antiguo poder de los Darkin.","blurb":"A través de las arenas de Shurima, resuena un coro de aullidos. Es el llamado de los sabuesos de las dunas, depredadores voraces que forman manadas y compiten por el derecho a cazar en estas tierras desérticas. Entre ellos, una manada se destaca por...","allytips":["A través de las arenas de Shurima, resuena un coro de aullidos. Es el llamado de los sabuesos de las dunas, depredadores voraces que forman manadas y compiten por el derecho a cazar en estas tierras desérticas. Entre ellos, una manada se destaca por encima de las demás, pues no solo la motivan sus instintos caninos, sino el antiguo poder de los Darkin."],"enemytips":[],"tags":["Assassin"],"partype":"Maná","info":{"attack":9,"defense":5,"magic":0,"difficulty":2},"stats":{"hp":635,"hpperlevel":120,"mp":400,"mpperlevel":55,"movespeed":340,"armor":30,"armorperlevel":4.7,"spellblock":32,"spellblockperlevel":2.05,"attackrange":125,"hpregen":9,"hpregenperlevel":0.9,"mpregen":7.5,"mpregenperlevel":1,"crit":0,"critperlevel":0,"attackdamage":55,"attackdamageperlevel":2.1,"attackspeedperlevel":2.1,"attackspeed":0.663},"spells":[{"id":"NaafiriQ","name":"Dagas Darkin","description":"Naafiri arroja hasta dos dagas, cada una de las cuales inflige hemorragia o daño adicional si el objetivo ya está sangrando.<br><br>Los Compañeros se abalanzan sobre los campeones alcanzados con esta habilidad para atacarlos.<br>","tooltip":"Naafiri lanza dagas corruptas con poder Darkin, las cuales infligen <physicalDamage>{{ spell.naafiriq:totaldamagefirstcast }} de daño físico</physicalDamage> y aplican hemorragia, que inflige <physicalDamage>{{ spell.naafiriq:totalbleeddamage }} de daño físico</physicalDamage> a lo largo de {{ spell.naafiriq:bleedduration }} seg.<br /><br />Naafiri puede <recast>volver a lanzar</recast> esta habilidad. Si los enemigos impactados ya están sangrando por los efectos de esta habilidad, les inflige el daño restante de la hemorragia, más de <physicalDamage>{{ spell.naafiriq:totalmindamagesecondcast }} </physicalDamage> a <physicalDamage>{{ spell.naafiriq:totalmaxdamagesecondcast }} de daño físico</physicalDamage>, según su vida faltante. Si el objetivo era un campeón, Naafiri se curará <healing>{{ spell.naafiriq:totalhealsecondcast }} de Vida</healing>.<br /><br />Los <keywordMajor>Compañeros</keywordMajor> saltarán sobre el primer objetivo impactado y lo atacarán durante {{ spell.naafirip:packmatetauntduration }} seg. <br /><br />{{ spellmodifierdescriptionappend }}","leveltip":{"label":["Daño inicial","Daño del segundo lanzamiento","Daño por sangrado","Curación","Costo de @AbilityResourceName@","Enfriamiento"],"effect":["{{ basedamagefirstcast }} -> {{ basedamagefirstcastNL }}","{{ basedamagesecondcast }} -> {{ basedamagesecondcastNL }}","{{ bleedbasedamage }} -> {{ bleedbasedamageNL }}","{{ basehealsecondcast }} -> {{ basehealsecondcastNL }}","{{ cost }} -> {{ costNL }}","{{ cooldown }} -> {{ cooldownNL }}"]},"maxrank":5,"cooldown":[11,10,9,8,7],"cooldownBurn":"11/10/9/8/7","cost":[55,60,65,70,75],"costBurn":"55/60/65/70/75","datavalues":{},"effect":[null,[0,0,0,0,0],[0,0,0,0,0],[0,0,0,0,0],[0,0,0,0,0],[0,0,0,0,0],[0,0,0,0,0],[0,0,0,0,0],[0,0,0,0,0],[0,0,0,0,0],[0,0,0,0,0]],"effectBurn":[null,"0","0","0","0","0","0","0","0","0","0"],"vars":[],"costType":" de {{ abilityresourcename }}","maxammo":"-1","range":[900,900,900,900,900],"rangeBurn":"900","image":{"full":"NaafiriQ.png","sprite":"spell8.png","group":"spell","x":192,"y":144,"w":48,"h":48},"resource":"{{ cost }} de {{ abilityresourcename }}"},{"id":"NaafiriW","name":"Presa a la Vista","description":"Naafiri y sus compañeros se desplazan hacia un enemigo, colisionan contra el primer campeón alcanzado e infligen daño.","tooltip":"Naafiri se lanza hacia un enemigo y se detiene al impactar contra el primer campeón, lo que inflige <physicalDamage>{{ totaldamage }} de daño físico</physicalDamage> y lo <status>ralentiza</status> brevemente.<br /><br />Los <keywordMajor>Compañeros</keywordMajor> se vuelven inalcanzables, se desplazan junto con Naafiri e infligen <physicalDamage>{{ packmatedamage }} de daño físico</physicalDamage> por cada <keywordMajor>Compañero</keywordMajor>.<br /><br />Esta habilidad recibe alcance según el rango de su definitiva. Bonificación actual: {{ spell.naafirir:wrangeincrease }}<br />{{ spellmodifierdescriptionappend }}","leveltip":{"label":["Daño","Costo de @AbilityResourceName@","Enfriamiento"],"effect":["{{ basedamage }} -> {{ basedamageNL }}","{{ cost }} -> {{ costNL }}","{{ cooldown }} -> {{ cooldownNL }}"]},"maxrank":5,"cooldown":[22,20,18,16,14],"cooldownBurn":"22/20/18/16/14","cost":[70,60,50,40,30],"costBurn":"70/60/50/40/30","datavalues":{},"effect":[null,[0,0,0,0,0],[0,0,0,0,0],[0,0,0,0,0],[0,0,0,0,0],[0,0,0,0,0],[0,0,0,0,0],[0,0,0,0,0],[0,0,0,0,0],[0,0,0,0,0],[0,0,0,0,0]],"effectBurn":[null,"0","0","0","0","0","0","0","0","0","0"],"vars":[],"costType":" de {{ abilityresourcename }}","maxammo":"-1","range":[700,700,700,700,700],"rangeBurn":"700","image":{"full":"NaafiriW.png","sprite":"spell8.png","group":"spell","x":240,"y":144,"w":48,"h":48},"resource":"{{ cost }} de {{ abilityresourcename }}"},{"id":"NaafiriE","name":"Eviscerar","description":"Naafiri se desplaza e inflige daño a los enemigos en un área a su alrededor; luego, reagrupa a sus Compañeros y los cura por completo.","tooltip":"Naafiri se lanza hacia adelante e inflige <physicalDamage>{{ totaldamagefirstslash }} de daño físico</physicalDamage>, luego explota en una ráfaga de cuchillas e inflige <physicalDamage>{{ totaldamagesecondslash }} de daño físico.</physicalDamage><br /><br />Los <keywordMajor>Compañeros</keywordMajor> se reagrupan con Naafiri y <healing>se curan el 100% de su Vida</healing>. <br />{{ spellmodifierdescriptionappend }}","leveltip":{"label":["Daño (Primer corte)","Daño (Segundo corte)","Enfriamiento"],"effect":["{{ basedamagefirstslash }} -> {{ basedamagefirstslashNL }}","{{ basedamagesecondhit }} -> {{ basedamagesecondhitNL }}","{{ cooldown }} -> {{ cooldownNL }}"]},"maxrank":5,"cooldown":[10,9.5,9,8.5,8],"cooldownBurn":"10/9.5/9/8.5/8","cost":[35,35,35,35,35],"costBurn":"35","datavalues":{},"effect":[null,[0,0,0,0,0],[0,0,0,0,0],[0,0,0,0,0],[0,0,0,0,0],[0,0,0,0,0],[0,0,0,0,0],[0,0,0,0,0],[0,0,0,0,0],[0,0,0,0,0],[0,0,0,0,0]],"effectBurn":[null,"0","0","0","0","0","0","0","0","0","0"],"vars":[],"costType":" de {{ abilityresourcename }}","maxammo":"-1","range":[350,350,350,350,350],"rangeBurn":"350","image":{"full":"NaafiriE.png","sprite":"spell8.png","group":"spell","x":288,"y":144,"w":48,"h":48},"resource":"{{ cost }} de {{ abilityresourcename }}"},{"id":"NaafiriR","name":"El Llamado de la Manada","description":"Naafiri potencia a su manada y hace aparecer Compañeros adicionales, obtiene un aumento de velocidad y visión instantáneamente y un escudo la primera vez que impacte a otro campeón.<br><br>Tras matar a otro campeón por primera vez, todos los efectos se restablecen.<br>","tooltip":"<spellPassive>Pasiva:</spellPassive><spellActive> Presa a la Vista</spellActive> obtiene {{ wrangeincrease }} de alcance.<br /><br /><spellActive>Activa:</spellActive> Naafiri se prepara para cazar y obtiene un <physicalDamage>{{ bonusad }} de Daño de Ataque</physicalDamage>, <keywordMajor>potencia a su manada</keywordMajor> y crea <keywordMajor>{{ packmatestoadd }} Compañeros adicionales</keywordMajor> durante {{ duration }} seg. <br /><br />Naafiri también obtiene visión de sus alrededores y un <speed>{{ movespeedooctootlip*100 }}% de Velocidad de Movimiento que decae durante {{ movespeedduration }} seg, se reduce a un {{ movespeedamount*100 }}% tras recibir daño.</speed> La primera vez que impacta a un campeón, obtiene un <shield>escudo de {{ shieldtotal }}</shield> durante {{ shieldduration }} seg. <br /><br />Todos los efectos se reinician tras el primer derribo de un campeón.{{ spellmodifierdescriptionappend }}","leveltip":{"label":["Daño de ataque adicional","Porcentaje de daño de ataque adicional","Compañeros de manada obtenidos","Velocidad de movimiento","Velocidad de movimiento después del daño","Cantidad de escudo","Presa a la Vista Aumento de alcance","Enfriamiento"],"effect":["{{ naafiriadflatboost }} -> {{ naafiriadflatboostNL }}","{{ naafiriadpercentboost*100.000000 }}% -> {{ naafiriadpercentboostnl*100.000000 }}%","{{ packmatestoadd }} -> {{ packmatestoaddNL }}","{{ movespeedooctootlip*100.000000 }}% -> {{ movespeedooctootlipnl*100.000000 }}%","{{ movespeedamount*100.000000 }}% -> {{ movespeedamountnl*100.000000 }}%","{{ shieldbase }} -> {{ shieldbaseNL }}","{{ wrangeincrease }} -> {{ wrangeincreaseNL }}","{{ cooldown }} -> {{ cooldownNL }}"]},"maxrank":3,"cooldown":[120,110,100],"cooldownBurn":"120/110/100","cost":[100,100,100],"costBurn":"100","datavalues":{},"effect":[null,[0,0,0],[0,0,0],[0,0,0],[0,0,0],[0,0,0],[0,0,0],[0,0,0],[0,0,0],[0,0,0],[0,0,0]],"effectBurn":[null,"0","0","0","0","0","0","0","0","0","0"],"vars":[],"costType":" de {{ abilityresourcename }}","maxammo":"-1","range":[400,400,400],"rangeBurn":"400","image":{"full":"NaafiriR.png","sprite":"spell8.png","group":"spell","x":336,"y":144,"w":48,"h":48},"resource":"{{ cost }} de {{ abilityresourcename }}"}],"passive":{"name":"Somos Más","description":"Naafiri hace aparecer a sus compañeros que atacan a los objetivos de sus ataques y habilidades.","image":{"full":"Icons_Naafiri_P.png","sprite":"passive2.png","group":"passive","x":192,"y":96,"w":48,"h":48}},"recommended":[]}}}