{"type":"champion","format":"standAloneComplex","version":"14.3.1","data":{"Nami":{"id":"Nami","key":"267","name":"Nami","title":"la Invocadora de Mareas","image":{"full":"Nami.png","sprite":"champion2.png","group":"champion","x":240,"y":96,"w":48,"h":48},"skins":[{"id":"267000","num":0,"name":"default","chromas":false},{"id":"267001","num":1,"name":"Nami Koi","chromas":true},{"id":"267002","num":2,"name":"Nami Iara","chromas":false},{"id":"267003","num":3,"name":"Urf el Namití","chromas":false},{"id":"267007","num":7,"name":"Nami de las Profundidades","chromas":false},{"id":"267008","num":8,"name":"Nami SKT T1","chromas":false},{"id":"267009","num":9,"name":"Programa Nami","chromas":true},{"id":"267015","num":15,"name":"Nami Báculo Magnífico","chromas":true},{"id":"267024","num":24,"name":"Nami Destino Cósmico","chromas":true},{"id":"267032","num":32,"name":"Nami Embrujada","chromas":true},{"id":"267041","num":41,"name":"Nami Onda Espacial","chromas":true},{"id":"267042","num":42,"name":"Nami Onda Espacial Prestigiosa","chromas":false},{"id":"267051","num":51,"name":"Nami Aquelarre","chromas":true}],"lore":"Como una joven y obstinada vastaya de los mares, Nami fue la primera de la tribu Marai en dejar las olas y aventurarse a tierra firme cuando se quebrantó el ancestral acuerdo con los targonianos. Sin ninguna otra opción, se dedicó a la tarea de completar el sagrado ritual que garantizaría la seguridad de su gente. En medio del caos de esta nueva era, Nami se enfrenta a un futuro incierto con valor y determinación junto a su báculo invocador de mareas para blandir la fuerza de los mismos océanos.","blurb":"Como una joven y obstinada vastaya de los mares, Nami fue la primera de la tribu Marai en dejar las olas y aventurarse a tierra firme cuando se quebrantó el ancestral acuerdo con los targonianos. Sin ninguna otra opción, se dedicó a la tarea de...","allytips":["Prisión de Agua tiene un enfriamiento muy largo; asegúrate de usarla en el momento adecuado.","Usar Flujo y Reflujo durante un enfrentamiento con campeones enemigos te ayudará a desequilibrar la batalla a tu favor.","La habilidad definitiva de Nami puede ser muy útil para empezar a atacar a los enemigos que están lejos."],"enemytips":["Prisión de Agua es una habilidad muy poderosa con un enfriamiento muy largo; aprovecha si Nami falla.","Maremoto tiene muy largo alcance, pero es muy lento; si pones suficiente atención, podrás apartarte a tiempo.","Intenta evitar el enfrentarte contra rivales afectados por Bendición de la Marea, ya que tiene una corta duración y te beneficiará notablemente esperar a que se acabe."],"tags":["Support","Mage"],"partype":"Maná","info":{"attack":4,"defense":3,"magic":7,"difficulty":5},"stats":{"hp":560,"hpperlevel":88,"mp":365,"mpperlevel":43,"movespeed":335,"armor":29,"armorperlevel":5.2,"spellblock":30,"spellblockperlevel":1.3,"attackrange":550,"hpregen":5.5,"hpregenperlevel":0.55,"mpregen":11.5,"mpregenperlevel":0.4,"crit":0,"critperlevel":0,"attackdamage":51,"attackdamageperlevel":3.1,"attackspeedperlevel":2.61,"attackspeed":0.644},"spells":[{"id":"NamiQ","name":"Prisión de Agua","description":"Envía una burbuja a una zona objetivo, lo que inflige daño y aturde a todos los enemigos al impacto.","tooltip":"Nami lanza una burbuja, lo que <status>aturde</status> durante {{ e2 }} seg e inflige <magicDamage>{{ totaldamagett }} de daño mágico</magicDamage>.{{ spellmodifierdescriptionappend }}","leveltip":{"label":["Daño","Enfriamiento"],"effect":["{{ basedamage }} -> {{ basedamageNL }}","{{ cooldown }} -> {{ cooldownNL }}"]},"maxrank":5,"cooldown":[12,11,10,9,8],"cooldownBurn":"12/11/10/9/8","cost":[60,60,60,60,60],"costBurn":"60","datavalues":{},"effect":[null,[75,130,185,240,295],[1.5,1.5,1.5,1.5,1.5],[0,0,0,0,0],[0,0,0,0,0],[0,0,0,0,0],[0,0,0,0,0],[0,0,0,0,0],[0,0,0,0,0],[0,0,0,0,0],[0,0,0,0,0]],"effectBurn":[null,"75/130/185/240/295","1.5","0","0","0","0","0","0","0","0"],"vars":[],"costType":" de {{ abilityresourcename }}","maxammo":"-1","range":[875,875,875,875,875],"rangeBurn":"875","image":{"full":"NamiQ.png","sprite":"spell8.png","group":"spell","x":384,"y":144,"w":48,"h":48},"resource":"{{ cost }} de {{ abilityresourcename }}"},{"id":"NamiW","name":"Flujo y Reflujo","description":"Desata una corriente de agua que rebota de un lado a otro entre aliados y campeones enemigos, lo que cura a aliados y daña a enemigos.","tooltip":"Nami desata una corriente de agua que rebota entre aliados y campeones enemigos. Solo puede alcanzar una vez a cada campeón y alcanza hasta a {{ e2 }} objetivos.<li>Restaura <healing>{{ totalhealtooltip }} de Vida</healing> a aliados y rebota contra un campeón enemigo cercano. <li>Inflige <magicDamage>{{ totaldamagetooltip }} de daño mágico</magicDamage> a enemigos y rebota hacia un campeón aliado cercano.<br />El daño y el valor de la curación se modifican en un {{ bouncescalingtooltip }} con cada rebote. {{ spellmodifierdescriptionappend }}","leveltip":{"label":["Curación","Daño","Costo de @AbilityResourceName@"],"effect":["{{ baseheal }} -> {{ basehealNL }}","{{ basedamage }} -> {{ basedamageNL }}","{{ cost }} -> {{ costNL }}"]},"maxrank":5,"cooldown":[10,10,10,10,10],"cooldownBurn":"10","cost":[70,80,90,100,110],"costBurn":"70/80/90/100/110","datavalues":{},"effect":[null,[60,100,140,180,220],[3,3,3,3,3],[55,75,95,115,135],[15,15,15,15,15],[0.075,0.075,0.075,0.075,0.075],[0,0,0,0,0],[0,0,0,0,0],[0,0,0,0,0],[0,0,0,0,0],[0,0,0,0,0]],"effectBurn":[null,"60/100/140/180/220","3","55/75/95/115/135","15","0.08","0","0","0","0","0"],"vars":[],"costType":" de {{ abilityresourcename }}","maxammo":"-1","range":[725,725,725,725,725],"rangeBurn":"725","image":{"full":"NamiW.png","sprite":"spell8.png","group":"spell","x":432,"y":144,"w":48,"h":48},"resource":"{{ cost }} de {{ abilityresourcename }}"},{"id":"NamiE","name":"Bendición de la Marea","description":"Potencia a un campeón aliado por un breve periodo. Los hechizos y ataques básicos de ese aliado infligen daño mágico adicional y ralentizan al objetivo.","tooltip":"Nami potencia los próximos {{ e4 }} ataques y habilidades de un campeón aliado durante {{ e5 }} seg, lo que hace que <status>ralenticen</status> al objetivo un {{ totalslowtooltip }} durante {{ e3 }} seg e inflijan <magicDamage>{{ totaldamagetooltip }} de daño mágico</magicDamage> adicional. {{ spellmodifierdescriptionappend }}","leveltip":{"label":["Daño","Ralentización","Costo de @AbilityResourceName@"],"effect":["{{ e1 }} -> {{ e1NL }}","{{ e2 }}% -> {{ e2NL }}%","{{ cost }} -> {{ costNL }}"]},"maxrank":5,"cooldown":[11,11,11,11,11],"cooldownBurn":"11","cost":[55,60,65,70,75],"costBurn":"55/60/65/70/75","datavalues":{},"effect":[null,[20,35,50,65,80],[15,20,25,30,35],[1,1,1,1,1],[3,3,3,3,3],[6,6,6,6,6],[0,0,0,0,0],[0,0,0,0,0],[0,0,0,0,0],[0,0,0,0,0],[0,0,0,0,0]],"effectBurn":[null,"20/35/50/65/80","15/20/25/30/35","1","3","6","0","0","0","0","0"],"vars":[],"costType":" de {{ abilityresourcename }}","maxammo":"-1","range":[800,800,800,800,800],"rangeBurn":"800","image":{"full":"NamiE.png","sprite":"spell9.png","group":"spell","x":0,"y":0,"w":48,"h":48},"resource":"{{ cost }} de {{ abilityresourcename }}"},{"id":"NamiR","name":"Maremoto","description":"Invoca un Maremoto masivo que lanza por el aire a los enemigos, los ralentiza e inflige daño. Los aliados alcanzados obtienen el efecto de Oleaje dos veces.","tooltip":"Nami invoca un maremoto que <status>lanza por el aire</status> durante 0.5 seg, <status>ralentiza</status> un {{ e4 }}% e inflige <magicDamage>{{ totaldamagetooltip }} de daño mágico</magicDamage>. La duración de la <status>ralentización</status> aumenta según la distancia recorrida del maremoto, con una duración de hasta {{ e5 }} seg.<br /><br />Los aliados alcanzados por el maremoto obtienen doble efecto de <spellName>Oleaje</spellName>.{{ spellmodifierdescriptionappend }}","leveltip":{"label":["Daño","Enfriamiento","Ralentización"],"effect":["{{ e1 }} -> {{ e1NL }}","{{ cooldown }} -> {{ cooldownNL }}","{{ e4 }}% -> {{ e4NL }}%"]},"maxrank":3,"cooldown":[120,110,100],"cooldownBurn":"120/110/100","cost":[100,100,100],"costBurn":"100","datavalues":{},"effect":[null,[150,250,350],[0.5,0.5,0.5],[2,2,2],[50,60,70],[4,4,4],[0.002,0.002,0.002],[0,0,0],[0,0,0],[0,0,0],[0,0,0]],"effectBurn":[null,"150/250/350","0.5","2","50/60/70","4","0","0","0","0","0"],"vars":[],"costType":" de {{ abilityresourcename }}","maxammo":"-1","range":[2550,2550,2550],"rangeBurn":"2550","image":{"full":"NamiR.png","sprite":"spell9.png","group":"spell","x":48,"y":0,"w":48,"h":48},"resource":"{{ cost }} de {{ abilityresourcename }}"}],"passive":{"name":"Oleaje","description":"Cuando las habilidades de Nami impactan a campeones aliados, obtienen velocidad de movimiento durante un breve momento.","image":{"full":"NamiPassive.png","sprite":"passive2.png","group":"passive","x":240,"y":96,"w":48,"h":48}},"recommended":[]}}}