{"type":"champion","format":"standAloneComplex","version":"14.3.1","data":{"Nasus":{"id":"Nasus","key":"75","name":"Nasus","title":"el Curador de las Arenas","image":{"full":"Nasus.png","sprite":"champion2.png","group":"champion","x":288,"y":96,"w":48,"h":48},"skins":[{"id":"75000","num":0,"name":"default","chromas":false},{"id":"75001","num":1,"name":"Nasus Galáctico","chromas":false},{"id":"75002","num":2,"name":"Faraón Nasus","chromas":false},{"id":"75003","num":3,"name":"Nasus Caballero del Terror","chromas":true},{"id":"75004","num":4,"name":"Riot Nasus K-9","chromas":false},{"id":"75005","num":5,"name":"Nasus Infernal","chromas":false},{"id":"75006","num":6,"name":"Archiduque Nasus","chromas":false},{"id":"75010","num":10,"name":"Nasus Rompemundos","chromas":false},{"id":"75011","num":11,"name":"Nasus Guardián Lunar","chromas":true},{"id":"75016","num":16,"name":"Nasus Blindaje Bélico","chromas":true},{"id":"75025","num":25,"name":"Nasus Onda Espacial","chromas":true},{"id":"75035","num":35,"name":"Nasus Titán Acorazado","chromas":true},{"id":"75045","num":45,"name":"Nasus Portador del Anochecer","chromas":true}],"lore":"Nasus es una imponente criatura Ascendida con cabeza de chacal procedente de la antigua Shurima; una figura heroica a la que la gente del desierto encumbró al nivel de semidiós. Poseedor de una increíble inteligencia, fue un guardián del saber y estratega sin igual cuya sabiduría guio durante siglos al antiguo imperio de Shurima hasta alcanzar la cumbre de su grandeza. Tras la caída del imperio, se sometió a un exilio autoimpuesto, lo que terminó por convertirlo en leyenda. Ahora que la antigua ciudad de Shurima resurgió de sus cenizas, su héroe ha regresado para asegurarse de que nunca vuelva a caer.","blurb":"Nasus es una imponente criatura Ascendida con cabeza de chacal procedente de la antigua Shurima; una figura heroica a la que la gente del desierto encumbró al nivel de semidiós. Poseedor de una increíble inteligencia, fue un guardián del saber y...","allytips":["Asestar un último golpe con Golpe Absorbente será determinante para el resultado de la partida.","Si estás solo, Fuego Espiritual es un modo excelente de matar reiteradamente en un carril. Puede ser malo si estás en un carril con 2 y te abres paso demasiado lejos. Busca el equilibrio adecuado entre los golpes finales de Golpe Absorbente y el asesinato reiterado de área de efecto.","Si tienes bajas defensas, irán por ti incluso durante tu definitiva. Intenta comprar algunos objetos de supervivencia incluso en tus especializaciones de DPS."],"enemytips":["Al transformarse con su habilidad definitiva, Nasus se vuelve uno de los más fuertes de la liga. Enfréntate a él solo si tienes una ventaja clara.","Marchitar de máximo nivel es una manera muy eficaz de contrarrestar a los personajes de Daño de Ataque. Procura evitar verte atrapado en solitario por él.","Nasus tiene tendencia a ser arrastrado. Procura no atacarlo con toda la Vida."],"tags":["Fighter","Tank"],"partype":"Maná","info":{"attack":7,"defense":5,"magic":6,"difficulty":6},"stats":{"hp":631,"hpperlevel":104,"mp":326,"mpperlevel":62,"movespeed":350,"armor":34,"armorperlevel":4.7,"spellblock":32,"spellblockperlevel":2.05,"attackrange":125,"hpregen":9,"hpregenperlevel":0.9,"mpregen":7.45,"mpregenperlevel":0.5,"crit":0,"critperlevel":0,"attackdamage":67,"attackdamageperlevel":3.5,"attackspeedperlevel":3.48,"attackspeed":0.638},"spells":[{"id":"NasusQ","name":"Golpe Absorbente","description":"Nasus golpea a su enemigo, lo que le inflige daño e incrementa la fuerza de sus Golpes Absorbentes futuros si lo asesina.","tooltip":"El siguiente ataque de Nasus inflige <physicalDamage>{{ totaldamage }} de daño físico adicional</physicalDamage>. Matar a un enemigo con este ataque aumenta su daño en {{ e2 }} de forma permanente, que aumenta a {{ e4 }} contra campeones, súbditos grandes y monstruos grandes de la jungla.<br /><br /><rules>Esta habilidad activa efectos de hechizo al infligir daño.</rules>{{ spellmodifierdescriptionappend }}","leveltip":{"label":["Daño básico","Enfriamiento"],"effect":["{{ e1 }} -> {{ e1NL }}","{{ cooldown }} -> {{ cooldownNL }}"]},"maxrank":5,"cooldown":[7.5,6.5,5.5,4.5,3.5],"cooldownBurn":"7.5/6.5/5.5/4.5/3.5","cost":[20,20,20,20,20],"costBurn":"20","datavalues":{},"effect":[null,[30,50,70,90,110],[3,3,3,3,3],[50,50,50,50,50],[12,12,12,12,12],[0,0,0,0,0],[0,0,0,0,0],[0,0,0,0,0],[0,0,0,0,0],[0,0,0,0,0],[0,0,0,0,0]],"effectBurn":[null,"30/50/70/90/110","3","50","12","0","0","0","0","0","0"],"vars":[],"costType":" de {{ abilityresourcename }}","maxammo":"-1","range":[300,300,300,300,300],"rangeBurn":"300","image":{"full":"NasusQ.png","sprite":"spell9.png","group":"spell","x":96,"y":0,"w":48,"h":48},"resource":"{{ cost }} de {{ abilityresourcename }}"},{"id":"NasusW","name":"Marchitar","description":"Nasus envejece a un campeón enemigo, lo que reduce progresivamente la velocidad de ataque y de movimiento del objetivo.","tooltip":"Nasus envejece a un campeón, <status>ralentizándolo</status> en un {{ slowbase }}%, aumentando a un {{ maxslowtooltiponly }}% durante {{ duration }} seg. Su <attackSpeed>Velocidad de Ataque</attackSpeed> también se reduce un {{ attackspeedslowmult*100 }}% de la <status>ralentización</status>.{{ spellmodifierdescriptionappend }}","leveltip":{"label":["Ralentización máx.","Enfriamiento"],"effect":["{{ maxslowtooltiponly }}% -> {{ maxslowtooltiponlyNL }}%","{{ cooldown }} -> {{ cooldownNL }}"]},"maxrank":5,"cooldown":[15,14,13,12,11],"cooldownBurn":"15/14/13/12/11","cost":[80,80,80,80,80],"costBurn":"80","datavalues":{},"effect":[null,[0,0,0,0,0],[0,0,0,0,0],[0,0,0,0,0],[0,0,0,0,0],[0,0,0,0,0],[0,0,0,0,0],[0,0,0,0,0],[0,0,0,0,0],[0,0,0,0,0],[0,0,0,0,0]],"effectBurn":[null,"0","0","0","0","0","0","0","0","0","0"],"vars":[],"costType":" de {{ abilityresourcename }}","maxammo":"-1","range":[700,700,700,700,700],"rangeBurn":"700","image":{"full":"NasusW.png","sprite":"spell9.png","group":"spell","x":144,"y":0,"w":48,"h":48},"resource":"{{ cost }} de {{ abilityresourcename }}"},{"id":"NasusE","name":"Fuego Espiritual","description":"Nasus desata una llama espiritual en una ubicación que inflige daño y reduce la armadura de los enemigos que se encuentren sobre ella.","tooltip":"Nasus enciende una flama espiritual que inflige <magicDamage>{{ initialdamage }} de daño mágico</magicDamage>. Los enemigos en el área pierden un <scaleArmor>{{ e2 }}% de Armadura</scaleArmor> y reciben <magicDamage>{{ totaldotdamage }} de daño mágico</magicDamage> durante {{ e3 }} seg.{{ spellmodifierdescriptionappend }}","leveltip":{"label":["Daño inicial","Daño por segundo","% Reducción de Armadura","Costo de @AbilityResourceName@"],"effect":["{{ e4 }} -> {{ e4NL }}","{{ e1 }} -> {{ e1NL }}","{{ effect2amount*-100.000000 }}% -> {{ effect2amountnl*-100.000000 }}%","{{ cost }} -> {{ costNL }}"]},"maxrank":5,"cooldown":[12,12,12,12,12],"cooldownBurn":"12","cost":[70,85,100,115,130],"costBurn":"70/85/100/115/130","datavalues":{},"effect":[null,[11,19,27,35,43],[25,30,35,40,45],[5,5,5,5,5],[55,95,135,175,215],[0,0,0,0,0],[0,0,0,0,0],[0,0,0,0,0],[0,0,0,0,0],[0,0,0,0,0],[0,0,0,0,0]],"effectBurn":[null,"11/19/27/35/43","25/30/35/40/45","5","55/95/135/175/215","0","0","0","0","0","0"],"vars":[],"costType":" de {{ abilityresourcename }}","maxammo":"-1","range":[650,650,650,650,650],"rangeBurn":"650","image":{"full":"NasusE.png","sprite":"spell9.png","group":"spell","x":192,"y":0,"w":48,"h":48},"resource":"{{ cost }} de {{ abilityresourcename }}"},{"id":"NasusR","name":"Furia de las Arenas","description":"Nasus desata una poderosa tormenta de arena que azota a los enemigos cercanos. Mientras la tormenta ruge, obtiene vida y alcance de ataque aumentados, inflige daño a los enemigos cercanos, Golpe Absorbente tiene un enfriamiento más corto y obtiene armadura y resistencia mágica adicionales.","tooltip":"La tormenta de arena imbuye de poder a Nasus durante 15 seg, lo que aumenta su <healing>Vida Máxima en {{ bonushealth }}</healing> y su <scaleArmor>Armadura</scaleArmor> y <scaleMR>Resistencia Mágica</scaleMR> en {{ initialresistgain }}.<br /><br />Mientras la tormenta ruge, los enemigos cercanos reciben un <magicDamage>{{ damagecalc }} de su Vida Máxima como daño mágico</magicDamage> por segundo y <spellName>Golpe Absorbente</spellName> tiene un {{ qcdr*100 }}% de enfriamiento reducido.{{ spellmodifierdescriptionappend }}","leveltip":{"label":["Vida adicional","% de Vida Máxima","Armadura y resistencia mágica adicionales","Enfriamiento"],"effect":["{{ bonushealth }} -> {{ bonushealthNL }}","{{ aoedamagepercent*100.000000 }}% -> {{ aoedamagepercentnl*100.000000 }}%","{{ initialresistgain }} -> {{ initialresistgainNL }}","{{ cooldown }} -> {{ cooldownNL }}"]},"maxrank":3,"cooldown":[120,100,80],"cooldownBurn":"120/100/80","cost":[100,100,100],"costBurn":"100","datavalues":{},"effect":[null,[0,0,0],[0,0,0],[0,0,0],[0,0,0],[0,0,0],[0,0,0],[0,0,0],[0,0,0],[0,0,0],[0,0,0]],"effectBurn":[null,"0","0","0","0","0","0","0","0","0","0"],"vars":[],"costType":" de {{ abilityresourcename }}","maxammo":"-1","range":[20,20,20],"rangeBurn":"20","image":{"full":"NasusR.png","sprite":"spell9.png","group":"spell","x":240,"y":0,"w":48,"h":48},"resource":"{{ cost }} de {{ abilityresourcename }}"}],"passive":{"name":"Devorador de Almas","description":"Nasus drena la energía espiritual de sus enemigos, lo que le otorga Robo de Vida adicional.","image":{"full":"Nasus_Passive.png","sprite":"passive2.png","group":"passive","x":288,"y":96,"w":48,"h":48}},"recommended":[]}}}