{"type":"champion","format":"standAloneComplex","version":"14.3.1","data":{"Nautilus":{"id":"Nautilus","key":"111","name":"Nautilus","title":"el Titán de las Profundidades","image":{"full":"Nautilus.png","sprite":"champion2.png","group":"champion","x":336,"y":96,"w":48,"h":48},"skins":[{"id":"111000","num":0,"name":"default","chromas":false},{"id":"111001","num":1,"name":"Nautilus Abisal","chromas":false},{"id":"111002","num":2,"name":"Nautilus Subterráneo","chromas":false},{"id":"111003","num":3,"name":"AstroNautilus","chromas":true},{"id":"111004","num":4,"name":"Nautilus Protector","chromas":false},{"id":"111005","num":5,"name":"Nautilus Rompemundos","chromas":false},{"id":"111006","num":6,"name":"Nautilus Conquistador","chromas":false},{"id":"111009","num":9,"name":"Nautilus Pergaminos Shan Hai","chromas":false},{"id":"111018","num":18,"name":"Nautilus Noche de Terror","chromas":false},{"id":"111027","num":27,"name":"Nautilus Paladín Cósmico","chromas":false}],"lore":"Una solitaria leyenda tan antigua como los primeros muelles hundidos de Aguasturbias, el gigante en armadura conocido como Nautilus deambula las oscuras aguas de la costa de las Islas de la Llama Azul. Motivado por una traición ya olvidada, ataca sin advertencia y barre su enorme ancla de un lado a otro para salvar a los desafortunados y llevar a los codiciosos a su perdición. Dicen que viene por los que olvidan pagar el ''tributo de Aguasturbias'', para llevarlos debajo de las olas con él. Se ha vuelto un recordatorio de hierro de que nadie puede escapar de las profundidades.","blurb":"Una solitaria leyenda tan antigua como los primeros muelles hundidos de Aguasturbias, el gigante en armadura conocido como Nautilus deambula las oscuras aguas de la costa de las Islas de la Llama Azul. Motivado por una traición ya olvidada, ataca sin...","allytips":["Durante las emboscadas, puedes usar Línea de Dragado sobre los terrenos cercanos y, después, utiliza Aguas Revueltas para aumentar la posibilidad de acierto.","Las explosiones de Aguas Revueltas estallan con retraso. Puedes usarlo mientras corres o como elemento disuasorio para los enemigos que se acerquen."],"enemytips":["Si Nautilus utiliza Aguas Revueltas cerca de ti, quédate en el sitio hasta que el efecto de ondas termine antes de salir corriendo. Si huyes antes, activará las explosiones secundarias, lo que te provocará un daño adicional y te ralentizará.","Mientras Nautilus está protegido, puede infligir grandes cantidades de daño en área con sus ataques básicos. Intenta destruir su escudo si tienes la oportunidad."],"tags":["Tank","Support"],"partype":"Maná","info":{"attack":4,"defense":6,"magic":6,"difficulty":6},"stats":{"hp":646,"hpperlevel":100,"mp":400,"mpperlevel":47,"movespeed":325,"armor":39,"armorperlevel":4.95,"spellblock":32,"spellblockperlevel":2.05,"attackrange":175,"hpregen":8.5,"hpregenperlevel":0.55,"mpregen":8.65,"mpregenperlevel":0.5,"crit":0,"critperlevel":0,"attackdamage":61,"attackdamageperlevel":3.3,"attackspeedperlevel":1,"attackspeed":0.706},"spells":[{"id":"NautilusAnchorDrag","name":"Línea de Dragado","description":"Nautilus arroja su ancla.  Al alcanzar a un enemigo, Nautilus lo atrae para infligirle daño mágico.  Al chocar con el terreno, atrae a Nautilus hacia esa ubicación.","tooltip":"Nautilus arroja su ancla. Si alcanza a un enemigo, Nautilus se arrastrará para alcanzarlo, lo que le inflige <magicDamage>{{ qdamagecalc }} de daño mágico</magicDamage> y lo <status>aturde</status> unos momentos. Si el ancla impacta con terreno, Nautilus se arrastra hacia esa ubicación.{{ spellmodifierdescriptionappend }}","leveltip":{"label":["Enfriamiento","Daño"],"effect":["{{ cooldown }} -> {{ cooldownNL }}","{{ basedamage }} -> {{ basedamageNL }}"]},"maxrank":5,"cooldown":[14,13,12,11,10],"cooldownBurn":"14/13/12/11/10","cost":[60,60,60,60,60],"costBurn":"60","datavalues":{},"effect":[null,[70,115,160,205,250],[0,0,0,0,0],[0.5,0.5,0.5,0.5,0.5],[0.5,0.5,0.5,0.5,0.5],[0,0,0,0,0],[0,0,0,0,0],[0,0,0,0,0],[0,0,0,0,0],[0,0,0,0,0],[0,0,0,0,0]],"effectBurn":[null,"70/115/160/205/250","0","0.5","0.5","0","0","0","0","0","0"],"vars":[],"costType":" de {{ abilityresourcename }}","maxammo":"-1","range":[1150,1150,1150,1150,1150],"rangeBurn":"1150","image":{"full":"NautilusAnchorDrag.png","sprite":"spell9.png","group":"spell","x":288,"y":0,"w":48,"h":48},"resource":"{{ cost }} de {{ abilityresourcename }}"},{"id":"NautilusPiercingGaze","name":"Ira del Titán","description":"Nautilus obtiene un escudo temporal.  Al estar activo, sus ataques infligen daño prolongado a su objetivo y a los enemigos cercanos.","tooltip":"Nautilus obtiene un <shield>escudo de {{ shieldcalc }}</shield> durante {{ shieldduration }} seg. Mientras que el <shield>escudo</shield> está activo, los ataques de Nautilus infligen <magicDamage>{{ dotdamagecalc }} de daño mágico</magicDamage> adicional a su objetivo y a todos los enemigos cercanos a lo largo de 2 seg.{{ spellmodifierdescriptionappend }}","leveltip":{"label":["Cantidad de escudo","Daño mágico","% de Vida Máxima"],"effect":["{{ shieldbase }} -> {{ shieldbaseNL }}","{{ dotdamagebase }} -> {{ dotdamagebaseNL }}","{{ shieldhealthratio*100.000000 }}% -> {{ shieldhealthrationl*100.000000 }}%"]},"maxrank":5,"cooldown":[12,12,12,12,12],"cooldownBurn":"12","cost":[60,60,60,60,60],"costBurn":"60","datavalues":{},"effect":[null,[0,0,0,0,0],[0,0,0,0,0],[0,0,0,0,0],[0,0,0,0,0],[0,0,0,0,0],[0,0,0,0,0],[0,0,0,0,0],[0,0,0,0,0],[0,0,0,0,0],[0,0,0,0,0]],"effectBurn":[null,"0","0","0","0","0","0","0","0","0","0"],"vars":[],"costType":" de {{ abilityresourcename }}","maxammo":"-1","range":[350,350,350,350,350],"rangeBurn":"350","image":{"full":"NautilusPiercingGaze.png","sprite":"spell9.png","group":"spell","x":336,"y":0,"w":48,"h":48},"resource":"{{ cost }} de {{ abilityresourcename }}"},{"id":"NautilusSplashZone","name":"Aguas Revueltas","description":"Nautilus crea tres ondas explosivas a su alrededor. Cada explosión inflige daño y ralentiza a los enemigos.","tooltip":"Nautilus crea tres ondas explosivas a su alrededor. Cada una inflige <magicDamage>{{ damagecalc }} de daño mágico</magicDamage> a los enemigos en la zona y los <status>ralentiza</status> un {{ slowpercent*100 }}% que decae a lo largo de {{ slowduration }} seg.{{ spellmodifierdescriptionappend }}","leveltip":{"label":["Enfriamiento","Costo de @AbilityResourceName@","Daño","Ralentización"],"effect":["{{ cooldown }} -> {{ cooldownNL }}","{{ cost }} -> {{ costNL }}","{{ damagebase }} -> {{ damagebaseNL }}","{{ slowpercent*100.000000 }}% -> {{ slowpercentnl*100.000000 }}%"]},"maxrank":5,"cooldown":[7,6.5,6,5.5,5],"cooldownBurn":"7/6.5/6/5.5/5","cost":[50,60,70,80,90],"costBurn":"50/60/70/80/90","datavalues":{},"effect":[null,[0,0,0,0,0],[0,0,0,0,0],[0,0,0,0,0],[0,0,0,0,0],[0,0,0,0,0],[0,0,0,0,0],[0,0,0,0,0],[0,0,0,0,0],[0,0,0,0,0],[0,0,0,0,0]],"effectBurn":[null,"0","0","0","0","0","0","0","0","0","0"],"vars":[],"costType":" de {{ abilityresourcename }}","maxammo":"-1","range":[600,600,600,600,600],"rangeBurn":"600","image":{"full":"NautilusSplashZone.png","sprite":"spell9.png","group":"spell","x":384,"y":0,"w":48,"h":48},"resource":"{{ cost }} de {{ abilityresourcename }}"},{"id":"NautilusGrandLine","name":"Carga de las Profundidades","description":"Nautilus lanza una onda expansiva al suelo que persigue a un oponente. Esta onda expansiva hace pedazos la tierra, lo que lanza a los enemigos por el aire. Cuando alcanza al enemigo, la onda expansiva estalla, lo que lanza por el aire y aturde al objetivo.","tooltip":"Nautilus lanza una onda expansiva que persigue a un campeón enemigo, lo que inflige <magicDamage>{{ primarytargetdamage }} de daño mágico</magicDamage>, lo <status>lanza</status> <status>por el aire</status> y lo <status>aturde</status> durante {{ stunduration }} seg. Los otros enemigos alcanzados por la onda expansiva también son <status>lanzados por el aire</status>, quedan <status>aturdidos</status> y reciben <magicDamage>{{ secondarytargetdamage }} de daño mágico</magicDamage>.{{ spellmodifierdescriptionappend }}","leveltip":{"label":["Enfriamiento","Daño al atravesar","Duración de aturdimiento","Daño de explosión"],"effect":["{{ cooldown }} -> {{ cooldownNL }}","{{ primarydamage }} -> {{ primarydamageNL }}","{{ stunduration }} -> {{ stundurationNL }}","{{ secondarydamage }} -> {{ secondarydamageNL }}"]},"maxrank":3,"cooldown":[120,100,80],"cooldownBurn":"120/100/80","cost":[100,100,100],"costBurn":"100","datavalues":{},"effect":[null,[0,0,0],[0,0,0],[0,0,0],[0,0,0],[0,0,0],[0,0,0],[0,0,0],[0,0,0],[0,0,0],[0,0,0]],"effectBurn":[null,"0","0","0","0","0","0","0","0","0","0"],"vars":[],"costType":" de {{ abilityresourcename }}","maxammo":"-1","range":[825,825,825],"rangeBurn":"825","image":{"full":"NautilusGrandLine.png","sprite":"spell9.png","group":"spell","x":432,"y":0,"w":48,"h":48},"resource":"{{ cost }} de {{ abilityresourcename }}"}],"passive":{"name":"Golpe Maestro","description":"El primer ataque de Nautilus contra un objetivo inflige daño físico aumentado y lo inmoviliza por un momento.","image":{"full":"Nautilus_StaggeringBlow.png","sprite":"passive2.png","group":"passive","x":336,"y":96,"w":48,"h":48}},"recommended":[]}}}