{"type":"champion","format":"standAloneComplex","version":"14.3.1","data":{"Neeko":{"id":"Neeko","key":"518","name":"Neeko","title":"la Camaleón Curiosa","image":{"full":"Neeko.png","sprite":"champion2.png","group":"champion","x":384,"y":96,"w":48,"h":48},"skins":[{"id":"518000","num":0,"name":"default","chromas":false},{"id":"518001","num":1,"name":"Neeko Maravilla Invernal","chromas":true},{"id":"518010","num":10,"name":"Neeko Guardiana Estelar","chromas":false},{"id":"518011","num":11,"name":"Neeko Guardiana Estelar Prestigiosa","chromas":false},{"id":"518012","num":12,"name":"Neeko Pergaminos Shan Hai","chromas":true},{"id":"518021","num":21,"name":"Neeko Guardiana Estelar Prestigiosa (2022)","chromas":false},{"id":"518022","num":22,"name":"Neeko Embrujada","chromas":true},{"id":"518031","num":31,"name":"Neeko Demonios Callejeros","chromas":true}],"lore":"Proveniente de una tribu vastaya perdida desde hace mucho tiempo, Neeko puede mezclarse en cualquier multitud adoptando la apariencia de los demás e incluso absorber un poco de su estado emocional para distinguir a un amigo de un enemigo en tan solo un instante. Nadie nunca tiene la certeza de dónde o en quién podría estar Neeko, pero quienes intenten hacerle daño pronto verán su verdadera personalidad y sentirán el poder de su magia espiritual primordial desatado sobre ellos.","blurb":"Proveniente de una tribu vastaya perdida desde hace mucho tiempo, Neeko puede mezclarse en cualquier multitud adoptando la apariencia de los demás e incluso absorber un poco de su estado emocional para distinguir a un amigo de un enemigo en tan solo un...","allytips":["Puedes configurar el uso de su pasiva con el acceso rápido en el menú de opciones. La configuración predeterminada es Mayús+F1 a F5.","Intenta usar Ilusión de Camaleón con moderación, pues sus usos ineficaces alertarán a los enemigos."],"enemytips":["Estar detrás de los súbditos contra Neeko es muy peligroso, debido a que el poder de Espiral Enredadiza aumenta.","Las alertas visuales de Detonación Silvestre son invisibles si Neeko está bajo los efectos de la ilusión."],"tags":["Mage","Support"],"partype":"Maná","info":{"attack":1,"defense":1,"magic":9,"difficulty":5},"stats":{"hp":610,"hpperlevel":104,"mp":450,"mpperlevel":30,"movespeed":340,"armor":21,"armorperlevel":5.2,"spellblock":30,"spellblockperlevel":1.3,"attackrange":550,"hpregen":7.5,"hpregenperlevel":0.75,"mpregen":7,"mpregenperlevel":0.7,"crit":0,"critperlevel":0,"attackdamage":48,"attackdamageperlevel":2.5,"attackspeedperlevel":3.5,"attackspeed":0.625},"spells":[{"id":"NeekoQ","name":"Estallido Floral","description":"Neeko arroja una semilla que inflige daño mágico. La semilla volverá a florecer si alcanza a un campeón o mata una unidad.","tooltip":"Neeko lanza una semilla que florece para infligir <magicDamage>{{ explosiondamage }} de daño mágico</magicDamage>. Si mata una unidad o alcanza a algún campeón o a un monstruo grande, florecerá de nuevo e infligirá <magicDamage>{{ seconddamage }} de daño mágico</magicDamage>. Dos florecimientos adicionales máximo.{{ spellmodifierdescriptionappend }}","leveltip":{"label":["Daño inicial","Daño de explosión","Costo de @AbilityResourceName@","Daño adicional a monstruos","Enfriamiento"],"effect":["{{ zonedamage }} -> {{ zonedamageNL }}","{{ secondarydamage }} -> {{ secondarydamageNL }}","{{ cost }} -> {{ costNL }}","{{ monsterbonus }} -> {{ monsterbonusNL }}","{{ cooldown }} -> {{ cooldownNL }}"]},"maxrank":5,"cooldown":[9,8.5,8,7.5,7],"cooldownBurn":"9/8.5/8/7.5/7","cost":[50,60,70,80,90],"costBurn":"50/60/70/80/90","datavalues":{},"effect":[null,[0,0,0,0,0],[0,0,0,0,0],[0,0,0,0,0],[0,0,0,0,0],[0,0,0,0,0],[0,0,0,0,0],[0,0,0,0,0],[0,0,0,0,0],[0,0,0,0,0],[0,0,0,0,0]],"effectBurn":[null,"0","0","0","0","0","0","0","0","0","0"],"vars":[],"costType":" de {{ abilityresourcename }}","maxammo":"-1","range":[800,800,800,800,800],"rangeBurn":"800","image":{"full":"NeekoQ.png","sprite":"spell9.png","group":"spell","x":0,"y":48,"w":48,"h":48},"resource":"{{ cost }} de {{ abilityresourcename }}"},{"id":"NeekoW","name":"División de Esencia","description":"De forma pasiva, Neeko inflige daño mágico adicional cada tercer ataque. Neeko puede activarla para enviar un clon en una dirección.","tooltip":"<passive>Pasiva:</passive> Cada tercer ataque inflige <magicDamage>{{ passivebonusdamagecalc }} de daño mágico adicional</magicDamage> e incrementa su <speed>Velocidad de Movimiento en un {{ passivehaste }}%</speed> durante {{ passivehasteduration }} seg.<br /><br /><active>Activa:</active> Neeko se vuelve <keywordStealth>invisible</keywordStealth> por {{ stealthduration }} seg y crea un clon que dura {{ cloneduration }} seg. Neeko y el clon obtienen un <speed>{{ haste }}% de Velocidad de Movimiento</speed> durante {{ hasteduration }} seg. <br /><br /><rules>El clon se puede controlar utilizando el acceso rápido Clic para mover a la mascota o <recast>activando de nuevo</recast> esta habilidad.<br />El clon imita sus lanzamientos, gestos y retirada.</rules>{{ spellmodifierdescriptionappend }}","leveltip":{"label":["Daño pasivo","Velocidad de Movimiento activa","Velocidad de movimiento pasiva","Enfriamiento"],"effect":["{{ passivedamage }} -> {{ passivedamageNL }}","{{ haste }}% -> {{ hasteNL }}%","{{ passivehaste }}% -> {{ passivehasteNL }}%","{{ cooldown }} -> {{ cooldownNL }}"]},"maxrank":5,"cooldown":[16,15,14,13,12],"cooldownBurn":"16/15/14/13/12","cost":[0,0,0,0,0],"costBurn":"0","datavalues":{},"effect":[null,[0,0,0,0,0],[0,0,0,0,0],[0,0,0,0,0],[0,0,0,0,0],[0,0,0,0,0],[0,0,0,0,0],[0,0,0,0,0],[0,0,0,0,0],[0,0,0,0,0],[0,0,0,0,0]],"effectBurn":[null,"0","0","0","0","0","0","0","0","0","0"],"vars":[],"costType":"Sin costo","maxammo":"-1","range":[900,900,900,900,900],"rangeBurn":"900","image":{"full":"NeekoW.png","sprite":"spell9.png","group":"spell","x":48,"y":48,"w":48,"h":48},"resource":"Sin costo"},{"id":"NeekoE","name":"Espiral Enredadiza","description":"Neeko arroja una espiral que daña e inmoviliza a todo lo que atraviesa. Si la espiral mata a un enemigo o atraviesa a un campeón, aumentará su tamaño, velocidad y duración de inmovilización.","tooltip":"Neeko arroja una espiral que inflige <magicDamage>{{ basedamage }} de daño mágico</magicDamage> e <status>inmoviliza</status> durante {{ minrootduration }} seg.<br /><br />La espiral aumenta su daño después de golpear a un enemigo; aumentará su tamaño, velocidad y la duración de <status>inmovilización</status> a {{ maxrootduration }} seg.{{ spellmodifierdescriptionappend }}","leveltip":{"label":["Daño","Duración mínima de inmovilización","Duración de inmovilización potenciada","Enfriamiento","Costo de @AbilityResourceName@"],"effect":["{{ damage }} -> {{ damageNL }}","{{ minrootduration }} -> {{ minrootdurationNL }}","{{ maxrootduration }} -> {{ maxrootdurationNL }}","{{ cooldown }} -> {{ cooldownNL }}","{{ cost }} -> {{ costNL }}"]},"maxrank":5,"cooldown":[12,11.5,11,10.5,10],"cooldownBurn":"12/11.5/11/10.5/10","cost":[60,65,70,75,80],"costBurn":"60/65/70/75/80","datavalues":{},"effect":[null,[0,0,0,0,0],[0,0,0,0,0],[0,0,0,0,0],[0,0,0,0,0],[0,0,0,0,0],[0,0,0,0,0],[0,0,0,0,0],[0,0,0,0,0],[0,0,0,0,0],[0,0,0,0,0]],"effectBurn":[null,"0","0","0","0","0","0","0","0","0","0"],"vars":[],"costType":" de {{ abilityresourcename }}","maxammo":"-1","range":[1000,1000,1000,1000,1000],"rangeBurn":"1000","image":{"full":"NeekoE.png","sprite":"spell9.png","group":"spell","x":96,"y":48,"w":48,"h":48},"resource":"{{ cost }} de {{ abilityresourcename }}"},{"id":"NeekoR","name":"Detonación Silvestre","description":"Después de cargar un momento, Neeko salta por el aire. Al aterrizar, los enemigos cercanos reciben daño y quedan aturdidos. La carga queda oculta si Neeko está bajo los efectos de la ilusión.","tooltip":"Después de un momento, Neeko da un salto y <status>lanza por el aire</status> a todos los enemigos cercanos durante {{ delayuntilexplosion }} seg. Cuando aterriza, inflige <magicDamage>{{ totaldamage }} de daño mágico</magicDamage> a todos los enemigos cercanos y los <status>aturde</status> por {{ stunduration }} seg.<br /><br /><rules>Esta habilidad puede preparase en secreto si Neeko está bajo los efectos de la ilusión. {{ delaybeforepassiveremoval }} seg después de lanzar la habilidad, Neeko rompe los efectos de la ilusión.</rules>{{ spellmodifierdescriptionappend }}","leveltip":{"label":["Daño","Enfriamiento"],"effect":["{{ damage }} -> {{ damageNL }}","{{ cooldown }} -> {{ cooldownNL }}"]},"maxrank":3,"cooldown":[120,105,90],"cooldownBurn":"120/105/90","cost":[100,100,100],"costBurn":"100","datavalues":{},"effect":[null,[0,0,0],[0,0,0],[0,0,0],[0,0,0],[0,0,0],[0,0,0],[0,0,0],[0,0,0],[0,0,0],[0,0,0]],"effectBurn":[null,"0","0","0","0","0","0","0","0","0","0"],"vars":[],"costType":" de {{ abilityresourcename }}","maxammo":"-1","range":[600,600,600],"rangeBurn":"600","image":{"full":"NeekoR.png","sprite":"spell9.png","group":"spell","x":144,"y":48,"w":48,"h":48},"resource":"{{ cost }} de {{ abilityresourcename }}"}],"passive":{"name":"Ilusión de Camaleón","description":"Neeko puede verse como un campeón aliado. Recibir daño de campeones enemigos o lanzar hechizos de daño romperá la ilusión.","image":{"full":"Neeko_P.png","sprite":"passive2.png","group":"passive","x":384,"y":96,"w":48,"h":48}},"recommended":[]}}}