{"type":"champion","format":"standAloneComplex","version":"14.3.1","data":{"Nidalee":{"id":"Nidalee","key":"76","name":"Nidalee","title":"la Cazadora Salvaje","image":{"full":"Nidalee.png","sprite":"champion2.png","group":"champion","x":432,"y":96,"w":48,"h":48},"skins":[{"id":"76000","num":0,"name":"default","chromas":false},{"id":"76001","num":1,"name":"Nidalee Conejita Invernal","chromas":false},{"id":"76002","num":2,"name":"Nidalee Leopardo","chromas":false},{"id":"76003","num":3,"name":"Nidalee Mon Amour","chromas":false},{"id":"76004","num":4,"name":"Faraona Nidalee","chromas":false},{"id":"76005","num":5,"name":"Nidalee Embrujada","chromas":false},{"id":"76006","num":6,"name":"Nidalee Cazadora de Cabezas","chromas":false},{"id":"76007","num":7,"name":"Nidalee Reinos en Guerra","chromas":false},{"id":"76008","num":8,"name":"Nidalee Retadora","chromas":true},{"id":"76009","num":9,"name":"Nidalee Supergaláctica","chromas":false},{"id":"76011","num":11,"name":"Nidalee Portadora del Amanecer","chromas":true},{"id":"76018","num":18,"name":"Nidalee Cazadora Cósmica","chromas":true},{"id":"76027","num":27,"name":"Nidalee DWG","chromas":true},{"id":"76029","num":29,"name":"Nidalee Canción del Océano","chromas":true},{"id":"76039","num":39,"name":"Mininalee","chromas":false},{"id":"76048","num":48,"name":"Nidalee La Ilusión","chromas":false}],"lore":"Criada en las profundidades de la jungla, Nidalee es una rastreadora maestra que puede transformarse en puma a su voluntad. Ni mujer, ni bestia, ella defiende salvajemente su territorio de todos y cada uno de los intrusos, con trampas cuidadosamente colocadas y lanzas a distancia. Ella paraliza a su presa antes de atacarla en su forma felina; los pocos que sobreviven cuentan sobre una salvaje mujer con instintos agudos y garras muy filosas...","blurb":"Criada en las profundidades de la jungla, Nidalee es una rastreadora maestra que puede transformarse en puma a su voluntad. Ni mujer, ni bestia, ella defiende salvajemente su territorio de todos y cada uno de los intrusos, con trampas cuidadosamente...","allytips":["¡Saca partido de la maleza! Entrar y salir de ella puede modificar notablemente tu eficacia en el combate.","En los combates en equipo, comienza hostigando con Jabalina y luego cambia a la forma de puma para perseguir a los fugitivos.","Las habilidades del puma no conllevan ningún costo y te permiten mantener una acumulación completa de Espadafuria de Guinsoo durante largos periodos de tiempo."],"enemytips":["La debilitación de Caza de Nidalee sólo funciona con Jabalina y Trampa. Eludir estos ataques reducirá su capacidad de causar daño posteriormente.","El lanzamiento de Jabalina de Nidalee inflige más daño a mayor distancia. Si está lejos, es importantísimo esquivarlo.","Tumbar inflige muchísimo daño a los objetivos Cazados. pero debe estar cerca para utilizarlo. Conserva tu control de masas o habilidades de defensa para cuando te ataque con todo lo que tiene."],"tags":["Assassin","Mage"],"partype":"Maná","info":{"attack":5,"defense":4,"magic":7,"difficulty":8},"stats":{"hp":610,"hpperlevel":109,"mp":295,"mpperlevel":45,"movespeed":340,"armor":32,"armorperlevel":5,"spellblock":30,"spellblockperlevel":1.45,"attackrange":525,"hpregen":6,"hpregenperlevel":0.6,"mpregen":6,"mpregenperlevel":0.8,"crit":0,"critperlevel":0,"attackdamage":58,"attackdamageperlevel":3.5,"attackspeedperlevel":3.22,"attackspeed":0.638},"spells":[{"id":"JavelinToss","name":"Jabalina / Tumbar","description":"En forma humana, Nidalee lanza a su objetivo una jabalina cuyo daño aumenta proporcionalmente a la distancia. Como felino, intentará herir de muerte a su objetivo con su siguiente ataque e inflige más daño cuanta menos vida le quede.","tooltip":"<keywordMajor>Forma Humana:</keywordMajor> Nidalee arroja su jabalina e inflige <magicDamage>{{ humanminimumdamage }} de daño mágico</magicDamage>, que aumenta hasta <magicDamage>{{ humanmaximumdamage }} de daño mágico</magicDamage> según la distancia recorrida.{{ spellmodifierdescriptionappend }}","leveltip":{"label":["Daño Mínimo de Jabalina","Daño Máximo de Jabalina","Costo de maná por jabalina"],"effect":["{{ e1 }} -> {{ e1NL }}","{{ e2 }} -> {{ e2NL }}","{{ cost }} -> {{ costNL }}"]},"maxrank":5,"cooldown":[6,6,6,6,6],"cooldownBurn":"6","cost":[50,55,60,65,70],"costBurn":"50/55/60/65/70","datavalues":{},"effect":[null,[70,90,110,130,150],[210,270,330,390,450],[0,0,0,0,0],[0,0,0,0,0],[0.4,0.4,0.4,0.4,0.4],[1.2,1.2,1.2,1.2,1.2],[525,525,525,525,525],[0,0,0,0,0],[0,0,0,0,0],[0,0,0,0,0]],"effectBurn":[null,"70/90/110/130/150","210/270/330/390/450","0","0","0.4","1.2","525","0","0","0"],"vars":[],"costType":" de {{ abilityresourcename }}","maxammo":"-1","range":[1500,1500,1500,1500,1500],"rangeBurn":"1500","image":{"full":"JavelinToss.png","sprite":"spell9.png","group":"spell","x":192,"y":48,"w":48,"h":48},"resource":"{{ cost }} de {{ abilityresourcename }}"},{"id":"Bushwhack","name":"Trampa / Salto","description":"En forma humana, Nidalee coloca una trampa para rivales incautos que revela y causa daño a quien la acciona. Como felino, salta en una dirección y causa daño de área donde aterriza.","tooltip":"<keywordMajor>Forma Humana:</keywordMajor> Nidalee coloca una trampa invisible durante 2 minutos. Si un enemigo pasa sobre ella, recibirá <magicDamage>{{ damagepersecond }} de daño mágico</magicDamage> por segundo durante {{ e3 }} seg.<br /><br />{{ maxtraps }} trampas pueden estar activas a la vez.{{ spellmodifierdescriptionappend }}","leveltip":{"label":["Daño de la Trampa","Enfriamiento de las trampas","Costo de maná por trampa"],"effect":["{{ e7 }} -> {{ e7NL }}","{{ cooldown }} -> {{ cooldownNL }}","{{ cost }} -> {{ costNL }}"]},"maxrank":5,"cooldown":[13,12,11,10,9],"cooldownBurn":"13/12/11/10/9","cost":[30,35,40,45,50],"costBurn":"30/35/40/45/50","datavalues":{},"effect":[null,[0,0,0,0,0],[0,0,0,0,0],[4,4,4,4,4],[13,12,11,10,9],[10,20,30,40,50],[120,120,120,120,120],[40,80,120,160,200],[0,0,0,0,0],[0,0,0,0,0],[0,0,0,0,0]],"effectBurn":[null,"0","0","4","13/12/11/10/9","10/20/30/40/50","120","40/80/120/160/200","0","0","0"],"vars":[],"costType":" de {{ abilityresourcename }}","maxammo":"0","range":[900,900,900,900,900],"rangeBurn":"900","image":{"full":"Bushwhack.png","sprite":"spell9.png","group":"spell","x":240,"y":48,"w":48,"h":48},"resource":"{{ cost }} de {{ abilityresourcename }}"},{"id":"PrimalSurge","name":"Arrebato Primitivo / Zarpazo","description":"En forma humana, Nidalee canaliza el espíritu felino para sanar a sus aliados y otorgarles Velocidad de Ataque durante un breve periodo de tiempo. Como felino, lanza zarpazos en una dirección e inflige daño a los enemigos que tiene delante.","tooltip":"<keywordMajor>Forma humana:</keywordMajor> Nidalee recupera <healing>{{ totalhealing }} de Vida</healing>, que aumenta hasta <healing>{{ maxhealing }}</healing> según la vida faltante, y le otorga un <attackSpeed>{{ bonusas*100 }}% de Velocidad de Ataque</attackSpeed> por {{ asduration }} segundos.{{ spellmodifierdescriptionappend }}","leveltip":{"label":["Curación de Arrebato Primitivo","Velocidad de Ataque de Arrebato Primitivo","Costo de maná de Arrebato Primitivo"],"effect":["{{ baseheal }} -> {{ basehealNL }}","{{ bonusas*100.000000 }}% -> {{ bonusasnl*100.000000 }}%","{{ cost }} -> {{ costNL }}"]},"maxrank":5,"cooldown":[12,12,12,12,12],"cooldownBurn":"12","cost":[50,55,60,65,70],"costBurn":"50/55/60/65/70","datavalues":{},"effect":[null,[0,0,0,0,0],[0,0,0,0,0],[0,0,0,0,0],[0,0,0,0,0],[0,0,0,0,0],[0,0,0,0,0],[0,0,0,0,0],[0,0,0,0,0],[0,0,0,0,0],[0,0,0,0,0]],"effectBurn":[null,"0","0","0","0","0","0","0","0","0","0"],"vars":[],"costType":" de {{ abilityresourcename }}","maxammo":"-1","range":[900,900,900,900,900],"rangeBurn":"900","image":{"full":"PrimalSurge.png","sprite":"spell9.png","group":"spell","x":288,"y":48,"w":48,"h":48},"resource":"{{ cost }} de {{ abilityresourcename }}"},{"id":"AspectOfTheCougar","name":"Piel de Puma","description":"Nidalee se transforma en un puma, por lo que obtiene habilidades nuevas.","tooltip":"<spellPassive>Pasiva:</spellPassive> Al estar en su <keywordMajor>Forma Humana</keywordMajor>, aplicar efectos de <keywordMajor>Cazado</keywordMajor> restablecerá el enfriamiento de esta habilidad.<br /><br /><keywordMajor>Forma Humana:</keywordMajor> Nidalee se transforma en su <keywordMajor>Forma de Puma</keywordMajor>, con lo que obtiene ataques cuerpo a cuerpo y reemplaza sus habilidades activas.<br /><br /><keywordMajor>Forma de Puma:</keywordMajor> Nidalee se transforma en su <keywordMajor>Forma Humana</keywordMajor> para obtener ataques a distancia y reemplazar sus habilidades activas.{{ spellmodifierdescriptionappend }}","leveltip":{"label":["Daño de Tumbar","Amplificación de daño de Tumbar","Daño de Salto","Daño de Zarpazo","Enfriamiento mejorado de Salto "],"effect":["{{ takedownbasedamage }} -> {{ takedownbasedamageNL }}","{{ takedowndamageamp*100.000000 }}% -> {{ takedowndamageampnl*100.000000 }}%","{{ pouncedamage }} -> {{ pouncedamageNL }}","{{ swipedamage }} -> {{ swipedamageNL }}","{{ pouncecooldown }} -> {{ pouncecooldownNL }}"]},"maxrank":4,"cooldown":[3,3,3,3],"cooldownBurn":"3","cost":[0,0,0,0],"costBurn":"0","datavalues":{},"effect":[null,[0,0,0,0],[0,0,0,0],[0,0,0,0],[0,0,0,0],[0,0,0,0],[6,6,6,6],[0,0,0,0],[0,0,0,0],[0,0,0,0],[0,0,0,0]],"effectBurn":[null,"0","0","0","0","0","6","0","0","0","0"],"vars":[],"costType":"Sin costo","maxammo":"-1","range":[20,20,20,20],"rangeBurn":"20","image":{"full":"AspectOfTheCougar.png","sprite":"spell9.png","group":"spell","x":336,"y":48,"w":48,"h":48},"resource":"Sin costo"}],"passive":{"name":"Merodear","description":"Moverse por la maleza aumenta un 10% la Velocidad de Movimiento de Nidalee durante 2 segundos. El aumento es del 30% si se mueve hacia campeones enemigos visibles a una distancia de 1400 o menos.<br><br>Si daña a algún campeón o monstruo con Jabalina o Trampa, se activa <font color='#FFF673'>Cacería</font> y le otorga <font color='#ee91d7'>Visión Verdadera</font> de él durante 4 segundos. Nidalee gana un 10% de bonificación en su Velocidad de Movimiento (un 30% cerca del objetivo <font color='#FFF673'>Cazado</font>). Además, usar Tumbar y Salto contra él será más eficaz.","image":{"full":"Nidalee_Passive.png","sprite":"passive2.png","group":"passive","x":432,"y":96,"w":48,"h":48}},"recommended":[]}}}