{"type":"champion","format":"standAloneComplex","version":"14.3.1","data":{"Nilah":{"id":"Nilah","key":"895","name":"Nilah","title":"la Alegría Desatada","image":{"full":"Nilah.png","sprite":"champion3.png","group":"champion","x":0,"y":0,"w":48,"h":48},"skins":[{"id":"895000","num":0,"name":"default","chromas":false},{"id":"895001","num":1,"name":"Nilah Guardiana Estelar","chromas":true},{"id":"895011","num":11,"name":"Nilah Aquelarre","chromas":true}],"lore":"Nilah es una guerrera ascética proveniente de una tierra lejana que busca a los oponentes más letales y titánicos del mundo para poder enfrentarlos y destruirlos. Después de haber ganado su poder en un enfrentamiento con el demonio de la alegría, quien estuvo prisionero por mucho tiempo, la única emoción que Nilah siente es el júbilo incesante, un pequeño precio a pagar comparado con la gran fuerza que ahora posee. Al canalizar la forma líquida del demonio a una espada de un poderío incomparable, se muestra desafiante frente a las antiguas amenazas hace mucho tiempo olvidadas.","blurb":"Nilah es una guerrera ascética proveniente de una tierra lejana que busca a los oponentes más letales y titánicos del mundo para poder enfrentarlos y destruirlos. Después de haber ganado su poder en un enfrentamiento con el demonio de la alegría, quien...","allytips":[],"enemytips":[],"tags":["Fighter","Assassin"],"partype":"Maná","info":{"attack":8,"defense":4,"magic":4,"difficulty":10},"stats":{"hp":570,"hpperlevel":101,"mp":350,"mpperlevel":35,"movespeed":340,"armor":27,"armorperlevel":4.2,"spellblock":32,"spellblockperlevel":2.05,"attackrange":225,"hpregen":4,"hpregenperlevel":0.9,"mpregen":8.2,"mpregenperlevel":0.7,"crit":0,"critperlevel":0,"attackdamage":58,"attackdamageperlevel":2,"attackspeedperlevel":3,"attackspeed":0.697},"spells":[{"id":"NilahQ","name":"Filo sin Forma","description":"Con un azote de su espada látigo, Nilah inflige daño a los enemigos que impacta en una línea recta en la dirección que elija. Esta acción extiende el alcance de su ataque durante una breve duración.","tooltip":"<spellPassive>Pasiva:</spellPassive> Nilah obtiene {{ critarmorpen }} de Penetración de Armadura y sus ataques contra campeones restauran <healing>{{ critlifesteal }} del daño infligido como Vida</healing>. Si existe una sobrecuración, se convierte en un <shield>escudo</shield> durante {{ shieldduration }} seg.<br /><br /><spellActive>Activa:</spellActive> Nilah azota su espada látigo, lo que inflige <physicalDamage>{{ damagecalc }} de daño físico</physicalDamage>, que aumenta con su probabilidad de golpe crítico. Si una estructura o unidad enemiga recibe un impacto, Nilah obtiene 125 de alcance de ataque y un <attackSpeed>{{ bonusattackspeedcalc }}% de Velocidad de Ataque</attackSpeed>. Además, sus ataques impactan en un cono e infligen <physicalDamage>{{ attacktotaldamagetooltip }} de daño físico</physicalDamage> durante {{ buffduration }} seg.<br />{{ spellmodifierdescriptionappend }}","leveltip":{"label":["Daño","Porcentaje de daño de ataque"],"effect":["{{ basedamage }} -> {{ basedamageNL }}","{{ qadratio*100.000000 }}% -> {{ qadrationl*100.000000 }}%"]},"maxrank":5,"cooldown":[4,4,4,4,4],"cooldownBurn":"4","cost":[30,30,30,30,30],"costBurn":"30","datavalues":{},"effect":[null,[0,0,0,0,0],[0,0,0,0,0],[0,0,0,0,0],[0,0,0,0,0],[0,0,0,0,0],[0,0,0,0,0],[0,0,0,0,0],[0,0,0,0,0],[0,0,0,0,0],[0,0,0,0,0]],"effectBurn":[null,"0","0","0","0","0","0","0","0","0","0"],"vars":[],"costType":" de {{ abilityresourcename }}","maxammo":"-1","range":[600,600,600,600,600],"rangeBurn":"600","image":{"full":"NilahQ.png","sprite":"spell9.png","group":"spell","x":384,"y":48,"w":48,"h":48},"resource":"{{ cost }} de {{ abilityresourcename }}"},{"id":"NilahW","name":"Velo de Júbilo","description":"Nilah se envuelve en niebla para aumentar su velocidad de movimiento y poder esquivar todos los ataques entrantes con gracia. Todos los aliados que toque durante el efecto de la niebla activo también obtendrán este efecto.","tooltip":"Nilah se envuelve en niebla durante {{ baseduration }} seg, se vuelve Fantasma, obtiene un <speed>{{ movespeedpercent*100 }}% de Velocidad de Movimiento</speed>, esquiva ataques y reduce el <magicDamage>daño mágico</magicDamage> recibido en un {{ magicdamagereduction*100 }}%.<br /><br />Mientras el efecto esté activo, si toca a campeones aliados, los envolverá en niebla y recibirán los mismos beneficios durante {{ sharebaseduration }} seg.<br />{{ spellmodifierdescriptionappend }}","leveltip":{"label":["Enfriamiento","Velocidad de movimiento","Costo de @AbilityResourceName@"],"effect":["{{ cooldown }} -> {{ cooldownNL }}","{{ movespeedpercent*100.000000 }}% -> {{ movespeedpercentnl*100.000000 }}%","{{ cost }} -> {{ costNL }}"]},"maxrank":5,"cooldown":[26,25,24,23,22],"cooldownBurn":"26/25/24/23/22","cost":[60,45,30,15,0],"costBurn":"60/45/30/15/0","datavalues":{},"effect":[null,[0,0,0,0,0],[0,0,0,0,0],[0,0,0,0,0],[0,0,0,0,0],[0,0,0,0,0],[0,0,0,0,0],[0,0,0,0,0],[0,0,0,0,0],[0,0,0,0,0],[0,0,0,0,0]],"effectBurn":[null,"0","0","0","0","0","0","0","0","0","0"],"vars":[],"costType":" de {{ abilityresourcename }}","maxammo":"-1","range":[150,150,150,150,150],"rangeBurn":"150","image":{"full":"NilahW.png","sprite":"spell9.png","group":"spell","x":432,"y":48,"w":48,"h":48},"resource":"{{ cost }} de {{ abilityresourcename }}"},{"id":"NilahE","name":"Estela Acuática","description":"Nilah se desplaza con entusiasmo hacia su objetivo e inflige daño a cualquier enemigo a su paso.","tooltip":"Nilah se desplaza a través de una unidad e inflige <physicalDamage>{{ dashdamage }} de daño físico</physicalDamage> a cualquier enemigo que atraviese.{{ spellmodifierdescriptionappend }}","leveltip":{"label":["Daño","Tiempo de recarga"],"effect":["{{ basedamage }} -> {{ basedamageNL }}","{{ ammorechargetime }} -> {{ ammorechargetimeNL }}"]},"maxrank":5,"cooldown":[0.5,0.5,0.5,0.5,0.5],"cooldownBurn":"0.5","cost":[40,40,40,40,40],"costBurn":"40","datavalues":{},"effect":[null,[0,0,0,0,0],[0,0,0,0,0],[0,0,0,0,0],[0,0,0,0,0],[0,0,0,0,0],[0,0,0,0,0],[0,0,0,0,0],[0,0,0,0,0],[0,0,0,0,0],[0,0,0,0,0]],"effectBurn":[null,"0","0","0","0","0","0","0","0","0","0"],"vars":[],"costType":" de {{ abilityresourcename }}","maxammo":"2","range":[550,550,550,550,550],"rangeBurn":"550","image":{"full":"NilahE.png","sprite":"spell9.png","group":"spell","x":0,"y":96,"w":48,"h":48},"resource":"{{ cost }} de {{ abilityresourcename }}"},{"id":"NilahR","name":"Apoteosis","description":"Nilah gira su espada látigo con alegre exuberancia, lo que inflige daño a los enemigos a su alrededor antes de atraerlos hacia ella con su arma.","tooltip":"Nilah azota su espada látigo, lo que inflige <physicalDamage>{{ damagepertickcalctooltip }} de daño físico</physicalDamage> durante 1 seg, luego remata con una ráfaga de <physicalDamage>{{ damagecalc }} de daño físico</physicalDamage> que también <status>atrae</status> a los enemigos cercanos hacia ella.<br /><br />Nilah se cura a sí misma y a los aliados cercanos por un <healing>{{ champhealingpercent }} (+{{ spell.nilahq:critlifesteal }} Filo sin Forma) del daño infligido a la vida de los campeones enemigos (un{{ otherhealingpercent*100 }}% para unidades que no sean campeones)</healing> y convierte cualquier sobrecuración en un <shield>escudo</shield> durante {{ duration }} seg.<br />{{ spellmodifierdescriptionappend }}","leveltip":{"label":["Enfriamiento","Daño","Daño por activación"],"effect":["{{ cooldown }} -> {{ cooldownNL }}","{{ damagebase }} -> {{ damagebaseNL }}","{{ damagepertick }} -> {{ damagepertickNL }}"]},"maxrank":3,"cooldown":[110,95,80],"cooldownBurn":"110/95/80","cost":[80,80,80],"costBurn":"80","datavalues":{},"effect":[null,[0,0,0],[0,0,0],[0,0,0],[0,0,0],[0,0,0],[0,0,0],[0,0,0],[0,0,0],[0,0,0],[0,0,0]],"effectBurn":[null,"0","0","0","0","0","0","0","0","0","0"],"vars":[],"costType":" de {{ abilityresourcename }}","maxammo":"-1","range":[400,400,400],"rangeBurn":"400","image":{"full":"NilahR.png","sprite":"spell9.png","group":"spell","x":48,"y":96,"w":48,"h":48},"resource":"{{ cost }} de {{ abilityresourcename }}"}],"passive":{"name":"Felicidad Infinita","description":"Nilah obtiene experiencia aumentada al asestar golpes finales a súbditos junto con la habilidad de mejorar y compartir las curaciones y los escudos cercanos de sus aliados.","image":{"full":"NIlahP.png","sprite":"passive3.png","group":"passive","x":0,"y":0,"w":48,"h":48}},"recommended":[]}}}