{"type":"champion","format":"standAloneComplex","version":"14.3.1","data":{"Nocturne":{"id":"Nocturne","key":"56","name":"Nocturne","title":"la Pesadilla Eterna","image":{"full":"Nocturne.png","sprite":"champion3.png","group":"champion","x":48,"y":0,"w":48,"h":48},"skins":[{"id":"56000","num":0,"name":"default","chromas":false},{"id":"56001","num":1,"name":"Nocturne Terror Frío","chromas":false},{"id":"56002","num":2,"name":"Nocturne del Vacío","chromas":false},{"id":"56003","num":3,"name":"Nocturne Asolador","chromas":false},{"id":"56004","num":4,"name":"Nocturne Embrujado","chromas":false},{"id":"56005","num":5,"name":"Nocturne Eternum","chromas":false},{"id":"56006","num":6,"name":"Nocturne Renacido Maldito","chromas":false},{"id":"56007","num":7,"name":"Nocturne Dios Antiguo","chromas":true},{"id":"56016","num":16,"name":"Nocturne Hextech","chromas":false},{"id":"56017","num":17,"name":"Nocturne Pacto Quebrantado","chromas":true}],"lore":"Nocturne, una fusión demoniaca traída de las pesadillas que aterran a todas las mentes conscientes, se convirtió en una fuerza primigenia de maldad pura. Su aspecto de caos líquido es el de una sombra sin rostro con ojos crueles y armado con unas cuchillas diabólicas. Después de liberarse a sí mismo del reino espiritual, Nocturne descendió al mundo de los despiertos para alimentarse del terror que prospera en la auténtica oscuridad.","blurb":"Nocturne, una fusión demoniaca traída de las pesadillas que aterran a todas las mentes conscientes, se convirtió en una fuerza primigenia de maldad pura. Su aspecto de caos líquido es el de una sombra sin rostro con ojos crueles y armado con unas...","allytips":["Vale la pena utilizar Paranoia en un momento crítico, aun cuando no puedas moverte rápidamente.","Portador del Anochecer no es sólo una habilidad ofensiva, sino que se puede utilizar para escapar del combate o de una muerte segura.","Utiliza Manto de Oscuridad junto con Paranoia para que tus oponentes se asusten y gasten una inhabilitación crítica en tu Escudo Antihechizos."],"enemytips":["Mantente cerca de tus aliados cuando se use Paranoia. ¡Entre más mejor!","El Horror Inenarrable de Nocturne se rompe con alcance, así que reserva tus habilidades de movimiento para cuando lo utilice."],"tags":["Assassin","Fighter"],"partype":"Maná","info":{"attack":9,"defense":5,"magic":2,"difficulty":4},"stats":{"hp":655,"hpperlevel":109,"mp":275,"mpperlevel":35,"movespeed":345,"armor":38,"armorperlevel":4.7,"spellblock":32,"spellblockperlevel":1.55,"attackrange":125,"hpregen":7,"hpregenperlevel":0.75,"mpregen":7,"mpregenperlevel":0.45,"crit":0,"critperlevel":0,"attackdamage":62,"attackdamageperlevel":2.6,"attackspeedperlevel":2.7,"attackspeed":0.721},"spells":[{"id":"NocturneDuskbringer","name":"Portador del Anochecer","description":"Nocturne lanza una cuchilla de sombras que inflige daño, deja un Rastro de Oscuridad y hace que los campeones también dejen uno detrás. Dentro del rastro, Nocturne puede atravesar unidades e incrementa su velocidad de movimiento y daño de ataque.","tooltip":"Nocturne arroja una cuchilla oscura, lo que inflige <physicalDamage>{{ totaldamage }} de daño físico</physicalDamage> y deja un rastro de oscuridad durante {{ e3 }} seg. Los campeones enemigos alcanzados también dejan un rastro. <br /><br />Cuando esté inmerso en el rastro, Nocturne se vuelve fantasma y obtiene un <speed>{{ e1 }}% de Velocidad de Movimiento</speed> y <physicalDamage>{{ e4 }} de Daño de Ataque</physicalDamage>.{{ spellmodifierdescriptionappend }}","leveltip":{"label":["Daño","Velocidad de movimiento","Daño de ataque adicional","Costo de @AbilityResourceName@"],"effect":["{{ e2 }} -> {{ e2NL }}","{{ e1 }} -> {{ e1NL }}","{{ e4 }} -> {{ e4NL }}","{{ cost }} -> {{ costNL }}"]},"maxrank":5,"cooldown":[8,8,8,8,8],"cooldownBurn":"8","cost":[60,65,70,75,80],"costBurn":"60/65/70/75/80","datavalues":{},"effect":[null,[15,20,25,30,35],[65,110,155,200,245],[5,5,5,5,5],[20,30,40,50,60],[0,0,0,0,0],[0,0,0,0,0],[0,0,0,0,0],[0,0,0,0,0],[0,0,0,0,0],[0,0,0,0,0]],"effectBurn":[null,"15/20/25/30/35","65/110/155/200/245","5","20/30/40/50/60","0","0","0","0","0","0"],"vars":[],"costType":" de {{ abilityresourcename }}","maxammo":"-1","range":[1125,1125,1125,1125,1125],"rangeBurn":"1125","image":{"full":"NocturneDuskbringer.png","sprite":"spell9.png","group":"spell","x":96,"y":96,"w":48,"h":48},"resource":"{{ cost }} de {{ abilityresourcename }}"},{"id":"NocturneShroudofDarkness","name":"Manto de Oscuridad","description":"Nocturne potencia sus cuchillas, lo que le otorga velocidad de ataque de manera pasiva. Activar Manto de Oscuridad permite que Nocturne entre en la oscuridad, lo que crea una barrera mágica que lo defiende de la siguiente habilidad enemiga y duplica su velocidad de ataque pasiva si la bloquea con éxito.","tooltip":"<spellPassive>Pasiva:</spellPassive> Nocturne obtiene un <attackSpeed>{{ e1 }}% de Velocidad de Ataque</attackSpeed>.<br /><br /><spellActive>Activa:</spellActive> Nocturne crea una barrera oscura durante 1.5 seg que bloquea la siguiente habilidad enemiga. Si se bloquea una habilidad, el efecto pasivo de esa habilidad aumenta un <attackSpeed>{{ e1 }}% de la Velocidad de Ataque</attackSpeed> durante {{ e4 }} seg.{{ spellmodifierdescriptionappend }}","leveltip":{"label":["Velocidad de ataque adicional","Enfriamiento"],"effect":["{{ e1 }}% -> {{ e1NL }}%","{{ cooldown }} -> {{ cooldownNL }}"]},"maxrank":5,"cooldown":[20,18,16,14,12],"cooldownBurn":"20/18/16/14/12","cost":[50,50,50,50,50],"costBurn":"50","datavalues":{},"effect":[null,[60,70,80,90,100],[0.3,0.05,0.05,0.05,0.05],[1.5,1.5,1.5,1.5,1.5],[5,5,5,5,5],[0,0,0,0,0],[0,0,0,0,0],[0,0,0,0,0],[0,0,0,0,0],[0,0,0,0,0],[0,0,0,0,0]],"effectBurn":[null,"60/70/80/90/100","0.3/0.05/0.05/0.05/0.05","1.5","5","0","0","0","0","0","0"],"vars":[],"costType":" de {{ abilityresourcename }}","maxammo":"-1","range":[20,20,20,20,20],"rangeBurn":"20","image":{"full":"NocturneShroudofDarkness.png","sprite":"spell9.png","group":"spell","x":144,"y":96,"w":48,"h":48},"resource":"{{ cost }} de {{ abilityresourcename }}"},{"id":"NocturneUnspeakableHorror","name":"Horror Inenarrable","description":"Nocturne siembra una pesadilla en la mente de su objetivo, lo que inflige daño cada segundo y aterroriza al objetivo si no se aleja del alcance de Nocturne antes del fin del hechizo.","tooltip":"<spellPassive>Pasiva:</spellPassive> Nocturne obtiene un <speed>{{ tooltipfearms*100 }}% de Velocidad de Movimiento</speed> hacia enemigos <status>aterrorizados</status>.<br /><br /><spellActive>Activa:</spellActive> Nocturne siembra una conexión de pesadilla en su objetivo, lo que inflige <magicDamage>{{ totaldamage }} de daño mágico</magicDamage> a lo largo de {{ e3 }} seg. Si la conexión permanece sin romperse, el objetivo es <status>aterrorizado</status> durante {{ e2 }} seg.{{ spellmodifierdescriptionappend }}","leveltip":{"label":["Daño","Duración de miedo","Enfriamiento","Costo de @AbilityResourceName@"],"effect":["{{ e1 }} -> {{ e1NL }}","{{ e2 }} -> {{ e2NL }}","{{ cooldown }} -> {{ cooldownNL }}","{{ cost }} -> {{ costNL }}"]},"maxrank":5,"cooldown":[15,14,13,12,11],"cooldownBurn":"15/14/13/12/11","cost":[60,65,70,75,80],"costBurn":"60/65/70/75/80","datavalues":{},"effect":[null,[80,125,170,215,260],[1.25,1.5,1.75,2,2.25],[2,2,2,2,2],[465,465,465,465,465],[0,0,0,0,0],[0,0,0,0,0],[0,0,0,0,0],[0,0,0,0,0],[0,0,0,0,0],[0,0,0,0,0]],"effectBurn":[null,"80/125/170/215/260","1.25/1.5/1.75/2/2.25","2","465","0","0","0","0","0","0"],"vars":[],"costType":" de {{ abilityresourcename }}","maxammo":"-1","range":[425,425,425,425,425],"rangeBurn":"425","image":{"full":"NocturneUnspeakableHorror.png","sprite":"spell9.png","group":"spell","x":192,"y":96,"w":48,"h":48},"resource":"{{ cost }} de {{ abilityresourcename }}"},{"id":"NocturneParanoia","name":"Paranoia","description":"Nocturne reduce el radio de visión de todos los campeones enemigos y suprime su visión de aliados. Después, Nocturne puede lanzarse hacia un campeón enemigo cercano.","tooltip":"Nocturne oscurece el mapa, lo que reduce el radio de visión y elimina la visión de campeones enemigos por {{ paranoiaduration }} seg. Nocturne puede <recast>volver a lanzar</recast> esta habilidad durante ese periodo y lanzarse a sí mismo hacia un campeón enemigo, lo que inflige <physicalDamage>{{ damage }} de daño físico</physicalDamage>.{{ spellmodifierdescriptionappend }}","leveltip":{"label":["Daño","Alcance","Enfriamiento"],"effect":["{{ basedamage }} -> {{ basedamageNL }}","{{ castrange }} -> {{ castrangeNL }}","{{ cooldown }} -> {{ cooldownNL }}"]},"maxrank":3,"cooldown":[140,115,90],"cooldownBurn":"140/115/90","cost":[100,100,100],"costBurn":"100","datavalues":{},"effect":[null,[0,0,0],[0,0,0],[0,0,0],[0,0,0],[0,0,0],[0,0,0],[0,0,0],[0,0,0],[0,0,0],[0,0,0]],"effectBurn":[null,"0","0","0","0","0","0","0","0","0","0"],"vars":[],"costType":" de {{ abilityresourcename }}","maxammo":"-1","range":[2500,3250,4000],"rangeBurn":"2500/3250/4000","image":{"full":"NocturneParanoia.png","sprite":"spell9.png","group":"spell","x":240,"y":96,"w":48,"h":48},"resource":"{{ cost }} de {{ abilityresourcename }}"}],"passive":{"name":"Navajas de la Penumbra","description":"Cada cierto tiempo, el siguiente ataque de Nocturne impacta a los enemigos cercanos, les inflige daño físico adicional y se cura a sí mismo. <br><br>Los ataques básicos de Nocturne reducen este enfriamiento.","image":{"full":"Nocturne_UmbraBlades.png","sprite":"passive3.png","group":"passive","x":48,"y":0,"w":48,"h":48}},"recommended":[]}}}