{"type":"champion","format":"standAloneComplex","version":"14.3.1","data":{"Nunu":{"id":"Nunu","key":"20","name":"Nunu y Willump","title":"el Niño y su Yeti","image":{"full":"Nunu.png","sprite":"champion3.png","group":"champion","x":96,"y":0,"w":48,"h":48},"skins":[{"id":"20000","num":0,"name":"default","chromas":false},{"id":"20001","num":1,"name":"Nunu y Willump Pie Grande","chromas":false},{"id":"20002","num":2,"name":"Nunu y Willump Taller de Santa","chromas":false},{"id":"20003","num":3,"name":"Nunu y Willump Gruñón","chromas":false},{"id":"20004","num":4,"name":"Nunu y Willump Bot","chromas":false},{"id":"20005","num":5,"name":"Nunu y Willump Demoledor","chromas":false},{"id":"20006","num":6,"name":"Nunu y Willump TPA","chromas":false},{"id":"20007","num":7,"name":"Nunu y Willump Zombie","chromas":false},{"id":"20008","num":8,"name":"Nunu y Willump Arte de Papel","chromas":true},{"id":"20016","num":16,"name":"Nunu y Willump Onda Espacial","chromas":true},{"id":"20026","num":26,"name":"Nunu y Mielump","chromas":true},{"id":"20035","num":35,"name":"Nunu y Willump Paladines Cósmicos","chromas":true}],"lore":"Había una vez un niño que quería demostrar que era un héroe al matar a un temible monstruo... solo para descubrir que la bestia, un yeti solitario y mágico, simplemente necesitaba un amigo. Unidos por un poder ancestral y el amor compartido por las bolas de nieve, Nunu y Willump ahora pasean salvajes por todo el Fréljord y les dan vida a aventuras imaginarias. Tienen la esperanza que en algún sitio allá afuera, puedan encontrar a la madre de Nunu. Después de todo, si logran salvarla, tal vez se vuelvan héroes...","blurb":"Había una vez un niño que quería demostrar que era un héroe al matar a un temible monstruo... solo para descubrir que la bestia, un yeti solitario y mágico, simplemente necesitaba un amigo. Unidos por un poder ancestral y el amor compartido por las...","allytips":["Voracidad permite que Nunu permanezca en un carril y luche contra rivales artilleros.","Puedes interrumpir Cero Absoluto al principio y causar daño parcial si el rival está a punto de quedar fuera del alcance.","Suele resultar ventajoso retrasar el lanzamiento de Cero Absoluto hasta que se utiliza la ronda inicial de incapacitaciones. Intenta quedarte atrás antes de precipitarte a un combate en equipo."],"enemytips":["Interrumpir la canalización de Cero Absoluto hará que tu equipo reciba menos daño.","Usar Destello es la manera más segura de escapar de Cero Absoluto.","¡Gigantobola de Nieve! se mueve con gran velocidad pero no puede girar muy rápido, así que no te muevas en línea recta al escapar.  Intenta dar vueltas cerradas y repentinas."],"tags":["Tank","Fighter"],"partype":"Maná","info":{"attack":4,"defense":6,"magic":7,"difficulty":4},"stats":{"hp":610,"hpperlevel":90,"mp":280,"mpperlevel":42,"movespeed":345,"armor":29,"armorperlevel":4.2,"spellblock":32,"spellblockperlevel":2.05,"attackrange":125,"hpregen":5,"hpregenperlevel":0.8,"mpregen":7,"mpregenperlevel":0.5,"crit":0,"critperlevel":0,"attackdamage":61,"attackdamageperlevel":3,"attackspeedperlevel":2.25,"attackspeed":0.625},"spells":[{"id":"NunuQ","name":"Voracidad","description":"Willump muerde a un súbdito, monstruo o campeón enemigo para infligirle daño y curarse.","tooltip":"Nunu le pide a Willump que muerda a un enemigo, lo que le infligirá <trueDamage>{{ monsterminiondamage }} de daño verdadero</trueDamage> y le restaurará <healing>{{ monsterhealing }} de Vida</healing> cuando se use contra un súbdito o monstruo de jungla. En contra de un campeón, esta habilidad inflige <magicDamage>{{ totalchampiondamage }} de daño mágico</magicDamage> y restaura <healing>{{ championhealing }} de Vida</healing>.<br /><br />La <healing>curación</healing> aumenta en un {{ lowhealthhealingscalar*100 }}% cuando Nunu y Willump tengan menos del {{ lowhealththreshhold*100 }}% de Vida.{{ spellmodifierdescriptionappend }}","leveltip":{"label":["Daño a monstruos","Daño a campeones","Curación","Enfriamiento"],"effect":["{{ monsterminiondamage }} -> {{ monsterminiondamageNL }}","{{ championdamage }} -> {{ championdamageNL }}","{{ basehealing }} -> {{ basehealingNL }}","{{ cooldown }} -> {{ cooldownNL }}"]},"maxrank":5,"cooldown":[12,11,10,9,8],"cooldownBurn":"12/11/10/9/8","cost":[60,60,60,60,60],"costBurn":"60","datavalues":{},"effect":[null,[0,0,0,0,0],[0,0,0,0,0],[0,0,0,0,0],[0,0,0,0,0],[0,0,0,0,0],[0,0,0,0,0],[0,0,0,0,0],[0,0,0,0,0],[0,0,0,0,0],[0,0,0,0,0]],"effectBurn":[null,"0","0","0","0","0","0","0","0","0","0"],"vars":[],"costType":" de Maná","maxammo":"-1","range":[125,125,125,125,125],"rangeBurn":"125","image":{"full":"NunuQ.png","sprite":"spell9.png","group":"spell","x":288,"y":96,"w":48,"h":48},"resource":"{{ cost }} de Maná"},{"id":"NunuW","name":"¡Gigantobola de nieve!","description":"Willump crea una bola de nieve que crece en tamaño y velocidad conforme la rueda.  La bola de nieve inflige daño y lanza a los enemigos por el aire.","tooltip":"Nunu y Willump crean una bola de nieve que aumenta de tamaño y velocidad conforme la ruedan. Giran más lento mientras la hacen rodar, pero pueden aumentar la velocidad de giro mientras más tiempo permanezcan girando.<br /><br />La bola de nieve inflige entre <magicDamage>{{ noimpactsnowballdamage }}</magicDamage> y <magicDamage>{{ maximumsnowballdamage }} de daño mágico</magicDamage> y <status>lanza por el aire</status> entre {{ baseknockupduration }} y {{ maximumstunduration }} seg cuando choca contra un campeón, monstruo grande o muro. Estos valores aumentan con la distancia rodada.<br /><br />Nunu y Willump pueden <recast>volver a lanzar</recast> esta habilidad para soltar la bola antes.{{ spellmodifierdescriptionappend }}","leveltip":{"label":["Daño básico","Costo de @AbilityResourceName@"],"effect":["{{ basedamage }} -> {{ basedamageNL }}","{{ cost }} -> {{ costNL }}"]},"maxrank":5,"cooldown":[14,14,14,14,14],"cooldownBurn":"14","cost":[50,55,60,65,70],"costBurn":"50/55/60/65/70","datavalues":{},"effect":[null,[0,0,0,0,0],[0,0,0,0,0],[0,0,0,0,0],[0,0,0,0,0],[0,0,0,0,0],[0,0,0,0,0],[0,0,0,0,0],[0,0,0,0,0],[0,0,0,0,0],[0,0,0,0,0]],"effectBurn":[null,"0","0","0","0","0","0","0","0","0","0"],"vars":[],"costType":" de {{ abilityresourcename }}","maxammo":"-1","range":[7500,7500,7500,7500,7500],"rangeBurn":"7500","image":{"full":"NunuW.png","sprite":"spell9.png","group":"spell","x":336,"y":96,"w":48,"h":48},"resource":"{{ cost }} de {{ abilityresourcename }}"},{"id":"NunuE","name":"¡Come Nieve!","description":"Nunu lanza varias bolas de nieve que infligen daño a los enemigos.  Al terminar de lanzarlas, Willump inmoviliza a cualquier campeón o monstruo grande que haya sido alcanzado por una bola de nieve.","tooltip":"Nunu lanza tres bolas de nieve que infligen <magicDamage>{{ totalsnowballdamage }} de daño mágico</magicDamage> por bola de nieve y <status>ralentizan</status> a los enemigos alcanzados por las tres en un {{ slowamount*-100 }}% por {{ slowduration }} seg. Nunu puede <recast>volver a lanzarlo</recast> hasta dos veces más.<br /><br />Después de {{ totalspellduration }} seg, Nunu <status>Inmoviliza</status> a todos los enemigos cercanos que fueron <status>Ralentizados</status> por las bolas de nieve por {{ rootduration }} seg e inflige <magicDamage>{{ totalrootdamage }} de daño mágico adicional</magicDamage>.{{ spellmodifierdescriptionappend }}","leveltip":{"label":["Daño","Costo de maná","Ralentización","Enfriamiento"],"effect":["{{ basedamage }} -> {{ basedamageNL }}","{{ cost }} -> {{ costNL }}","{{ slowamount*-100.000000 }}% -> {{ slowamountnl*-100.000000 }}%","{{ cooldown }} -> {{ cooldownNL }}"]},"maxrank":5,"cooldown":[14,13,12,11,10],"cooldownBurn":"14/13/12/11/10","cost":[50,55,60,65,70],"costBurn":"50/55/60/65/70","datavalues":{},"effect":[null,[0,0,0,0,0],[0,0,0,0,0],[0,0,0,0,0],[0,0,0,0,0],[0,0,0,0,0],[0,0,0,0,0],[0,0,0,0,0],[0,0,0,0,0],[0,0,0,0,0],[0,0,0,0,0]],"effectBurn":[null,"0","0","0","0","0","0","0","0","0","0"],"vars":[],"costType":" de {{ abilityresourcename }}","maxammo":"-1","range":[625,625,625,625,625],"rangeBurn":"625","image":{"full":"NunuE.png","sprite":"spell9.png","group":"spell","x":384,"y":96,"w":48,"h":48},"resource":"{{ cost }} de {{ abilityresourcename }}"},{"id":"NunuR","name":"Cero Absoluto","description":"Nunu y Willump crean una poderosa tormenta de nieve en un área, lo que ralentiza a los enemigos y les inflige una gran cantidad de daño cuando termina.","tooltip":"Nunu y Willump canalizan una poderosa tormenta hasta por {{ channelduration }} seg. Los enemigos dentro son <status>Ralentizados</status> en un {{ slowstartamount*-100 }}%, lo cual aumenta a un {{ maxslowamount*-100 }}% hasta que termine el efecto. Nunu y Willump también obtienen <shield>{{ totalshieldamount }} de Escudo</shield> hasta que termine el efecto antes de decaer a lo largo de {{ shielddecayduration }} seg posteriormente.<br /><br />Al terminar la tormenta, esta explota e inflige hasta <magicDamage>{{ maximumdamage }} de daño mágico</magicDamage> según el tiempo de canalización. Nunu y Willump pueden <recast>volver a lanzarlo</recast> para terminar la tormenta antes.{{ spellmodifierdescriptionappend }}","leveltip":{"label":["Daño","Cantidad de escudo","Enfriamiento"],"effect":["{{ basedamage }} -> {{ basedamageNL }}","{{ baseshieldamount }} -> {{ baseshieldamountNL }}","{{ cooldown }} -> {{ cooldownNL }}"]},"maxrank":3,"cooldown":[110,100,90],"cooldownBurn":"110/100/90","cost":[100,100,100],"costBurn":"100","datavalues":{},"effect":[null,[0,0,0],[0,0,0],[0,0,0],[0,0,0],[0,0,0],[0,0,0],[0,0,0],[0,0,0],[0,0,0],[0,0,0]],"effectBurn":[null,"0","0","0","0","0","0","0","0","0","0"],"vars":[],"costType":" de {{ abilityresourcename }}","maxammo":"-1","range":[650,650,650],"rangeBurn":"650","image":{"full":"NunuR.png","sprite":"spell9.png","group":"spell","x":432,"y":96,"w":48,"h":48},"resource":"{{ cost }} de {{ abilityresourcename }}"}],"passive":{"name":"Llamado del Fréljord","description":"Nunu aumenta la velocidad de ataque y de movimiento de Willump, de un aliado cercano y hace que los ataques básicos de Willump inflijan daño a los enemigos que rodean al objetivo.","image":{"full":"NunuPassive.png","sprite":"passive3.png","group":"passive","x":96,"y":0,"w":48,"h":48}},"recommended":[]}}}