{"type":"champion","format":"standAloneComplex","version":"14.3.1","data":{"Olaf":{"id":"Olaf","key":"2","name":"Olaf","title":"el Berserker","image":{"full":"Olaf.png","sprite":"champion3.png","group":"champion","x":144,"y":0,"w":48,"h":48},"skins":[{"id":"2000","num":0,"name":"default","chromas":false},{"id":"2001","num":1,"name":"Olaf Abandonado","chromas":false},{"id":"2002","num":2,"name":"Olaf Glacial","chromas":false},{"id":"2003","num":3,"name":"Brolaf","chromas":true},{"id":"2004","num":4,"name":"Olaf Pentakill","chromas":false},{"id":"2005","num":5,"name":"Olaf Merodeador","chromas":false},{"id":"2006","num":6,"name":"Olaf Carnicero","chromas":false},{"id":"2015","num":15,"name":"Olaf SKT T1","chromas":false},{"id":"2016","num":16,"name":"Olaf Matadragones","chromas":true},{"id":"2025","num":25,"name":"Olaf Centinela","chromas":true},{"id":"2035","num":35,"name":"Olaf Pentakill III: Lost Chapter","chromas":true}],"lore":"Como una fuerza imparable de destrucción, el portador de hachas Olaf no quiere nada más que morir en glorioso combate. Proveniente de la brutal península freljordiana de Lokfar, alguna vez recibió una profecía que predecía su muerte pacífica, que es el destino del cobarde y un gran insulto entre su gente. Buscando la muerte e impulsado por la ira, Olaf masacró todo cuanto encontró en la tierra, eliminando un gran número de guerreros y bestias legendarias en busca de un oponente que lo detuviera. Ahora, como elemento brutal de la Garra Invernal, busca su fin en las grandes guerras que se acercan.","blurb":"Como una fuerza imparable de destrucción, el portador de hachas Olaf no quiere nada más que morir en glorioso combate. Proveniente de la brutal península freljordiana de Lokfar, alguna vez recibió una profecía que predecía su muerte pacífica, que es el...","allytips":["Cuando tenga poca Vida, Olaf puede combinar Ira del Berserker, Golpes Sanguinarios y Ragnarok para volverse engañosamente fuerte.","La curación adicional que ofrece Golpes Sanguinarios amplifica el Robo de Vida de todas las fuentes y las curaciones de los aliados."],"enemytips":["Olaf se vuelve más peligroso según pierde vida. Reserva las incapacitaciones para rematarlo.","Si evitas que Olaf alcance su hacha, minimizarás los efectos de su acoso en la fase de carriles.","Olaf tiene sus defensas reducidas por el daño sufrido durante Ragnarok, aún a pesar de ser inmune a las incapacitaciones. Si no puedes huir de Olaf durante Ragnarok, tus compañeros de equipo y tú deben centrar en él los ataques."],"tags":["Fighter","Tank"],"partype":"Maná","info":{"attack":9,"defense":5,"magic":3,"difficulty":3},"stats":{"hp":645,"hpperlevel":119,"mp":316,"mpperlevel":50,"movespeed":350,"armor":35,"armorperlevel":4.2,"spellblock":32,"spellblockperlevel":2.05,"attackrange":125,"hpregen":6.5,"hpregenperlevel":0.6,"mpregen":7.5,"mpregenperlevel":0.6,"crit":0,"critperlevel":0,"attackdamage":68,"attackdamageperlevel":4.7,"attackspeedperlevel":2.7,"attackspeed":0.694},"spells":[{"id":"OlafAxeThrowCast","name":"Corriente Marina","description":"Olaf lanza un hacha al suelo hacia una ubicación objetivo para infligir daño a los enemigos que atraviesa y reducir su velocidad de movimiento y armadura. Si Olaf toma el hacha, el enfriamiento de esta habilidad se restablece.","tooltip":"Olaf lanza un hacha, lo que inflige <physicalDamage>{{ totaldamage }} de daño físico</physicalDamage> y <status>ralentiza</status> un {{ slowamount*100 }}% hasta por {{ e3 }} seg (según la distancia recorrida). Los campeones alcanzados pierden un <scaleArmor>{{ shredamount*100 }}% de Armadura</scaleArmor> durante {{ debuffduration }} seg.<br /><br />Si Olaf toma el hacha, el enfriamiento de esta habilidad se reduce a {{ tooltipcdrefund }} seg o se devuelve totalmente si transcurren {{ tooltipcdrefund }} seg.{{ spellmodifierdescriptionappend }}","leveltip":{"label":["Daño","Costo de maná","Ralentización"],"effect":["{{ basedamage }} -> {{ basedamageNL }}","{{ cost }} -> {{ costNL }}","{{ slowamount*100.000000 }}% -> {{ slowamountnl*100.000000 }}%"]},"maxrank":5,"cooldown":[9,9,9,9,9],"cooldownBurn":"9","cost":[50,55,60,65,70],"costBurn":"50/55/60/65/70","datavalues":{},"effect":[null,[80,125,170,215,260],[30,30,30,30,30],[2.5,2.5,2.5,2.5,2.5],[1.5,1.5,1.5,1.5,1.5],[800,800,800,800,800],[400,400,400,400,400],[0,0,0,0,0],[0,0,0,0,0],[0,0,0,0,0],[0,0,0,0,0]],"effectBurn":[null,"80/125/170/215/260","30","2.5","1.5","800","400","0","0","0","0"],"vars":[],"costType":" de {{ abilityresourcename }}","maxammo":"-1","range":[1000,1000,1000,1000,1000],"rangeBurn":"1000","image":{"full":"OlafAxeThrowCast.png","sprite":"spell9.png","group":"spell","x":0,"y":144,"w":48,"h":48},"resource":"{{ cost }} de {{ abilityresourcename }}"},{"id":"OlafFrenziedStrikes","name":"Golpes Sanguinarios","description":"La velocidad de ataque de Olaf aumenta, reduce el daño recibido y obtiene un escudo.","tooltip":"Olaf obtiene un <attackSpeed>{{ attackspeed*100 }}% de Velocidad de Ataque</attackSpeed> durante {{ duration }} seg y <shield>{{ baseshield }} más un {{ shieldpercmissinghp*100 }}% de la vida faltante como Escudo (hasta un máximo de {{ maxshieldcalc }} de Escudo menor a un {{ thresholdformax*100 }}% de Vida)</shield>durante {{ shieldduration }} seg.{{ spellmodifierdescriptionappend }}","leveltip":{"label":["Velocidad de ataque","Escudo básico","Enfriamiento"],"effect":["{{ attackspeed*100.000000 }}% -> {{ attackspeednl*100.000000 }}%","{{ baseshield }} -> {{ baseshieldNL }}","{{ cooldown }} -> {{ cooldownNL }}"]},"maxrank":5,"cooldown":[16,15,14,13,12],"cooldownBurn":"16/15/14/13/12","cost":[30,30,30,30,30],"costBurn":"30","datavalues":{},"effect":[null,[0,0,0,0,0],[0,0,0,0,0],[0,0,0,0,0],[0,0,0,0,0],[0,0,0,0,0],[0,0,0,0,0],[0,0,0,0,0],[0,0,0,0,0],[0,0,0,0,0],[0,0,0,0,0]],"effectBurn":[null,"0","0","0","0","0","0","0","0","0","0"],"vars":[],"costType":" de {{ abilityresourcename }}","maxammo":"-1","range":[700,700,700,700,700],"rangeBurn":"700","image":{"full":"OlafFrenziedStrikes.png","sprite":"spell9.png","group":"spell","x":48,"y":144,"w":48,"h":48},"resource":"{{ cost }} de {{ abilityresourcename }}"},{"id":"OlafRecklessStrike","name":"Lance Temerario","description":"Olaf ataca con tal fuerza que causa daño verdadero a su objetivo y a sí mismo, pero el daño autoinfligido se recupera si destruye al objetivo.","tooltip":"Olaf arroja sus hachas con furia, lo que inflige <trueDamage>{{ totaldamage }} de daño verdadero</trueDamage>. Si un enemigo muere, el costo se devuelve.<br /><br />Los ataques reducen el enfriamiento de esta habilidad en 1 seg.{{ spellmodifierdescriptionappend }}","leveltip":{"label":["Daño","Enfriamiento"],"effect":["{{ e1 }} -> {{ e1NL }}","{{ cooldown }} -> {{ cooldownNL }}"]},"maxrank":5,"cooldown":[11,10,9,8,7],"cooldownBurn":"11/10/9/8/7","cost":[0,0,0,0,0],"costBurn":"0","datavalues":{},"effect":[null,[70,115,160,205,250],[30,30,30,30,30],[0,0,0,0,0],[0,0,0,0,0],[0,0,0,0,0],[0,0,0,0,0],[0,0,0,0,0],[0,0,0,0,0],[0,0,0,0,0],[0,0,0,0,0]],"effectBurn":[null,"70/115/160/205/250","30","0","0","0","0","0","0","0","0"],"vars":[],"costType":"Cuesta  de Vida","maxammo":"-1","range":[325,325,325,325,325],"rangeBurn":"325","image":{"full":"OlafRecklessStrike.png","sprite":"spell9.png","group":"spell","x":96,"y":144,"w":48,"h":48},"resource":"Cuesta  de Vida"},{"id":"OlafRagnarok","name":"Ragnarok","description":"Olaf obtiene de manera pasiva resistencia mágica y armadura aumentadas. Puede activar esta habilidad para volverse inmune a las inhabilitaciones durante el tiempo que siga atacando.","tooltip":"<spellPassive>Pasiva:</spellPassive> Olaf obtiene <scaleArmor>{{ resists }} de Armadura</scaleArmor> y <scaleMR>{{ resists }} de Resistencia Mágica</scaleMR>.<br /><br /><spellActive>Activa: </spellActive>Olaf purifica todos los efectos <status>inmovilizadores</status> y <status>de control</status> en él y se vuelve inmune a ellos durante {{ duration }} seg. Mientras esté activa, Olaf obtiene <scaleAD>{{ ad }} de Daño de Ataque</scaleAD>. Alcanzar a un campeón con un ataque o <spellName>Lance Temerario</spellName> extienden la duración en {{ durationextension }} seg.<br /><br />Además, Olaf obtiene un <speed>{{ haste*100 }}% de Velocidad de Movimiento</speed> hacia campeones enemigos por {{ hasteduration }} seg.{{ spellmodifierdescriptionappend }}","leveltip":{"label":["Armadura y resistencia mágica","Daño de Ataque","Velocidad de movimiento","Enfriamiento"],"effect":["{{ resists }} -> {{ resistsNL }}","{{ flatad }} -> {{ flatadNL }}","{{ haste*100.000000 }} -> {{ hastenl*100.000000 }}","{{ cooldown }} -> {{ cooldownNL }}"]},"maxrank":3,"cooldown":[100,90,80],"cooldownBurn":"100/90/80","cost":[0,0,0],"costBurn":"0","datavalues":{},"effect":[null,[0,0,0],[0,0,0],[0,0,0],[0,0,0],[0,0,0],[0,0,0],[0,0,0],[0,0,0],[0,0,0],[0,0,0]],"effectBurn":[null,"0","0","0","0","0","0","0","0","0","0"],"vars":[],"costType":"Sin costo","maxammo":"-1","range":[400,400,400],"rangeBurn":"400","image":{"full":"OlafRagnarok.png","sprite":"spell9.png","group":"spell","x":144,"y":144,"w":48,"h":48},"resource":"Sin costo"}],"passive":{"name":"Ira del Berserker","description":"Olaf obtiene velocidad de ataque y robo de vida según su vida faltante.","image":{"full":"Olaf_Passive.png","sprite":"passive3.png","group":"passive","x":144,"y":0,"w":48,"h":48}},"recommended":[]}}}