{"type":"champion","format":"standAloneComplex","version":"14.3.1","data":{"Orianna":{"id":"Orianna","key":"61","name":"Orianna","title":"la Doncella Mecánica","image":{"full":"Orianna.png","sprite":"champion3.png","group":"champion","x":192,"y":0,"w":48,"h":48},"skins":[{"id":"61000","num":0,"name":"default","chromas":false},{"id":"61001","num":1,"name":"Orianna Gótica","chromas":false},{"id":"61002","num":2,"name":"Orianna Costura del Caos","chromas":false},{"id":"61003","num":3,"name":"Orianna Artificio Mortal","chromas":false},{"id":"61004","num":4,"name":"Orianna TPA","chromas":false},{"id":"61005","num":5,"name":"Orianna Maravilla Invernal","chromas":false},{"id":"61006","num":6,"name":"Orianna Buscacorazones","chromas":false},{"id":"61007","num":7,"name":"Orianna Estrella Oscura","chromas":true},{"id":"61008","num":8,"name":"Orianna Victoriosa","chromas":true},{"id":"61011","num":11,"name":"Orianna Veraniega","chromas":true},{"id":"61020","num":20,"name":"Florianna","chromas":true},{"id":"61029","num":29,"name":"Orianna Guardiana Estelar","chromas":true}],"lore":"Aunque una vez una curiosa chica de carne y hueso, Orianna es ahora una maravilla tecnológica hecha completamente de relojería. Sufrió una terrible enfermedad después de un accidente en los bajos distritos de Zaun y su deteriorado cuerpo tuvo que ser reemplazado con refinados artilugios, parte por parte. Acompañada de una extraordinaria esfera de latón que construyó para su compañía y protección, Orianna ahora es libre de explorar las maravillas de Piltóver y más allá.","blurb":"Aunque una vez una curiosa chica de carne y hueso, Orianna es ahora una maravilla tecnológica hecha completamente de relojería. Sufrió una terrible enfermedad después de un accidente en los bajos distritos de Zaun y su deteriorado cuerpo tuvo que ser...","allytips":["Puedes usar Orden: Proteger sobre Orianna para hacer que la Bola vuelva rápidamente. Combina esta táctica con Orden: Atacar para hostigar.","Orden: Disonancia es una herramienta de escape muy poderosa si Orianna tiene la Bola. Como aumenta tu velocidad de movimiento y deja un campo de ralentización, es de gran ayuda.","Puedes usar Orden: Onda de Choque para traer a los enemigos hacia ti o para alejarlos si posicionas la Bola correctamente."],"enemytips":["Orianna sólo puede afectar a la zona en la que se encuentre la Bola. Aprovéchate de esta circunstancia.","Cuidado con el momento en el que la Bola de Orianna vuelva. Podría provocar situaciones imprevistas."],"tags":["Mage","Support"],"partype":"Maná","info":{"attack":4,"defense":3,"magic":9,"difficulty":7},"stats":{"hp":585,"hpperlevel":110,"mp":418,"mpperlevel":25,"movespeed":325,"armor":20,"armorperlevel":4.2,"spellblock":26,"spellblockperlevel":1.3,"attackrange":525,"hpregen":7,"hpregenperlevel":0.55,"mpregen":8,"mpregenperlevel":0.8,"crit":0,"critperlevel":0,"attackdamage":40,"attackdamageperlevel":2.6,"attackspeedperlevel":3.5,"attackspeed":0.658},"spells":[{"id":"OrianaIzunaCommand","name":"Orden: Atacar","description":"Orianna le ordena a la Bola que salga disparada hacia una ubicación objetivo, lo que inflige daño mágico a los objetivos que encuentre en el camino (inflige menos daño a cada objetivo consecutivo). Después, la Bola permanece en esa ubicación.","tooltip":"Orianna le ordena a su <keywordMajor>Bola</keywordMajor> desplazarse a una zona, lo que inflige <magicDamage>{{ totaldamagetooltip }} de daño mágico</magicDamage> a los enemigos a su alrededor y a los enemigos que atraviesa. Inflige un {{ e2 }}% menos de daño a todos los enemigos después del primero.{{ spellmodifierdescriptionappend }}","leveltip":{"label":["Daño","Enfriamiento","Costo de @AbilityResourceName@"],"effect":["{{ e1 }} -> {{ e1NL }}","{{ cooldown }} -> {{ cooldownNL }}","{{ cost }} -> {{ costNL }}"]},"maxrank":5,"cooldown":[6,5.25,4.5,3.75,3],"cooldownBurn":"6/5.25/4.5/3.75/3","cost":[30,35,40,45,50],"costBurn":"30/35/40/45/50","datavalues":{},"effect":[null,[60,90,120,150,180],[30,30,30,30,30],[70,70,70,70,70],[0,0,0,0,0],[0,0,0,0,0],[0,0,0,0,0],[0,0,0,0,0],[0,0,0,0,0],[0,0,0,0,0],[0,0,0,0,0]],"effectBurn":[null,"60/90/120/150/180","30","70","0","0","0","0","0","0","0"],"vars":[],"costType":" de {{ abilityresourcename }}","maxammo":"-1","range":[815,815,815,815,815],"rangeBurn":"815","image":{"full":"OrianaIzunaCommand.png","sprite":"spell9.png","group":"spell","x":192,"y":144,"w":48,"h":48},"resource":"{{ cost }} de {{ abilityresourcename }}"},{"id":"OrianaDissonanceCommand","name":"Orden: Disonancia","description":"Orianna le ordena a su Bola que desate un pulso de energía que inflige daño mágico a su alrededor. Esto crea un campo de energía que aumenta la velocidad de movimiento de los aliados y ralentiza a los oponentes.","tooltip":"Orianna le ordena a su <keywordMajor>Bola</keywordMajor> que desate un pulso eléctrico que inflige <magicDamage>{{ totaldamage }} de daño mágico</magicDamage> a los enemigos cercanos.<br /><br />Este pulso crea un campo de energía durante {{ fieldduration }} seg que <status>ralentiza</status> a los enemigos un {{ slowamount*100 }}% y les otorga a los aliados un <speed>{{ hasteamount*100 }}% de Velocidad de Movimiento</speed> que decae a lo largo de {{ slowandhasteduration }} seg.{{ spellmodifierdescriptionappend }}","leveltip":{"label":["Daño","Velocidad de movimiento","Ralentización","Costo de @AbilityResourceName@"],"effect":["{{ basedamage }} -> {{ basedamageNL }}","{{ hasteamount*100.000000 }}% -> {{ hasteamountnl*100.000000 }}%","{{ slowamount*100.000000 }}% -> {{ slowamountnl*100.000000 }}%","{{ cost }} -> {{ costNL }}"]},"maxrank":5,"cooldown":[7,7,7,7,7],"cooldownBurn":"7","cost":[60,65,70,75,80],"costBurn":"60/65/70/75/80","datavalues":{},"effect":[null,[60,105,150,195,240],[30,35,40,45,50],[30,35,40,45,50],[3,3,3,3,3],[2,2,2,2,2],[0,0,0,0,0],[0,0,0,0,0],[0,0,0,0,0],[0,0,0,0,0],[0,0,0,0,0]],"effectBurn":[null,"60/105/150/195/240","30/35/40/45/50","30/35/40/45/50","3","2","0","0","0","0","0"],"vars":[],"costType":" de {{ abilityresourcename }}","maxammo":"-1","range":[225,225,225,225,225],"rangeBurn":"225","image":{"full":"OrianaDissonanceCommand.png","sprite":"spell9.png","group":"spell","x":240,"y":144,"w":48,"h":48},"resource":"{{ cost }} de {{ abilityresourcename }}"},{"id":"OrianaRedactCommand","name":"Orden: Proteger","description":"Orianna le ordena a la Bola que se una a un campeón aliado para protegerlo e inflige daño mágico a los enemigos que atraviese a su paso. Además, la Bola le otorga Armadura y Resistencia Mágica adicionales al campeón al que se une.","tooltip":"<spellPassive>Pasiva: </spellPassive>La <keywordMajor>Bola</keywordMajor> otorga <scaleArmor>{{ e2 }} de Armadura</scaleArmor> y <scaleMR>{{ e2 }} de Resistencia Mágica</scaleMR> al campeón aliado al que se une.<br /><br /><spellActive>Activa: </spellActive>Orianna ordena a su <keywordMajor>Bola</keywordMajor> que viaje hacia un campeón aliado y se una a él, lo que le otorga un Escudo contra <shield>{{ totalshieldtooltip }}</shield> de daño durante {{ e5 }} seg. La <keywordMajor>Bola</keywordMajor> inflige <magicDamage>{{ totaldamagetooltip }} de daño mágico</magicDamage> a los enemigos que atraviesa en su camino.{{ spellmodifierdescriptionappend }}","leveltip":{"label":["Daño","Bonificación de Armadura","Bonificación de Resistencia Mágica","Cantidad de escudo"],"effect":["{{ e3 }} -> {{ e3NL }}","{{ e2 }} -> {{ e2NL }}","{{ e2 }} -> {{ e2NL }}","{{ e1 }} -> {{ e1NL }}"]},"maxrank":5,"cooldown":[9,9,9,9,9],"cooldownBurn":"9","cost":[60,60,60,60,60],"costBurn":"60","datavalues":{},"effect":[null,[55,90,125,160,195],[6,12,18,24,30],[60,90,120,150,180],[75,75,75,75,75],[2.5,2.5,2.5,2.5,2.5],[0,0,0,0,0],[0,0,0,0,0],[0,0,0,0,0],[0,0,0,0,0],[0,0,0,0,0]],"effectBurn":[null,"55/90/125/160/195","6/12/18/24/30","60/90/120/150/180","75","2.5","0","0","0","0","0"],"vars":[],"costType":" de {{ abilityresourcename }}","maxammo":"-1","range":[1095,1095,1095,1095,1095],"rangeBurn":"1095","image":{"full":"OrianaRedactCommand.png","sprite":"spell9.png","group":"spell","x":288,"y":144,"w":48,"h":48},"resource":"{{ cost }} de {{ abilityresourcename }}"},{"id":"OrianaDetonateCommand","name":"Orden: Onda de Choque","description":"Orianna le ordena a la Bola que desencadene una onda de choque, lo que inflige daño mágico y lanza a los enemigos cercanos hacia la Bola tras unos momentos.","tooltip":"Orianna le ordena a su <keywordMajor>Bola</keywordMajor> que desencadene una onda de choque, inflige <magicDamage>{{ totaldamage }} de daño mágico</magicDamage> a los enemigos cercanos y los <status>lanza</status> en dirección de la <keywordMajor>Bola</keywordMajor>.{{ spellmodifierdescriptionappend }}","leveltip":{"label":["Daño","Enfriamiento"],"effect":["{{ damage }} -> {{ damageNL }}","{{ cooldown }} -> {{ cooldownNL }}"]},"maxrank":3,"cooldown":[110,95,80],"cooldownBurn":"110/95/80","cost":[100,100,100],"costBurn":"100","datavalues":{},"effect":[null,[0,0,0],[0,0,0],[0,0,0],[0,0,0],[0,0,0],[0,0,0],[0,0,0],[0,0,0],[0,0,0],[0,0,0]],"effectBurn":[null,"0","0","0","0","0","0","0","0","0","0"],"vars":[],"costType":" de {{ abilityresourcename }}","maxammo":"-1","range":[410,410,410],"rangeBurn":"410","image":{"full":"OrianaDetonateCommand.png","sprite":"spell9.png","group":"spell","x":336,"y":144,"w":48,"h":48},"resource":"{{ cost }} de {{ abilityresourcename }}"}],"passive":{"name":"Mecanismo de Cuerda","description":"Los ataques de Orianna infligen daño mágico adicional. El daño aumenta si Orianna ataca al mismo objetivo.","image":{"full":"OriannaPassive.png","sprite":"passive3.png","group":"passive","x":192,"y":0,"w":48,"h":48}},"recommended":[]}}}