{"type":"champion","format":"standAloneComplex","version":"14.3.1","data":{"Ornn":{"id":"Ornn","key":"516","name":"Ornn","title":"El Fuego Debajo de la Montaña","image":{"full":"Ornn.png","sprite":"champion3.png","group":"champion","x":240,"y":0,"w":48,"h":48},"skins":[{"id":"516000","num":0,"name":"default","chromas":false},{"id":"516001","num":1,"name":"Ornn Señor del Trueno","chromas":false},{"id":"516002","num":2,"name":"Ornn Bosqueviejo","chromas":true},{"id":"516011","num":11,"name":"Ornn Onda Espacial","chromas":true}],"lore":"Ornn es el espíritu freljordiano de las forjas y artesanías. Trabaja en solitario en una gigantesca forja hecha en las cavernas de lava bajo el volcán conocido como Hogar. Allí, aviva las calderas burbujeantes de piedra fundida para purificar los minerales y crear objetos de calidad inigualable. Mientras que otras deidades, especialmente Volibear, recorren la tierra y se entrometen en asuntos de los mortales, Ornn se encarga de poner en su lugar a estos impetuosos seres, ya sea con su martillo confiable o con el desmedido poder de las propias montañas.","blurb":"Ornn es el espíritu freljordiano de las forjas y artesanías. Trabaja en solitario en una gigantesca forja hecha en las cavernas de lava bajo el volcán conocido como Hogar. Allí, aviva las calderas burbujeantes de piedra fundida para purificar los...","allytips":["Si aprendes las rutas de armado de los objetos, podrás seleccionar rápidamente las mejoras en el carril.","Puedes usar Ruptura Volcánica para preparar zonas controladas y amenazar a los enemigos.","¡El orden de tus habilidades es importante! Optimiza el uso del efecto de Fragilidad."],"enemytips":["Intenta mantenerte lejos de los muros. Ornn es menos poderoso si no logra aturdirte.","Ataca a Ornn para evitar que fabrique objetos en el carril."],"tags":["Tank","Fighter"],"partype":"Maná","info":{"attack":5,"defense":9,"magic":3,"difficulty":5},"stats":{"hp":660,"hpperlevel":109,"mp":341,"mpperlevel":65,"movespeed":335,"armor":33,"armorperlevel":5.2,"spellblock":32,"spellblockperlevel":2.05,"attackrange":175,"hpregen":9,"hpregenperlevel":0.9,"mpregen":8,"mpregenperlevel":0.6,"crit":0,"critperlevel":0,"attackdamage":69,"attackdamageperlevel":3.5,"attackspeedperlevel":2,"attackspeed":0.625},"spells":[{"id":"OrnnQ","name":"Ruptura Volcánica","description":"Ornn golpea el suelo, lo que crea una fisura que inflige daño y ralentiza a los enemigos alcanzados. Tras una pequeña demora, una columna de magma se forma en la ubicación del objetivo.","tooltip":"Ornn golpea el piso, lo que crea una fisura que inflige <physicalDamage>{{ totaldamage }} de daño físico</physicalDamage> y <status>ralentiza</status> un {{ e5 }}% durante {{ e6 }} seg. Un pilar de roca se formará al final de la fisura durante {{ e3 }} seg. {{ spellmodifierdescriptionappend }}","leveltip":{"label":["Daño","Enfriamiento"],"effect":["{{ e1 }} -> {{ e1NL }}","{{ cooldown }} -> {{ cooldownNL }}"]},"maxrank":5,"cooldown":[9,8.5,8,7.5,7],"cooldownBurn":"9/8.5/8/7.5/7","cost":[45,45,45,45,45],"costBurn":"45","datavalues":{},"effect":[null,[20,45,70,95,120],[1,1,1,1,1],[4,4,4,4,4],[0,0,0,0,0],[40,40,40,40,40],[2,2,2,2,2],[0,0,0,0,0],[0,0,0,0,0],[0,0,0,0,0],[0,0,0,0,0]],"effectBurn":[null,"20/45/70/95/120","1","4","0","40","2","0","0","0","0"],"vars":[],"costType":" de {{ abilityresourcename }}","maxammo":"-1","range":[800,800,800,800,800],"rangeBurn":"800","image":{"full":"OrnnQ.png","sprite":"spell9.png","group":"spell","x":384,"y":144,"w":48,"h":48},"resource":"{{ cost }} de {{ abilityresourcename }}"},{"id":"OrnnW","name":"Rugido de Fuego","description":"Ornn avanza lanzando fuego por la boca. Los enemigos que reciban el impacto de la última llama se vuelven Frágiles.","tooltip":"Ornn avanza pisoteando y lanzando fuego por la boca de forma imparable, lo que inflige un <magicDamage>{{ maxpercenthpperticktooltip }}% de Vida Máxima como daño mágico</magicDamage> durante {{ breathduration }} seg. Los enemigos que reciban el impacto de la última llama se vuelven <keywordMajor>Frágiles</keywordMajor> durante {{ brittleduration }} seg. <br /><br />Los efectos <status>inmovilizadores</status> sobre objetivos <keywordMajor>Frágiles</keywordMajor> aumentan su duración en un 30% e infligen un <magicDamage>{{ brittlepercentmaxhpcalc }} de Vida Máxima como daño mágico adicional</magicDamage>. Los ataques de Ornn contra objetivos <keywordMajor>Frágiles</keywordMajor> hacen que se <status>lancen hacia atrás</status>, lo que inflige el daño adicional.{{ spellmodifierdescriptionappend }}","leveltip":{"label":["% de Vida como daño","Costo de @AbilityResourceName@","Enfriamiento"],"effect":["{{ maxpercenthpperticktooltip }}% -> {{ maxpercenthpperticktooltipNL }}%","{{ cost }} -> {{ costNL }}","{{ cooldown }} -> {{ cooldownNL }}"]},"maxrank":5,"cooldown":[12,11.5,11,10.5,10],"cooldownBurn":"12/11.5/11/10.5/10","cost":[45,50,55,60,65],"costBurn":"45/50/55/60/65","datavalues":{},"effect":[null,[0,0,0,0,0],[0,0,0,0,0],[0,0,0,0,0],[0,0,0,0,0],[0,0,0,0,0],[0,0,0,0,0],[0,0,0,0,0],[0,0,0,0,0],[0,0,0,0,0],[0,0,0,0,0]],"effectBurn":[null,"0","0","0","0","0","0","0","0","0","0"],"vars":[],"costType":" de {{ abilityresourcename }}","maxammo":"-1","range":[25000,25000,25000,25000,25000],"rangeBurn":"25000","image":{"full":"OrnnW.png","sprite":"spell9.png","group":"spell","x":432,"y":144,"w":48,"h":48},"resource":"{{ cost }} de {{ abilityresourcename }}"},{"id":"OrnnE","name":"Embestida Abrasadora","description":"Ornn embiste, lo que inflige daño a los enemigos que atraviesa. Si Ornn colisiona con terreno mientras embiste, el impacto crea una onda expansiva a su alrededor que inflige daño y levanta a los enemigos.","tooltip":"Ornn embiste, lo que inflige <physicalDamage>{{ totaldamage }} de daño físico</physicalDamage>. Si Ornn se topa con terreno, genera una onda expansiva que <status>levanta</status> a los enemigos durante {{ knockupduration }} seg y aplica el mismo daño a los enemigos que no fueron alcanzados por la Embestida.<br /><br />La Embestida de Ornn destruye pilares de magma y terreno creado por enemigos.{{ spellmodifierdescriptionappend }}","leveltip":{"label":["Daño de Desplazamiento","Enfriamiento","Costo de @AbilityResourceName@"],"effect":["{{ basedamage }} -> {{ basedamageNL }}","{{ cooldown }} -> {{ cooldownNL }}","{{ cost }} -> {{ costNL }}"]},"maxrank":5,"cooldown":[16,15,14,13,12],"cooldownBurn":"16/15/14/13/12","cost":[35,40,45,50,55],"costBurn":"35/40/45/50/55","datavalues":{},"effect":[null,[0,0,0,0,0],[0,0,0,0,0],[0,0,0,0,0],[0,0,0,0,0],[0,0,0,0,0],[0,0,0,0,0],[0,0,0,0,0],[0,0,0,0,0],[0,0,0,0,0],[0,0,0,0,0]],"effectBurn":[null,"0","0","0","0","0","0","0","0","0","0"],"vars":[],"costType":" de {{ abilityresourcename }}","maxammo":"-1","range":[450,450,450,450,450],"rangeBurn":"450","image":{"full":"OrnnE.png","sprite":"spell10.png","group":"spell","x":0,"y":0,"w":48,"h":48},"resource":"{{ cost }} de {{ abilityresourcename }}"},{"id":"OrnnR","name":"Llamado del Dios de la Forja","description":"Ornn invoca un enorme elemental en una ubicación, el cual avanza hacia él a una velocidad que aumenta. Los enemigos atropellados por el elemental reciben daño, quedan ralentizados y se vuelven Frágiles. Ornn puede volver a lanzar la habilidad para embestir al elemental, lo que hará que cambie de dirección y avanzará hacia donde haya recibido el golpe. Esto causará que todos los enemigos que atropelle sean levantados, reciban el mismo daño y vuelvan a recibir el efecto de Fragilidad.","tooltip":"Ornn invoca un elemental de lava masivo, el cual causa una estampida hacia él, lo que inflige <magicDamage>{{ rdamagecalc }} de daño mágico</magicDamage>, aplica <keywordMajor>Fragilidad</keywordMajor> y <status>ralentiza</status> a los enemigos impactados en un {{ rslowpercentbasepremath }}% por {{ brittledurationtooltiponly }} seg.<br /><br />Ornn puede <recast>Relanzarlo</recast> para desplazarse con un cabezazo. Si se desplaza hacia el elemental, lo redirecciona y lo potencia, lo que hace que <status>lance por el aire</status> al primer campeón durante {{ rstunduration }} seg y a campeones subsecuentes durante {{ minstun }} seg. El elemental inflige además <magicDamage>{{ rdamagecalc }} de daño mágico</magicDamage> y vuelve a aplicar <keywordMajor>Fragilidad</keywordMajor>.{{ spellmodifierdescriptionappend }}","leveltip":{"label":["Daño","Ralentización","Enfriamiento"],"effect":["{{ rbasedamage }} -> {{ rbasedamageNL }}","{{ rslowpercentbasepremath }} -> {{ rslowpercentbasepremathNL }}","{{ cooldown }} -> {{ cooldownNL }}"]},"maxrank":3,"cooldown":[140,120,100],"cooldownBurn":"140/120/100","cost":[100,100,100],"costBurn":"100","datavalues":{},"effect":[null,[0,0,0],[0,0,0],[0,0,0],[0,0,0],[0,0,0],[0,0,0],[0,0,0],[0,0,0],[0,0,0],[0,0,0]],"effectBurn":[null,"0","0","0","0","0","0","0","0","0","0"],"vars":[],"costType":" de {{ abilityresourcename }}","maxammo":"-1","range":[2500,2500,2500],"rangeBurn":"2500","image":{"full":"OrnnR.png","sprite":"spell10.png","group":"spell","x":48,"y":0,"w":48,"h":48},"resource":"{{ cost }} de {{ abilityresourcename }}"}],"passive":{"name":"Forja Viviente","description":"Ornn obtiene armadura y resistencia mágica adicionales de todas las fuentes.<br><br>Ornn puede gastar oro para forjar objetos no consumibles en cualquier momento.<br><br>Además, puede crear objeto maestros para él y sus aliados.","image":{"full":"OrnnP.png","sprite":"passive3.png","group":"passive","x":240,"y":0,"w":48,"h":48}},"recommended":[]}}}