{"type":"champion","format":"standAloneComplex","version":"14.3.1","data":{"Pantheon":{"id":"Pantheon","key":"80","name":"Pantheon","title":"la Lanza Inquebrantable","image":{"full":"Pantheon.png","sprite":"champion3.png","group":"champion","x":288,"y":0,"w":48,"h":48},"skins":[{"id":"80000","num":0,"name":"default","chromas":false},{"id":"80001","num":1,"name":"Pantheon Mirmidón","chromas":false},{"id":"80002","num":2,"name":"Pantheon Indomable","chromas":false},{"id":"80003","num":3,"name":"Perseo Pantheon","chromas":false},{"id":"80004","num":4,"name":"Pantheon Metalizado","chromas":false},{"id":"80005","num":5,"name":"Pantheon Espada Guerrera","chromas":false},{"id":"80006","num":6,"name":"Pantheon Matadragones","chromas":true},{"id":"80007","num":7,"name":"Pantheon Matazombies","chromas":false},{"id":"80008","num":8,"name":"Pantheon Panadero","chromas":false},{"id":"80016","num":16,"name":"Pantheon Pulso de Fuego","chromas":true},{"id":"80025","num":25,"name":"Pantheon Arruinado","chromas":true},{"id":"80026","num":26,"name":"Pantheon Ascendido Prestigioso","chromas":false},{"id":"80036","num":36,"name":"Pantheon Conquistador de la Ceniza","chromas":true}],"lore":"Antaño un reticente huésped del Aspecto de la guerra, Atreus sobrevivió cuando el poder celestial en su interior fue asesinado, negándose a sucumbir ante un golpe que, de un desgarro, borró estrellas de los cielos. Con el tiempo, aprendió a aceptar el poder de su propia mortalidad, así como la terca resiliencia implícita en ella. Ahora, Atreus combate lo divino como el renacido Pantheon, con una voluntad implacable que alimenta las armas del aspecto caído en el campo de batalla.","blurb":"Antaño un reticente huésped del Aspecto de la guerra, Atreus sobrevivió cuando el poder celestial en su interior fue asesinado, negándose a sucumbir ante un golpe que, de un desgarro, borró estrellas de los cielos. Con el tiempo, aprendió a aceptar el...","allytips":["Voluntad del Mortal se activa tras 5 hechizos o ataques básicos. Ten esto en cuenta durante las peleas para activarla más de una vez.","Comienza tu ataque con Lanza Cometa antes de lanzarte sobre tu oponente.","Si un enemigo está por salir del alcance de Égida de Asalto, puedes volver a lanzar el hechizo para usar el golpe de escudo al instante."],"enemytips":["La Égida de Asalto de Pantheon lo vuelve invulnerable desde el frente. Colócate detrás de él o espera a que el efecto termine.","Ten cuidado si estás cerca de Pantheon mientras tienes poca vida, ya que Lanza Cometa elimina a los enemigos con poca vida cuando la arroja.","Gran Descarga Estelar da varios segundos de advertencia antes de la llegada de Pantheon. Aprovecha este tiempo para hacerte a un lado o formular una estrategia para enfrentarlo."],"tags":["Fighter","Assassin"],"partype":"Maná","info":{"attack":9,"defense":4,"magic":3,"difficulty":4},"stats":{"hp":650,"hpperlevel":109,"mp":317,"mpperlevel":31,"movespeed":345,"armor":40,"armorperlevel":4.95,"spellblock":28,"spellblockperlevel":2.05,"attackrange":175,"hpregen":6,"hpregenperlevel":0.65,"mpregen":7.35,"mpregenperlevel":0.45,"crit":0,"critperlevel":0,"attackdamage":64,"attackdamageperlevel":3.3,"attackspeedperlevel":2.95,"attackspeed":0.658},"spells":[{"id":"PantheonQ","name":"Lanza Cometa","description":"Pantheon golpea con su lanza o la arroja en la dirección indicada.","tooltip":"<span class=\"colorFF8C00\">Presionar:</span> Pantheon golpea con su lanza e inflige <physicalDamage>{{ tapdamagecalc }} de daño físico</physicalDamage> a los enemigos alcanzados. Restablece un {{ tapcooldownrefund*100 }}% del enfriamiento de esta habilidad.<br /><br /><span class=\"colorFF8C00\">Mantener presionado:</span> Pantheon arroja su lanza e inflige <physicalDamage>{{ holddamagecalc }} de daño físico</physicalDamage> al primer enemigo alcanzado y un {{ damagefalloff*100 }}% menos de daño a objetivos posteriores. <br /><br />Esta habilidad asesta golpes críticos a enemigos por debajo del {{ crithealththreshold*100 }}% de Vida e inflige <physicalDamage>{{ executedamagecalcmodified }} de daño físico</physicalDamage>.<br /><br /><span class=\"colorEDDA74\">Efecto adicional de Voluntad del Mortal:</span> Inflige <physicalDamage>{{ empowereddamagecalc }} de daño físico</physicalDamage> adicional.{{ spellmodifierdescriptionappend }}","leveltip":{"label":["Daño básico","Daño básico de ejecución","Enfriamiento"],"effect":["{{ tapdamage }} -> {{ tapdamageNL }}","{{ executebasedamage }} -> {{ executebasedamageNL }}","{{ cooldown }} -> {{ cooldownNL }}"]},"maxrank":5,"cooldown":[11,10.25,9.5,8.75,8],"cooldownBurn":"11/10.25/9.5/8.75/8","cost":[25,25,25,25,25],"costBurn":"25","datavalues":{},"effect":[null,[0,0,0,0,0],[0,0,0,0,0],[0,0,0,0,0],[0,0,0,0,0],[0,0,0,0,0],[0,0,0,0,0],[0,0,0,0,0],[0,0,0,0,0],[0,0,0,0,0],[0,0,0,0,0]],"effectBurn":[null,"0","0","0","0","0","0","0","0","0","0"],"vars":[],"costType":" de {{ abilityresourcename }}","maxammo":"-1","range":[575,575,575,575,575],"rangeBurn":"575","image":{"full":"PantheonQ.png","sprite":"spell10.png","group":"spell","x":96,"y":0,"w":48,"h":48},"resource":"{{ cost }} de {{ abilityresourcename }}"},{"id":"PantheonW","name":"Salto con escudo","description":"Pantheon se desplaza hacia un objetivo, le inflige daño y lo aturde.","tooltip":"Pantheon salta hacia un enemigo, lo <status>aturde</status> durante {{ stunduration }} seg y le inflige <physicalDamage>{{ damagecalc }} de daño físico</physicalDamage>.<br /><br /><keywordMajor>Efecto adicional de Voluntad del Mortal:</keywordMajor> El siguiente ataque de Pantheon golpea {{ empowerednumhits }} veces e inflige un total de <physicalDamage>{{ empowereddamagemultcalcmodified }} de daño físico</physicalDamage>.{{ spellmodifierdescriptionappend }}","leveltip":{"label":["Daño","Enfriamiento"],"effect":["{{ basedamage }} -> {{ basedamageNL }}","{{ cooldown }} -> {{ cooldownNL }}"]},"maxrank":5,"cooldown":[13,12,11,10,9],"cooldownBurn":"13/12/11/10/9","cost":[55,55,55,55,55],"costBurn":"55","datavalues":{},"effect":[null,[0,0,0,0,0],[0,0,0,0,0],[0,0,0,0,0],[0,0,0,0,0],[0,0,0,0,0],[0,0,0,0,0],[0,0,0,0,0],[0,0,0,0,0],[0,0,0,0,0],[0,0,0,0,0]],"effectBurn":[null,"0","0","0","0","0","0","0","0","0","0"],"vars":[],"costType":" de {{ abilityresourcename }}","maxammo":"-1","range":[600,600,600,600,600],"rangeBurn":"600","image":{"full":"PantheonW.png","sprite":"spell10.png","group":"spell","x":144,"y":0,"w":48,"h":48},"resource":"{{ cost }} de {{ abilityresourcename }}"},{"id":"PantheonE","name":"Égida de Asalto","description":"Pantheon prepara su escudo, se vuelve invulnerable al daño frontal y ataca de forma repetida con su lanza.","tooltip":"Pantheon prepara su escudo y ataca a los enemigos en la dirección indicada durante {{ shieldduration }} seg, se vuelve inmune al daño de unidades que no sean torres que proviene de esa dirección e inflige <physicalDamage>{{ damagecalc }} de daño físico</physicalDamage> a lo largo de la duración. Tras canalizar, Pantheon ataca con su escudo para infligir <physicalDamage>{{ shielddamagecalc }} de daño físico</physicalDamage>.<br /><br /><span class=\"colorEDDA74\">Efecto adicional de Voluntad del Mortal:</span> Cuando Pantheon ataca con su escudo, obtiene un <speed>{{ speedamount*100 }}% de Velocidad de Movimiento</speed> durante {{ speedduration }} seg. <br />{{ spellmodifierdescriptionappend }}","leveltip":{"label":["Enfriamiento","Daño de golpe de escudo"],"effect":["{{ cooldown }} -> {{ cooldownNL }}","{{ shieldbasedamage }} -> {{ shieldbasedamageNL }}"]},"maxrank":5,"cooldown":[22,21,20,19,18],"cooldownBurn":"22/21/20/19/18","cost":[80,80,80,80,80],"costBurn":"80","datavalues":{},"effect":[null,[0,0,0,0,0],[0,0,0,0,0],[0,0,0,0,0],[0,0,0,0,0],[0,0,0,0,0],[0,0,0,0,0],[0,0,0,0,0],[0,0,0,0,0],[0,0,0,0,0],[0,0,0,0,0]],"effectBurn":[null,"0","0","0","0","0","0","0","0","0","0"],"vars":[],"costType":" de {{ abilityresourcename }}","maxammo":"-1","range":[400,400,400,400,400],"rangeBurn":"400","image":{"full":"PantheonE.png","sprite":"spell10.png","group":"spell","x":192,"y":0,"w":48,"h":48},"resource":"{{ cost }} de {{ abilityresourcename }}"},{"id":"PantheonR","name":"Gran Descarga Estelar","description":"Pantheon se prepara y luego salta por el aire para aterrizar en la ubicación indicada como un cometa.","tooltip":"<spellPassive>Pasiva:</spellPassive> Pantheon obtiene un {{ armorpenetration*100 }}% de Penetración de Armadura.<br /><br /><spellActive>Activa:</spellActive> Pantheon reúne sus fuerzas y luego salta por el aire. Arroja su lanza desde arriba para infligir <physicalDamage>{{ spell.pantheonq:tapdamagecalc }} de daño físico</physicalDamage> y <status>ralentizar</status> un {{ spearslow*100 }}% a todos en un área pequeña por {{ spearslowduration }} seg. <br /><br />Luego, Pantheon impacta como un meteorito en la zona indicada. Inflige hasta <magicDamage>{{ damagecalc }} de daño mágico</magicDamage> a los enemigos en una línea (disminuye hasta un {{ edgedamagereduction*100 }}% en los límites del área).<br /><br />Esta habilidad prepara <span class=\"colorEDDA74\">Voluntad del Mortal</span> inmediatamente.{{ spellmodifierdescriptionappend }}","leveltip":{"label":["Daño","Enfriamiento","Penetración de armadura"],"effect":["{{ basedamage }} -> {{ basedamageNL }}","{{ cooldown }} -> {{ cooldownNL }}","{{ armorpenetration*100.000000 }}% -> {{ armorpenetrationnl*100.000000 }}%"]},"maxrank":3,"cooldown":[180,165,150],"cooldownBurn":"180/165/150","cost":[100,100,100],"costBurn":"100","datavalues":{},"effect":[null,[0,0,0],[0,0,0],[0,0,0],[0,0,0],[0,0,0],[0,0,0],[0,0,0],[0,0,0],[0,0,0],[0,0,0]],"effectBurn":[null,"0","0","0","0","0","0","0","0","0","0"],"vars":[],"costType":" de {{ abilityresourcename }}","maxammo":"-1","range":[5500,5500,5500],"rangeBurn":"5500","image":{"full":"PantheonR.png","sprite":"spell10.png","group":"spell","x":240,"y":0,"w":48,"h":48},"resource":"{{ cost }} de {{ abilityresourcename }}"}],"passive":{"name":"Voluntad del Mortal","description":"Después de varios hechizos o ataques, el siguiente hechizo de Pantheon quedará potenciado.","image":{"full":"Pantheon_Passive.png","sprite":"passive3.png","group":"passive","x":288,"y":0,"w":48,"h":48}},"recommended":[]}}}