{"type":"champion","format":"standAloneComplex","version":"14.3.1","data":{"Poppy":{"id":"Poppy","key":"78","name":"Poppy","title":"la Guardiana del Martillo","image":{"full":"Poppy.png","sprite":"champion3.png","group":"champion","x":336,"y":0,"w":48,"h":48},"skins":[{"id":"78000","num":0,"name":"default","chromas":false},{"id":"78001","num":1,"name":"Poppy de Noxus","chromas":false},{"id":"78002","num":2,"name":"Poppypaleta","chromas":false},{"id":"78003","num":3,"name":"Poppy Herrera","chromas":false},{"id":"78004","num":4,"name":"Poppy Muñeca de Trapo","chromas":false},{"id":"78005","num":5,"name":"Poppy Armadura Reluciente","chromas":true},{"id":"78006","num":6,"name":"Poppy Martillo Escarlata","chromas":false},{"id":"78007","num":7,"name":"Poppy Guardiana Estelar","chromas":false},{"id":"78014","num":14,"name":"Poppy Reno Bebé","chromas":false},{"id":"78015","num":15,"name":"Poppy Hextech","chromas":false},{"id":"78016","num":16,"name":"AstroPoppy","chromas":true},{"id":"78024","num":24,"name":"Poppy Embrujada","chromas":true},{"id":"78033","num":33,"name":"Poppy Monerías de Café","chromas":true}],"lore":"A Runaterra no le hacen falta campeones valientes, pero pocos son tan tenaces como Poppy. Como portadora del legendario martillo de Orlon, un arma que la supera al doble de tamaño, esta determinada yordle ha pasado años en búsqueda del aclamado ''Héroe de Demacia'', quien se dice es su legítimo dueño. Hasta entonces, ella se dirige con diligencia hacia la batalla y repele a los enemigos del reino con cada impacto giratorio.","blurb":"A Runaterra no le hacen falta campeones valientes, pero pocos son tan tenaces como Poppy. Como portadora del legendario martillo de Orlon, un arma que la supera al doble de tamaño, esta determinada yordle ha pasado años en búsqueda del aclamado ''Héroe...","allytips":["La Embajadora de Hierro tiende a caer cerca de muros. Intenta aprovecharte de esto con Carga Heroica.","Se puede usar el Veredicto de la Guardiana inmediatamente para lanzar a los enemigos por el aire. Aprovéchate de esto en los duelos."],"enemytips":["Poppy puede detener el desplazamiento de enemigos cercanos con Entereza Inalterable.","Cuando Poppy empieza a agitar su martillo, carga su Veredicto de la Guardiana.","Pueden pisar el escudo de Poppy para evitar que lo logre."],"tags":["Tank","Fighter"],"partype":"Maná","info":{"attack":6,"defense":7,"magic":2,"difficulty":6},"stats":{"hp":610,"hpperlevel":104,"mp":280,"mpperlevel":40,"movespeed":345,"armor":38,"armorperlevel":4.7,"spellblock":32,"spellblockperlevel":2.05,"attackrange":125,"hpregen":8,"hpregenperlevel":0.8,"mpregen":7,"mpregenperlevel":0.7,"crit":0,"critperlevel":0,"attackdamage":64,"attackdamageperlevel":4,"attackspeedperlevel":2.5,"attackspeed":0.625},"spells":[{"id":"PoppyQ","name":"Impacto de Martillo","description":"Poppy agita su martillo, lo que inflige daño y crea un área que ralentiza a los enemigos y estalla luego de un rato.","tooltip":"Poppy golpea el piso, inflige <physicalDamage>{{ basedamage }}</physicalDamage> más un <physicalDamage>{{ e5 }}% de la Vida Máxima como daño físico</physicalDamage> y hace que el piso quede inestable. <br /><br />El área de piso inestable <status>ralentiza</status> a los enemigos en un {{ e3 }}% y erupciona después de {{ e4 }} seg para infligir <physicalDamage>{{ basedamage }}</physicalDamage> más un <physicalDamage>{{ e5 }}% de la Vida Máxima como daño físico</physicalDamage> una vez más.{{ spellmodifierdescriptionappend }}","leveltip":{"label":["Daño","Ralentización","Enfriamiento","Costo de @AbilityResourceName@","Límite de monstruos"],"effect":["{{ e1 }} -> {{ e1NL }}","{{ e3 }}% -> {{ e3NL }}%","{{ cooldown }} -> {{ cooldownNL }}","{{ cost }} -> {{ costNL }}","{{ e6 }} -> {{ e6NL }}"]},"maxrank":5,"cooldown":[8,7,6,5,4],"cooldownBurn":"8/7/6/5/4","cost":[35,40,45,50,55],"costBurn":"35/40/45/50/55","datavalues":{},"effect":[null,[40,60,80,100,120],[0.5,0.5,0.5,0.5,0.5],[20,25,30,35,40],[1,1,1,1,1],[9,9,9,9,9],[30,60,90,120,150],[100,100,100,100,100],[0,0,0,0,0],[0,0,0,0,0],[0,0,0,0,0]],"effectBurn":[null,"40/60/80/100/120","0.5","20/25/30/35/40","1","9","30/60/90/120/150","100","0","0","0"],"vars":[],"costType":" de {{ abilityresourcename }}","maxammo":"-1","range":[430,430,430,430,430],"rangeBurn":"430","image":{"full":"PoppyQ.png","sprite":"spell10.png","group":"spell","x":288,"y":0,"w":48,"h":48},"resource":"{{ cost }} de {{ abilityresourcename }}"},{"id":"PoppyW","name":"Presencia Inalterable","description":"Poppy obtiene resistencia mágica y armadura de forma pasiva. Este efecto aumenta cuando tiene poca vida. Poppy puede activar Presencia Inalterable para obtener velocidad de movimiento y detener los desplazamientos de enemigos alrededor de ella. Si detiene un desplazamiento, el enemigo quedará ralentizado y anclado.","tooltip":"<spellPassive>Pasiva:</spellPassive> Poppy obtiene <scaleArmor>{{ bonusarmor }} de Armadura</scaleArmor> y <scaleMR>{{ bonusmr }} de Resistencia Mágica</scaleMR>. Este efecto adicional se duplica si Poppy se encuentra por debajo del {{ passiveempoweredhealthpercent*100 }}% de Vida.<br /><br /><spellActive>Activa:</spellActive> Poppy obtiene un <speed>{{ e2 }}% de Velocidad de Movimiento</speed> y proyecta un campo a su alrededor durante {{ e1 }} seg que detiene el desplazamiento de los enemigos. Los enemigos que el campo detenga quedarán <status>anclados</status> y <status>ralentizados</status> un {{ slowamount*-100 }}% durante {{ groundingduration }} seg y recibirán <magicDamage>{{ interruptdamage }} de daño mágico</magicDamage>.{{ spellmodifierdescriptionappend }}","leveltip":{"label":["Enfriamiento","Daño"],"effect":["{{ cooldown }} -> {{ cooldownNL }}","{{ e5 }} -> {{ e5NL }}"]},"maxrank":5,"cooldown":[20,18,16,14,12],"cooldownBurn":"20/18/16/14/12","cost":[50,50,50,50,50],"costBurn":"50","datavalues":{},"effect":[null,[2,2,2,2,2],[40,40,40,40,40],[10,10,10,10,10],[0.5,0.5,0.5,0.5,0.5],[70,110,150,190,230],[0,0,0,0,0],[0,0,0,0,0],[0,0,0,0,0],[0,0,0,0,0],[0,0,0,0,0]],"effectBurn":[null,"2","40","10","0.5","70/110/150/190/230","0","0","0","0","0"],"vars":[],"costType":" de {{ abilityresourcename }}","maxammo":"-1","range":[400,400,400,400,400],"rangeBurn":"400","image":{"full":"PoppyW.png","sprite":"spell10.png","group":"spell","x":336,"y":0,"w":48,"h":48},"resource":"{{ cost }} de {{ abilityresourcename }}"},{"id":"PoppyE","name":"Carga Heroica","description":"Poppy se desplaza hacia el objetivo y lo empuja. Si el objetivo choca con un muro, queda aturdido.","tooltip":"Poppy se abalanza sobre un enemigo, le inflige <physicalDamage>{{ tackledamage }} de daño físico</physicalDamage> y lo empuja hacia delante. Si Poppy lo empuja hacia un área de terreno, el enemigo queda <status>aturdido</status> durante {{ e3 }} seg y recibirá <physicalDamage>{{ tackledamage }} de daño físico</physicalDamage> adicional.{{ spellmodifierdescriptionappend }}","leveltip":{"label":["Daño inicial","Daño del Muro","Duración de aturdimiento","Enfriamiento"],"effect":["{{ e1 }} -> {{ e1NL }}","{{ e2 }} -> {{ e2NL }}","{{ e3 }} -> {{ e3NL }}","{{ cooldown }} -> {{ cooldownNL }}"]},"maxrank":5,"cooldown":[14,13,12,11,10],"cooldownBurn":"14/13/12/11/10","cost":[70,70,70,70,70],"costBurn":"70","datavalues":{},"effect":[null,[60,80,100,120,140],[60,80,100,120,140],[1.6,1.7,1.8,1.9,2],[1800,1800,1800,1800,1800],[400,400,400,400,400],[0,0,0,0,0],[0,0,0,0,0],[0,0,0,0,0],[0,0,0,0,0],[0,0,0,0,0]],"effectBurn":[null,"60/80/100/120/140","60/80/100/120/140","1.6/1.7/1.8/1.9/2","1800","400","0","0","0","0","0"],"vars":[],"costType":" de {{ abilityresourcename }}","maxammo":"-1","range":[475,475,475,475,475],"rangeBurn":"475","image":{"full":"PoppyE.png","sprite":"spell10.png","group":"spell","x":384,"y":0,"w":48,"h":48},"resource":"{{ cost }} de {{ abilityresourcename }}"},{"id":"PoppyR","name":"Veredicto de la Guardiana","description":"Poppy canaliza un golpe con martillo lanzando muy lejos a los enemigos.","tooltip":"<charge>Inicio del lanzamiento:</charge> Poppy comienza a cargar su martillo durante un máx. de {{ channelmaxduration }} seg, lo que la <status>ralentiza</status> en un {{ selfslow }}%.<br /><br /><release>Liberar el golpe:</release> Poppy golpea el piso y crea una onda de choque que inflige <physicalDamage>{{ damage }} de daño físico</physicalDamage> al primer campeón alcanzado y a los enemigos que lo rodean, los <status>lanza</status> hacia <status>atrás</status> en dirección de su nexo y los vuelve inalcanzables mientras estén en el aire. El alcance y la distancia al <status>lanzarlos hacia atrás</status> aumenta con la duración de la carga.<br /><br />Un golpe sin cargar inflige <physicalDamage>{{ halfdamage }} de daño físico</physicalDamage> y <status>lanza por el aire</status> a los enemigos durante {{ knockupdurationsnap }} seg.{{ spellmodifierdescriptionappend }}","leveltip":{"label":["Daño","Enfriamiento"],"effect":["{{ basedamage }} -> {{ basedamageNL }}","{{ cooldown }} -> {{ cooldownNL }}"]},"maxrank":3,"cooldown":[140,120,100],"cooldownBurn":"140/120/100","cost":[100,100,100],"costBurn":"100","datavalues":{},"effect":[null,[0,0,0],[0,0,0],[0,0,0],[0,0,0],[0,0,0],[0,0,0],[0,0,0],[0,0,0],[0,0,0],[0,0,0]],"effectBurn":[null,"0","0","0","0","0","0","0","0","0","0"],"vars":[],"costType":" de {{ abilityresourcename }}","maxammo":"-1","range":[500,500,500],"rangeBurn":"500","image":{"full":"PoppyR.png","sprite":"spell10.png","group":"spell","x":432,"y":0,"w":48,"h":48},"resource":"{{ cost }} de {{ abilityresourcename }}"}],"passive":{"name":"Embajadora de Hierro","description":"Poppy arroja su escudo, que rebota contra el objetivo. Lo puede recoger para obtener un escudo temporal.","image":{"full":"Poppy_Passive.png","sprite":"passive3.png","group":"passive","x":336,"y":0,"w":48,"h":48}},"recommended":[]}}}