{"type":"champion","format":"standAloneComplex","version":"14.3.1","data":{"Pyke":{"id":"Pyke","key":"555","name":"Pyke","title":"el Destripador del Muelle Rojo","image":{"full":"Pyke.png","sprite":"champion3.png","group":"champion","x":384,"y":0,"w":48,"h":48},"skins":[{"id":"555000","num":0,"name":"default","chromas":false},{"id":"555001","num":1,"name":"Pyke Espectro de las Arenas","chromas":true},{"id":"555009","num":9,"name":"Pyke Luna de Sangre","chromas":true},{"id":"555016","num":16,"name":"PROYECTO: Pyke","chromas":true},{"id":"555025","num":25,"name":"Pyke PsyOps","chromas":true},{"id":"555034","num":34,"name":"Pyke Centinela","chromas":true},{"id":"555044","num":44,"name":"Pyke Caballero de la Ceniza","chromas":true},{"id":"555045","num":45,"name":"Pyke Empíreo","chromas":true},{"id":"555053","num":53,"name":"Pyke Peleador Álmico","chromas":true},{"id":"555054","num":54,"name":"Pyke Peleador Álmico Prestigioso","chromas":false}],"lore":"Un reconocido arponero de los Muelles del Matadero de Aguasturbias, Pyke debió encontrarse con su fin en el estómago de un enorme leviatán... pero logró regresar. Ahora acecha los húmedos callejones y rincones de su anterior ciudad y usa sus nuevos dones sobrenaturales para dar fin a las vidas de quienes explotan a otros por dinero de manera rápida y violenta. Y así, una ciudad que era reconocida por cazar monstruos ahora está al acecho de uno.","blurb":"Un reconocido arponero de los Muelles del Matadero de Aguasturbias, Pyke debió encontrarse con su fin en el estómago de un enorme leviatán... pero logró regresar. Ahora acecha los húmedos callejones y rincones de su anterior ciudad y usa sus nuevos...","allytips":["Pyke es muy frágil, así que no temas huir de una pelea temporalmente. Puedes regenerar una cantidad importante de vida con Don de los Ahogados cuando los enemigos no pueden verte.","Alcanzar a un enemigo con la versión sostenida de Mondahuesos siempre lo jalará la misma distancia. Úsalo en un rango cuerpo a cuerpo para lanzar a tus objetivos detrás tuyo.","La versión corta de Mondahuesos es mucho más rápida e inflige daño adicional.","Muchos de tus hechizos agresivos también son tu ruta de escape. Asegúrate de siempre tener un plan para escapar de la pelea."],"enemytips":["Pyke regenera una cantidad importante del daño que ha recibido de campeones enemigos, ¡pero solo cuando no puedes verlo!","Cuando Pyke esté oculto cerca en sus Aguas Espectrales, verás tiburones rodeándote bajo tus pies.","Trata de no colocarte cerca de aliados con poca vida. Si Pyke los ejecuta con De lo Profundo, puede que seas el próximo en la lista."],"tags":["Support","Assassin"],"partype":"Maná","info":{"attack":9,"defense":3,"magic":1,"difficulty":7},"stats":{"hp":670,"hpperlevel":110,"mp":415,"mpperlevel":50,"movespeed":330,"armor":47,"armorperlevel":4.7,"spellblock":32,"spellblockperlevel":2.05,"attackrange":150,"hpregen":7,"hpregenperlevel":0.5,"mpregen":8,"mpregenperlevel":1,"crit":0,"critperlevel":0,"attackdamage":62,"attackdamageperlevel":2,"attackspeedperlevel":2.5,"attackspeed":0.667},"spells":[{"id":"PykeQ","name":"Mondahuesos","description":"Pyke apuñala a un enemigo frente a él o jala a un enemigo hacia él.","tooltip":"<tap>Toque:</tap> Pyke apuñala, lo que inflige <physicalDamage>{{ totaldamage }} de daño físico</physicalDamage> al primer enemigo alcanzado. Prioriza a campeones. Luego queda <status>Ralentizado</status> en un {{ slowamount*100 }}% por {{ slowduration }} seg.<br /><br /><hold>Mantén: </hold>Pyke arroja su arpón, lo que inflige <physicalDamage>{{ totaldamage }} de daño físico</physicalDamage> al primer enemigo impactado y lo <status>arrastra</status> hacia él. Luego queda <status>Ralentizado</status> en un {{ slowamount*100 }}% por {{ slowduration }} seg.<br /><br />Si Pyke impacta a un campeón enemigo o no se completa la canalización con éxito, se reembolsa un {{ manarefund*100 }}% del costo de Maná.{{ spellmodifierdescriptionappend }}","leveltip":{"label":["Daño","Enfriamiento","Costo de @AbilityResourceName@"],"effect":["{{ basedamage }} -> {{ basedamageNL }}","{{ cooldown }} -> {{ cooldownNL }}","{{ cost }} -> {{ costNL }}"]},"maxrank":5,"cooldown":[10,9.5,9,8.5,8],"cooldownBurn":"10/9.5/9/8.5/8","cost":[70,75,80,85,90],"costBurn":"70/75/80/85/90","datavalues":{},"effect":[null,[0,0,0,0,0],[0,0,0,0,0],[0,0,0,0,0],[0,0,0,0,0],[0,0,0,0,0],[0,0,0,0,0],[0,0,0,0,0],[0,0,0,0,0],[0,0,0,0,0],[0,0,0,0,0]],"effectBurn":[null,"0","0","0","0","0","0","0","0","0","0"],"vars":[],"costType":" de {{ abilityresourcename }}","maxammo":"-1","range":[400,400,400,400,400],"rangeBurn":"400","image":{"full":"PykeQ.png","sprite":"spell10.png","group":"spell","x":0,"y":48,"w":48,"h":48},"resource":"{{ cost }} de {{ abilityresourcename }}"},{"id":"PykeW","name":"Aguas Espectrales","description":"Pyke entra en Camuflaje y obtiene mucha velocidad de movimiento que decae con el tiempo.","tooltip":"Pyke obtiene <keywordStealth>camuflaje</keywordStealth> y un <speed>{{ movespeed }}% de Velocidad de Movimiento</speed> que decae a lo largo de {{ e0 }} seg.{{ spellmodifierdescriptionappend }}","leveltip":{"label":["Enfriamiento"],"effect":["{{ cooldown }} -> {{ cooldownNL }}"]},"maxrank":5,"cooldown":[12,11,10,9,8],"cooldownBurn":"12/11/10/9/8","cost":[50,50,50,50,50],"costBurn":"50","datavalues":{},"effect":[null,[45,45,45,45,45],[0,0,0,0,0],[0.3,0.3,0.3,0.3,0.3],[0.03,0.03,0.03,0.03,0.03],[80,80,80,80,80],[0.55,0.55,0.55,0.55,0.55],[8,8,8,8,8],[0.01,0.01,0.01,0.01,0.01],[1.15,1.15,1.15,1.15,1.15],[5,5,5,5,5]],"effectBurn":[null,"45","0","0.3","0.03","80","0.55","8","0.01","1.15","5"],"vars":[],"costType":" de {{ abilityresourcename }}","maxammo":"-1","range":[600,600,600,600,600],"rangeBurn":"600","image":{"full":"PykeW.png","sprite":"spell10.png","group":"spell","x":48,"y":48,"w":48,"h":48},"resource":"{{ cost }} de {{ abilityresourcename }}"},{"id":"PykeE","name":"Corriente Fantasma","description":"Pyke se desplaza y deja atrás a un fantasma que regresará a él, lo que aturde a los campeones enemigos a su paso.","tooltip":"Pyke se desplaza y deja atrás al fantasma de un ahogado que regresa a él tras un breve periodo. El fantasma <status>aturde</status> durante {{ stunduration }} seg e inflige <physicalDamage>{{ totaldamage }} de daño físico</physicalDamage> a campeones.{{ spellmodifierdescriptionappend }}","leveltip":{"label":["Daño","Enfriamiento"],"effect":["{{ e1 }} -> {{ e1NL }}","{{ cooldown }} -> {{ cooldownNL }}"]},"maxrank":5,"cooldown":[15,14,13,12,11],"cooldownBurn":"15/14/13/12/11","cost":[40,40,40,40,40],"costBurn":"40","datavalues":{},"effect":[null,[100,150,200,250,300],[1.25,1.25,1.25,1.25,1.25],[550,550,550,550,550],[1,1,1,1,1],[0,0,0,0,0],[0,0,0,0,0],[0,0,0,0,0],[0,0,0,0,0],[0,0,0,0,0],[0,0,0,0,0]],"effectBurn":[null,"100/150/200/250/300","1.25","550","1","0","0","0","0","0","0"],"vars":[],"costType":" de {{ abilityresourcename }}","maxammo":"-1","range":[550,550,550,550,550],"rangeBurn":"550","image":{"full":"PykeE.png","sprite":"spell10.png","group":"spell","x":96,"y":48,"w":48,"h":48},"resource":"{{ cost }} de {{ abilityresourcename }}"},{"id":"PykeR","name":"De lo profundo","description":"Pyke se teletransporta y ejecuta a enemigos con poca vida, lo que le permite lanzar este hechizo otra vez y le otorga oro adicional al aliado que lo asista.","tooltip":"Pyke golpea a todos los campeones enemigos en una X, se teletransporta y <danger>ejecuta</danger> a los objetivos por debajo de <scaleAD>{{ rdamage }}</scaleAD> de Vida. Los campeones por encima del umbral y las unidades que no sean campeones reciben daño físico igual a un {{ reduceddamage*100 }}% de esa cantidad (<physicalDamage>{{ reduceddamagefinal }}</physicalDamage>). <br /><br />Cuando un campeón enemigo muere dentro de la X, Pyke puede <recast>lanzar de nuevo</recast> esta habilidad sin costo a los {{ rrecastduration }} seg. Si ejecutó a ese campeón, el último aliado que lo haya asistido también recibirá oro de asesinato. En caso contrario, aún así obtendrá oro de asesinato como si lo hubiera hecho.<br />{{ spellmodifierdescriptionappend }}","leveltip":{"label":["Enfriamiento"],"effect":["{{ cooldown }} -> {{ cooldownNL }}"]},"maxrank":3,"cooldown":[100,85,70],"cooldownBurn":"100/85/70","cost":[100,100,100],"costBurn":"100","datavalues":{},"effect":[null,[0,0,0],[0,0,0],[0,0,0],[0,0,0],[0,0,0],[0,0,0],[0,0,0],[0,0,0],[0,0,0],[0,0,0]],"effectBurn":[null,"0","0","0","0","0","0","0","0","0","0"],"vars":[],"costType":" de {{ abilityresourcename }}","maxammo":"-1","range":[750,750,750],"rangeBurn":"750","image":{"full":"PykeR.png","sprite":"spell10.png","group":"spell","x":144,"y":48,"w":48,"h":48},"resource":"{{ cost }} de {{ abilityresourcename }}"}],"passive":{"name":"Don de los Ahogados","description":"Cuando Pyke se oculta de enemigos, regenera el daño que ha recibido recientemente de otros campeones. Pyke tampoco puede obtener vida máxima adicional, y, en vez de eso, obtiene DA adicional.","image":{"full":"PykePassive.png","sprite":"passive3.png","group":"passive","x":384,"y":0,"w":48,"h":48}},"recommended":[]}}}