{"type":"champion","format":"standAloneComplex","version":"14.3.1","data":{"Qiyana":{"id":"Qiyana","key":"246","name":"Qiyana","title":"La Emperatriz de los Elementos","image":{"full":"Qiyana.png","sprite":"champion3.png","group":"champion","x":432,"y":0,"w":48,"h":48},"skins":[{"id":"246000","num":0,"name":"default","chromas":false},{"id":"246001","num":1,"name":"Qiyana Subjefe","chromas":true},{"id":"246002","num":2,"name":"Qiyana True Damage","chromas":false},{"id":"246010","num":10,"name":"Qiyana True Damage Prestigiosa","chromas":false},{"id":"246011","num":11,"name":"Qiyana Reina Guerrera","chromas":true},{"id":"246020","num":20,"name":"Qiyana Filo Relámpago","chromas":true},{"id":"246021","num":21,"name":"Qiyana True Damage Prestigiosa (2022)","chromas":false},{"id":"246030","num":30,"name":"Qiyana Emperatriz Lunar","chromas":true},{"id":"246040","num":40,"name":"Qiyana La Ilusión","chromas":true}],"lore":"En la ciudad selvática de Ixaocan, Qiyana trama su despiadado camino hacia el trono de Yun Tal. Última en la línea de sucesión familiar, se enfrenta a quienes se interpongan en su camino con descarada confianza y un dominio nunca antes visto de la magia elemental. Mientras la propia tierra obedece cada orden suya, Qiyana se ve a sí misma como la mejor elementalista de la historia de Ixaocan y, adjudicándose ese derecho, cree no solo merecer una ciudad, sino todo un imperio.","blurb":"En la ciudad selvática de Ixaocan, Qiyana trama su despiadado camino hacia el trono de Yun Tal. Última en la línea de sucesión familiar, se enfrenta a quienes se interpongan en su camino con descarada confianza y un dominio nunca antes visto de la magia...","allytips":[],"enemytips":[],"tags":["Assassin","Fighter"],"partype":"Maná","info":{"attack":0,"defense":2,"magic":4,"difficulty":8},"stats":{"hp":590,"hpperlevel":124,"mp":375,"mpperlevel":60,"movespeed":335,"armor":28,"armorperlevel":4.7,"spellblock":32,"spellblockperlevel":2.05,"attackrange":150,"hpregen":6,"hpregenperlevel":0.9,"mpregen":8,"mpregenperlevel":0.7,"crit":0,"critperlevel":0,"attackdamage":66,"attackdamageperlevel":3.1,"attackspeedperlevel":2.1,"attackspeed":0.688},"spells":[{"id":"QiyanaQ","name":"Furia Elemental / Filo de Ixtal","description":"Qiyana hace un corte con su arma e inflige daño con un efecto adicional según su elemento.","tooltip":"Si Qiyana no tiene un <keywordMajor>encantamiento</keywordMajor>, hará un corte que inflige <physicalDamage>{{ vanilladamage }} de daño físico</physicalDamage> a los enemigos en un área pequeña. Si tiene un encantamiento, esta habilidad obtiene alcance adicional y un efecto adicional basado en el tipo de <keywordMajor>encantamiento</keywordMajor>.<li><keywordMajor>Encantamiento de hielo</keywordMajor>: <status>Inmoviliza</status> brevemente, luego <status>ralentiza</status> un {{ slowpotency*-100 }}% durante {{ slowduration }} seg.<li><keywordMajor>Encantamiento de roca</keywordMajor>: Inflige <physicalDamage>{{ tremordamage }} de daño físico</physicalDamage> adicional a unidades por debajo del {{ critthreshold*100 }}% de Vida.<li><keywordMajor>Encantamiento salvaje</keywordMajor>: Deja un rastro que vuelve a Qiyana <keywordStealth>invisible</keywordStealth> y otorga un <speed>{{ haste*100 }}% de Velocidad de Movimiento</speed>.<br />{{ spellmodifierdescriptionappend }}","leveltip":{"label":["Daño"],"effect":["{{ vanillabase }} -> {{ vanillabaseNL }}"]},"maxrank":5,"cooldown":[7,7,7,7,7],"cooldownBurn":"7","cost":[35,35,35,35,35],"costBurn":"35","datavalues":{},"effect":[null,[0,0,0,0,0],[0,0,0,0,0],[0,0,0,0,0],[0,0,0,0,0],[0,0,0,0,0],[0,0,0,0,0],[0,0,0,0,0],[0,0,0,0,0],[0,0,0,0,0],[0,0,0,0,0]],"effectBurn":[null,"0","0","0","0","0","0","0","0","0","0"],"vars":[],"costType":" de {{ abilityresourcename }}","maxammo":"0","range":[525,525,525,525,525],"rangeBurn":"525","image":{"full":"QiyanaQ.png","sprite":"spell10.png","group":"spell","x":192,"y":48,"w":48,"h":48},"resource":"{{ cost }} de {{ abilityresourcename }}"},{"id":"QiyanaW","name":"Terraformación","description":"Qiyana se desplaza hacia una ubicación y encanta su arma con un elemento. Sus ataques y habilidades infligen daño adicional mientras su arma está encantada. ","tooltip":"<spellPassive>Pasiva:</spellPassive> Mientras el arma de Qiyana esté <keywordMajor>encantada</keywordMajor>, obtiene un <attackSpeed>{{ attackspeed*100 }}% de Velocidad de Ataque</attackSpeed> y sus ataques infligen <magicDamage>{{ onhitdamage }} de daño mágico</magicDamage> adicional. Además, obtiene un <speed>{{ passivems*100 }}% de Velocidad de Movimiento</speed> al estar fuera de combate y cerca del tipo de terreno que corresponda.<br /><br /><spellActive>Activa:</spellActive> Qiyana se desplaza hacia la maleza, terreno o río enemigos y <keywordMajor>encanta</keywordMajor> su arma con ese tipo de terreno. Esto restaura el enfriamiento de <spellName>Furia Elemental / Filo de Ixtal</spellName>.{{ spellmodifierdescriptionappend }}","leveltip":{"label":["Daño al impacto","Velocidad de movimiento","Velocidad de ataque adicional","Costo de @AbilityResourceName@"],"effect":["{{ basedamage }} -> {{ basedamageNL }}","{{ passivems*100.000000 }}% -> {{ passivemsnl*100.000000 }}%","{{ attackspeed*100.000000 }}% -> {{ attackspeednl*100.000000 }}%","{{ cost }} -> {{ costNL }}"]},"maxrank":5,"cooldown":[7,7,7,7,7],"cooldownBurn":"7","cost":[25,30,35,40,45],"costBurn":"25/30/35/40/45","datavalues":{},"effect":[null,[0,0,0,0,0],[0,0,0,0,0],[0,0,0,0,0],[0,0,0,0,0],[0,0,0,0,0],[0,0,0,0,0],[0,0,0,0,0],[0,0,0,0,0],[0,0,0,0,0],[0,0,0,0,0]],"effectBurn":[null,"0","0","0","0","0","0","0","0","0","0"],"vars":[],"costType":" de {{ abilityresourcename }}","maxammo":"0","range":[1100,1100,1100,1100,1100],"rangeBurn":"1100","image":{"full":"QiyanaW.png","sprite":"spell10.png","group":"spell","x":240,"y":48,"w":48,"h":48},"resource":"{{ cost }} de {{ abilityresourcename }}"},{"id":"QiyanaE","name":"Osadía","description":"Qiyana se desplaza hacia un enemigo y le inflige daño.","tooltip":"Qiyana se desplaza a través de un enemigo y le inflige <physicalDamage>{{ damage }} de daño físico</physicalDamage>.{{ spellmodifierdescriptionappend }}","leveltip":{"label":["Daño básico","Enfriamiento","Costo de maná"],"effect":["{{ basedamage }} -> {{ basedamageNL }}","{{ cooldown }} -> {{ cooldownNL }}","{{ basecost }} -> {{ basecostNL }}"]},"maxrank":5,"cooldown":[11,10,9,8,7],"cooldownBurn":"11/10/9/8/7","cost":[40,45,50,55,60],"costBurn":"40/45/50/55/60","datavalues":{},"effect":[null,[0,0,0,0,0],[0,0,0,0,0],[0,0,0,0,0],[0,0,0,0,0],[0,0,0,0,0],[0,0,0,0,0],[0,0,0,0,0],[0,0,0,0,0],[0,0,0,0,0],[0,0,0,0,0]],"effectBurn":[null,"0","0","0","0","0","0","0","0","0","0"],"vars":[],"costType":" de {{ abilityresourcename }}","maxammo":"0","range":[650,650,650,650,650],"rangeBurn":"650","image":{"full":"QiyanaE.png","sprite":"spell10.png","group":"spell","x":288,"y":48,"w":48,"h":48},"resource":"{{ cost }} de {{ abilityresourcename }}"},{"id":"QiyanaR","name":"Talento Supremo","description":"Qiyana lanza una onda de choque que detona todos los elementos alcanzados, lo que inflige daño y aturde a los enemigos cercanos.","tooltip":"Qiyana lanza una onda de choque que <status>lanza hacia atrás</status> a los enemigos y que detona cuando impacta contra el terreno. La explosión seguirá todo el borde del terreno, <status>aturde</status> entre 0.5 y {{ stunduration }} seg e inflige <physicalDamage>{{ damage }}</physicalDamage> más un <physicalDamage>{{ missinghealthdamagerock }} de la Vida Máxima como daño físico</physicalDamage>. La duración del <status>aturdimiento</status> se reduce con la distancia que haya viajado la onda de choque.<br /><br />Cualquier río o maleza por los que pase también explota después de un breve periodo, lo que inflige el mismo daño y <status>aturde</status>.{{ spellmodifierdescriptionappend }}","leveltip":{"label":["Daño inicial"],"effect":["{{ basedamage }} -> {{ basedamageNL }}"]},"maxrank":3,"cooldown":[120,120,120],"cooldownBurn":"120","cost":[100,100,100],"costBurn":"100","datavalues":{},"effect":[null,[0,0,0],[0,0,0],[0,0,0],[0,0,0],[0,0,0],[0,0,0],[0,0,0],[0,0,0],[0,0,0],[0,0,0]],"effectBurn":[null,"0","0","0","0","0","0","0","0","0","0"],"vars":[],"costType":" de {{ abilityresourcename }}","maxammo":"0","range":[950,950,950],"rangeBurn":"950","image":{"full":"QiyanaR.png","sprite":"spell10.png","group":"spell","x":336,"y":48,"w":48,"h":48},"resource":"{{ cost }} de {{ abilityresourcename }}"}],"passive":{"name":"Privilegio Real","description":"El primer ataque básico o habilidad de Qiyana contra un enemigo inflige daño adicional.","image":{"full":"Qiyana_Passive.png","sprite":"passive3.png","group":"passive","x":432,"y":0,"w":48,"h":48}},"recommended":[]}}}