{"type":"champion","format":"standAloneComplex","version":"14.3.1","data":{"Quinn":{"id":"Quinn","key":"133","name":"Quinn","title":"las Alas de Demacia","image":{"full":"Quinn.png","sprite":"champion3.png","group":"champion","x":0,"y":48,"w":48,"h":48},"skins":[{"id":"133000","num":0,"name":"default","chromas":false},{"id":"133001","num":1,"name":"Quinn Fénix","chromas":false},{"id":"133002","num":2,"name":"Quinn Exploradora Woad","chromas":false},{"id":"133003","num":3,"name":"Quinn Corsaria","chromas":false},{"id":"133004","num":4,"name":"Quinn Buscacorazones","chromas":false},{"id":"133005","num":5,"name":"Quinn Protectora","chromas":true},{"id":"133014","num":14,"name":"Quinn Guardiana Estelar","chromas":true}],"lore":"Quinn es una caballero y exploradora de Demacia que se embarca en misiones que la llevan al mismo núcleo del territorio enemigo. Comparte un vínculo inquebrantable con su legendaria águila, Valor, y sus enemigos a menudo quedan derrotados antes de darse cuenta de que peleaban contra no uno, sino dos de los más grandes héroes del reino. Con agilidad y acrobacias cuando la situación lo amerita, Quinn empuña su ballesta mientras que Valor marca a sus escurridizos objetivos desde los cielos, lo que los vuelve un dúo letal en el campo de batalla.","blurb":"Quinn es una caballero y exploradora de Demacia que se embarca en misiones que la llevan al mismo núcleo del territorio enemigo. Comparte un vínculo inquebrantable con su legendaria águila, Valor, y sus enemigos a menudo quedan derrotados antes de darse...","allytips":["Atacar a un objetivo marcado por Valor como ","Vulnerable"," hará que Hostigador entre en tiempo de Enfriamiento. Si consumes rápido las marcas de Hostigador, estas se generarán más rápido.","Valor es poderoso, pero se debe usar con precaución, pues los enemigos pueden atacar a Quinn cuando ella los golpee. Asalto se puede usar para cruzar el terreno si estás de espaldas a un muro.","Usa Detrás de las Líneas Enemigas para viajar largas distancias rápido, asesinar súbditos a través del mapa o perseguir a objetivos heridos."],"enemytips":["Cuando tengas una marca, aléjate de Quinn para que no pueda aprovecharla.","Mantente alerta de la posición de Quinn. Detrás de las Líneas Enemigas le permite a Valor cruzar el mapa muy rápido y atacarte por sorpresa.","Cuando Quinn usa Detrás de las Líneas Enemigas, atacarla le quitará su velocidad de movimiento adicional de manera temporal."],"tags":["Marksman","Assassin"],"partype":"Maná","info":{"attack":9,"defense":4,"magic":2,"difficulty":5},"stats":{"hp":565,"hpperlevel":107,"mp":269,"mpperlevel":35,"movespeed":330,"armor":28,"armorperlevel":4.7,"spellblock":30,"spellblockperlevel":1.3,"attackrange":525,"hpregen":5.5,"hpregenperlevel":0.55,"mpregen":7,"mpregenperlevel":0.4,"crit":0,"critperlevel":0,"attackdamage":59,"attackdamageperlevel":2.7,"attackspeedperlevel":3.1,"attackspeed":0.668},"spells":[{"id":"QuinnQ","name":"Ataque Cegador","description":"Quinn ordena a Valor que marque a un enemigo y dificulte su visión antes de dañar a todos los enemigos en el área cercana.","tooltip":"Quinn ordena a Valor atacar, lo que causa que el primer enemigo alcanzado quede <keywordMajor>vulnerable</keywordMajor>. Esto reduce su radio de visión durante {{ e3 }} seg y le inflige <physicalDamage>{{ totaldamage }} de daño físico</physicalDamage> a todos los enemigos circundantes.<br /><br />Si el primer enemigo alcanzado no es un campeón, lo <status>desarma</status> por {{ e3 }} seg.{{ spellmodifierdescriptionappend }}","leveltip":{"label":["Daño","Tasa de DA total","Enfriamiento","Costo de @AbilityResourceName@"],"effect":["{{ basedamage }} -> {{ basedamageNL }}","{{ adratio }} -> {{ adratioNL }}","{{ cooldown }} -> {{ cooldownNL }}","{{ cost }} -> {{ costNL }}"]},"maxrank":5,"cooldown":[11,10.5,10,9.5,9],"cooldownBurn":"11/10.5/10/9.5/9","cost":[50,55,60,65,70],"costBurn":"50/55/60/65/70","datavalues":{},"effect":[null,[20,40,60,80,100],[-1000,-1000,-1000,-1000,-1000],[1.75,1.75,1.75,1.75,1.75],[0.8,0.9,1,1.1,1.2],[0,0,0,0,0],[0,0,0,0,0],[0,0,0,0,0],[0,0,0,0,0],[0,0,0,0,0],[0,0,0,0,0]],"effectBurn":[null,"20/40/60/80/100","-1000","1.75","0.8/0.9/1/1.1/1.2","0","0","0","0","0","0"],"vars":[],"costType":" de {{ abilityresourcename }}","maxammo":"-1","range":[1025,1025,1025,1025,1025],"rangeBurn":"1025","image":{"full":"QuinnQ.png","sprite":"spell10.png","group":"spell","x":384,"y":48,"w":48,"h":48},"resource":"{{ cost }} de {{ abilityresourcename }}"},{"id":"QuinnW","name":"Sentidos Aguzados","description":"Otorga de forma pasiva Velocidad de Ataque y Velocidad de Movimiento a Quinn después de atacar a un objetivo <font color='#FFF673'>Vulnerable</font>. Al activarla, Valor revela una amplia zona cercana.","tooltip":"<spellPassive>Pasiva:</spellPassive> Atacar a un objetivo <keywordMajor>vulnerable</keywordMajor> le otorga a Quinn un <attackSpeed>{{ attackspeedbonus*100 }}% de Velocidad de Ataque</attackSpeed> y un <speed>{{ e3 }}% de Velocidad de Movimiento</speed> durante {{ e1 }} seg.<br /><br /><spellActive>Activa:</spellActive> Valor revela gran zona cercana durante {{ e5 }} seg.{{ spellmodifierdescriptionappend }}","leveltip":{"label":["Velocidad de ataque","Velocidad de movimiento","Enfriamiento"],"effect":["{{ effect2amount*100.000000 }}% -> {{ effect2amountnl*100.000000 }}%","{{ effect3amount*100.000000 }}% -> {{ effect3amountnl*100.000000 }}%","{{ cooldown }} -> {{ cooldownNL }}"]},"maxrank":5,"cooldown":[50,45,40,35,30],"cooldownBurn":"50/45/40/35/30","cost":[0,0,0,0,0],"costBurn":"0","datavalues":{},"effect":[null,[2,2,2,2,2],[0.28,0.36,0.44,0.52,0.6],[20,25,30,35,40],[2100,2100,2100,2100,2100],[2,2,2,2,2],[0,0,0,0,0],[0,0,0,0,0],[0,0,0,0,0],[0,0,0,0,0],[0,0,0,0,0]],"effectBurn":[null,"2","0.28/0.36/0.44/0.52/0.6","20/25/30/35/40","2100","2","0","0","0","0","0"],"vars":[],"costType":"Sin costo","maxammo":"-1","range":[2100,2100,2100,2100,2100],"rangeBurn":"2100","image":{"full":"QuinnW.png","sprite":"spell10.png","group":"spell","x":432,"y":48,"w":48,"h":48},"resource":"Sin costo"},{"id":"QuinnE","name":"Asalto","description":"Quinn corre hacia un enemigo, le inflige daño físico y ralentiza su Velocidad de Movimiento. Al alcanzar al objetivo, lo utiliza para dar un salto que lo interrumpe brevemente. Luego aterriza a una distancia del objetivo igual a su alcance de ataque máximo.","tooltip":"Quinn se desplaza hacia un enemigo, lo que inflige <physicalDamage>{{ totaldamage }} de daño físico</physicalDamage> y lo marca como <keywordMajor>vulnerable</keywordMajor>. Luego, Quinn da un salto para alejarse del objetivo, lo <status>lanza</status> hacia <status>atrás</status> un poco y lo <status>ralentiza</status> en un {{ e1 }}% que decae a lo largo de {{ e3 }} seg.{{ spellmodifierdescriptionappend }}","leveltip":{"label":["Daño","Enfriamiento"],"effect":["{{ e2 }} -> {{ e2NL }}","{{ cooldown }} -> {{ cooldownNL }}"]},"maxrank":5,"cooldown":[12,11,10,9,8],"cooldownBurn":"12/11/10/9/8","cost":[50,50,50,50,50],"costBurn":"50","datavalues":{},"effect":[null,[50,50,50,50,50],[40,65,90,115,140],[1.5,1.5,1.5,1.5,1.5],[0,0,0,0,0],[0,0,0,0,0],[0,0,0,0,0],[0,0,0,0,0],[0,0,0,0,0],[0,0,0,0,0],[0,0,0,0,0]],"effectBurn":[null,"50","40/65/90/115/140","1.5","0","0","0","0","0","0","0"],"vars":[],"costType":" de {{ abilityresourcename }}","maxammo":"-1","range":[675,675,675,675,675],"rangeBurn":"675","image":{"full":"QuinnE.png","sprite":"spell10.png","group":"spell","x":0,"y":96,"w":48,"h":48},"resource":"{{ cost }} de {{ abilityresourcename }}"},{"id":"QuinnR","name":"Detrás de las Líneas Enemigas","description":"Quinn y Valor vuelan a una gran velocidad como equipo. Terminar la habilidad lanzará Impacto Celeste, lo que inflige daño a los enemigos cercanos y marca a los campeones para dejarlos Vulnerables.","tooltip":"Quinn llama a Valor, forman pareja después de canalizar durante 2 segundos, obtiene un <speed>{{ movementspeedmod*100 }}% de Velocidad de Movimiento</speed> y le permite <recast>volver a lanzar</recast> esta habilidad. Atacar o usar <spellName>Ataque Cegador</spellName> o <spellName>Asalto</spellName> <recast>vuelve a lanzar</recast> automáticamente esta habilidad.<br /><br /><recast>Lanzamiento adicional</recast>: Quinn y Valor realizan una maniobra aérea que inflige <physicalDamage>{{ damage }} de daño físico</physicalDamage>, marca a los campeones como <keywordMajor>Vulnerables</keywordMajor> y finaliza esta habilidad.{{ spellmodifierdescriptionappend }}","leveltip":{"label":["Velocidad de movimiento","Costo de maná"],"effect":["{{ movementspeedmod*100.000000 }}% -> {{ movementspeedmodnl*100.000000 }}%","{{ basecost }} -> {{ basecostNL }}"]},"maxrank":3,"cooldown":[3,3,3],"cooldownBurn":"3","cost":[100,50,0],"costBurn":"100/50/0","datavalues":{},"effect":[null,[0,0,0],[0,0,0],[0,0,0],[0,0,0],[0,0,0],[0,0,0],[0,0,0],[0,0,0],[0,0,0],[0,0,0]],"effectBurn":[null,"0","0","0","0","0","0","0","0","0","0"],"vars":[],"costType":" de {{ abilityresourcename }}","maxammo":"-1","range":[700,700,700],"rangeBurn":"700","image":{"full":"QuinnR.png","sprite":"spell10.png","group":"spell","x":48,"y":96,"w":48,"h":48},"resource":"{{ cost }} de {{ abilityresourcename }}"}],"passive":{"name":"Hostigador","description":"Valor, el águila de Quinn, marca como <font color='#FFF673'>Vulnerables</font> a los enemigos de forma periódica. El primer ataque básico de Quinn contra objetivos <font color='#FFF673'>Vulnerables</font> infligirá daño físico adicional.","image":{"full":"Quinn_Passive.png","sprite":"passive3.png","group":"passive","x":0,"y":48,"w":48,"h":48}},"recommended":[]}}}