{"type":"champion","format":"standAloneComplex","version":"14.3.1","data":{"Rakan":{"id":"Rakan","key":"497","name":"Rakan","title":"El Encantador","image":{"full":"Rakan.png","sprite":"champion3.png","group":"champion","x":48,"y":48,"w":48,"h":48},"skins":[{"id":"497000","num":0,"name":"default","chromas":false},{"id":"497001","num":1,"name":"Rakan Alba Cósmica","chromas":false},{"id":"497002","num":2,"name":"Rakan Cariñosito","chromas":false},{"id":"497003","num":3,"name":"Rakan SSG","chromas":false},{"id":"497004","num":4,"name":"Rakan Invictus Gaming","chromas":false},{"id":"497005","num":5,"name":"Rakan Guardián Estelar","chromas":true},{"id":"497009","num":9,"name":"Rakan Bosqueviejo","chromas":true},{"id":"497018","num":18,"name":"Rakan Arcana","chromas":true},{"id":"497027","num":27,"name":"Rakan Pacto Quebrantado","chromas":true},{"id":"497036","num":36,"name":"Rakan Guardián Estelar Redimido","chromas":false},{"id":"497037","num":37,"name":"Rakan Dracomante","chromas":true},{"id":"497038","num":38,"name":"Rakan Dracomante Prestigioso","chromas":false}],"lore":"Tan impredecible como encantador, Rakan es un vastaya infame que siempre se mete en problemas, además de ser el mejor guerrero bailarín en la historia tribal de Lhotlan. Para los humanos de las tierras altas de Jonia, su nombre ha sido por mucho tiempo sinónimo de festivales salvajes, fiestas incontrolables y música anárquica. Pocos se imaginarían que este artista energético y viajero también es pareja de la rebelde Xayah, dedicado a su causa.","blurb":"Tan impredecible como encantador, Rakan es un vastaya infame que siempre se mete en problemas, además de ser el mejor guerrero bailarín en la historia tribal de Lhotlan. Para los humanos de las tierras altas de Jonia, su nombre ha sido por mucho tiempo...","allytips":["Rakan requiere aliados cerca de él para aprovechar la mayoría de sus herramientas.","Las velocidades de precipitación de Rakan aumentan con su velocidad de movimiento. ¡Usa la velocidad adicional para sorprender a tus enemigos!","El peligro es tan divertido como lo dejas ser."],"enemytips":["Las habilidades de movimiento de Rakan anuncian su destino, intenta usarlo para tu ventaja.","Los campeones con control de masas que puede aplicarse rápidamente se destacan contra Rakan.","Atrapar a Rakan sin aliados a su alrededor inhibe su movilidad severamente. Intenta encontrarlo cuando está solo."],"tags":["Support"],"partype":"Maná","info":{"attack":2,"defense":4,"magic":8,"difficulty":5},"stats":{"hp":610,"hpperlevel":99,"mp":315,"mpperlevel":50,"movespeed":335,"armor":30,"armorperlevel":4.9,"spellblock":32,"spellblockperlevel":2.05,"attackrange":300,"hpregen":5,"hpregenperlevel":0.5,"mpregen":8.75,"mpregenperlevel":0.5,"crit":0,"critperlevel":0,"attackdamage":62,"attackdamageperlevel":3.5,"attackspeedperlevel":3,"attackspeed":0.635},"spells":[{"id":"RakanQ","name":"Cálamo Reluciente","description":"Arroja una pluma mágica que inflige daño mágico. Impactar a un campeón o monstruo épico permite que Rakan cure a sus aliados.","tooltip":"Rakan arroja una pluma mágica que inflige <magicDamage>{{ totaldamage }} de daño mágico</magicDamage> al primer enemigo alcanzado.<br /><br />Si la pluma alcanza a un campeón o monstruo de la jungla épico, Rakan restaura <healing>{{ totalheal }} de Vida</healing> a sí mismo y a los aliados cercanos tras {{ healdelay }} seg o al tocar a un campeón aliado.{{ spellmodifierdescriptionappend }}","leveltip":{"label":["Daño","Enfriamiento"],"effect":["{{ basedamage }} -> {{ basedamageNL }}","{{ cooldown }} -> {{ cooldownNL }}"]},"maxrank":5,"cooldown":[11,10,9,8,7],"cooldownBurn":"11/10/9/8/7","cost":[45,45,45,45,45],"costBurn":"45","datavalues":{},"effect":[null,[0,0,0,0,0],[0,0,0,0,0],[0,0,0,0,0],[0,0,0,0,0],[0,0,0,0,0],[0,0,0,0,0],[0,0,0,0,0],[0,0,0,0,0],[0,0,0,0,0],[0,0,0,0,0]],"effectBurn":[null,"0","0","0","0","0","0","0","0","0","0"],"vars":[],"costType":" de {{ abilityresourcename }}","maxammo":"-1","range":[850,850,850,850,850],"rangeBurn":"850","image":{"full":"RakanQ.png","sprite":"spell10.png","group":"spell","x":96,"y":96,"w":48,"h":48},"resource":"{{ cost }} de {{ abilityresourcename }}"},{"id":"RakanW","name":"Gran Entrada","description":"Se desplaza hacia una ubicación y lanza por el aire a enemigos cercanos al llegar.","tooltip":"Rakan se desplaza para hacer espirales en el aire, lo que <status>lanza por el aire</status> durante {{ knockupduration }} seg e inflige <magicDamage>{{ totaldamage }} de daño mágico</magicDamage>.{{ spellmodifierdescriptionappend }}","leveltip":{"label":["Daño","Enfriamiento","Costo de maná"],"effect":["{{ basedamage }} -> {{ basedamageNL }}","{{ cooldown }} -> {{ cooldownNL }}","{{ basecost }} -> {{ basecostNL }}"]},"maxrank":5,"cooldown":[16,14.5,13,11.5,10],"cooldownBurn":"16/14.5/13/11.5/10","cost":[50,60,70,80,90],"costBurn":"50/60/70/80/90","datavalues":{},"effect":[null,[70,120,170,220,270],[0,0,0,0,0],[1,1,1,1,1],[0,0,0,0,0],[0,0,0,0,0],[0,0,0,0,0],[0,0,0,0,0],[0,0,0,0,0],[0,0,0,0,0],[0,0,0,0,0]],"effectBurn":[null,"70/120/170/220/270","0","1","0","0","0","0","0","0","0"],"vars":[],"costType":" de {{ abilityresourcename }}","maxammo":"-1","range":[600,600,600,600,600],"rangeBurn":"600","image":{"full":"RakanW.png","sprite":"spell10.png","group":"spell","x":144,"y":96,"w":48,"h":48},"resource":"{{ cost }} de {{ abilityresourcename }}"},{"id":"RakanE","name":"Danza de Combate","description":"Vuela hasta un campeón aliado y le otorga un escudo. Se puede volver a lanzar sin costo por un breve periodo.","tooltip":"Rakan se desplaza hacia un campeón aliado y le otorga <shield>{{ totalshield }} de Escudo</shield> por {{ e3 }} seg.<br /><br />Rakan puede <recast>volver a lanzar</recast> esta habilidad una vez a los {{ e2 }} seg.{{ spellmodifierdescriptionappend }}","leveltip":{"label":["Vida del escudo","Enfriamiento","Costo de @AbilityResourceName@"],"effect":["{{ baseshield }} -> {{ baseshieldNL }}","{{ e4 }} -> {{ e4NL }}","{{ e5 }} -> {{ e5NL }}"]},"maxrank":5,"cooldown":[0,0,0,0,0],"cooldownBurn":"0","cost":[40,45,50,55,60],"costBurn":"40/45/50/55/60","datavalues":{},"effect":[null,[0,0,0,0,0],[5,5,5,5,5],[3,3,3,3,3],[20,18,16,14,12],[40,45,50,55,60],[700,700,700,700,700],[1000,1000,1000,1000,1000],[1150,1150,1150,1150,1150],[1250,1250,1250,1250,1250],[0,0,0,0,0]],"effectBurn":[null,"0","5","3","20/18/16/14/12","40/45/50/55/60","700","1000","1150","1250","0"],"vars":[],"costType":" de {{ abilityresourcename }}","maxammo":"-1","range":[650,650,650,650,650],"rangeBurn":"650","image":{"full":"RakanE.png","sprite":"spell10.png","group":"spell","x":192,"y":96,"w":48,"h":48},"resource":"{{ cost }} de {{ abilityresourcename }}"},{"id":"RakanR","name":"Celeridad","description":"Obtiene velocidad de movimiento, además inflige daño y deja encantados a los enemigos alcanzados.","tooltip":"Rakan obtiene <speed>{{ e5 }}% de Velocidad de Movimiento</speed> durante {{ e2 }} seg. Rakan inflige <magicDamage>{{ totaldamagetooltip }} de daño mágico</magicDamage> y <status>encanta</status> a los enemigos durante {{ e3 }} seg la primera vez que los alcanza. El primer campeón encantado le otorga a Rakan un <speed>{{ e6 }}% de Velocidad de Movimiento que decae</speed>.{{ spellmodifierdescriptionappend }}","leveltip":{"label":["Duración de encantamiento","Daño","Enfriamiento"],"effect":["{{ e3 }} -> {{ e3NL }}","{{ e1 }} -> {{ e1NL }}","{{ cooldown }} -> {{ cooldownNL }}"]},"maxrank":3,"cooldown":[130,110,90],"cooldownBurn":"130/110/90","cost":[100,100,100],"costBurn":"100","datavalues":{},"effect":[null,[100,200,300],[4,4,4],[1,1.25,1.5],[0.25,0.25,0.25],[75,75,75],[150,150,150],[150,150,150],[130,110,90],[0,0,0],[0,0,0]],"effectBurn":[null,"100/200/300","4","1/1.25/1.5","0.25","75","150","150","130/110/90","0","0"],"vars":[],"costType":" de {{ abilityresourcename }}","maxammo":"-1","range":[150,150,150],"rangeBurn":"150","image":{"full":"RakanR.png","sprite":"spell10.png","group":"spell","x":240,"y":96,"w":48,"h":48},"resource":"{{ cost }} de {{ abilityresourcename }}"}],"passive":{"name":"Plumas Encantadas","description":"Rakan obtiene un escudo de forma periódica.","image":{"full":"Rakan_P.png","sprite":"passive3.png","group":"passive","x":48,"y":48,"w":48,"h":48}},"recommended":[]}}}