{"type":"champion","format":"standAloneComplex","version":"14.3.1","data":{"Rammus":{"id":"Rammus","key":"33","name":"Rammus","title":"el Armadurillo","image":{"full":"Rammus.png","sprite":"champion3.png","group":"champion","x":96,"y":48,"w":48,"h":48},"skins":[{"id":"33000","num":0,"name":"default","chromas":false},{"id":"33001","num":1,"name":"Rey Rammus","chromas":false},{"id":"33002","num":2,"name":"Rammus de Cromo","chromas":false},{"id":"33003","num":3,"name":"Rammus Fundido","chromas":false},{"id":"33004","num":4,"name":"Rammus del Fréljord","chromas":false},{"id":"33005","num":5,"name":"Rammus Ninja","chromas":false},{"id":"33006","num":6,"name":"Rammus Metalizado","chromas":false},{"id":"33007","num":7,"name":"Rammus Guardián de las Arenas","chromas":false},{"id":"33008","num":8,"name":"Rammus Cañonazo","chromas":true},{"id":"33016","num":16,"name":"Rammus Hextech","chromas":false},{"id":"33017","num":17,"name":"AstroRammus","chromas":true}],"lore":"Idolatrado por muchos, desdeñado por algunos, mistificado por todos, el curioso ser Rammus, es un enigma. Protegido por un caparazón con púas, Rammus inspira teorías cada vez más disparatadas sobre su origen a dondequiera que vaya: desde semidiós hasta oráculo sagrado y hasta una mera bestia transformada por la magia. No importa cuál sea la verdad, Rammus es reservado y no se detiene ante nadie mientras cruza el desierto de Shurima.","blurb":"Idolatrado por muchos, desdeñado por algunos, mistificado por todos, el curioso ser Rammus, es un enigma. Protegido por un caparazón con púas, Rammus inspira teorías cada vez más disparatadas sobre su origen a dondequiera que vaya: desde semidiós hasta...","allytips":["Bola Rodante también es un eficaz método de escape.","Provocar a un campeón cercano a tu torre puede hacer que esta ataque a tu enemigo.","Temblores y Posición Defensiva pueden emplearse en otro momento del juego para arrasar las torres. Si estás inmerso en un combate en equipo, conviene que te salgas y ataques los edificios."],"enemytips":["Presta especial atención cuando se desactiva su Posición Defensiva. En ese momento, Rammus tiene unas estadísticas muy inferiores a las de un tanque normal cuando no está en posición.","Rammus suele acumular Armaduras, lo que lo hace especialmente vulnerable al daño de hechizos cuando no está en Posición Defensiva."],"tags":["Tank","Fighter"],"partype":"Maná","info":{"attack":4,"defense":10,"magic":5,"difficulty":5},"stats":{"hp":675,"hpperlevel":94,"mp":310,"mpperlevel":33,"movespeed":335,"armor":40,"armorperlevel":5.5,"spellblock":32,"spellblockperlevel":2.05,"attackrange":125,"hpregen":8,"hpregenperlevel":0.55,"mpregen":7.85,"mpregenperlevel":0.5,"crit":0,"critperlevel":0,"attackdamage":55,"attackdamageperlevel":2.75,"attackspeedperlevel":2.215,"attackspeed":0.656},"spells":[{"id":"PowerBall","name":"Bola Rodante","description":"Rammus se lanza como una bola a gran velocidad contra sus enemigos, infligiéndoles daño y ralentizando a los afectados por el impacto.","tooltip":"Rammus se enrosca en una bola, lo que le otorga <speed>{{ minimummovespeed }} de Velocidad de Movimiento</speed>, que incrementa hasta <speed>{{ maximummovespeed }} de Velocidad de Movimiento</speed> a lo largo de {{ e4 }} seg. Rammus se detiene tras chocar con un enemigo, lo que inflige <magicDamage>{{ powerballdamage }} de daño mágico</magicDamage>, <status>lanza hacia atrás</status> y <status>ralentiza</status> a los enemigos cercanos un {{ e2 }}% durante {{ e3 }} seg.<br /><br /><recast>Relanzamiento</recast>: Rammus finaliza esta habilidad antes.{{ spellmodifierdescriptionappend }}","leveltip":{"label":["Daño","Ralentización","Enfriamiento"],"effect":["{{ qbasedamage }} -> {{ qbasedamageNL }}","{{ e2 }}% -> {{ e2NL }}%","{{ cooldown }} -> {{ cooldownNL }}"]},"maxrank":5,"cooldown":[16,13.5,11,8.5,6],"cooldownBurn":"16/13.5/11/8.5/6","cost":[60,60,60,60,60],"costBurn":"60","datavalues":{},"effect":[null,[0,0,0,0,0],[40,50,60,70,80],[1,1,1,1,1],[6,6,6,6,6],[125,125,125,125,125],[0.35,0.35,0.35,0.35,0.35],[25,25,25,25,25],[0.25,0.25,0.25,0.25,0.25],[50,50,50,50,50],[1000,1000,1000,1000,1000]],"effectBurn":[null,"0","40/50/60/70/80","1","6","125","0.35","25","0.25","50","1000"],"vars":[],"costType":" de {{ abilityresourcename }}","maxammo":"-1","range":[300,300,300,300,300],"rangeBurn":"300","image":{"full":"PowerBall.png","sprite":"spell10.png","group":"spell","x":288,"y":96,"w":48,"h":48},"resource":"{{ cost }} de {{ abilityresourcename }}"},{"id":"DefensiveBallCurl","name":"Posición Defensiva","description":"Rammus pasa a una formación defensiva, lo que aumenta enormemente su armadura y resistencia mágica. También amplifica el daño de Caparazón de Púas y devuelve el daño a los enemigos que lo atacan de forma básica.","tooltip":"Rammus adopta una posición defensiva durante {{ buffduration }} seg para obtener <scaleArmor>{{ F1 }} de Armadura (%i:scaleArmor%)</scaleArmor> y <scaleMR>{{ F2 }} de Resistencia Mágica (%i:scaleMR%)</scaleMR>. Mientras el efecto esté activo, el daño de <spellName>Caparazón de Púas</spellName> aumenta en {{ passivedamageampcalc }} y además inflige daño a los enemigos que ataquen a Rammus.<br /><br />Los ataques de Rammus aumentan la duración en {{ bonusdurationperauto }} seg (máx.: {{ maxbonusduration }}).<br /><br /><recast>Relanzamiento</recast>: Rammus finaliza esta habilidad antes.<br />{{ spellmodifierdescriptionappend }}","leveltip":{"label":["Porcentaje de bonificación de Armadura","Porcentaje de bonificación de Resistencia Mágica"],"effect":["{{ bonusarmorpercent*100.000000 }}% -> {{ bonusarmorpercentnl*100.000000 }}%","{{ bonusmrpercent*100.000000 }}% -> {{ bonusmrpercentnl*100.000000 }}%"]},"maxrank":5,"cooldown":[7,7,7,7,7],"cooldownBurn":"7","cost":[40,40,40,40,40],"costBurn":"40","datavalues":{},"effect":[null,[0,0,0,0,0],[0,0,0,0,0],[0,0,0,0,0],[0,0,0,0,0],[0,0,0,0,0],[0,0,0,0,0],[0,0,0,0,0],[0,0,0,0,0],[0,0,0,0,0],[0,0,0,0,0]],"effectBurn":[null,"0","0","0","0","0","0","0","0","0","0"],"vars":[],"costType":" de {{ abilityresourcename }}","maxammo":"-1","range":[300,300,300,300,300],"rangeBurn":"300","image":{"full":"DefensiveBallCurl.png","sprite":"spell10.png","group":"spell","x":336,"y":96,"w":48,"h":48},"resource":"{{ cost }} de {{ abilityresourcename }}"},{"id":"PuncturingTaunt","name":"Provocación Frenética","description":"Rammus provoca a un monstruo o a un campeón enemigo para que se lance de forma descuidada contra él. Además, obtiene mayor velocidad de ataque por un corto momento que se extiende si cualquiera de sus otros hechizos está activo.","tooltip":"Rammus <status>provoca</status> a un campeón enemigo o monstruo de la jungla durante {{ e1 }} seg y obtiene un <attackSpeed>{{ e2 }}% de Velocidad de Ataque</attackSpeed> durante {{ e1 }} seg.{{ spellmodifierdescriptionappend }}","leveltip":{"label":["Duración","Velocidad de ataque"],"effect":["{{ e1 }} -> {{ e1NL }}","{{ e2 }}% -> {{ e2NL }}%"]},"maxrank":5,"cooldown":[12,12,12,12,12],"cooldownBurn":"12","cost":[50,50,50,50,50],"costBurn":"50","datavalues":{},"effect":[null,[1.2,1.4,1.6,1.8,2],[20,25,30,35,40],[0,0,0,0,0],[0,0,0,0,0],[0,0,0,0,0],[0,0,0,0,0],[0,0,0,0,0],[0,0,0,0,0],[0,0,0,0,0],[0,0,0,0,0]],"effectBurn":[null,"1.2/1.4/1.6/1.8/2","20/25/30/35/40","0","0","0","0","0","0","0","0"],"vars":[],"costType":" de {{ abilityresourcename }}","maxammo":"-1","range":[325,325,325,325,325],"rangeBurn":"325","image":{"full":"PuncturingTaunt.png","sprite":"spell10.png","group":"spell","x":384,"y":96,"w":48,"h":48},"resource":"{{ cost }} de {{ abilityresourcename }}"},{"id":"Tremors2","name":"Salto de Temblores","description":"Rammus salta en el aire y golpea con fuerza el área objetivo, lo que inflige daño mágico y ralentiza a los enemigos. Si se lanza mientras Rammus está en Bola Rodante, Rammus también lanza por el aire a los enemigos cerca del centro.","tooltip":"Rammus salta en el aire y golpea con fuerza el área, lo que inflige <magicDamage>{{ initialdamagecalc }} de daño mágico</magicDamage> y <status>ralentiza</status> un {{ slowamount*100 }}% durante {{ slowduration }} seg. Los enemigos en el centro reciben daño adicional según la distancia que Rammus haya saltado (máx.: <magicDamage>{{ tooltipmaxdamagecalc }} de daño mágico</magicDamage>). Si se usa durante <spellName>Bola Rodante</spellName>, los enemigos en el centro también son <status>lanzados por el aire</status> durante {{ knockupduration }} seg.<br /><br />Luego Rammus crea {{ numberofpulses }} ondas de choque en el área durante {{ buffduration }} seg. Cada una inflige <magicDamage>{{ pulsedamagecalc }} de daño mágico</magicDamage> y acumula la <status>ralentización</status> (máx.: {{ maxslow }}%).<br /><br />La <speed>velocidad de movimiento</speed> de Rammus aumenta el rango de esta habilidad.{{ spellmodifierdescriptionappend }}","leveltip":{"label":["Daño","Daño de Réplica","Ralentización"],"effect":["{{ initialdamage }} -> {{ initialdamageNL }}","{{ pulsebasedamage }} -> {{ pulsebasedamageNL }}","{{ slowamount*100.000000 }}% -> {{ slowamountnl*100.000000 }}%"]},"maxrank":3,"cooldown":[90,90,90],"cooldownBurn":"90","cost":[100,100,100],"costBurn":"100","datavalues":{},"effect":[null,[0,0,0],[0,0,0],[0,0,0],[0,0,0],[0,0,0],[0,0,0],[0,0,0],[0,0,0],[0,0,0],[0,0,0]],"effectBurn":[null,"0","0","0","0","0","0","0","0","0","0"],"vars":[],"costType":" de {{ abilityresourcename }}","maxammo":"-1","range":[25000,25000,25000],"rangeBurn":"25000","image":{"full":"Tremors2.png","sprite":"spell10.png","group":"spell","x":432,"y":96,"w":48,"h":48},"resource":"{{ cost }} de {{ abilityresourcename }}"}],"passive":{"name":"Caparazón de Púas","description":"Los ataques básicos de Rammus infligen daño mágico adicional que aumenta con su armadura.","image":{"full":"Armordillo_ScavengeArmor.png","sprite":"passive3.png","group":"passive","x":96,"y":48,"w":48,"h":48}},"recommended":[]}}}