{"type":"champion","format":"standAloneComplex","version":"14.3.1","data":{"RekSai":{"id":"RekSai","key":"421","name":"Rek'Sai","title":"la Excavadora del Vacío","image":{"full":"RekSai.png","sprite":"champion3.png","group":"champion","x":144,"y":48,"w":48,"h":48},"skins":[{"id":"421000","num":0,"name":"default","chromas":false},{"id":"421001","num":1,"name":"Rek'Sai Eternum","chromas":false},{"id":"421002","num":2,"name":"Rek'Sai Veraniega","chromas":true},{"id":"421009","num":9,"name":"Rek'Sai Escarcha Negra","chromas":true},{"id":"421017","num":17,"name":"Rek'Sai Bosqueviejo","chromas":true}],"lore":"Rek'Sai es una depredadora sin piedad y un engendro del Vacío que se mueve debajo de la tierra para emboscar y devorar a las presas desprevenidas. Su hambre insaciable ha dejado en calidad de desecho a regiones enteras del antes gran imperio de Shurima. Comerciantes, mercaderes y hasta caravanas armadas viajan se desvían cientos de kilómetros de su camino para evitar sus tierras de caza y las de sus descendientes. Todos saben que cuando Rek'Sai aparece en el horizonte, es una garantía que la muerte vendrá desde abajo.","blurb":"Rek'Sai es una depredadora sin piedad y un engendro del Vacío que se mueve debajo de la tierra para emboscar y devorar a las presas desprevenidas. Su hambre insaciable ha dejado en calidad de desecho a regiones enteras del antes gran imperio de Shurima...","allytips":["Mantener los túneles por todo el mapa asegurará que tengas varias opciones cuando lances Impulso del Vacío.","Lanza Excavar antes de viajar por el mapa para aprovechar la velocidad de movimiento aumentada y la seguridad que da Sentido Tectónico.","Sentido Tectónico puede advertirte de la cercanía de los enemigos. Es muy útil al entrar en territorio enemigo."],"enemytips":["Si ves uno de los túneles de Rek'Sai, quédate encima de una de las entradas para destruirlo.","Mordedura Feroz de Rek'Sai obtiene daño cuanta más Furia tenga. Ten cuidado si estás cerca de ella y tiene toda la Furia.","Cuando Rek'Sai está cerca, puede ver tu posición y la de tus aliados, pero sólo si te mueves."],"tags":["Fighter"],"partype":"Rabia","info":{"attack":8,"defense":5,"magic":2,"difficulty":3},"stats":{"hp":600,"hpperlevel":99,"mp":100,"mpperlevel":0,"movespeed":335,"armor":36,"armorperlevel":4.95,"spellblock":32,"spellblockperlevel":2.05,"attackrange":175,"hpregen":7.5,"hpregenperlevel":0.65,"mpregen":0,"mpregenperlevel":0,"crit":0,"critperlevel":0,"attackdamage":58,"attackdamageperlevel":3,"attackspeedperlevel":2,"attackspeed":0.667},"spells":[{"id":"RekSaiQ","name":"Ira de la Reina/Rastreadora","description":"Los siguientes 3 ataques básicos de Rek'Sai infligen daño físico adicional a los enemigos cercanos.<br><br>Si está bajo tierra, Rek'Sai lanza una ráfaga de tierra cargada de vacío que inflige daño físico y revela a los enemigos alcanzados.","tooltip":"<keywordMajor>En la superficie</keywordMajor>: Los próximos 3 ataques de Rek'Sai dentro de {{ e7 }} seg infligen <physicalDamage>{{ spell.reksaiq:totaldamagetooltip }} de daño físico adicional</physicalDamage> a los enemigos cercanos. Los ataques básicos reinician la duración de esta habilidad. {{ spellmodifierdescriptionappend }}","leveltip":{"label":["Daño de Ira de la Reina","Daño de Rastreadora","Enfriamiento de Rastreadora","Enfriamiento"],"effect":["{{ unburrowedadratio*100.000000 }}% -> {{ unburrowedadrationl*100.000000 }}%","{{ e4 }} -> {{ e4NL }}","{{ e5 }} -> {{ e5NL }}","{{ cooldown }} -> {{ cooldownNL }}"]},"maxrank":5,"cooldown":[4,3.5,3,2.5,2],"cooldownBurn":"4/3.5/3/2.5/2","cost":[0,0,0,0,0],"costBurn":"0","datavalues":{},"effect":[null,[0,0,0,0,0],[0,0,0,0,0],[0,0,0,0,0],[60,95,130,165,200],[12,11.5,11,10.5,10],[5,5,5,5,5],[3,3,3,3,3],[300,300,300,300,300],[0,0,0,0,0],[0,0,0,0,0]],"effectBurn":[null,"0","0","0","60/95/130/165/200","12/11.5/11/10.5/10","5","3","300","0","0"],"vars":[],"costType":"Sin costo","maxammo":"-1","range":[325,325,325,325,325],"rangeBurn":"325","image":{"full":"RekSaiQ.png","sprite":"spell10.png","group":"spell","x":0,"y":144,"w":48,"h":48},"resource":"Sin costo"},{"id":"RekSaiW","name":"Excavar/Emerger","description":"Rek'Sai se entierra en el suelo para obtener nuevas habilidades y aumentar su velocidad de movimiento. Su alcance de visión se reduce y no puede usar ataques básicos.<br><br>Si está bajo tierra, Rek'Sai puede lanzar Emerger para lanzar por el aire e infligir daño a enemigos cercanos.","tooltip":"<keywordMajor>En la superficie:</keywordMajor> Rek'Sai se entierra en el suelo para obtener nuevas habilidades y <speed>{{ spell.reksaiw:speedbonus }} de Velocidad de Movimiento</speed>, pero no puede atacar. Tiene alcance de visión reducido, pero las posiciones de los enemigos cercanos que se mueven fuera de visión quedarán reveladas para Rek'Sai y sus aliados.{{ spellmodifierdescriptionappend }}","leveltip":{"label":["Daño de Emerger"],"effect":["{{ e2 }} -> {{ e2NL }}"]},"maxrank":5,"cooldown":[4,4,4,4,4],"cooldownBurn":"4","cost":[0,0,0,0,0],"costBurn":"0","datavalues":{},"effect":[null,[1500,1500,1500,1500,1500],[50,85,120,155,190],[0,0,0,0,0],[0,0,0,0,0],[1,1,1,1,1],[10,10,10,10,10],[250,250,250,250,250],[175,175,175,175,175],[3,3,3,3,3],[0.3,0.3,0.3,0.3,0.3]],"effectBurn":[null,"1500","50/85/120/155/190","0","0","1","10","250","175","3","0.3"],"vars":[],"costType":"Sin costo","maxammo":"-1","range":[1650,1650,1650,1650,1650],"rangeBurn":"1650","image":{"full":"RekSaiW.png","sprite":"spell10.png","group":"spell","x":48,"y":144,"w":48,"h":48},"resource":"Sin costo"},{"id":"RekSaiE","name":"Mordedura Feroz/Túnel","description":"Rek'Sai muerde a su objetivo e inflige el doble de daño y daño verdadero si tiene Furia máxima.<br><br>Si está bajo tierra, Rek'Sai crea un túnel de larga duración que puede utilizar varias veces. Los enemigos pueden destruirlo si se paran encima de cualquier entrada.","tooltip":"<scaleAD>En la superficie:</scaleAD> Rek'Sai muerde a un objetivo e inflige <physicalDamage>{{ spell.reksaie:basedamagetooltip }} de daño físico</physicalDamage>. Con el máximo de <keywordMajor>Furia</keywordMajor>, la mordida inflige <trueDamage>{{ spell.reksaie:empowereddamagetooltip }} de daño verdadero</trueDamage>.{{ spellmodifierdescriptionappend }}","leveltip":{"label":["Daño de Mordedura Feroz","Enfriamiento de lanzamiento de túnel","Enfriamiento de uso de túnel"],"effect":["{{ e1 }} -> {{ e1NL }}","{{ e9 }} -> {{ e9NL }}","{{ e8 }} -> {{ e8NL }}"]},"maxrank":5,"cooldown":[12,12,12,12,12],"cooldownBurn":"12","cost":[0,0,0,0,0],"costBurn":"0","datavalues":{},"effect":[null,[5,10,15,20,25],[0,0,0,0,0],[12,12,12,12,12],[0,0,0,0,0],[10,10,10,10,10],[8,8,8,8,8],[0,0,0,0,0],[10,8,6,4,2],[26,24,22,20,18],[0,0,0,0,0]],"effectBurn":[null,"5/10/15/20/25","0","12","0","10","8","0","10/8/6/4/2","26/24/22/20/18","0"],"vars":[],"costType":"Sin costo","maxammo":"-1","range":[250,250,250,250,250],"rangeBurn":"250","image":{"full":"RekSaiE.png","sprite":"spell10.png","group":"spell","x":96,"y":144,"w":48,"h":48},"resource":"Sin costo"},{"id":"RekSaiRWrapper","name":"Impulso del Vacío","description":"Rek'Sai marca a sus objetivos de manera pasiva al infligirles daño. Puede activar esta habilidad para volverse inalcanzable por un breve periodo y embestir a un objetivo marcado para infligir una gran cantidad de daño según su vida faltante.","tooltip":"Rek'Sai fija como objetivo a un enemigo al que le haya infligido daño en los últimos {{ preymarkduration }} seg y luego se entierra en el suelo para volverse inalcanzable. Momentos después, salta sin que la puedan detener hacia su objetivo e inflige <physicalDamage>{{ rbasedamagecalc }} más un {{ percentmissinghealthdamage }}% de su Vida faltante como daño físico</physicalDamage>.{{ spellmodifierdescriptionappend }}","leveltip":{"label":["Daño","Daño de vida faltante","Enfriamiento"],"effect":["{{ rbasedamage }} -> {{ rbasedamageNL }}","{{ percentmissinghealthdamage }}% -> {{ percentmissinghealthdamageNL }}%","{{ rcooldown }} -> {{ rcooldownNL }}"]},"maxrank":3,"cooldown":[100,90,80],"cooldownBurn":"100/90/80","cost":[0,0,0],"costBurn":"0","datavalues":{},"effect":[null,[0,0,0],[0,0,0],[0,0,0],[0,0,0],[0,0,0],[0,0,0],[0,0,0],[0,0,0],[0,0,0],[0,0,0]],"effectBurn":[null,"0","0","0","0","0","0","0","0","0","0"],"vars":[],"costType":"Sin costo","maxammo":"-1","range":[1500,1500,1500],"rangeBurn":"1500","image":{"full":"RekSaiRWrapper.png","sprite":"spell10.png","group":"spell","x":144,"y":144,"w":48,"h":48},"resource":"Sin costo"}],"passive":{"name":"Furia Xer'Sai","description":"Rek'Sai genera Furia al atacar e impactar con habilidades básicas. Consume esta Furia mientras está Bajo tierra para recuperar vida.","image":{"full":"RekSai_Passive.png","sprite":"passive3.png","group":"passive","x":144,"y":48,"w":48,"h":48}},"recommended":[]}}}