{"type":"champion","format":"standAloneComplex","version":"14.3.1","data":{"Rell":{"id":"Rell","key":"526","name":"Rell","title":"la Doncella de Hierro","image":{"full":"Rell.png","sprite":"champion3.png","group":"champion","x":192,"y":48,"w":48,"h":48},"skins":[{"id":"526000","num":0,"name":"default","chromas":false},{"id":"526001","num":1,"name":"Rell Reina Guerrera","chromas":true},{"id":"526010","num":10,"name":"Rell Guardiana Estelar","chromas":true}],"lore":"Producto de brutales experimentos realizados por la Rosa Negra, Rell es un arma viviente rebelde con la firme determinación de acabar con Noxus. Su infancia estuvo llena de miseria y horror. Tuvo que soportar procedimientos atroces para perfeccionar y convertir en un arma mortal su control mágico del metal… hasta que huyó de forma súbita y mató a muchos de sus captores en el proceso. Rell, considerada ahora una criminal, ataca a cualquier soldado noxiano que se cruce en su camino mientras busca sobrevivientes de su antigua ''academia'', defiende a los débiles y da una muerte violenta a sus antiguos supervisores.","blurb":"Producto de brutales experimentos realizados por la Rosa Negra, Rell es un arma viviente rebelde con la firme determinación de acabar con Noxus. Su infancia estuvo llena de miseria y horror. Tuvo que soportar procedimientos atroces para perfeccionar y...","allytips":[],"enemytips":[],"tags":["Tank","Support"],"partype":"Maná","info":{"attack":0,"defense":0,"magic":0,"difficulty":0},"stats":{"hp":610,"hpperlevel":104,"mp":350,"mpperlevel":45,"movespeed":330,"armor":36,"armorperlevel":4.2,"spellblock":30,"spellblockperlevel":1.85,"attackrange":175,"hpregen":7.5,"hpregenperlevel":0.85,"mpregen":6,"mpregenperlevel":0.35,"crit":0,"critperlevel":0,"attackdamage":55,"attackdamageperlevel":3,"attackspeedperlevel":1.5,"attackspeed":0.625},"spells":[{"id":"RellQ","name":"Golpe Devastador","description":"Rell inflige daño mágico a las unidades en una línea, rompe sus escudos y los aturde. ","tooltip":"Rell arroja su lanza, <status>aturde</status> a los objetivos durante {{ stunduration }} seg, destruye todos los <shield>escudos</shield> e inflige <magicDamage>{{ damage }} de daño mágico.</magicDamage>{{ spellmodifierdescriptionappend }}","leveltip":{"label":["Enfriamiento","Daño","Daño a monstruos"],"effect":["{{ cooldown }} -> {{ cooldownNL }}","{{ basedamage }} -> {{ basedamageNL }}","{{ bonusmonsterdamage }} -> {{ bonusmonsterdamageNL }}"]},"maxrank":5,"cooldown":[11,10.5,10,9.5,9],"cooldownBurn":"11/10.5/10/9.5/9","cost":[50,50,50,50,50],"costBurn":"50","datavalues":{},"effect":[null,[0,0,0,0,0],[0,0,0,0,0],[0,0,0,0,0],[0,0,0,0,0],[0,0,0,0,0],[0,0,0,0,0],[0,0,0,0,0],[0,0,0,0,0],[0,0,0,0,0],[0,0,0,0,0]],"effectBurn":[null,"0","0","0","0","0","0","0","0","0","0"],"vars":[],"costType":" de {{ abilityresourcename }}","maxammo":"-1","range":[600,600,600,600,600],"rangeBurn":"600","image":{"full":"RellQ.png","sprite":"spell10.png","group":"spell","x":192,"y":144,"w":48,"h":48},"resource":"{{ cost }} de {{ abilityresourcename }}"},{"id":"RellW_Dismount","name":"Ferromancia: Desplome","description":"Montada: Rell se desmonta y cae con fuerza en su armadura, lo que lanza por el aire a los enemigos y obtiene un escudo grande. Mientras esté desmontada, obtiene armadura, resistencia mágica, velocidad de ataque y alcance de ataque, pero queda ralentizada.<br><br>Desmontada: Rell forma su montura para obtener un aumento de velocidad y lanzar por el aire al próximo enemigo que ataque.<br><br>","tooltip":"Rell se desmonta, <status>lanza por el aire</status> a los enemigos durante {{ spell.rellw_dismount:stunduration }} seg e inflige <magicDamage>{{ spell.rellw_dismount:dismountdamage }} de daño mágico</magicDamage>. Rell obtiene <shield>{{ spell.rellw_dismount:shield }} de Escudo</shield>, cuya duración termina hasta que regresa a su montura. <br /><br />Luego Rell cambia a su forma de armadura, obtiene un <scaleArmor>{{ spell.rellw_dismount:resistanceincrease*100 }}% de Armadura</scaleArmor> y de <scaleMR>Resistencia Mágica</scaleMR> adicionales, un <attackSpeed>{{ spell.rellw_dismount:dismountedasboost*100 }}% de Velocidad de Ataque</attackSpeed> y un {{ spell.rellw_dismount:dismountedrangeboost }} de Alcance de Ataque, pero queda <status>ralentizada</status> un <slow>{{ spell.rellw_dismount:dismountedmspenalty*-100 }}%</slow>. En esta forma, puede usar <spellName>Ferromancia: Montadura</spellName>.{{ spellmodifierdescriptionappend }}","leveltip":{"label":["Daño","Cantidad de escudo","Daño de maniobra","Daño a monstruos de Ferromancia: Desplome","Daño a monstruos de Ferromancia: Montadura"],"effect":["{{ basedamage }} -> {{ basedamageNL }}","{{ shieldbase }} -> {{ shieldbaseNL }}","{{ flipattackdamagetooltiponly }} -> {{ flipattackdamagetooltiponlyNL }}","{{ bonusmonsterdamagecrashdown }} -> {{ bonusmonsterdamagecrashdownNL }}","{{ bonusmonsterdamagemountuptooltiponly }} -> {{ bonusmonsterdamagemountuptooltiponlyNL }}"]},"maxrank":5,"cooldown":[11,11,11,11,11],"cooldownBurn":"11","cost":[40,40,40,40,40],"costBurn":"40","datavalues":{},"effect":[null,[0,0,0,0,0],[0,0,0,0,0],[0,0,0,0,0],[0,0,0,0,0],[0,0,0,0,0],[0,0,0,0,0],[0,0,0,0,0],[0,0,0,0,0],[0,0,0,0,0],[0,0,0,0,0]],"effectBurn":[null,"0","0","0","0","0","0","0","0","0","0"],"vars":[],"costType":" de {{ abilityresourcename }}","maxammo":"-1","range":[450,450,450,450,450],"rangeBurn":"450","image":{"full":"RellW_Dismount.png","sprite":"spell10.png","group":"spell","x":240,"y":144,"w":48,"h":48},"resource":"{{ cost }} de {{ abilityresourcename }}"},{"id":"RellE","name":"Tilteo Total","description":"Pasiva: Rell obtiene velocidad de movimiento fuera de combate.<br><br>Activa: Rell y un aliado obtienen velocidad de movimiento progresiva que se duplica al desplazarse hacia enemigos y entre sí. Su siguiente ataque explota, lo que inflige daño mágico.<br>","tooltip":"<spellPassive>Pasiva - Celeridad Montada:</spellPassive> Rell obtiene <speed>{{ passivemovespeed }} de Velocidad de Movimiento</speed> mientras esté montada, la cual se reduce a <speed>{{ combatmstooltiponly }}</speed> en combate. <br /><br /><spellActive>Activa - Tilteo Total:</spellActive> Rell y un aliado cargan, lo que les otorga <speed>Velocidad de Movimiento progresiva hasta un {{ basems*100 }}%</speed> durante {{ duration }} seg; se duplica hasta un <speed>{{ maxms*100 }}%</speed> al desplazarse hacia los enemigos o a tu aliado objetivo.<br /><br />Además, el siguiente ataque de Rell o <spellName>Golpe Devastador</spellName> explotarán en un área, lo que inflige <magicDamage>{{ damage }} más un {{ percenthealthdamage*100 }}% de Vida Máxima como daño mágico</magicDamage>.{{ spellmodifierdescriptionappend }}","leveltip":{"label":["Daño","Velocidad de movimiento","Velocidad de movimiento máx.","Daño a monstruos"],"effect":["{{ basedamage }} -> {{ basedamageNL }}","{{ basems*100.000000 }}% -> {{ basemsnl*100.000000 }}%","{{ maxms*100.000000 }}% -> {{ maxmsnl*100.000000 }}%","{{ bonusmonsterdamage }} -> {{ bonusmonsterdamageNL }}"]},"maxrank":5,"cooldown":[15,15,15,15,15],"cooldownBurn":"15","cost":[40,40,40,40,40],"costBurn":"40","datavalues":{},"effect":[null,[0,0,0,0,0],[0,0,0,0,0],[0,0,0,0,0],[0,0,0,0,0],[0,0,0,0,0],[0,0,0,0,0],[0,0,0,0,0],[0,0,0,0,0],[0,0,0,0,0],[0,0,0,0,0]],"effectBurn":[null,"0","0","0","0","0","0","0","0","0","0"],"vars":[],"costType":" de {{ abilityresourcename }}","maxammo":"-1","range":[1200,1200,1200,1200,1200],"rangeBurn":"1200","image":{"full":"RellE.png","sprite":"spell10.png","group":"spell","x":288,"y":144,"w":48,"h":48},"resource":"{{ cost }} de {{ abilityresourcename }}"},{"id":"RellR","name":"Tormenta Magnética","description":"Rell explota con una furia magnética, la cual atrae hacia ella de forma violenta a los enemigos cercanos. Luego, Rell arrastra hacia ella a los enemigos cercanos de forma continua por un breve periodo e inflige daño mágico prolongado.","tooltip":"Rell explota con una furia magnética, lo que <status>atrae</status> hacia ella de forma violenta a los enemigos cercanos. Luego, Rell <status>arrastra</status> hacia ella a los enemigos cercanos de forma continua e inflige <magicDamage>{{ totaldamage }} de daño mágico</magicDamage> durante los próximos {{ duration }} seg.{{ spellmodifierdescriptionappend }}","leveltip":{"label":["Enfriamiento","Daño por segundo"],"effect":["{{ cooldown }} -> {{ cooldownNL }}","{{ basedamagepersecond }} -> {{ basedamagepersecondNL }}"]},"maxrank":3,"cooldown":[120,100,80],"cooldownBurn":"120/100/80","cost":[100,100,100],"costBurn":"100","datavalues":{},"effect":[null,[0,0,0],[0,0,0],[0,0,0],[0,0,0],[0,0,0],[0,0,0],[0,0,0],[0,0,0],[0,0,0],[0,0,0]],"effectBurn":[null,"0","0","0","0","0","0","0","0","0","0"],"vars":[],"costType":" de {{ abilityresourcename }}","maxammo":"-1","range":[200,200,200],"rangeBurn":"200","image":{"full":"RellR.png","sprite":"spell10.png","group":"spell","x":336,"y":144,"w":48,"h":48},"resource":"{{ cost }} de {{ abilityresourcename }}"}],"passive":{"name":"Rompemoldes","description":"Los ataques y habilidades de Rell roban armadura y resistencia mágica al impacto.","image":{"full":"RellP.png","sprite":"passive3.png","group":"passive","x":192,"y":48,"w":48,"h":48}},"recommended":[]}}}