{"type":"champion","format":"standAloneComplex","version":"14.3.1","data":{"Renata":{"id":"Renata","key":"888","name":"Renata Glasc","title":"la Quimobaronesa","image":{"full":"Renata.png","sprite":"champion3.png","group":"champion","x":240,"y":48,"w":48,"h":48},"skins":[{"id":"888000","num":0,"name":"default","chromas":false},{"id":"888001","num":1,"name":"Almirante Glasc","chromas":true},{"id":"888010","num":10,"name":"Renata Glasc Noche de Terror","chromas":true},{"id":"888020","num":20,"name":"Renata Glasc La Ilusión","chromas":true},{"id":"888021","num":21,"name":"Renata Glasc La Ilusión Prestigiosa","chromas":false}],"lore":"Renata Glasc emergió de las cenizas de su infancia con nada más que su nombre y la investigación alquímica de sus padres. En las décadas posteriores, logró convertirse en la quimobaronesa más rica de Zaun, una magnate de los negocios que fundó su imperio sumando los intereses ajenos a los propios. Si trabajas con ella, te recompensará con creces. Si trabajas en su contra, te arrepentirás toda la vida. Pero, tarde o temprano, todos se ponen de su lado.","blurb":"Renata Glasc emergió de las cenizas de su infancia con nada más que su nombre y la investigación alquímica de sus padres. En las décadas posteriores, logró convertirse en la quimobaronesa más rica de Zaun, una magnate de los negocios que fundó su...","allytips":[],"enemytips":[],"tags":["Support","Mage"],"partype":"Maná","info":{"attack":2,"defense":6,"magic":9,"difficulty":8},"stats":{"hp":545,"hpperlevel":94,"mp":350,"mpperlevel":50,"movespeed":330,"armor":27,"armorperlevel":4.7,"spellblock":30,"spellblockperlevel":1.3,"attackrange":550,"hpregen":5.5,"hpregenperlevel":0.55,"mpregen":11.5,"mpregenperlevel":0.5,"crit":0,"critperlevel":0,"attackdamage":49,"attackdamageperlevel":3,"attackspeedperlevel":2.11,"attackspeed":0.625},"spells":[{"id":"RenataQ","name":"Apretón","description":"Renata lanza un misil que inmoviliza al primer enemigo alcanzado y puede volver a lanzar la habilidad para arrojar a la unidad hacia alguna dirección.","tooltip":"Renata lanza un misil del brazo que <status>inmoviliza</status> al primer enemigo alcanzado durante {{ rootduration }} seg e inflige <magicDamage>{{ totaldamage }}</magicDamage> <magicDamage>de daño mágico</magicDamage>.<br /><br /><recast>Relanzamiento:</recast> Renata <status>lanza</status> al enemigo en una dirección, lo que inflige <magicDamage>{{ totaldamage }} de daño mágico</magicDamage> a los enemigos alcanzados y <status>aturde</status> durante {{ stunduration }} seg si la unidad lanzada es un campeón.{{ spellmodifierdescriptionappend }}","leveltip":{"label":["Daño"],"effect":["{{ damage }} -> {{ damageNL }}"]},"maxrank":5,"cooldown":[16,16,16,16,16],"cooldownBurn":"16","cost":[80,80,80,80,80],"costBurn":"80","datavalues":{},"effect":[null,[0,0,0,0,0],[0,0,0,0,0],[0,0,0,0,0],[0,0,0,0,0],[0,0,0,0,0],[0,0,0,0,0],[0,0,0,0,0],[0,0,0,0,0],[0,0,0,0,0],[0,0,0,0,0]],"effectBurn":[null,"0","0","0","0","0","0","0","0","0","0"],"vars":[],"costType":" de {{ abilityresourcename }}","maxammo":"-1","range":[900,900,900,900,900],"rangeBurn":"900","image":{"full":"RenataQ.png","sprite":"spell10.png","group":"spell","x":384,"y":144,"w":48,"h":48},"resource":"{{ cost }} de {{ abilityresourcename }}"},{"id":"RenataW","name":"Préstamo","description":"Renata le otorga una mejora a un campeón aliado para que luche con más fuerza, lo que retrasa su muerte y potencialmente le salva si consigue una baja.","tooltip":"Renata motiva a un campeón aliado, lo que le otorga un <attackSpeed>{{ ascalc }} de Velocidad de Ataque</attackSpeed> y un <speed>{{ mscalc }} de Velocidad de Movimiento</speed> hacia los enemigos, que aumenta a un <attackSpeed>{{ finalascalc }} de Velocidad de Ataque</attackSpeed> y un <speed>{{ finalmscalc }} de Velocidad de Movimiento</speed> durante {{ duration }} seg. Los derribos restablecen la duración de la mejora.<br /><br />Si el aliado está por morir, se le devuelve la vida completa, que decae a lo largo de 3 segundos.<br /><br />Si logra un derribo mientras decae, su Vida se establecerá a un <healing>{{ triumphpercent }}% de su Vida Máxima</healing> y el deterioro se detiene.<br /><br /><rules>La muerte del campeón se puede retrasar con curaciones o efectos similares mientras están en estado de deterioro, pero no se puede evitar a menos que el campeón consiga un derribo. Los campeones solo pueden retrasar su muerte una vez.</rules>{{ spellmodifierdescriptionappend }}","leveltip":{"label":["Velocidad de ataque","Velocidad de movimiento","Enfriamiento"],"effect":["{{ bonusattackspeed }}% -> {{ bonusattackspeedNL }}%","{{ bonusmovespeed }}% -> {{ bonusmovespeedNL }}%","{{ cooldown }} -> {{ cooldownNL }}"]},"maxrank":5,"cooldown":[28,27,26,25,24],"cooldownBurn":"28/27/26/25/24","cost":[80,80,80,80,80],"costBurn":"80","datavalues":{},"effect":[null,[0,0,0,0,0],[0,0,0,0,0],[0,0,0,0,0],[0,0,0,0,0],[0,0,0,0,0],[0,0,0,0,0],[0,0,0,0,0],[0,0,0,0,0],[0,0,0,0,0],[0,0,0,0,0]],"effectBurn":[null,"0","0","0","0","0","0","0","0","0","0"],"vars":[],"costType":" de {{ abilityresourcename }}","maxammo":"-1","range":[800,800,800,800,800],"rangeBurn":"800","image":{"full":"RenataW.png","sprite":"spell10.png","group":"spell","x":432,"y":144,"w":48,"h":48},"resource":"{{ cost }} de {{ abilityresourcename }}"},{"id":"RenataE","name":"Cliente Frecuente","description":"Renata lanza un par de misiles Quimtech que otorgan un escudo a los aliados e infligen daño y ralentizan a los enemigos alcanzados.","tooltip":"Renata lanza un par de misiles Quimtech que infligen <magicDamage>{{ totaldamage }} de daño mágico</magicDamage> y <status>ralentizan</status> a los enemigos cercanos y alcanzados en un 30% durante {{ slowduration }} segundos. Los aliados alcanzados obtienen un <shield>Escudo de {{ shieldcalc }}</shield> durante {{ shieldduration }} seg.{{ spellmodifierdescriptionappend }}","leveltip":{"label":["Daño","Enfriamiento","Cantidad de escudo","Costo de @AbilityResourceName@"],"effect":["{{ damage }} -> {{ damageNL }}","{{ cooldown }} -> {{ cooldownNL }}","{{ shieldvalue }} -> {{ shieldvalueNL }}","{{ basecost }} -> {{ basecostNL }}"]},"maxrank":5,"cooldown":[14,13,12,11,10],"cooldownBurn":"14/13/12/11/10","cost":[70,80,90,100,110],"costBurn":"70/80/90/100/110","datavalues":{},"effect":[null,[0,0,0,0,0],[0,0,0,0,0],[0,0,0,0,0],[0,0,0,0,0],[0,0,0,0,0],[0,0,0,0,0],[0,0,0,0,0],[0,0,0,0,0],[0,0,0,0,0],[0,0,0,0,0]],"effectBurn":[null,"0","0","0","0","0","0","0","0","0","0"],"vars":[],"costType":" de {{ abilityresourcename }}","maxammo":"-1","range":[800,800,800,800,800],"rangeBurn":"800","image":{"full":"RenataE.png","sprite":"spell11.png","group":"spell","x":0,"y":0,"w":48,"h":48},"resource":"{{ cost }} de {{ abilityresourcename }}"},{"id":"RenataR","name":"Asuntos Pendientes","description":"Renata lanza una ola de químicos que causa que los enemigos alcanzados se pongan Frenéticos.","tooltip":"Renata lanza una ola de químicos, lo que causa que los enemigos se pongan <status>Frenéticos</status> durante {{ berserkduration }} seg y ataquen a la unidad más cercana, priorizando a sus aliados.<br /><br />Mientras están <status>Frenéticos</status>, los enemigos obtienen un <attackSpeed>{{ bonusattackspeed*100 }}% de Velocidad de Ataque</attackSpeed>.{{ spellmodifierdescriptionappend }}","leveltip":{"label":["Enfriamiento","Duración"],"effect":["{{ cooldown }} -> {{ cooldownNL }}","{{ berserkduration }} -> {{ berserkdurationNL }}"]},"maxrank":3,"cooldown":[150,130,110],"cooldownBurn":"150/130/110","cost":[100,100,100],"costBurn":"100","datavalues":{},"effect":[null,[0,0,0],[0,0,0],[0,0,0],[0,0,0],[0,0,0],[0,0,0],[0,0,0],[0,0,0],[0,0,0],[0,0,0]],"effectBurn":[null,"0","0","0","0","0","0","0","0","0","0"],"vars":[],"costType":" de {{ abilityresourcename }}","maxammo":"-1","range":[2000,2000,2000],"rangeBurn":"2000","image":{"full":"RenataR.png","sprite":"spell11.png","group":"spell","x":48,"y":0,"w":48,"h":48},"resource":"{{ cost }} de {{ abilityresourcename }}"}],"passive":{"name":"Ventaja","description":"Los ataques de Renata infligen daño adicional y marcan a los enemigos. Los aliados de Renata pueden atacar a los enemigos marcados para infligir daño adicional.","image":{"full":"Renata_P.png","sprite":"passive3.png","group":"passive","x":240,"y":48,"w":48,"h":48}},"recommended":[]}}}