{"type":"champion","format":"standAloneComplex","version":"14.3.1","data":{"Renekton":{"id":"Renekton","key":"58","name":"Renekton","title":"el Carnicero de las Arenas","image":{"full":"Renekton.png","sprite":"champion3.png","group":"champion","x":288,"y":48,"w":48,"h":48},"skins":[{"id":"58000","num":0,"name":"default","chromas":false},{"id":"58001","num":1,"name":"Renekton Galáctico","chromas":false},{"id":"58002","num":2,"name":"Renekton de los Yermos","chromas":false},{"id":"58003","num":3,"name":"Renekton Furiasangre","chromas":false},{"id":"58004","num":4,"name":"Renekton Guerras Rúnicas","chromas":false},{"id":"58005","num":5,"name":"Renekton Tierra Calcinada","chromas":false},{"id":"58006","num":6,"name":"Renekton Veraniego","chromas":false},{"id":"58007","num":7,"name":"Renekton Prehistórico","chromas":false},{"id":"58008","num":8,"name":"Renekton SKT T1","chromas":false},{"id":"58009","num":9,"name":"Renekton Figura de Acción","chromas":true},{"id":"58017","num":17,"name":"Renekton Hextech","chromas":false},{"id":"58018","num":18,"name":"Renekton Escarcha Negra","chromas":true},{"id":"58026","num":26,"name":"PROYECTO: Renekton","chromas":true},{"id":"58033","num":33,"name":"Renekton Portador del Amanecer","chromas":true},{"id":"58042","num":42,"name":"Renekton Worlds 2023","chromas":true}],"lore":"Renekton es una terrorífica criatura Ascendida movida por la ira y procedente de los desiertos abrasadores de Shurima. Antaño fue el guerrero más admirado del imperio, un líder que condujo a los ejércitos shurimanos a incontables victorias. Sin embargo, tras la caída del imperio, Renekton quedó sepultado bajo las arenas, donde lentamente sucumbió a la locura mientras el mundo seguía girando y cambiando. Ahora, libre de nuevo, le carcome el ansia de hallar a su hermano Nasus y acabar con él, pues lo culpa en su locura de los siglos pasados entre las tinieblas.","blurb":"Renekton es una terrorífica criatura Ascendida movida por la ira y procedente de los desiertos abrasadores de Shurima. Antaño fue el guerrero más admirado del imperio, un líder que condujo a los ejércitos shurimanos a incontables victorias. Sin embargo...","allytips":["Cortar y Trocear sobresale en las maniobras de hostigamiento. Entra con Cortar. A continuación, utiliza otra habilidad y vuelve a utilizar Trocear para volver a lugar seguro.","Sacrifica al Débil requiere una gran cantidad de vida si se usa en el fragor del combate. Puedes utilizarlo para engañar a los rivales y que piensen que estás más débil de lo que estás.","La Reducción de Enfriamiento le viene muy bien a Renekton ya que le permite acumular rápidamente y utilizar su Furia."],"enemytips":["Presta mucha atención al medidor de Furia de Renekton, ya que suele indicar cuándo está a punto de atacar.","Impedir que Renekton luche y consiga Furia hostigándolo sin cesar reducirá muchísimo la efectividad de sus habilidades."],"tags":["Fighter","Tank"],"partype":"Furia","info":{"attack":8,"defense":5,"magic":2,"difficulty":3},"stats":{"hp":660,"hpperlevel":111,"mp":100,"mpperlevel":0,"movespeed":345,"armor":35,"armorperlevel":5.2,"spellblock":28,"spellblockperlevel":2.05,"attackrange":125,"hpregen":8,"hpregenperlevel":0.75,"mpregen":0,"mpregenperlevel":0,"crit":0,"critperlevel":0,"attackdamage":69,"attackdamageperlevel":4.15,"attackspeedperlevel":2.75,"attackspeed":0.665},"spells":[{"id":"RenektonCleave","name":"Sacrifica al Débil","description":"Renekton blande su filo, infligiendo una cantidad moderada de daño a todos los objetivos que lo rodean y recibe una curación equivalente a una pequeña parte del daño infligido. Si tiene más de 50 puntos de Furia, aumentan su daño y su curación.","tooltip":"Renekton ataca con su cuchilla, lo que inflige <physicalDamage>{{ basicdamage }} de daño físico</physicalDamage> y le restaura <healing>{{ nonchamphealing }} de Vida</healing> por cada golpe contra unidades que no sean campeones y <healing>{{ champhealing }}</healing> por cada golpe contra campeones (máx. <healing>{{ e4 }} de Vida</healing>). También genera <keywordMajor>2.5 de Furia</keywordMajor> contra unidades que no sean campeones y <keywordMajor>10 de Furia</keywordMajor> contra campeones (máx. <keywordMajor>30 de Furia</keywordMajor>).<br /><br /><keywordMajor>Efecto con Furia</keywordMajor>: El daño aumenta a <physicalDamage>{{ empdamage }} de daño físico</physicalDamage> y la curación aumenta a <healing>{{ empnonchamphealing }} de Vida</healing> contra unidades que no sean campeones y <healing>{{ empchamphealing }} de Vida</healing> contra campeones (máx. <healing>{{ e9 }} de Vida</healing>). No genera <keywordMajor>Furia</keywordMajor>.{{ spellmodifierdescriptionappend }}","leveltip":{"label":["Daño","Ganancia de Vida Máxima","Daño de Furia"],"effect":["{{ e1 }} -> {{ e1NL }}","{{ e9 }} -> {{ e9NL }}","{{ e6 }} -> {{ e6NL }}"]},"maxrank":5,"cooldown":[7,7,7,7,7],"cooldownBurn":"7","cost":[0,0,0,0,0],"costBurn":"0","datavalues":{},"effect":[null,[60,90,120,150,180],[2,3,4,5,6],[0.02,0.02,0.02,0.02,0.02],[50,75,100,125,150],[400,400,400,400,400],[90,135,180,225,270],[6,9,12,15,18],[0.06,0.06,0.06,0.06,0.06],[200,300,400,500,600],[0,0,0,0,0]],"effectBurn":[null,"60/90/120/150/180","2/3/4/5/6","0.02","50/75/100/125/150","400","90/135/180/225/270","6/9/12/15/18","0.06","200/300/400/500/600","0"],"vars":[],"costType":"Sin costo","maxammo":"-1","range":[325,325,325,325,325],"rangeBurn":"325","image":{"full":"RenektonCleave.png","sprite":"spell11.png","group":"spell","x":96,"y":0,"w":48,"h":48},"resource":"Sin costo"},{"id":"RenektonPreExecute","name":"Depredador Implacable","description":"Renekton corta dos veces a su objetivo, lo cual inflige daño físico moderado y lo aturde durante 0.75 seg. Si Renekton tiene más de 50 de Furia, cortará a su objetivo tres veces y destruirá los escudos contra daño del objetivo, lo que infligirá daño físico alto y lo aturdirá durante 1.5 seg.","tooltip":"El siguiente ataque de Renekton impacta dos veces, <status>aturde</status> durante {{ e3 }} seg e inflige un total de <physicalDamage>{{ basictotaldamage }} de daño físico</physicalDamage>. Impactar a un campeón genera <keywordMajor>{{ e7 }} de Furia</keywordMajor> adicional.<br /><br /><keywordMajor>Efecto adicional de Furia</keywordMajor>: Renekton ataca 3 veces para destruir <shield>escudos</shield> antes de infligir <physicalDamage>{{ emptotaldamage }} de daño físico</physicalDamage> y <status>aturdir</status> durante {{ e4 }} seg. No genera <keywordMajor>Furia</keywordMajor>.{{ spellmodifierdescriptionappend }}","leveltip":{"label":["Daño","Daño adicional","Enfriamiento"],"effect":["{{ e5 }} -> {{ e5NL }}","{{ e6 }} -> {{ e6NL }}","{{ cooldown }} -> {{ cooldownNL }}"]},"maxrank":5,"cooldown":[16,14,12,10,8],"cooldownBurn":"16/14/12/10/8","cost":[0,0,0,0,0],"costBurn":"0","datavalues":{},"effect":[null,[5,20,35,50,65],[0.75,0.75,0.75,0.75,0.75],[0.75,0.75,0.75,0.75,0.75],[1.5,1.5,1.5,1.5,1.5],[10,40,70,100,130],[15,60,105,150,195],[10,10,10,10,10],[0,0,0,0,0],[0,0,0,0,0],[0,0,0,0,0]],"effectBurn":[null,"5/20/35/50/65","0.75","0.75","1.5","10/40/70/100/130","15/60/105/150/195","10","0","0","0"],"vars":[],"costType":"Sin costo","maxammo":"-1","range":[300,300,300,300,300],"rangeBurn":"300","image":{"full":"RenektonPreExecute.png","sprite":"spell11.png","group":"spell","x":144,"y":0,"w":48,"h":48},"resource":"Sin costo"},{"id":"RenektonSliceAndDice","name":"Cortar y Trocear","description":"Renekton se arroja hacia la dirección marcada, causando daño a todas las unidades que se encuentre en el camino. Si está potenciado, Renekton inflige daño adicional y reduce la Armadura de los enemigos impactados.","tooltip":"Renekton se desplaza e inflige <physicalDamage>{{ basicdamage }} de daño físico</physicalDamage>. Genera <keywordMajor>{{ e4 }} de Furia</keywordMajor> por unidades que no sean campeones y <keywordMajor>{{ e5 }} de Furia</keywordMajor> por campeón alcanzado. Golpear al menos a un enemigo le permite a Renekton <recast>volver a lanzar</recast> esta habilidad una vez durante {{ e8 }} seg. <br /><br /><keywordMajor>Efecto con Furia</keywordMajor>: <recast>Volver a lanzar</recast> el desplazamiento inflige <physicalDamage>{{ empdamage }} de daño físico</physicalDamage> y elimina un <scaleArmor>{{ e2 }}% de Armadura</scaleArmor> durante {{ e9 }} seg. No genera <keywordMajor>Furia</keywordMajor>.{{ spellmodifierdescriptionappend }}","leveltip":{"label":["Daño adicional","% Reducción de Armadura","Enfriamiento"],"effect":["{{ e1 }} -> {{ e1NL }}","{{ e2 }}% -> {{ e2NL }}%","{{ cooldown }} -> {{ cooldownNL }}"]},"maxrank":5,"cooldown":[16,15,14,13,12],"cooldownBurn":"16/15/14/13/12","cost":[0,0,0,0,0],"costBurn":"0","datavalues":{},"effect":[null,[40,70,100,130,160],[25,27.5,30,32.5,35],[70,115,160,205,250],[2,2,2,2,2],[10,10,10,10,10],[0.9,0.9,0.9,0.9,0.9],[1.35,1.35,1.35,1.35,1.35],[4,4,4,4,4],[4,4,4,4,4],[30,30,30,30,30]],"effectBurn":[null,"40/70/100/130/160","25/27.5/30/32.5/35","70/115/160/205/250","2","10","0.9","1.35","4","4","30"],"vars":[],"costType":"Sin costo","maxammo":"-1","range":[450,450,450,450,450],"rangeBurn":"450","image":{"full":"RenektonSliceAndDice.png","sprite":"spell11.png","group":"spell","x":192,"y":0,"w":48,"h":48},"resource":"Sin costo"},{"id":"RenektonReignOfTheTyrant","name":"Dominus","description":"Renekton se transforma en tirano, ganando Vida adicional y causando daño a los enemigos que lo rodean. Mientras está en esta forma, Renekton gana Furia periódicamente.","tooltip":"Renekton se rodea de energía oscura durante {{ buffduration }} seg, lo que le otorga <healing>{{ healthgain }} de Vida Máxima</healing> y <keywordMajor>{{ furyoncast }} de Furia</keywordMajor>. Mientras el efecto está activo, inflige <magicDamage>{{ totaldamagepersecond }} de daño mágico</magicDamage> y obtiene <keywordMajor>{{ furypersecond }} de Furia</keywordMajor> por segundo.{{ spellmodifierdescriptionappend }}","leveltip":{"label":["Vida adicional","Daño por segundo","Enfriamiento"],"effect":["{{ healthgain }} -> {{ healthgainNL }}","{{ auradamagepersecond }} -> {{ auradamagepersecondNL }}","{{ cooldown }} -> {{ cooldownNL }}"]},"maxrank":3,"cooldown":[120,100,80],"cooldownBurn":"120/100/80","cost":[0,0,0],"costBurn":"0","datavalues":{},"effect":[null,[0,0,0],[0,0,0],[0,0,0],[0,0,0],[0,0,0],[0,0,0],[0,0,0],[0,0,0],[0,0,0],[0,0,0]],"effectBurn":[null,"0","0","0","0","0","0","0","0","0","0"],"vars":[],"costType":"Sin costo","maxammo":"-1","range":[20,20,20],"rangeBurn":"20","image":{"full":"RenektonReignOfTheTyrant.png","sprite":"spell11.png","group":"spell","x":240,"y":0,"w":48,"h":48},"resource":"Sin costo"}],"passive":{"name":"Reino de la Ira","description":"Los ataques de Renekton generan Furia. El efecto se potencia al tener poca vida. Esta Furia puede potenciar sus habilidades con efectos adicionales.","image":{"full":"Renekton_Passive.png","sprite":"passive3.png","group":"passive","x":288,"y":48,"w":48,"h":48}},"recommended":[]}}}