{"type":"champion","format":"standAloneComplex","version":"14.3.1","data":{"Rengar":{"id":"Rengar","key":"107","name":"Rengar","title":"el Orgullo Acechante","image":{"full":"Rengar.png","sprite":"champion3.png","group":"champion","x":336,"y":48,"w":48,"h":48},"skins":[{"id":"107000","num":0,"name":"default","chromas":false},{"id":"107001","num":1,"name":"Rengar Cazador de Cabezas","chromas":true},{"id":"107002","num":2,"name":"Rengar Cazador Nocturno","chromas":false},{"id":"107003","num":3,"name":"Rengar SSW","chromas":false},{"id":"107008","num":8,"name":"Rengar Mecha","chromas":true},{"id":"107015","num":15,"name":"Rengar Gatito Miau","chromas":true},{"id":"107023","num":23,"name":"Rengar Guardián de las Arenas","chromas":true},{"id":"107030","num":30,"name":"Rengar Centinela","chromas":true},{"id":"107040","num":40,"name":"Rengar Demonios Callejeros","chromas":true}],"lore":"Rengar es un feroz vastaya cazador de trofeos que vive para sentir la emoción de rastrear y asesinar a criaturas peligrosas. Recorre el mundo en búsqueda de las bestias más salvajes que puede encontrar y en particular persigue cualquier rastro de Kha'Zix, la criatura del vacío que le arrancó el ojo. Rengar caza a sus presas no para alimentarse ni por la gloria, sino simplemente por la belleza de la persecución.","blurb":"Rengar es un feroz vastaya cazador de trofeos que vive para sentir la emoción de rastrear y asesinar a criaturas peligrosas. Recorre el mundo en búsqueda de las bestias más salvajes que puede encontrar y en particular persigue cualquier rastro de...","allytips":["Usa la habilidad definitiva de Rengar para encontrar y asesinar a los objetivos prioritarios en los combates en equipo y en las escaramuzas.","Gran parte del poder de Rengar proviene de habilidades potenciadas que usa en el momento adecuado. ¡Elige bien!","Asegúrate de moverte entre la maleza al perseguir a tus oponentes para aprovechar la habilidad pasiva de Rengar."],"enemytips":["Rengar obtiene una habilidad potenciada cuando su barra de recurso está llena. Trata de enfrentarlo cuando esté baja.","La pasiva de Rengar le permite salir de un salto de la maleza, así que evita pelear con él cerca de los arbustos.","Rengar coloca un indicador sobre el campeón enemigo más cercano cuando está usando camuflaje durante su definitiva."],"tags":["Assassin","Fighter"],"partype":"Ferocidad","info":{"attack":7,"defense":4,"magic":2,"difficulty":8},"stats":{"hp":590,"hpperlevel":104,"mp":4,"mpperlevel":0,"movespeed":345,"armor":34,"armorperlevel":4.2,"spellblock":32,"spellblockperlevel":2.05,"attackrange":125,"hpregen":6,"hpregenperlevel":0.5,"mpregen":0,"mpregenperlevel":0,"crit":0,"critperlevel":0,"attackdamage":68,"attackdamageperlevel":3,"attackspeedperlevel":3,"attackspeed":0.667},"spells":[{"id":"RengarQ","name":"Fiereza","description":"El siguiente ataque de Rengar apuñala brutalmente a su objetivo y le inflige daño adicional.<br><br>Efecto de Ferocidad: inflige daño aumentado y otorga velocidad de ataque.","tooltip":"Los siguientes 2 Ataques de Rengar obtienen un <attackSpeed>{{ e5 }}% de Velocidad de Ataque</attackSpeed>. El primer ataque es un golpe crítico que inflige <physicalDamage>{{ F4 }} (%i:scaleAD%%i:scaleCrit%) de daño físico</physicalDamage>.<br /><br /><keywordMajor>Máximo de Ferocidad:</keywordMajor> El primer Ataque asesta un golpe crítico que inflige <physicalDamage>{{ F5 }} (%i:scaleLevel%%i:scaleAD%%i:scaleCrit%) de daño físico</physicalDamage> y le otorga a Rengar <attackSpeed>{{ empoweredqas }} de Velocidad de Ataque</attackSpeed> durante {{ e3 }} seg.{{ spellmodifierdescriptionappend }}","leveltip":{"label":["Daño","Tasa de DA total","Enfriamiento"],"effect":["{{ e1 }} -> {{ e1NL }}","{{ e2 }}% -> {{ e2NL }}%","{{ ammorechargetime }} -> {{ ammorechargetimeNL }}"]},"maxrank":5,"cooldown":[0.25,0.25,0.25,0.25,0.25],"cooldownBurn":"0.25","cost":[0,0,0,0,0],"costBurn":"0","datavalues":{},"effect":[null,[30,60,90,120,150],[100,105,110,115,120],[5,5,5,5,5],[5,5,5,5,5],[40,40,40,40,40],[3,3,3,3,3],[0.2,0.3,0.4,0.5,0.6],[0,0,0,0,0],[0,0,0,0,0],[0,0,0,0,0]],"effectBurn":[null,"30/60/90/120/150","100/105/110/115/120","5","5","40","3","0.2/0.3/0.4/0.5/0.6","0","0","0"],"vars":[],"costType":"Genera 1 de Ferocidad","maxammo":"1","range":[450,450,450,450,450],"rangeBurn":"450","image":{"full":"RengarQ.png","sprite":"spell11.png","group":"spell","x":288,"y":0,"w":48,"h":48},"resource":"Genera 1 de Ferocidad"},{"id":"RengarW","name":"Rugido de Batalla","description":"Rengar desata un rugido de batalla, daña a los enemigos cercanos y se cura un poco del daño que haya recibido recientemente.<br><br>Efecto de Ferocidad: Además, elimina los efectos de control de masas sobre él.","tooltip":"Rengar ruge para infligir <magicDamage>{{ totaldamage }} de daño mágico</magicDamage> a enemigos cercanos y restaurar un <healing>{{ damagepercentagehealed }}%</healing> del daño recibido en los últimos {{ e3 }} seg como Vida.<br /><br /><keywordMajor>Máximo de Ferocidad:</keywordMajor> Inflige <magicDamage>{{ totaldamageempowered }} de daño mágico</magicDamage> y también purifica a Rengar de los efectos de control de masas.{{ spellmodifierdescriptionappend }}","leveltip":{"label":["Daño","Enfriamiento"],"effect":["{{ basedamage }} -> {{ basedamageNL }}","{{ ammorechargetime }} -> {{ ammorechargetimeNL }}"]},"maxrank":5,"cooldown":[0.25,0.25,0.25,0.25,0.25],"cooldownBurn":"0.25","cost":[0,0,0,0,0],"costBurn":"0","datavalues":{},"effect":[null,[0,0,0,0,0],[50,50,50,50,50],[1.5,1.5,1.5,1.5,1.5],[1.5,1.5,1.5,1.5,1.5],[100,100,100,100,100],[0,0,0,0,0],[0,0,0,0,0],[0,0,0,0,0],[0,0,0,0,0],[0,0,0,0,0]],"effectBurn":[null,"0","50","1.5","1.5","100","0","0","0","0","0"],"vars":[],"costType":"Genera 1 de Ferocidad","maxammo":"1","range":[450,450,450,450,450],"rangeBurn":"450","image":{"full":"RengarW.png","sprite":"spell11.png","group":"spell","x":336,"y":0,"w":48,"h":48},"resource":"Genera 1 de Ferocidad"},{"id":"RengarE","name":"Boleadoras","description":"Rengar arroja su boleadora, lo que ralentiza al primer objetivo alcanzado por un breve periodo.<br><br>Efecto de Ferocidad: enraíza al objetivo.","tooltip":"Rengar arroja una Boleadora que inflige <physicalDamage>{{ totaldamage }} de daño físico</physicalDamage> al primer enemigo alcanzado, lo revela y <status>ralentiza</status> en un {{ e2 }}% durante {{ e3 }} seg.<br /><br /><keywordMajor>Ferocidad máxima:</keywordMajor> inflige <physicalDamage>{{ totalempowereddamage }} de daño físico</physicalDamage> e <status>inmoviliza</status> durante {{ e4 }} seg.{{ spellmodifierdescriptionappend }}","leveltip":{"label":["Daño","Ralentización"],"effect":["{{ e1 }} -> {{ e1NL }}","{{ e2 }}% -> {{ e2NL }}%"]},"maxrank":5,"cooldown":[0.25,0.25,0.25,0.25,0.25],"cooldownBurn":"0.25","cost":[0,0,0,0,0],"costBurn":"0","datavalues":{},"effect":[null,[55,100,145,190,235],[30,45,60,75,90],[1.75,1.75,1.75,1.75,1.75],[1.75,1.75,1.75,1.75,1.75],[0,0,0,0,0],[0,0,0,0,0],[0,0,0,0,0],[0,0,0,0,0],[0,0,0,0,0],[0,0,0,0,0]],"effectBurn":[null,"55/100/145/190/235","30/45/60/75/90","1.75","1.75","0","0","0","0","0","0"],"vars":[],"costType":"Genera 1 de Ferocidad","maxammo":"1","range":[1000,1000,1000,1000,1000],"rangeBurn":"1000","image":{"full":"RengarE.png","sprite":"spell11.png","group":"spell","x":384,"y":0,"w":48,"h":48},"resource":"Genera 1 de Ferocidad"},{"id":"RengarR","name":"Adrenalina del Cazador","description":"El instinto de cazador de Rengar lo domina. Entra en <font color='#cd90ee'>camuflaje</font> y revela al campeón enemigo más cercano en un amplio radio a su alrededor. Durante Adrenalina del Cazador, Rengar obtiene velocidad de movimiento y puede abalanzarse contra el enemigo rastreado sin estar en la maleza, con lo que reduce su armadura.","tooltip":"<spellPassive>Pasiva:</spellPassive> Rengar también saltará para atacar al estar en <keywordStealth>Camuflaje</keywordStealth>.<br /><br /><spellActive>Activa:</spellActive> Rengar obtiene un <speed>{{ stealthms }}% de Velocidad de Movimiento</speed> y <keywordStealth>Visión Verdadera</keywordStealth> en un área pequeña alrededor del campeón enemigo más cercano durante {{ stealthduration }} seg.<br /><br />Después de {{ fadetime }} seg, Rengar obtiene <keywordStealth>Camuflaje</keywordStealth> y puede saltar sin estar en la maleza. Saltar hacia el campeón más cercano inflige <physicalDamage>{{ bonusdamage }} de daño físico</physicalDamage> adicional, reduce <scaleArmor>{{ armorshred }} de Armadura</scaleArmor> durante {{ armorshredduration }} seg y finaliza esta habilidad.{{ spellmodifierdescriptionappend }}","leveltip":{"label":["Reducción de armadura","Duración","Velocidad de movimiento","Alcance de Rastreo","Enfriamiento"],"effect":["{{ armorshred }} -> {{ armorshredNL }}","{{ stealthduration }} -> {{ stealthdurationNL }}","{{ stealthms }}% -> {{ stealthmsNL }}%","{{ selfvisionrange }} -> {{ selfvisionrangeNL }}","{{ cooldown }} -> {{ cooldownNL }}"]},"maxrank":3,"cooldown":[110,100,90],"cooldownBurn":"110/100/90","cost":[0,0,0],"costBurn":"0","datavalues":{},"effect":[null,[0,0,0],[0,0,0],[0,0,0],[0,0,0],[0,0,0],[0,0,0],[0,0,0],[0,0,0],[0,0,0],[0,0,0]],"effectBurn":[null,"0","0","0","0","0","0","0","0","0","0"],"vars":[],"costType":"Sin costo","maxammo":"-1","range":[2500,3000,3500],"rangeBurn":"2500/3000/3500","image":{"full":"RengarR.png","sprite":"spell11.png","group":"spell","x":432,"y":0,"w":48,"h":48},"resource":"Sin costo"}],"passive":{"name":"Depredador Invisible","description":"Al estar en la maleza, Rengar salta hacia su objetivo con su ataque básico.<br><br>Rengar genera Ferocidad cuando lanza una habilidad. Al alcanzar el máximo de Ferocidad, su siguiente habilidad es potenciada.<br><br>Matar campeones enemigos le añade trofeos al <font color='#BBFFFF'>Collar de Dientehueso</font> de Rengar, lo que le otorga daño de ataque adicional.","image":{"full":"Rengar_P.png","sprite":"passive3.png","group":"passive","x":336,"y":48,"w":48,"h":48}},"recommended":[]}}}