{"type":"champion","format":"standAloneComplex","version":"14.3.1","data":{"Riven":{"id":"Riven","key":"92","name":"Riven","title":"la Desterrada","image":{"full":"Riven.png","sprite":"champion3.png","group":"champion","x":384,"y":48,"w":48,"h":48},"skins":[{"id":"92000","num":0,"name":"default","chromas":false},{"id":"92001","num":1,"name":"Riven Redimida","chromas":false},{"id":"92002","num":2,"name":"Riven Élite Carmesí","chromas":false},{"id":"92003","num":3,"name":"Riven Conejita Guerrera","chromas":true},{"id":"92004","num":4,"name":"Riven Worlds 2012","chromas":false},{"id":"92005","num":5,"name":"Riven Espadragón","chromas":true},{"id":"92006","num":6,"name":"Riven de Arcadia","chromas":true},{"id":"92007","num":7,"name":"Riven Worlds 2012 Reactivada","chromas":true},{"id":"92016","num":16,"name":"Riven Portadora del Amanecer","chromas":true},{"id":"92018","num":18,"name":"Riven Pulso de Fuego","chromas":true},{"id":"92020","num":20,"name":"Riven Espada Valiente","chromas":false},{"id":"92022","num":22,"name":"Riven Espada Valiente Prestigiosa","chromas":false},{"id":"92023","num":23,"name":"Riven Flor Espiritual","chromas":true},{"id":"92034","num":34,"name":"Riven Centinela","chromas":true},{"id":"92044","num":44,"name":"Riven Conejita Guerrera Suprema","chromas":true},{"id":"92045","num":45,"name":"Riven Espada Valiente Prestigiosa (2022)","chromas":false},{"id":"92055","num":55,"name":"Riven Pacto Quebrantado","chromas":true},{"id":"92063","num":63,"name":"Riven Emboscada Primigenia","chromas":true}],"lore":"Riven, que anteriormente era una líder de los guerreros de Noxus, está exiliada en una tierra que alguna vez intentó conquistar. Ascendió por los rangos con la fuerza de su convicción y brutal eficiencia, lo cual la recompensó con su legendaria espada rúnica y una tropa propia. Sin embargo, en el frente jonio, la fe de Riven en su tierra fue puesta a prueba y finalmente se quebró. Cortó todos sus lazos con el imperio y ahora busca encontrar su lugar en un mundo en pedazos, incluso con rumores que mencionan que Noxus ha sido reforjado...","blurb":"Riven, que anteriormente era una líder de los guerreros de Noxus, está exiliada en una tierra que alguna vez intentó conquistar. Ascendió por los rangos con la fuerza de su convicción y brutal eficiencia, lo cual la recompensó con su legendaria espada...","allytips":["Alas Rotas de Riven se fija en el campeón sobre el que tengas el cursor al empezar el lanzamiento. Si quieres moverte al otro lado de tu oponente, asegúrate de que tu cursor esté también al otro lado de tu oponente.","Riven carece de una fuente de curación o de una defensa férrea, por lo que debe compensar con combos de estallido. Entra en los combates con Alas Rotas y Estallido de Ki, dejando Valor para escapar y absorber contraataques."],"enemytips":["Riven tiene mucha movilidad, pero no puede avanzar demasiado con ninguna habilidad. Enraizarla o silenciarla durante su combinación reducirá notablemente su efectividad.","Todo el daño de Riven es físico, así que conviene priorizar la Armadura si una Riven rival se descontrola.","Riven se enfrenta de maravilla a múltiples atacantes cuerpo a cuerpo a la vez, dado que a nivel de daño estará casi al mismo nivel. Si van en pareja por Riven, no lo hagan como un doble ataque cuerpo a cuerpo hasta que haya gastado su combinación entera."],"tags":["Fighter","Assassin"],"partype":"Ninguno","info":{"attack":8,"defense":5,"magic":1,"difficulty":8},"stats":{"hp":630,"hpperlevel":100,"mp":0,"mpperlevel":0,"movespeed":340,"armor":33,"armorperlevel":4.4,"spellblock":32,"spellblockperlevel":2.05,"attackrange":125,"hpregen":8.5,"hpregenperlevel":0.5,"mpregen":0,"mpregenperlevel":0,"crit":0,"critperlevel":0,"attackdamage":64,"attackdamageperlevel":3,"attackspeedperlevel":3.5,"attackspeed":0.625},"spells":[{"id":"RivenTriCleave","name":"Alas Rotas","description":"Riven lanza una serie de golpes. Esta habilidad puede reactivarse tres veces en poco tiempo. El tercer impacto hará retroceder a los enemigos cercanos.","tooltip":"Riven se desplaza hacia adelante e inflige <physicalDamage>{{ firstslashdamage }} de daño físico</physicalDamage>. Puede <recast>volver a lanzar</recast> esta habilidad dos veces. El primer <recast>relanzamiento</recast> es igual que el original, pero el segundo tiene un efecto diferente:<br /><br /><recast>Relanzamiento</recast>: Riven salta hacia adelante y golpea, lo que inflige <physicalDamage>{{ firstslashdamage }} de daño físico</physicalDamage> y <status>lanza por el aire</status> a los enemigos cercanos durante 0.75 seg.{{ spellmodifierdescriptionappend }}","leveltip":{"label":["Daño","Tasa de daño de ataque"],"effect":["{{ e1 }} -> {{ e1NL }}","{{ e5 }}% -> {{ e5NL }}%"]},"maxrank":5,"cooldown":[13,13,13,13,13],"cooldownBurn":"13","cost":[0,0,0,0,0],"costBurn":"0","datavalues":{},"effect":[null,[15,35,55,75,95],[30,55,80,105,130],[150,225,300,375,450],[2,2,2,2,2],[50,55,60,65,70],[0,0,0,0,0],[0,0,0,0,0],[0,0,0,0,0],[0,0,0,0,0],[0,0,0,0,0]],"effectBurn":[null,"15/35/55/75/95","30/55/80/105/130","150/225/300/375/450","2","50/55/60/65/70","0","0","0","0","0"],"vars":[],"costType":"Sin costo","maxammo":"-1","range":[275,275,275,275,275],"rangeBurn":"275","image":{"full":"RivenTriCleave.png","sprite":"spell11.png","group":"spell","x":0,"y":48,"w":48,"h":48},"resource":"Sin costo"},{"id":"RivenMartyr","name":"Estallido de Ki","description":"Riven emite un Estallido de Ki que daña y aturde a los enemigos cercanos.","tooltip":"La espada de Riven emite una explosión de energía rúnica, lo que inflige <physicalDamage>{{ totaldamage }} de daño físico</physicalDamage> y <status>aturde</status> durante {{ e5 }} seg.{{ spellmodifierdescriptionappend }}","leveltip":{"label":["Daño","Enfriamiento"],"effect":["{{ e1 }} -> {{ e1NL }}","{{ cooldown }} -> {{ cooldownNL }}"]},"maxrank":5,"cooldown":[11,10,9,8,7],"cooldownBurn":"11/10/9/8/7","cost":[0,0,0,0,0],"costBurn":"0","datavalues":{},"effect":[null,[65,95,125,155,185],[40,70,100,130,160],[3,3,3,3,3],[0.75,0.75,0.75,0.75,0.75],[0.75,0.75,0.75,0.75,0.75],[0,0,0,0,0],[0,0,0,0,0],[0,0,0,0,0],[0,0,0,0,0],[0,0,0,0,0]],"effectBurn":[null,"65/95/125/155/185","40/70/100/130/160","3","0.75","0.75","0","0","0","0","0"],"vars":[],"costType":"Sin costo","maxammo":"-1","range":[260,260,260,260,260],"rangeBurn":"260","image":{"full":"RivenMartyr.png","sprite":"spell11.png","group":"spell","x":48,"y":48,"w":48,"h":48},"resource":"Sin costo"},{"id":"RivenFeint","name":"Valor","description":"Riven avanza una corta distancia y bloquea el Daño que recibe.","tooltip":"Riven se desplaza rápidamente y obtiene un <shield>Escudo de {{ totalshield }}</shield> durante 1.5 seg.{{ spellmodifierdescriptionappend }}","leveltip":{"label":["Cantidad de escudo","Enfriamiento"],"effect":["{{ e2 }} -> {{ e2NL }}","{{ cooldown }} -> {{ cooldownNL }}"]},"maxrank":5,"cooldown":[10,9,8,7,6],"cooldownBurn":"10/9/8/7/6","cost":[0,0,0,0,0],"costBurn":"0","datavalues":{},"effect":[null,[80,105,130,155,180],[80,105,130,155,180],[4,4,4,4,4],[800,800,800,800,800],[1.5,1.5,1.5,1.5,1.5],[0,0,0,0,0],[0,0,0,0,0],[0,0,0,0,0],[0,0,0,0,0],[0,0,0,0,0]],"effectBurn":[null,"80/105/130/155/180","80/105/130/155/180","4","800","1.5","0","0","0","0","0"],"vars":[],"costType":"Sin costo","maxammo":"-1","range":[250,250,250,250,250],"rangeBurn":"250","image":{"full":"RivenFeint.png","sprite":"spell11.png","group":"spell","x":96,"y":48,"w":48,"h":48},"resource":"Sin costo"},{"id":"RivenFengShuiEngine","name":"Espada del Exilio","description":"Riven potencia su fiel arma con energía que aumenta su Daño de Ataque y alcance. Además, mientras dura la activación, obtiene la capacidad de usar una vez Cuchillada de Viento, un potente ataque a distancia.","tooltip":"El arma de Riven emana energía espiritual, lo que le otorga <physicalDamage>{{ bonusad }} de Daño de Ataque</physicalDamage> y mayor alcance en ataques y habilidades que infligen daño durante {{ duration }} seg. Mientras esté activa, puede <recast>volver a lanzarla.</recast><br /><br /><recast>Relanzamiento</recast>: Riven lanza un corte de viento que inflige entre <physicalDamage>{{ mindamage }}</physicalDamage> y <physicalDamage>{{ maxdamage }} de daño físico</physicalDamage> según la vida faltante.{{ spellmodifierdescriptionappend }}","leveltip":{"label":["Daño mínimo de la onda expansiva","Daño máximo de la onda expansiva","Enfriamiento"],"effect":["{{ minbase }} -> {{ minbaseNL }}","{{ maxbase }} -> {{ maxbaseNL }}","{{ cooldown }} -> {{ cooldownNL }}"]},"maxrank":3,"cooldown":[120,90,60],"cooldownBurn":"120/90/60","cost":[0,0,0],"costBurn":"0","datavalues":{},"effect":[null,[100,150,200],[300,450,600],[20,20,20],[15,15,15],[25,25,25],[0,0,0],[0,0,0],[0,0,0],[0,0,0],[0,0,0]],"effectBurn":[null,"100/150/200","300/450/600","20","15","25","0","0","0","0","0"],"vars":[],"costType":"Sin costo","maxammo":"-1","range":[200,200,200],"rangeBurn":"200","image":{"full":"RivenFengShuiEngine.png","sprite":"spell11.png","group":"spell","x":144,"y":48,"w":48,"h":48},"resource":"Sin costo"}],"passive":{"name":"Espada Rúnica","description":"Las habilidades de Riven cargan su espada y sus ataques básicos consumen cargas para infligir daño adicional.","image":{"full":"RivenRunicBlades.png","sprite":"passive3.png","group":"passive","x":384,"y":48,"w":48,"h":48}},"recommended":[]}}}