{"type":"champion","format":"standAloneComplex","version":"14.3.1","data":{"Rumble":{"id":"Rumble","key":"68","name":"Rumble","title":"la Amenaza Mecánica","image":{"full":"Rumble.png","sprite":"champion3.png","group":"champion","x":432,"y":48,"w":48,"h":48},"skins":[{"id":"68000","num":0,"name":"default","chromas":false},{"id":"68001","num":1,"name":"Rumble de la Jungla","chromas":false},{"id":"68002","num":2,"name":"Rumble de Aguasturbias","chromas":false},{"id":"68003","num":3,"name":"Rumble Supergaláctico","chromas":false},{"id":"68004","num":4,"name":"Rumble Barón del Yermo","chromas":true},{"id":"68013","num":13,"name":"Rumble Onda Espacial","chromas":true},{"id":"68023","num":23,"name":"Rumble Monerías de Café","chromas":true}],"lore":"Rumble es un joven inventor con un peculiar temperamento. Con nada más que sus dos manos y un montón de chatarra, el yordle construyó un colosal traje mecánico equipado con un arsenal de arpones electrificados y cohetes incendiarios. Aunque otros se burlan de sus creaciones hechas de chatarra, a Rumble no le importa porque, al final, él es quien tiene el escupellamas.","blurb":"Rumble es un joven inventor con un peculiar temperamento. Con nada más que sus dos manos y un montón de chatarra, el yordle construyó un colosal traje mecánico equipado con un arsenal de arpones electrificados y cohetes incendiarios. Aunque otros se...","allytips":["Intenta mantener el ritmo para permanecer en la Zona de Riesgo y maximizar tu efectividad. Es fácil sobrecalentarse si usas tus habilidades muy rápido.","Intenta que tus objetivos se mantengan dentro del alcance de tu Escupellamas. Con el tiempo, puede infligir mucho Daño.","Si estás venciendo en un combate, puedes utilizar tu habilidad definitiva para bloquear un camino de huida."],"enemytips":["Presta mucha atención a la barra de Calor de Rumble. Si ves que está Sobrecalentado, ve a acabar con él mientras sus habilidades están desactivadas.","La habilidad definitiva de Rumble puede infligir mucho daño si te quedas dentro del área de efecto. Cuando veas caer los misiles, aléjate de la zona tan rápido como puedas.","Rumble inflige fundamentalmente daño mágico. Aumenta tu Resistencia Mágica para reducir su daño."],"tags":["Fighter","Mage"],"partype":"Calor","info":{"attack":3,"defense":6,"magic":8,"difficulty":10},"stats":{"hp":625,"hpperlevel":105,"mp":150,"mpperlevel":0,"movespeed":345,"armor":36,"armorperlevel":4.7,"spellblock":28,"spellblockperlevel":1.55,"attackrange":125,"hpregen":7,"hpregenperlevel":0.6,"mpregen":0,"mpregenperlevel":0,"crit":0,"critperlevel":0,"attackdamage":64,"attackdamageperlevel":3.2,"attackspeedperlevel":1.85,"attackspeed":0.644},"spells":[{"id":"RumbleFlameThrower","name":"Escupellamas","description":"Rumble incinera a los oponentes que estén ante él, infligiendo daño mágico en un cono durante 3 segundos. El daño aumenta dentro de la Zona de Riesgo.","tooltip":"Rumble enciende su lanzallamas, lo que inflige <magicDamage>{{ flatdamage }} más un {{ healthdamage*100 }}% de Vida Máxima como daño mágico</magicDamage> durante {{ flamespitterduration }} seg, esta cantidad se reduce en un <attention>{{ minionmod*100 }}%</attention> contra súbditos.<br /><br /><keywordMajor>Zona de Riesgo:</keywordMajor> El daño aumenta a <magicDamage>{{ empowereddamage }} más {{ empoweredhealth }} de Vida Máxima</magicDamage>.<br /><br /><rules>El porcentaje de daño está limitado a {{ monstercap }} de daño contra monstruos. </rules>{{ spellmodifierdescriptionappend }}","leveltip":{"label":["Daño","% de Vida Máxima","Daño a súbditos","Enfriamiento"],"effect":["{{ basedamage }} -> {{ basedamageNL }}","{{ healthdamage*100.000000 }}% -> {{ healthdamagenl*100.000000 }}%","{{ minionmod*100.000000 }}% -> {{ minionmodnl*100.000000 }}%","{{ cooldown }} -> {{ cooldownNL }}"]},"maxrank":5,"cooldown":[10,9,8,7,6],"cooldownBurn":"10/9/8/7/6","cost":[0,0,0,0,0],"costBurn":"0","datavalues":{},"effect":[null,[180,220,260,300,340],[20,20,20,20,20],[0,0,0,0,0],[0.6,0.65,0.7,0.75,0.8],[1.5,1.5,1.5,1.5,1.5],[12,12,12,12,12],[0.25,0.25,0.25,0.25,0.25],[3,3,3,3,3],[3,3,3,3,3],[0,0,0,0,0]],"effectBurn":[null,"180/220/260/300/340","20","0","0.6/0.65/0.7/0.75/0.8","1.5","12","0.25","3","3","0"],"vars":[],"costType":" de Calor","maxammo":"-1","range":[600,600,600,600,600],"rangeBurn":"600","image":{"full":"RumbleFlameThrower.png","sprite":"spell11.png","group":"spell","x":192,"y":48,"w":48,"h":48},"resource":"{{ e2 }} de Calor"},{"id":"RumbleShield","name":"Escudo de Chatarra","description":"Rumble activa un escudo que lo protege del Daño y le garantiza un estallido de velocidad. Dentro de la Zona de Riesgo, la fuerza del escudo y la bonificación de velocidad se incrementan.","tooltip":"Rumble lanza una barrera, la cual otorga un Escudo de <shield>{{ totalshield }}</shield> durante {{ shieldduration.1 }} seg y un <speed>{{ movespeed*100 }}% de Velocidad de Movimiento</speed> durante {{ movespeedduration }} seg.<br /><br /><keywordMajor>Zona de Riesgo:</keywordMajor> La barrera otorga un Escudo de <shield>{{ empoweredshield }}</shield> y <speed>{{ empoweredms }} de Velocidad de Movimiento</speed>.{{ spellmodifierdescriptionappend }}","leveltip":{"label":["Cantidad de escudo","Velocidad de movimiento"],"effect":["{{ baseshield }} -> {{ baseshieldNL }}","{{ movespeed*100.000000 }}% -> {{ movespeednl*100.000000 }}%"]},"maxrank":5,"cooldown":[6,6,6,6,6],"cooldownBurn":"6","cost":[0,0,0,0,0],"costBurn":"0","datavalues":{},"effect":[null,[60,90,120,150,180],[10,15,20,25,30],[20,20,20,20,20],[0,0,0,0,0],[1.5,1.5,1.5,1.5,1.5],[1,1,1,1,1],[0,0,0,0,0],[0,0,0,0,0],[0,0,0,0,0],[0,0,0,0,0]],"effectBurn":[null,"60/90/120/150/180","10/15/20/25/30","20","0","1.5","1","0","0","0","0"],"vars":[],"costType":" de Calor","maxammo":"-1","range":[20,20,20,20,20],"rangeBurn":"20","image":{"full":"RumbleShield.png","sprite":"spell11.png","group":"spell","x":240,"y":48,"w":48,"h":48},"resource":"{{ heatcost }} de Calor"},{"id":"RumbleGrenade","name":"Arpón Eléctrico","description":"Rumble lanza un arpón que electrocuta a su objetivo con daño mágico, ralentiza su velocidad de movimiento y reduce su resistencia mágica. Rumble puede cargar hasta 2 arpones a la vez. Mientras está en la Zona de Riesgo, el daño y porcentaje de ralentización aumentan.","tooltip":"Rumble dispara un arpón electrificado, el cual inflige <magicDamage>{{ totaldamage }} de daño mágico</magicDamage>, lo que <status>ralentiza</status> en un {{ baseslowamount }}% durante {{ slowduration }} seg y reduce la <scaleMR>Resistencia Mágica</scaleMR> del enemigo en un {{ percmagicpen*100 }}% durante {{ shredduration }} seg.<br /><br />Golpear a un enemigo que ya quedó <status>ralentizado</status> con esta habilidad aumenta la <status>ralentización</status> en un {{ empoweredslowamount }}% y reduce la <scaleMR>Resistencia Mágica</scaleMR> del enemigo en un {{ enhancedmagicpen*100 }}%.<br /><br /><keywordMajor>Zona de Riesgo:</keywordMajor> El arpón inflige <magicDamage>{{ empdamage }} de daño mágico</magicDamage> y la <status>ralentización</status> y la reducción de <scaleMR>resistencia mágica</scaleMR> aumentan en un 50%.{{ spellmodifierdescriptionappend }}","leveltip":{"label":["Daño","Ralentización","Resistencia mágica reducida  "],"effect":["{{ basedamage }} -> {{ basedamageNL }}","{{ baseslowamount }}% -> {{ baseslowamountNL }}%","{{ percmagicpen*100.000000 }}% -> {{ percmagicpennl*100.000000 }}%"]},"maxrank":5,"cooldown":[0.5,0.5,0.5,0.5,0.5],"cooldownBurn":"0.5","cost":[0,0,0,0,0],"costBurn":"0","datavalues":{},"effect":[null,[0,0,0,0,0],[0,0,0,0,0],[0,0,0,0,0],[0,0,0,0,0],[0,0,0,0,0],[0,0,0,0,0],[0,0,0,0,0],[0,0,0,0,0],[0,0,0,0,0],[0,0,0,0,0]],"effectBurn":[null,"0","0","0","0","0","0","0","0","0","0"],"vars":[],"costType":" de Calor","maxammo":"2","range":[850,850,850,850,850],"rangeBurn":"850","image":{"full":"RumbleGrenade.png","sprite":"spell11.png","group":"spell","x":288,"y":48,"w":48,"h":48},"resource":"{{ firstcastheatcost }} de Calor"},{"id":"RumbleCarpetBomb","name":"El Equilibrador","description":"Rumble lanza un grupo de misiles, los cuales crean un muro de llamas que inflige daño y ralentiza a los enemigos.","tooltip":"Rumble lanza una línea de cohetes, lo que crea un rastro ardiente que <status>ralentiza</status> un {{ slowamount }}% e inflige <magicDamage>{{ totaldamage }} de daño mágico</magicDamage> a lo largo de {{ trailduration }} seg.<br /><br />Rumble puede controlar la dirección del sendero al hacer clic y arrastrar mientras lanza esta habilidad.{{ spellmodifierdescriptionappend }}","leveltip":{"label":["Daño por segundo","Enfriamiento"],"effect":["{{ basedamagepersecond }} -> {{ basedamagepersecondNL }}","{{ cooldown }} -> {{ cooldownNL }}"]},"maxrank":3,"cooldown":[130,105,80],"cooldownBurn":"130/105/80","cost":[0,0,0],"costBurn":"0","datavalues":{},"effect":[null,[0,0,0],[0,0,0],[0,0,0],[0,0,0],[0,0,0],[6,6,6],[0,0,0],[0,0,0],[0,0,0],[0,0,0]],"effectBurn":[null,"0","0","0","0","0","6","0","0","0","0"],"vars":[],"costType":"Sin costo","maxammo":"-1","range":[1750,1750,1750],"rangeBurn":"1750","image":{"full":"RumbleCarpetBomb.png","sprite":"spell11.png","group":"spell","x":336,"y":48,"w":48,"h":48},"resource":"Sin costo"}],"passive":{"name":"Titán del Desguazadero","description":"Rumble genera Calor cada vez que lanza un hechizo. Cuando alcanza el 50% de Calor, entra en la Zona de Riesgo, lo que le otorga efectos adicionales a todas sus habilidades básicas. Cuando alcanza el 100% de Calor, comienza a Sobrecalentarse, con lo que obtiene velocidad de ataque adicional y les otorga daño adicional a sus ataques básicos, pero le impide lanzar hechizos durante unos segundos.","image":{"full":"Rumble_JunkyardTitan1.png","sprite":"passive3.png","group":"passive","x":432,"y":48,"w":48,"h":48}},"recommended":[]}}}