{"type":"champion","format":"standAloneComplex","version":"14.3.1","data":{"Ryze":{"id":"Ryze","key":"13","name":"Ryze","title":"el Mago Rúnico","image":{"full":"Ryze.png","sprite":"champion3.png","group":"champion","x":0,"y":96,"w":48,"h":48},"skins":[{"id":"13000","num":0,"name":"default","chromas":false},{"id":"13001","num":1,"name":"Ryze Joven","chromas":false},{"id":"13002","num":2,"name":"Ryze Tribal","chromas":false},{"id":"13003","num":3,"name":"Tío Ryze","chromas":false},{"id":"13004","num":4,"name":"Ryze Triunfante","chromas":false},{"id":"13005","num":5,"name":"Profesor Ryze","chromas":false},{"id":"13006","num":6,"name":"Ryze Zombie","chromas":false},{"id":"13007","num":7,"name":"Ryze Cristal Oscuro","chromas":false},{"id":"13008","num":8,"name":"Ryze Pirata","chromas":false},{"id":"13009","num":9,"name":"Ryze Barbablanca","chromas":false},{"id":"13010","num":10,"name":"Ryze SKT T1","chromas":false},{"id":"13011","num":11,"name":"Ryze Worlds 2019","chromas":true},{"id":"13013","num":13,"name":"Ryze Guardián de las Arenas","chromas":true},{"id":"13020","num":20,"name":"Ryze Arcana","chromas":true}],"lore":"Ryze, considerado por muchos como uno de los hechiceros más expertos en Runaterra, es un antiguo y endurecido archimago con una responsabilidad casi imposible de llevar. Armado con una constitución sin igual y una gran gama de conocimiento místico, se pasa la vida buscando Runas del Mundo, fragmentos de magia pura que alguna vez moldearon el mundo a partir de la nada. Debe recuperar esos glifos antes de que caigan en las manos equivocadas porque, aunque alguna vez se usaron para construir a Runaterra, también se pueden utilizar para destruirla.","blurb":"Ryze, considerado por muchos como uno de los hechiceros más expertos en Runaterra, es un antiguo y endurecido archimago con una responsabilidad casi imposible de llevar. Armado con una constitución sin igual y una gran gama de conocimiento místico, se...","allytips":["Usa la pasiva de Descarga Eléctrica para alcanzar el mayor daño o velocidad de movimiento posibles.","El breve enfriamiento de Flujo de Hechizos te permite utilizarlo para esparcir Flujo a tus enemigos.","Ryze puede moverse y lanzar otras habilidades mientras Distorsión del Entorno carga sin tener que cancelar el portal."],"enemytips":["Ryze es particularmente poderoso para los oponentes marcados con Flujo.","Usa el tiempo de carga de Distorsión del Entorno para prepararte para lo que salga del portal.","Usar hechizos de control de masas sobre Ryze cuando carga Distorsión del Entorno cancelará el portal."],"tags":["Mage","Fighter"],"partype":"Maná","info":{"attack":2,"defense":2,"magic":10,"difficulty":7},"stats":{"hp":645,"hpperlevel":124,"mp":300,"mpperlevel":70,"movespeed":340,"armor":22,"armorperlevel":4.2,"spellblock":32,"spellblockperlevel":1.3,"attackrange":550,"hpregen":8,"hpregenperlevel":0.8,"mpregen":8,"mpregenperlevel":1,"crit":0,"critperlevel":0,"attackdamage":58,"attackdamageperlevel":3,"attackspeedperlevel":2.11,"attackspeed":0.658},"spells":[{"id":"RyzeQWrapper","name":"Descarga Eléctrica","description":"De forma pasiva, las otras habilidades básicas de Ryze restablecen el enfriamiento de Descarga Eléctrica y cargan una runa. Cuando Ryze usa Descarga Eléctrica con 2 runas cargadas, obtiene un breve aumento de velocidad de movimiento.<br><br>Al usar la habilidad, Ryze lanza una carga de energía pura en una línea e inflige daño al primer enemigo alcanzado. Si el objetivo tiene Flujo sobre él, Descarga Eléctrica inflige daño adicional y rebota a los enemigos cercanos que tengan Flujo.","tooltip":"<spellPassive>Pasiva:</spellPassive> <spellName>Prisión Rúnica</spellName> y <spellName>Flujo de Hechizos</spellName> restauran el Enfriamiento de esta habilidad y cargan una runa durante {{ runeduration }} seg (máx. {{ maximumrunes }} runas).<br /><br /><spellActive>Activa:</spellActive> Ryze desata una explosión que inflige <magicDamage>{{ qdamagecalc }} de daño mágico</magicDamage> al primer enemigo alcanzado. Si el objetivo tiene <keywordMajor>Flujo</keywordMajor>, lo consume, hace que esta habilidad inflija un {{ spell.ryzer:overloaddamagebonus }}% de daño aumentado y rebote a los enemigos cercanos con <keywordMajor>Flujo</keywordMajor>.<br /><br />Ryze también descarga todas las runas, lo que le otorga un <speed>{{ movementspeedamount }}% de Velocidad de Movimiento</speed> durante {{ movementspeedduration }} seg si se cargaron {{ maximumrunes }} runas.<br />{{ spellmodifierdescriptionappend }}","leveltip":{"label":["Daño","Velocidad de movimiento","Costo de maná"],"effect":["{{ basedamage }} -> {{ basedamageNL }}","{{ movementspeedamount }}% -> {{ movementspeedamountNL }}%","{{ cost }} -> {{ costNL }}"]},"maxrank":5,"cooldown":[5,5,5,5,5],"cooldownBurn":"5","cost":[40,38,36,34,32],"costBurn":"40/38/36/34/32","datavalues":{},"effect":[null,[70,110,150,190,230],[25,40,55,70,85],[50,75,100,125,150],[25,28,31,24,37],[2,2,2,2,2],[2,2,2,2,2],[3,3,3,3,3],[0.015,0.015,0.015,0.015,0.015],[2,2,2,2,2],[0,0,0,0,0]],"effectBurn":[null,"70/110/150/190/230","25/40/55/70/85","50/75/100/125/150","25/28/31/24/37","2","2","3","0.01","2","0"],"vars":[],"costType":" de {{ abilityresourcename }}","maxammo":"-1","range":[1000,1000,1000,1000,1000],"rangeBurn":"1000","image":{"full":"RyzeQWrapper.png","sprite":"spell11.png","group":"spell","x":384,"y":48,"w":48,"h":48},"resource":"{{ cost }} de {{ abilityresourcename }}"},{"id":"RyzeW","name":"Prisión Rúnica","description":"Ryze atrapa a un objetivo en una jaula de runas, lo cual le inflige daño y ralentiza su movimiento. Si el objetivo tiene Flujo, quedará inmovilizado.","tooltip":"Ryze inflige <magicDamage>{{ wdamagecalc }} de daño mágico</magicDamage> y <status>ralentiza</status> un {{ slowamount*100 }}% durante {{ ccduration }} seg. Si el objetivo tiene <keywordMajor>Flujo</keywordMajor>, se consume y esta habilidad <status>inmoviliza</status> en lugar de <status>ralentizar</status>.{{ spellmodifierdescriptionappend }}","leveltip":{"label":["Daño","Enfriamiento","Costo de maná"],"effect":["{{ basedamage }} -> {{ basedamageNL }}","{{ cooldown }} -> {{ cooldownNL }}","{{ cost }} -> {{ costNL }}"]},"maxrank":5,"cooldown":[13,12,11,10,9],"cooldownBurn":"13/12/11/10/9","cost":[40,55,70,85,100],"costBurn":"40/55/70/85/100","datavalues":{},"effect":[null,[1.5,1.5,1.5,1.5,1.5],[80,110,140,170,200],[0.3,0.3,0.3,0.3,0.3],[0,0,0,0,0],[0,0,0,0,0],[0,0,0,0,0],[0,0,0,0,0],[0,0,0,0,0],[0,0,0,0,0],[0,0,0,0,0]],"effectBurn":[null,"1.5","80/110/140/170/200","0.3","0","0","0","0","0","0","0"],"vars":[],"costType":" de {{ abilityresourcename }}","maxammo":"-1","range":[615,615,615,615,615],"rangeBurn":"615","image":{"full":"RyzeW.png","sprite":"spell11.png","group":"spell","x":432,"y":48,"w":48,"h":48},"resource":"{{ cost }} de {{ abilityresourcename }}"},{"id":"RyzeE","name":"Flujo de Hechizos","description":"Ryze desata un orbe de poder mágico puro que inflige daño a un enemigo y debilita a todos los enemigos cercanos. Los hechizos de Ryze tienen efectos adicionales contra los enemigos debilitados.","tooltip":"Ryze lanza un orbe, lo que inflige <magicDamage>{{ edamagecalc }} de daño mágico</magicDamage> y aplica <keywordMajor>Flujo</keywordMajor> durante {{ debuffduration }} seg al objetivo y a los enemigos cercanos. Los enemigos ya afligidos por <keywordMajor>Flujo</keywordMajor> causarán que se propague aún más.{{ spellmodifierdescriptionappend }}","leveltip":{"label":["Daño","Enfriamiento","Costo de maná"],"effect":["{{ basedamage }} -> {{ basedamageNL }}","{{ cooldown }} -> {{ cooldownNL }}","{{ cost }} -> {{ costNL }}"]},"maxrank":5,"cooldown":[3.5,3.25,3,2.75,2.5],"cooldownBurn":"3.5/3.25/3/2.75/2.5","cost":[35,45,55,65,75],"costBurn":"35/45/55/65/75","datavalues":{},"effect":[null,[80,90,100,110,120],[40,50,60,70,80],[100,100,100,100,100],[0.1,0.1,0.1,0.1,0.1],[1.5,1.5,1.5,1.5,1.5],[1.5,1.5,1.5,1.5,1.5],[4,4,4,4,4],[1,1,1,1,1],[0,0,0,0,0],[0,0,0,0,0]],"effectBurn":[null,"80/90/100/110/120","40/50/60/70/80","100","0.1","1.5","1.5","4","1","0","0"],"vars":[],"costType":" de {{ abilityresourcename }}","maxammo":"-1","range":[615,615,615,615,615],"rangeBurn":"615","image":{"full":"RyzeE.png","sprite":"spell11.png","group":"spell","x":0,"y":96,"w":48,"h":48},"resource":"{{ cost }} de {{ abilityresourcename }}"},{"id":"RyzeR","name":"Distorsión del Entorno","description":"De forma pasiva, Descarga Eléctrica inflige más daño contra los objetivos que tengan Flujo.<br><br>Al usar la habilidad, Ryze crea un portal hacia una ubicación cercana. Después de unos segundos, los aliados que se encuentren cerca del portal se teletransportarán a la ubicación objetivo.","tooltip":"<spellPassive>Pasiva:</spellPassive> El daño adicional de <spellName>Descarga Eléctrica</spellName> contra objetivos con <keywordMajor>Flujo</keywordMajor> aumenta un {{ overloaddamagebonus }}%.<br /><br /><spellActive>Activa:</spellActive> Ryze abre un portal a otra ubicación. Después de {{ chargetimetooltip }} seg, teletransporta a todos los aliados cerca del portal a la ubicación.{{ spellmodifierdescriptionappend }}","leveltip":{"label":["Enfriamiento","Aumento del Daño de Descarga Eléctrica"],"effect":["{{ cooldown }} -> {{ cooldownNL }}","{{ overloaddamagebonus }}% -> {{ overloaddamagebonusNL }}%"]},"maxrank":3,"cooldown":[210,180,150],"cooldownBurn":"210/180/150","cost":[100,100,100],"costBurn":"100","datavalues":{},"effect":[null,[0,0,0],[0,0,0],[0,0,0],[0,0,0],[0,0,0],[6,6,6],[0,0,0],[0,0,0],[0,0,0],[0,0,0]],"effectBurn":[null,"0","0","0","0","0","6","0","0","0","0"],"vars":[],"costType":" de {{ abilityresourcename }}","maxammo":"-1","range":[3000,3000,3000],"rangeBurn":"3000","image":{"full":"RyzeR.png","sprite":"spell11.png","group":"spell","x":48,"y":96,"w":48,"h":48},"resource":"{{ cost }} de {{ abilityresourcename }}"}],"passive":{"name":"Maestría Arcana","description":"<mainText>Los hechizos de Ryze infligen daño adicional según su maná adicional y obtiene un porcentaje adicional a su maná máximo según su poder de habilidad.</mainText>","image":{"full":"Ryze_P.png","sprite":"passive3.png","group":"passive","x":0,"y":96,"w":48,"h":48}},"recommended":[]}}}