{"type":"champion","format":"standAloneComplex","version":"14.3.1","data":{"Samira":{"id":"Samira","key":"360","name":"Samira","title":"la Rosa del Desierto","image":{"full":"Samira.png","sprite":"champion3.png","group":"champion","x":48,"y":96,"w":48,"h":48},"skins":[{"id":"360000","num":0,"name":"default","chromas":false},{"id":"360001","num":1,"name":"Samira PsyOps","chromas":true},{"id":"360010","num":10,"name":"Samira Onda Espacial","chromas":true},{"id":"360020","num":20,"name":"Samira la Forajida","chromas":true},{"id":"360030","num":30,"name":"Samira Peleadora Álmica","chromas":false}],"lore":"Samira ve a la muerte a los ojos con una confianza obstinada, en busca de la emoción, adonde sea que vaya. Después de que su hogar shurimano fuera destruido cuando era niña, Samira encontró su verdadero llamado en Noxus, donde construyó su reputación de temeraria con estilo, asumiendo misiones peligrosas de alto riesgo. Con pistolas de pólvora negra y una espada de diseño personalizado, Samira triunfa bajo circunstancias de vida o muerte, eliminando con destreza y estilo a cualquiera que se interponga en su camino.","blurb":"Samira ve a la muerte a los ojos con una confianza obstinada, en busca de la emoción, adonde sea que vaya. Después de que su hogar shurimano fuera destruido cuando era niña, Samira encontró su verdadero llamado en Noxus, donde construyó su reputación de...","allytips":[],"enemytips":[],"tags":["Marksman"],"partype":"Maná","info":{"attack":8,"defense":5,"magic":3,"difficulty":6},"stats":{"hp":630,"hpperlevel":108,"mp":349,"mpperlevel":38,"movespeed":335,"armor":26,"armorperlevel":4.7,"spellblock":30,"spellblockperlevel":1.3,"attackrange":500,"hpregen":3.25,"hpregenperlevel":0.55,"mpregen":8.2,"mpregenperlevel":0.7,"crit":0,"critperlevel":0,"attackdamage":57,"attackdamageperlevel":3.3,"attackspeedperlevel":3.3,"attackspeed":0.658},"spells":[{"id":"SamiraQ","name":"Instinto","description":"Samira dispara o blande su espada para infligir daño. Si se lanza durante Carrera Salvaje, al final atacará a todos los enemigos en su camino.","tooltip":"Samira dispara para infligir <physicalDamage>{{ damagecalc }} de daño físico</physicalDamage> al primer enemigo alcanzado.<br /><br />Si Samira lanza esta habilidad contra un enemigo a distancia cuerpo a cuerpo, atacará con su espada e infligirá <physicalDamage>{{ damagecalc }} de daño físico</physicalDamage>. {{ spellmodifierdescriptionappend }}","leveltip":{"label":["Daño","Enfriamiento","Porcentaje de daño de ataque"],"effect":["{{ basedamage }} -> {{ basedamageNL }}","{{ cooldown }} -> {{ cooldownNL }}","{{ qadratio*100.000000 }}% -> {{ qadrationl*100.000000 }}%"]},"maxrank":5,"cooldown":[6,5,4,3,2],"cooldownBurn":"6/5/4/3/2","cost":[30,30,30,30,30],"costBurn":"30","datavalues":{},"effect":[null,[0,0,0,0,0],[0,0,0,0,0],[0,0,0,0,0],[0,0,0,0,0],[0,0,0,0,0],[0,0,0,0,0],[0,0,0,0,0],[0,0,0,0,0],[0,0,0,0,0],[0,0,0,0,0]],"effectBurn":[null,"0","0","0","0","0","0","0","0","0","0"],"vars":[],"costType":" de {{ abilityresourcename }}","maxammo":"-1","range":[950,950,950,950,950],"rangeBurn":"950","image":{"full":"SamiraQ.png","sprite":"spell11.png","group":"spell","x":96,"y":96,"w":48,"h":48},"resource":"{{ cost }} de {{ abilityresourcename }}"},{"id":"SamiraW","name":"Corte Torbellino","description":"Samira realiza un corte a su alrededor, lo que inflige daño y destruye los proyectiles enemigos.","tooltip":"Samira realiza un corte a su alrededor durante {{ slashduration }} seg, lo que inflige a los enemigos <physicalDamage>{{ damagecalc }} de daño físico</physicalDamage> dos veces y destruye todos los proyectiles enemigos que entren al área.<br /><br />{{ spellmodifierdescriptionappend }}","leveltip":{"label":["Daño","Enfriamiento"],"effect":["{{ basedamage }} -> {{ basedamageNL }}","{{ cooldown }} -> {{ cooldownNL }}"]},"maxrank":5,"cooldown":[30,28,26,24,22],"cooldownBurn":"30/28/26/24/22","cost":[60,60,60,60,60],"costBurn":"60","datavalues":{},"effect":[null,[0,0,0,0,0],[0,0,0,0,0],[0,0,0,0,0],[0,0,0,0,0],[0,0,0,0,0],[0,0,0,0,0],[0,0,0,0,0],[0,0,0,0,0],[0,0,0,0,0],[0,0,0,0,0]],"effectBurn":[null,"0","0","0","0","0","0","0","0","0","0"],"vars":[],"costType":" de {{ abilityresourcename }}","maxammo":"-1","range":[325,325,325,325,325],"rangeBurn":"325","image":{"full":"SamiraW.png","sprite":"spell11.png","group":"spell","x":144,"y":96,"w":48,"h":48},"resource":"{{ cost }} de {{ abilityresourcename }}"},{"id":"SamiraE","name":"Carrera Salvaje","description":"Samira se desplaza a través de un enemigo (incluye estructuras) para realizar un corte a los enemigos que atraviese y obtener velocidad de ataque. Matar a un campeón enemigo restablecerá el enfriamiento de esta habilidad.","tooltip":"Samira se desplaza a través de un enemigo (incluye estructuras) para realizar un corte a los enemigos que atraviese, lo que inflige <magicDamage>{{ dashdamage }} de daño mágico</magicDamage> y le otorga un <attackSpeed>{{ bonusattackspeed*100 }}% de Velocidad de Ataque</attackSpeed> durante 3 seg. <br /><br />Si Samira inflige daño a un campeón enemigo y este muere dentro de 3 seg, se restablece el enfriamiento de Carrera Salvaje.{{ spellmodifierdescriptionappend }}","leveltip":{"label":["Daño","Enfriamiento","Velocidad de ataque"],"effect":["{{ basedamage }} -> {{ basedamageNL }}","{{ cooldown }} -> {{ cooldownNL }}","{{ bonusattackspeed*100.000000 }}% -> {{ bonusattackspeednl*100.000000 }}%"]},"maxrank":5,"cooldown":[20,18,16,14,12],"cooldownBurn":"20/18/16/14/12","cost":[40,40,40,40,40],"costBurn":"40","datavalues":{},"effect":[null,[0,0,0,0,0],[0,0,0,0,0],[0,0,0,0,0],[0,0,0,0,0],[0,0,0,0,0],[0,0,0,0,0],[0,0,0,0,0],[0,0,0,0,0],[0,0,0,0,0],[0,0,0,0,0]],"effectBurn":[null,"0","0","0","0","0","0","0","0","0","0"],"vars":[],"costType":" de {{ abilityresourcename }}","maxammo":"-1","range":[600,600,600,600,600],"rangeBurn":"600","image":{"full":"SamiraE.png","sprite":"spell11.png","group":"spell","x":192,"y":96,"w":48,"h":48},"resource":"{{ cost }} de {{ abilityresourcename }}"},{"id":"SamiraR","name":"Gatillo Infernal","description":"Samira desata un torrente de disparos de sus armas para atacar a todos los enemigos a su alrededor.","tooltip":"Samira solo puede usar esta habilidad si su clasificación de <keywordMajor>Estilo</keywordMajor> actual es S. Usar esta habilidad consume toda la clasificación de <keywordMajor>Estilo</keywordMajor>.<br /><br />Samira libera un torrente de disparos de sus armas y dispara 10 veces a todos los enemigos a su alrededor a lo largo de 2 seg, cada disparo inflige <physicalDamage>{{ damagecalc }} de daño físico</physicalDamage> y aplica Robo de Vida con una efectividad del {{ lifestealmod*100 }}%. Cada disparo también puede realizar golpes críticos.<br /><br />{{ spellmodifierdescriptionappend }}","leveltip":{"label":["Daño"],"effect":["{{ basedamage }} -> {{ basedamageNL }}"]},"maxrank":3,"cooldown":[5,5,5],"cooldownBurn":"5","cost":[0,0,0],"costBurn":"0","datavalues":{},"effect":[null,[0,0,0],[0,0,0],[0,0,0],[0,0,0],[0,0,0],[0,0,0],[0,0,0],[0,0,0],[0,0,0],[0,0,0]],"effectBurn":[null,"0","0","0","0","0","0","0","0","0","0"],"vars":[],"costType":" de {{ abilityresourcename }}","maxammo":"-1","range":[600,600,600],"rangeBurn":"600","image":{"full":"SamiraR.png","sprite":"spell11.png","group":"spell","x":240,"y":96,"w":48,"h":48},"resource":"{{ cost }} de {{ abilityresourcename }}"}],"passive":{"name":"Impulso Temerario","description":"Samira crea un combo al asestar habilidades o ataques diferentes al impacto anterior. Los ataques cuerpo a cuerpo de Samira infligen daño mágico adicional. Los ataques de Samira contra enemigos bajo efectos de <status>inmovilización</status> la desplazarán hasta su alcance de ataque. Si el enemigo es <status>lanzado por el aire</status>, también lo mantiene <status>en el aire</status> brevemente.","image":{"full":"SamiraP.png","sprite":"passive3.png","group":"passive","x":48,"y":96,"w":48,"h":48}},"recommended":[]}}}