{"type":"champion","format":"standAloneComplex","version":"14.3.1","data":{"Sejuani":{"id":"Sejuani","key":"113","name":"Sejuani","title":"la Furia del Norte","image":{"full":"Sejuani.png","sprite":"champion3.png","group":"champion","x":96,"y":96,"w":48,"h":48},"skins":[{"id":"113000","num":0,"name":"default","chromas":false},{"id":"113001","num":1,"name":"Sejuani Colmillos de Sable","chromas":false},{"id":"113002","num":2,"name":"Sejuani Jinete Oscura","chromas":false},{"id":"113003","num":3,"name":"Sejuani Tradicional","chromas":false},{"id":"113004","num":4,"name":"Sejuani Caballería de Osos","chromas":false},{"id":"113005","num":5,"name":"Sejuani Jinete de Poros","chromas":true},{"id":"113006","num":6,"name":"Sejuani Cazadora de Bestias","chromas":false},{"id":"113007","num":7,"name":"Sejuani Cazadora del Amanecer","chromas":false},{"id":"113008","num":8,"name":"Sejuani Año Nuevo Chino","chromas":true},{"id":"113015","num":15,"name":"Sejuani Hextech","chromas":false},{"id":"113016","num":16,"name":"PROYECTO: Sejuani","chromas":true},{"id":"113026","num":26,"name":"Sejuani Eclipse Solar","chromas":true},{"id":"113036","num":36,"name":"Sejuani Victoriosa","chromas":true}],"lore":"Sejuani es la brutal e implacable Hija del Hielo y líder de la Garra Invernal, una de las tribus más temidas del Fréljord. La supervivencia de su gente es una constante y desesperada batalla contra los elementos, lo que los obliga a invadir a noxianos, demacianos y avarosanos por igual para sobrevivir a los duros inviernos. Sejuani encabeza los más peligrosos de esos ataques montada en su jabalí, Bristle, mientras blande su mangual de Hielo Puro para congelar y quebrar a sus enemigos.","blurb":"Sejuani es la brutal e implacable Hija del Hielo y líder de la Garra Invernal, una de las tribus más temidas del Fréljord. La supervivencia de su gente es una constante y desesperada batalla contra los elementos, lo que los obliga a invadir a noxianos...","allytips":["Usa Asalto Ártico para escapar de malas situaciones, interrumpir hechizos canalizados o perseguir enemigos.","Los aliados que ataquen cuerpo a cuerpo pueden acumular Escarcha para tu Permahielo. Mantente alerta para ver a quién atacan.","Guarda Prisión Glacial para peleas en las que tengas a tus aliados presentes para tomar ventaja de ello."],"enemytips":["Si esquivas Asalto Ártico y Prisión Glacial, gozarás de una gran ventaja.","Enfócate en esquivar el segundo golpe de Ira del Invierno, la cual inflige mucho daño.","Los enemigos con ataques cuerpo a cuerpo también pueden acumular Escarcha para Sejuani, así que cuídate de ellos."],"tags":["Tank","Fighter"],"partype":"Maná","info":{"attack":5,"defense":7,"magic":6,"difficulty":4},"stats":{"hp":630,"hpperlevel":114,"mp":400,"mpperlevel":40,"movespeed":340,"armor":34,"armorperlevel":5.45,"spellblock":32,"spellblockperlevel":2.05,"attackrange":150,"hpregen":8.5,"hpregenperlevel":1,"mpregen":7,"mpregenperlevel":0.7,"crit":0,"critperlevel":0,"attackdamage":66,"attackdamageperlevel":4,"attackspeedperlevel":3.5,"attackspeed":0.688},"spells":[{"id":"SejuaniQ","name":"Asalto Ártico","description":"Sejuani se lanza a la carga y envía a los enemigos por el aire. La carga se detiene después de golpear a un campeón enemigo.","tooltip":"Sejuani carga, lo que inflige <magicDamage>{{ totaldamagetooltip }} de daño mágico</magicDamage> a enemigos y los <status>lanza por</status> <status>el aire</status> durante {{ e4 }} seg. La carga termina tras alcanzar a un campeón enemigo.{{ spellmodifierdescriptionappend }}","leveltip":{"label":["Daño","Enfriamiento","Costo de @AbilityResourceName@"],"effect":["{{ basedamage }} -> {{ basedamageNL }}","{{ cooldown }} -> {{ cooldownNL }}","{{ cost }} -> {{ costNL }}"]},"maxrank":5,"cooldown":[19,17.5,16,14.5,13],"cooldownBurn":"19/17.5/16/14.5/13","cost":[70,75,80,85,90],"costBurn":"70/75/80/85/90","datavalues":{},"effect":[null,[90,140,190,240,290],[625,625,625,625,625],[1000,1000,1000,1000,1000],[0.5,0.5,0.5,0.5,0.5],[0,0,0,0,0],[0,0,0,0,0],[0,0,0,0,0],[0,0,0,0,0],[0,0,0,0,0],[0,0,0,0,0]],"effectBurn":[null,"90/140/190/240/290","625","1000","0.5","0","0","0","0","0","0"],"vars":[],"costType":" de {{ abilityresourcename }}","maxammo":"-1","range":[650,650,650,650,650],"rangeBurn":"650","image":{"full":"SejuaniQ.png","sprite":"spell11.png","group":"spell","x":288,"y":96,"w":48,"h":48},"resource":"{{ cost }} de {{ abilityresourcename }}"},{"id":"SejuaniW","name":"Ira del Invierno","description":"Sejuani blande su mazo dos veces, lo que inflige daño, ralentiza a los enemigos y aplica acumulaciones de Escarcha.","tooltip":"Sejuani golpea con su mangual, inflige <physicalDamage>{{ firsthitdamagetooltip }} de daño físico</physicalDamage> y <status>lanza hacia atrás</status> a súbditos y monstruos de la jungla. Luego ataca otra vez con su mangual, lo que inflige <physicalDamage>{{ secondhitdamagetooltip }} de daño físico</physicalDamage> y <status>ralentiza</status> a los objetivos por un tiempo.<br /><br />Los dos ataques aplican acumulaciones de <spellName>Permahielo</spellName>.{{ spellmodifierdescriptionappend }}","leveltip":{"label":["Daño del primer golpe","Daño del segundo golpe","Enfriamiento"],"effect":["{{ e1 }} -> {{ e1NL }}","{{ e3 }} -> {{ e3NL }}","{{ cooldown }} -> {{ cooldownNL }}"]},"maxrank":5,"cooldown":[9,8,7,6,5],"cooldownBurn":"9/8/7/6/5","cost":[65,65,65,65,65],"costBurn":"65","datavalues":{},"effect":[null,[10,15,20,25,30],[0.75,0.75,0.75,0.75,0.75],[20,60,100,140,180],[0,0,0,0,0],[0,0,0,0,0],[0,0,0,0,0],[0.2,0.2,0.2,0.2,0.2],[0.6,0.6,0.6,0.6,0.6],[0,0,0,0,0],[0,0,0,0,0]],"effectBurn":[null,"10/15/20/25/30","0.75","20/60/100/140/180","0","0","0","0.2","0.6","0","0"],"vars":[],"costType":" de {{ abilityresourcename }}","maxammo":"-1","range":[600,600,600,600,600],"rangeBurn":"600","image":{"full":"SejuaniW.png","sprite":"spell11.png","group":"spell","x":336,"y":96,"w":48,"h":48},"resource":"{{ cost }} de {{ abilityresourcename }}"},{"id":"SejuaniE","name":"Permahielo","description":"Sejuani congela y aturde al enemigo campeón que tenga el máximo de acumulaciones de Escarcha.","tooltip":"<spellPassive>Pasiva:</spellPassive> Los ataques de campeones aliados cuerpo a cuerpo cercanos aplican una acumulación a campeones y monstruos de la jungla.<br /><br /><spellPassive>Activa:</spellPassive> Sejuani inflige <magicDamage>{{ totaldamagetooltip }} de daño mágico</magicDamage> a un objetivo enemigo con 4 acumulaciones y lo <status>aturde</status> por {{ e1 }} seg. {{ spellmodifierdescriptionappend }}","leveltip":{"label":["Daño"],"effect":["{{ e3 }} -> {{ e3NL }}"]},"maxrank":5,"cooldown":[1.5,1.5,1.5,1.5,1.5],"cooldownBurn":"1.5","cost":[20,20,20,20,20],"costBurn":"20","datavalues":{},"effect":[null,[1,1,1,1,1],[0,0,0,0,0],[55,105,155,205,255],[4,4,4,4,4],[5,5,5,5,5],[1100,1100,1100,1100,1100],[0,0,0,0,0],[0,0,0,0,0],[250,250,250,250,250],[0,0,0,0,0]],"effectBurn":[null,"1","0","55/105/155/205/255","4","5","1100","0","0","250","0"],"vars":[],"costType":" de {{ abilityresourcename }}","maxammo":"-1","range":[560,560,560,560,560],"rangeBurn":"560","image":{"full":"SejuaniE.png","sprite":"spell11.png","group":"spell","x":384,"y":96,"w":48,"h":48},"resource":"{{ cost }} de {{ abilityresourcename }}"},{"id":"SejuaniR","name":"Prisión Glacial","description":"Sejuani arroja su bola que congela y aturde al primer campeón que alcanza, y crea una tormenta de hielo que ralentiza a los demás enemigos.","tooltip":"Sejuani lanza su boleadora de Hielo Puro que <status>aturde</status> y revela al primer campeón enemigo alcanzado durante {{ e2 }} seg e inflige <magicDamage>{{ minordamagetooltip }} de daño mágico</magicDamage>.<br /><br />Si la boleadora recorre al menos un 25% de su alcance, <status>aturde</status> y revela durante {{ e6 }} seg. Luego, crea una tormenta de hielo que <status>ralentiza</status> a los enemigos cercanos un {{ e4 }}% durante {{ e3 }} seg. Todos los enemigos afectados reciben <magicDamage>{{ totaldamagetooltip }} de daño mágico</magicDamage>.{{ spellmodifierdescriptionappend }}","leveltip":{"label":["Daño mínimo","Daño máximo","Enfriamiento"],"effect":["{{ e1 }} -> {{ e1NL }}","{{ e7 }} -> {{ e7NL }}","{{ cooldown }} -> {{ cooldownNL }}"]},"maxrank":3,"cooldown":[130,110,90],"cooldownBurn":"130/110/90","cost":[100,100,100],"costBurn":"100","datavalues":{},"effect":[null,[125,150,175],[1,1,1],[2,2,2],[80,80,80],[1,1,1],[1.5,1.5,1.5],[200,300,400],[30,30,30],[0,0,0],[0,0,0]],"effectBurn":[null,"125/150/175","1","2","80","1","1.5","200/300/400","30","0","0"],"vars":[],"costType":" de {{ abilityresourcename }}","maxammo":"-1","range":[1300,1300,1300],"rangeBurn":"1300","image":{"full":"SejuaniR.png","sprite":"spell11.png","group":"spell","x":432,"y":96,"w":48,"h":48},"resource":"{{ cost }} de {{ abilityresourcename }}"}],"passive":{"name":"la Furia del Norte","description":"Al estar fuera de combate, Sejuani obtiene Armadura de Escarcha que otorga armadura y resistencia mágica, además de inmunidad a ralentizaciones. Armadura de Escarcha persiste por un corto periodo después de que Sejuani recibe daño.  Sejuani puede dañar a un enemigo aturdido para hacerlo trizas e infligirle una gran cantidad de daño mágico.","image":{"full":"Sejuani_passive.png","sprite":"passive3.png","group":"passive","x":96,"y":96,"w":48,"h":48}},"recommended":[]}}}