{"type":"champion","format":"standAloneComplex","version":"14.3.1","data":{"Senna":{"id":"Senna","key":"235","name":"Senna","title":"la Redentora","image":{"full":"Senna.png","sprite":"champion3.png","group":"champion","x":144,"y":96,"w":48,"h":48},"skins":[{"id":"235000","num":0,"name":"default","chromas":false},{"id":"235001","num":1,"name":"Senna True Damage","chromas":true},{"id":"235009","num":9,"name":"Senna True Damage Prestigiosa","chromas":false},{"id":"235010","num":10,"name":"Senna la Forajida","chromas":true},{"id":"235016","num":16,"name":"PROYECTO: Senna","chromas":true},{"id":"235026","num":26,"name":"Senna Eclipse Lunar","chromas":true},{"id":"235027","num":27,"name":"Senna Eclipse Lunar Prestigiosa","chromas":false},{"id":"235036","num":36,"name":"Senna Embrujada","chromas":true},{"id":"235046","num":46,"name":"Senna Guardiana Estelar","chromas":true},{"id":"235056","num":56,"name":"Senna Favor del Invierno","chromas":false}],"lore":"Condenada desde la infancia a ser acechada por la sobrenatural Niebla Negra, Senna se unió a una orden sagrada conocida como los Centinelas de la Luz y luchó salvajemente contra ella. No obstante, el cruel espectro Thresh la asesinó y encerró su alma en una linterna. Senna se rehusó a perder la esperanza y, dentro de la linterna, aprendió a usar la Niebla; tras ello, reemergió en una nueva vida, cambiada para siempre. Ahora, cada disparo de su arma reliquia combina la oscuridad y la luz. Con ella, Senna busca acabar con Niebla Negra al ponerla en su propia contra y así redimir a las almas perdidas que lleva dentro.","blurb":"Condenada desde la infancia a ser acechada por la sobrenatural Niebla Negra, Senna se unió a una orden sagrada conocida como los Centinelas de la Luz y luchó salvajemente contra ella. No obstante, el cruel espectro Thresh la asesinó y encerró su alma en...","allytips":[],"enemytips":[],"tags":["Marksman","Support"],"partype":"Maná","info":{"attack":7,"defense":2,"magic":6,"difficulty":7},"stats":{"hp":530,"hpperlevel":89,"mp":350,"mpperlevel":45,"movespeed":330,"armor":28,"armorperlevel":4.7,"spellblock":30,"spellblockperlevel":1.3,"attackrange":600,"hpregen":3.5,"hpregenperlevel":0.55,"mpregen":11.5,"mpregenperlevel":0.7,"crit":0,"critperlevel":0,"attackdamage":50,"attackdamageperlevel":0,"attackspeedperlevel":4,"attackspeed":0.625},"spells":[{"id":"SennaQ","name":"Oscuridad Lacerante","description":"Desde los dos compartimentos de su cañón reliquia, Senna dispara un rayo combinado de luz y sombra contra un objetivo, lo que cura a aliados y daña a enemigos.","tooltip":"Senna dispara un proyectil de sombra perforante a través de un aliado o un enemigo, lo que inflige <physicalDamage>{{ totaldamage }} de daño físico</physicalDamage> a los enemigos y los <status>ralentiza</status> en {{ totalslow }} durante {{ slowduration }} seg. Restaura <healing>{{ totalheal }} de Vida</healing> a los campeones aliados. <br /><br />Los ataques reducen el enfriamiento de esta habilidad en {{ cdreductiononhit }} seg.{{ spellmodifierdescriptionappend }}","leveltip":{"label":["Daño","Curación","Duración de la ralentización","Costo de @AbilityResourceName@"],"effect":["{{ basedamage }} -> {{ basedamageNL }}","{{ baseheal }} -> {{ basehealNL }}","{{ slowduration }} -> {{ slowdurationNL }}","{{ cost }} -> {{ costNL }}"]},"maxrank":5,"cooldown":[15,15,15,15,15],"cooldownBurn":"15","cost":[70,80,90,100,110],"costBurn":"70/80/90/100/110","datavalues":{},"effect":[null,[0,0,0,0,0],[0,0,0,0,0],[0,0,0,0,0],[0,0,0,0,0],[0,0,0,0,0],[0,0,0,0,0],[0,0,0,0,0],[0,0,0,0,0],[0,0,0,0,0],[0,0,0,0,0]],"effectBurn":[null,"0","0","0","0","0","0","0","0","0","0"],"vars":[],"costType":" de {{ abilityresourcename }}","maxammo":"-1","range":[600,600,600,600,600],"rangeBurn":"600","image":{"full":"SennaQ.png","sprite":"spell11.png","group":"spell","x":0,"y":144,"w":48,"h":48},"resource":"{{ cost }} de {{ abilityresourcename }}"},{"id":"SennaW","name":"Abrazo Final","description":"Senna lanza una ola de Niebla Negra. Si impacta a un enemigo, la oleada hambrienta se abalanza sobre él para inmovilizarlo, junto con todas las unidades cercanas después de un momento.","tooltip":"Senna envía la Niebla Negra para infligir <physicalDamage>{{ damage }} de daño físico</physicalDamage> al primer enemigo que alcance. Después de un retraso de {{ delaytime }} seg, el objetivo y los otros enemigos cercanos quedan <status>inmovilizados</status> durante {{ rootduration }} seg.{{ spellmodifierdescriptionappend }}","leveltip":{"label":["Daño","Duración de inmovilización","Costo de @AbilityResourceName@"],"effect":["{{ basedamage }} -> {{ basedamageNL }}","{{ rootduration }} -> {{ rootdurationNL }}","{{ cost }} -> {{ costNL }}"]},"maxrank":5,"cooldown":[11,11,11,11,11],"cooldownBurn":"11","cost":[50,55,60,65,70],"costBurn":"50/55/60/65/70","datavalues":{},"effect":[null,[0,0,0,0,0],[0,0,0,0,0],[0,0,0,0,0],[0,0,0,0,0],[0,0,0,0,0],[0,0,0,0,0],[0,0,0,0,0],[0,0,0,0,0],[0,0,0,0,0],[0,0,0,0,0]],"effectBurn":[null,"0","0","0","0","0","0","0","0","0","0"],"vars":[],"costType":" de {{ abilityresourcename }}","maxammo":"-1","range":[1250,1250,1250,1250,1250],"rangeBurn":"1250","image":{"full":"SennaW.png","sprite":"spell11.png","group":"spell","x":48,"y":144,"w":48,"h":48},"resource":"{{ cost }} de {{ abilityresourcename }}"},{"id":"SennaE","name":"Maldición de la Niebla Negra","description":"Senna canaliza la niebla que almacena en su arma, genera una tormenta a su alrededor y abraza la oscuridad para convertirse en un espectro. Los aliados que entren en la zona se camuflan y también aparecen como espectros mientras la niebla los cubre. Los espectros obtienen velocidad de movimiento aumentada, no son seleccionables y ocultan su identidad.","tooltip":"Senna se disuelve en una Niebla Oscura durante {{ buffduration }} seg y se convierte en un espectro. Los campeones aliados que entren a la Niebla se <keywordStealth>Camuflan</keywordStealth> y se vuelven Espectros cuando la dejan. Los espectros obtienen un <speed>{{ totalms }} de Velocidad de Movimiento</speed>, no son seleccionables y ocultan su identidad siempre y cuando no haya campeones enemigos cerca.{{ spellmodifierdescriptionappend }}","leveltip":{"label":["Duración","Enfriamiento"],"effect":["{{ buffduration }} -> {{ buffdurationNL }}","{{ cooldown }} -> {{ cooldownNL }}"]},"maxrank":5,"cooldown":[26,24.5,23,21.5,20],"cooldownBurn":"26/24.5/23/21.5/20","cost":[70,70,70,70,70],"costBurn":"70","datavalues":{},"effect":[null,[0,0,0,0,0],[0,0,0,0,0],[0,0,0,0,0],[0,0,0,0,0],[0,0,0,0,0],[0,0,0,0,0],[0,0,0,0,0],[0,0,0,0,0],[0,0,0,0,0],[0,0,0,0,0]],"effectBurn":[null,"0","0","0","0","0","0","0","0","0","0"],"vars":[],"costType":" de {{ abilityresourcename }}","maxammo":"-1","range":[400,400,400,400,400],"rangeBurn":"400","image":{"full":"SennaE.png","sprite":"spell11.png","group":"spell","x":96,"y":144,"w":48,"h":48},"resource":"{{ cost }} de {{ abilityresourcename }}"},{"id":"SennaR","name":"Cañón de Sombras","description":"Senna invoca las piedras reliquia de los Centinelas caídos, partiendo su cañón reliquia en un despliegue de sombra y luz. Después dispara un rayo global que escuda a los aliados contra el daño, mientras los enemigos en el centro reciben daño.","tooltip":"Senna lanza un rayo de luz que inflige <physicalDamage>{{ totaldamage }} de daño físico</physicalDamage> a todos los campeones enemigos alcanzados. Los campeones aliados alcanzados en una zona más amplia reciben <shield>{{ totalshield }} de Escudo</shield> durante {{ shieldduration }} seg.{{ spellmodifierdescriptionappend }}","leveltip":{"label":["Daño","Cantidad de escudo","Enfriamiento"],"effect":["{{ damage }} -> {{ damageNL }}","{{ shield }} -> {{ shieldNL }}","{{ cooldown }} -> {{ cooldownNL }}"]},"maxrank":3,"cooldown":[140,120,100],"cooldownBurn":"140/120/100","cost":[100,100,100],"costBurn":"100","datavalues":{},"effect":[null,[0,0,0],[0,0,0],[0,0,0],[0,0,0],[0,0,0],[0,0,0],[0,0,0],[0,0,0],[0,0,0],[0,0,0]],"effectBurn":[null,"0","0","0","0","0","0","0","0","0","0"],"vars":[],"costType":" de {{ abilityresourcename }}","maxammo":"-1","range":[25000,25000,25000],"rangeBurn":"25000","image":{"full":"SennaR.png","sprite":"spell11.png","group":"spell","x":144,"y":144,"w":48,"h":48},"resource":"{{ cost }} de {{ abilityresourcename }}"}],"passive":{"name":"Absolución","description":"Cuando las unidades mueren cerca de Senna, la Niebla Negra atrapa sus almas periódicamente. Senna puede atacar a estas almas para liberarlas, con lo que absorbe la niebla que las mantiene muertas. La niebla alimenta el poder de su cañón reliquia con daño de ataque, alcance de ataque y probabilidad de golpe crítico aumentados. <br><br>Los ataques del cañón reliquia de Senna tardan más en disparar, infligen daño adicional y le otorgan una porción de la velocidad de movimiento de su objetivo por un momento.","image":{"full":"Senna_Passive.png","sprite":"passive3.png","group":"passive","x":144,"y":96,"w":48,"h":48}},"recommended":[]}}}