{"type":"champion","format":"standAloneComplex","version":"14.3.1","data":{"Seraphine":{"id":"Seraphine","key":"147","name":"Seraphine","title":"la Cantante Soñadora","image":{"full":"Seraphine.png","sprite":"champion3.png","group":"champion","x":192,"y":96,"w":48,"h":48},"skins":[{"id":"147000","num":0,"name":"default","chromas":false},{"id":"147001","num":1,"name":"Seraphine K/DA ALL OUT Indie","chromas":false},{"id":"147002","num":2,"name":"Seraphine K/DA ALL OUT Estrella en ascenso","chromas":false},{"id":"147003","num":3,"name":"Seraphine K/DA ALL OUT Superestrella","chromas":false},{"id":"147004","num":4,"name":"Seraphine Fénix Etéreo","chromas":true},{"id":"147014","num":14,"name":"Seraphine Canción del Océano","chromas":true},{"id":"147015","num":15,"name":"Seraphine Canción del Océano Prestigiosa","chromas":false},{"id":"147024","num":24,"name":"Seraphine Corte Feérica","chromas":true},{"id":"147034","num":34,"name":"Seraphine Guardiana Estelar","chromas":true}],"lore":"Nacida en Piltóver de padres zaunitas, Seraphine es capaz de escuchar las almas de otros; el mundo canta para ella, y ella canta para él. Aunque estos sonidos la abrumaban en su juventud, ahora acude a ellos para inspirarse y convertir el caos en una sinfonía. Se presenta en las ciudades hermanas para recordarles a sus ciudadanos que no están solos, que son más fuertes juntos y que, ante sus ojos, su potencial es ilimitado.","blurb":"Nacida en Piltóver de padres zaunitas, Seraphine es capaz de escuchar las almas de otros; el mundo canta para ella, y ella canta para él. Aunque estos sonidos la abrumaban en su juventud, ahora acude a ellos para inspirarse y convertir el caos en una...","allytips":[],"enemytips":[],"tags":["Mage","Support"],"partype":"Maná","info":{"attack":0,"defense":0,"magic":0,"difficulty":0},"stats":{"hp":570,"hpperlevel":90,"mp":360,"mpperlevel":50,"movespeed":325,"armor":26,"armorperlevel":4.2,"spellblock":30,"spellblockperlevel":1.3,"attackrange":525,"hpregen":6.5,"hpregenperlevel":0.6,"mpregen":11.5,"mpregenperlevel":0.4,"crit":0,"critperlevel":0,"attackdamage":55,"attackdamageperlevel":3,"attackspeedperlevel":2,"attackspeed":0.669},"spells":[{"id":"SeraphineQ","name":"Nota Alta","description":"Seraphine inflige daño en una zona.","tooltip":"Seraphine proyecta una nota pura, lo que inflige <magicDamage>{{ explosiondamage }} de daño mágico</magicDamage>, que aumenta según el porcentaje de vida faltante del objetivo hasta <magicDamage>{{ totalempowereddamage }} de daño</magicDamage> si está debajo del {{ executethreshold*100 }}% de Vida.{{ spellmodifierdescriptionappend }}","leveltip":{"label":["Enfriamiento","Costo de @AbilityResourceName@","Daño inicial"],"effect":["{{ cooldown }} -> {{ cooldownNL }}","{{ cost }} -> {{ costNL }}","{{ basedamage }} -> {{ basedamageNL }}"]},"maxrank":5,"cooldown":[10,8.75,7.5,6.25,5],"cooldownBurn":"10/8.75/7.5/6.25/5","cost":[65,70,75,80,85],"costBurn":"65/70/75/80/85","datavalues":{},"effect":[null,[0,0,0,0,0],[0,0,0,0,0],[0,0,0,0,0],[0,0,0,0,0],[0,0,0,0,0],[0,0,0,0,0],[0,0,0,0,0],[0,0,0,0,0],[0,0,0,0,0],[0,0,0,0,0]],"effectBurn":[null,"0","0","0","0","0","0","0","0","0","0"],"vars":[],"costType":" de {{ abilityresourcename }}","maxammo":"-1","range":[900,900,900,900,900],"rangeBurn":"900","image":{"full":"SeraphineQ.png","sprite":"spell11.png","group":"spell","x":192,"y":144,"w":48,"h":48},"resource":"{{ cost }} de {{ abilityresourcename }}"},{"id":"SeraphineW","name":"Sonido Envolvente","description":"Seraphine escuda y acelera a los aliados cercanos. Si ya tiene un escudo, también curará a los aliados cercanos.","tooltip":"Seraphine anima a sus campeones aliados cercanos con una canción, lo que les otorga <speed>{{ hastevalueallies }} de Velocidad de Movimiento</speed>, a ella misma <speed>{{ wmsbonustotal }} de Velocidad de movimiento que decae</speed>, y a ambos un <shield>Escudo de {{ shieldvalueseraphine }}</shield> por {{ shieldduration }} seg.<br /><br />Si Seraphine ya tiene un <shield>escudo</shield>, llama a sus aliados para que se unan a ella y les cura un <healing>{{ wmissinghpheal }}% de Vida faltante</healing> por cada campeón aliado cercano después de un retraso de {{ whealsplitdelay }} seg.{{ spellmodifierdescriptionappend }}","leveltip":{"label":["Enfriamiento","Costo de @AbilityResourceName@","Cantidad de escudo","Porcentaje curado"],"effect":["{{ cooldown }} -> {{ cooldownNL }}","{{ cost }} -> {{ costNL }}","{{ shieldstrength }} -> {{ shieldstrengthNL }}","{{ wmissinghpbase }} -> {{ wmissinghpbaseNL }}"]},"maxrank":5,"cooldown":[28,25,22,19,16],"cooldownBurn":"28/25/22/19/16","cost":[80,85,90,95,100],"costBurn":"80/85/90/95/100","datavalues":{},"effect":[null,[0,0,0,0,0],[0,0,0,0,0],[0,0,0,0,0],[0,0,0,0,0],[0,0,0,0,0],[0,0,0,0,0],[0,0,0,0,0],[0,0,0,0,0],[0,0,0,0,0],[0,0,0,0,0]],"effectBurn":[null,"0","0","0","0","0","0","0","0","0","0"],"vars":[],"costType":" de {{ abilityresourcename }}","maxammo":"-1","range":[800,800,800,800,800],"rangeBurn":"800","image":{"full":"SeraphineW.png","sprite":"spell11.png","group":"spell","x":240,"y":144,"w":48,"h":48},"resource":"{{ cost }} de {{ abilityresourcename }}"},{"id":"SeraphineE","name":"¡Siente el Ritmo!","description":"Seraphine inflige daño y reduce la velocidad de movimiento de los enemigos en una línea.","tooltip":"Seraphine libera una onda sonora pesada, lo que inflige <magicDamage>{{ finaldamage }} de daño mágico</magicDamage> a los enemigos en una línea y los <status>ralentiza</status> en un {{ slowvalue }}% durante {{ slowduration }} seg.<br /><br />Los enemigos que ya están <status>ralentizados</status> quedan <status>inmovilizados</status> y los enemigos <status>inmovilizados</status> quedan <status>aturdidos</status>.{{ spellmodifierdescriptionappend }}","leveltip":{"label":["Costo de @AbilityResourceName@","Daño"],"effect":["{{ cost }} -> {{ costNL }}","{{ basedamage }} -> {{ basedamageNL }}"]},"maxrank":5,"cooldown":[10,10,10,10,10],"cooldownBurn":"10","cost":[60,65,70,75,80],"costBurn":"60/65/70/75/80","datavalues":{},"effect":[null,[0,0,0,0,0],[0,0,0,0,0],[0,0,0,0,0],[0,0,0,0,0],[0,0,0,0,0],[0,0,0,0,0],[0,0,0,0,0],[0,0,0,0,0],[0,0,0,0,0],[0,0,0,0,0]],"effectBurn":[null,"0","0","0","0","0","0","0","0","0","0"],"vars":[],"costType":" de {{ abilityresourcename }}","maxammo":"-1","range":[1300,1300,1300,1300,1300],"rangeBurn":"1300","image":{"full":"SeraphineE.png","sprite":"spell11.png","group":"spell","x":288,"y":144,"w":48,"h":48},"resource":"{{ cost }} de {{ abilityresourcename }}"},{"id":"SeraphineR","name":"¡Otra!","description":"Seraphine inflige daño y encanta a los enemigos alcanzados, lo que restablece el alcance con cada campeón enemigo o aliado impactado.","tooltip":"Seraphine toma el escenario y proyecta una fuerza cautivadora que <status>encanta</status> durante {{ rchannelduration }} seg e inflige <magicDamage>{{ r1totaldamage }} de daño mágico</magicDamage>.<br /><br />Todos los campeones alcanzados (incluidos los aliados) se volverán parte del espectáculo y extenderán el alcance de esta habilidad. Los campeones aliados obtienen el máximo de <keywordMajor>Notas</keywordMajor>.{{ spellmodifierdescriptionappend }}","leveltip":{"label":["Enfriamiento","Duración de encantamiento","Daño inicial"],"effect":["{{ cooldown }} -> {{ cooldownNL }}","{{ rchannelduration }} -> {{ rchanneldurationNL }}","{{ r1basedamage }} -> {{ r1basedamageNL }}"]},"maxrank":3,"cooldown":[160,130,100],"cooldownBurn":"160/130/100","cost":[100,100,100],"costBurn":"100","datavalues":{},"effect":[null,[0,0,0],[0,0,0],[0,0,0],[0,0,0],[0,0,0],[0,0,0],[0,0,0],[0,0,0],[0,0,0],[0,0,0]],"effectBurn":[null,"0","0","0","0","0","0","0","0","0","0"],"vars":[],"costType":" de {{ abilityresourcename }}","maxammo":"-1","range":[25000,25000,25000],"rangeBurn":"25000","image":{"full":"SeraphineR.png","sprite":"spell11.png","group":"spell","x":336,"y":144,"w":48,"h":48},"resource":"{{ cost }} de {{ abilityresourcename }}"}],"passive":{"name":"Presencia Escénica","description":"Seraphine lanzará dos veces cada tercer hechizo básico. Además, lanzar hechizos cerca de aliados le otorga daño mágico y alcance adicionales en su siguiente ataque básico.","image":{"full":"Seraphine_Passive.png","sprite":"passive3.png","group":"passive","x":192,"y":96,"w":48,"h":48}},"recommended":[]}}}