{
    "type": "champion",
    "format": "standAloneComplex",
    "version": "14.3.1",
    "data": {
        "Sett": {
            "id": "Sett",
            "key": "875",
            "name": "Sett",
            "title": "El Jefe",
            "image": {
                "full": "Sett.png",
                "sprite": "champion3.png",
                "group": "champion",
                "x": 240,
                "y": 96,
                "w": 48,
                "h": 48
            },
            "skins": [
                {
                    "id": "875000",
                    "num": 0,
                    "name": "default",
                    "chromas": false
                },
                {
                    "id": "875001",
                    "num": 1,
                    "name": "Sett Reinos Mecha",
                    "chromas": true
                },
                {
                    "id": "875008",
                    "num": 8,
                    "name": "Sett Dragón de Obsidiana",
                    "chromas": true
                },
                {
                    "id": "875009",
                    "num": 9,
                    "name": "Sett Dragón de Obsidiana Prestigioso",
                    "chromas": false
                },
                {
                    "id": "875010",
                    "num": 10,
                    "name": "Sett Veraniego",
                    "chromas": true
                },
                {
                    "id": "875019",
                    "num": 19,
                    "name": "Sett Año Nuevo Chino",
                    "chromas": true
                },
                {
                    "id": "875038",
                    "num": 38,
                    "name": "Sett Flor Espiritual",
                    "chromas": true
                },
                {
                    "id": "875045",
                    "num": 45,
                    "name": "Sett Peleador Álmico",
                    "chromas": true
                },
                {
                    "id": "875056",
                    "num": 56,
                    "name": "Sett HEARTSTEEL",
                    "chromas": true
                }
            ],
            "lore": "Sett, uno de los líderes del creciente inframundo criminal de Jonia, ascendió a la fama tras la guerra con Noxus. Se inició como un humilde púgil en las arenas de pelea de Navori, pero pronto ganó notoriedad por su fuerza salvaje y su habilidad para soportar castigos aparentemente interminables. Tras ascender en las clasificaciones de los combatientes locales, Sett se abrió camino a golpes hasta la cima y ahora es quien dirige las arenas en las que alguna vez peleó.",
            "blurb": "Sett, uno de los líderes del creciente inframundo criminal de Jonia, ascendió a la fama tras la guerra con Noxus. Se inició como un humilde púgil en las arenas de pelea de Navori, pero pronto ganó notoriedad por su fuerza salvaje y su habilidad para...",
            "allytips": [],
            "enemytips": [],
            "tags": [
                "Fighter",
                "Tank"
            ],
            "partype": "Determinación",
            "info": {
                "attack": 8,
                "defense": 5,
                "magic": 1,
                "difficulty": 2
            },
            "stats": {
                "hp": 670,
                "hpperlevel": 114,
                "mp": 0,
                "mpperlevel": 0,
                "movespeed": 340,
                "armor": 33,
                "armorperlevel": 5.2,
                "spellblock": 28,
                "spellblockperlevel": 2.05,
                "attackrange": 125,
                "hpregen": 7,
                "hpregenperlevel": 0.5,
                "mpregen": 0,
                "mpregenperlevel": 0,
                "crit": 0,
                "critperlevel": 0,
                "attackdamage": 60,
                "attackdamageperlevel": 4,
                "attackspeedperlevel": 1.75,
                "attackspeed": 0.625
            },
            "spells": [
                {
                    "id": "SettQ",
                    "name": "Saluda a mis Nudillos",
                    "description": "Los dos ataques siguientes de Sett infligen daño adicional según la vida máxima del objetivo. Además, Sett obtiene velocidad de movimiento al dirigirse hacia campeones enemigos.",
                    "tooltip": "Sett busca una pelea, con lo que obtiene un <speed>{{ msamount*100 }}% de Velocidad de Movimiento</speed> durante {{ msduration }} seg al dirigirse hacia campeones enemigos.<br /><br />Los siguientes dos ataques de Sett infligen <physicalDamage>{{ basedamage }} más un {{ maxhealthdamagecalc }} de la Vida Máxima como daño físico</physicalDamage>.{{ spellmodifierdescriptionappend }}",
                    "leveltip": {
                        "label": [
                            "Enfriamiento",
                            "Daño básico",
                            "% de Vida Máxima por cada 100 de Daño de Ataque"
                        ],
                        "effect": [
                            "{{ cooldown }} -> {{ cooldownNL }}",
                            "{{ basedamage }} -> {{ basedamageNL }}",
                            "{{ maxhealthtadratiotooltip }}% -> {{ maxhealthtadratiotooltipNL }}%"
                        ]
                    },
                    "maxrank": 5,
                    "cooldown": [
                        9,
                        8,
                        7,
                        6,
                        5
                    ],
                    "cooldownBurn": "9/8/7/6/5",
                    "cost": [
                        0,
                        0,
                        0,
                        0,
                        0
                    ],
                    "costBurn": "0",
                    "datavalues": {},
                    "effect": [
                        null,
                        [
                            0,
                            0,
                            0,
                            0,
                            0
                        ],
                        [
                            0,
                            0,
                            0,
                            0,
                            0
                        ],
                        [
                            0,
                            0,
                            0,
                            0,
                            0
                        ],
                        [
                            0,
                            0,
                            0,
                            0,
                            0
                        ],
                        [
                            0,
                            0,
                            0,
                            0,
                            0
                        ],
                        [
                            0,
                            0,
                            0,
                            0,
                            0
                        ],
                        [
                            0,
                            0,
                            0,
                            0,
                            0
                        ],
                        [
                            0,
                            0,
                            0,
                            0,
                            0
                        ],
                        [
                            0,
                            0,
                            0,
                            0,
                            0
                        ],
                        [
                            0,
                            0,
                            0,
                            0,
                            0
                        ]
                    ],
                    "effectBurn": [
                        null,
                        "0",
                        "0",
                        "0",
                        "0",
                        "0",
                        "0",
                        "0",
                        "0",
                        "0",
                        "0"
                    ],
                    "vars": [],
                    "costType": "Sin costo",
                    "maxammo": "-1",
                    "range": [
                        0,
                        0,
                        0,
                        0,
                        0
                    ],
                    "rangeBurn": "0",
                    "image": {
                        "full": "SettQ.png",
                        "sprite": "spell11.png",
                        "group": "spell",
                        "x": 384,
                        "y": 144,
                        "w": 48,
                        "h": 48
                    },
                    "resource": "Sin costo"
                },
                {
                    "id": "SettW",
                    "name": "Mi Turno",
                    "description": "Set almacena de forma pasiva el daño que recibe como Determinación. Al lanzar la habilidad, Sett consume toda la Determinación almacenada para obtener un escudo y realizar un golpe en un área, lo que inflige daño verdadero en el centro y daño físico a los lados.",
                    "tooltip": "<spellPassive>Pasiva:</spellPassive> Sett almacena un {{ damagestored*100 }}% del daño recibido como <keywordMajor>Determinación</keywordMajor>, hasta un máximo de <keywordMajor>{{ maxgrit }}</keywordMajor>. La <keywordMajor>Determinación</keywordMajor> decae con rapidez {{ adrenalinestoragewindow }} seg después de recibir el daño.<br /><br /><spellActive>Activa:</spellActive> Sett consume toda la <keywordMajor>Determinación</keywordMajor> y obtiene un <shield>Escudo del {{ shieldconversion*100 }}% de la Determinación consumida</shield>, que decae a lo largo de {{ shieldmaxduration }} seg. Después, Sett realiza un poderoso golpe que inflige <trueDamage>{{ damagecalc }} más un {{ damageconversion }} de la Determinación consumida como daño verdadero</trueDamage> a los enemigos en el centro (máx. <trueDamage>{{ f1 }} de daño</trueDamage>). Los enemigos que no estén en el centro recibirán <physicalDamage>daño físico</physicalDamage>.{{ spellmodifierdescriptionappend }}",
                    "leveltip": {
                        "label": [
                            "Enfriamiento",
                            "Daño básico"
                        ],
                        "effect": [
                            "{{ cooldown }} -> {{ cooldownNL }}",
                            "{{ basedamage }} -> {{ basedamageNL }}"
                        ]
                    },
                    "maxrank": 5,
                    "cooldown": [
                        18,
                        16.5,
                        15,
                        13.5,
                        12
                    ],
                    "cooldownBurn": "18/16.5/15/13.5/12",
                    "cost": [
                        0,
                        0,
                        0,
                        0,
                        0
                    ],
                    "costBurn": "0",
                    "datavalues": {},
                    "effect": [
                        null,
                        [
                            0,
                            0,
                            0,
                            0,
                            0
                        ],
                        [
                            0,
                            0,
                            0,
                            0,
                            0
                        ],
                        [
                            0,
                            0,
                            0,
                            0,
                            0
                        ],
                        [
                            0,
                            0,
                            0,
                            0,
                            0
                        ],
                        [
                            0,
                            0,
                            0,
                            0,
                            0
                        ],
                        [
                            0,
                            0,
                            0,
                            0,
                            0
                        ],
                        [
                            0,
                            0,
                            0,
                            0,
                            0
                        ],
                        [
                            0,
                            0,
                            0,
                            0,
                            0
                        ],
                        [
                            0,
                            0,
                            0,
                            0,
                            0
                        ],
                        [
                            0,
                            0,
                            0,
                            0,
                            0
                        ]
                    ],
                    "effectBurn": [
                        null,
                        "0",
                        "0",
                        "0",
                        "0",
                        "0",
                        "0",
                        "0",
                        "0",
                        "0",
                        "0"
                    ],
                    "vars": [],
                    "costType": "Sin costo",
                    "maxammo": "-1",
                    "range": [
                        25000,
                        25000,
                        25000,
                        25000,
                        25000
                    ],
                    "rangeBurn": "25000",
                    "image": {
                        "full": "SettW.png",
                        "sprite": "spell11.png",
                        "group": "spell",
                        "x": 432,
                        "y": 144,
                        "w": 48,
                        "h": 48
                    },
                    "resource": "Sin costo"
                },
                {
                    "id": "SettE",
                    "name": "Ahora Bésense",
                    "description": "Sett atrae a todos los enemigos que se encuentren a ambos lados de él, les inflige daño y los aturde. Si los enemigos se encuentran de un solo lado, los ralentiza en vez de aturdirlos.",
                    "tooltip": "Sett choca a los enemigos que se encuentren en ambos lados de él entre sí, lo que inflige <physicalDamage>{{ damagecalc }} de daño físico</physicalDamage> y los <status>ralentiza</status> un {{ slowamount*100 }}% durante {{ slowduration }} seg. Si Sett tomó al menos a un enemigo de cada lado, todos los enemigos quedarán <status>aturdidos</status> durante {{ stunduration }} seg.{{ spellmodifierdescriptionappend }}",
                    "leveltip": {
                        "label": [
                            "Enfriamiento",
                            "Daño básico"
                        ],
                        "effect": [
                            "{{ cooldown }} -> {{ cooldownNL }}",
                            "{{ basedamage }} -> {{ basedamageNL }}"
                        ]
                    },
                    "maxrank": 5,
                    "cooldown": [
                        16,
                        14.5,
                        13,
                        11.5,
                        10
                    ],
                    "cooldownBurn": "16/14.5/13/11.5/10",
                    "cost": [
                        0,
                        0,
                        0,
                        0,
                        0
                    ],
                    "costBurn": "0",
                    "datavalues": {},
                    "effect": [
                        null,
                        [
                            0,
                            0,
                            0,
                            0,
                            0
                        ],
                        [
                            0,
                            0,
                            0,
                            0,
                            0
                        ],
                        [
                            0,
                            0,
                            0,
                            0,
                            0
                        ],
                        [
                            0,
                            0,
                            0,
                            0,
                            0
                        ],
                        [
                            0,
                            0,
                            0,
                            0,
                            0
                        ],
                        [
                            0,
                            0,
                            0,
                            0,
                            0
                        ],
                        [
                            0,
                            0,
                            0,
                            0,
                            0
                        ],
                        [
                            0,
                            0,
                            0,
                            0,
                            0
                        ],
                        [
                            0,
                            0,
                            0,
                            0,
                            0
                        ],
                        [
                            0,
                            0,
                            0,
                            0,
                            0
                        ]
                    ],
                    "effectBurn": [
                        null,
                        "0",
                        "0",
                        "0",
                        "0",
                        "0",
                        "0",
                        "0",
                        "0",
                        "0",
                        "0"
                    ],
                    "vars": [],
                    "costType": "Sin costo",
                    "maxammo": "-1",
                    "range": [
                        490,
                        490,
                        490,
                        490,
                        490
                    ],
                    "rangeBurn": "490",
                    "image": {
                        "full": "SettE.png",
                        "sprite": "spell12.png",
                        "group": "spell",
                        "x": 0,
                        "y": 0,
                        "w": 48,
                        "h": 48
                    },
                    "resource": "Sin costo"
                },
                {
                    "id": "SettR",
                    "name": "Hora del Show",
                    "description": "Sett carga a un enemigo por el aire y lo azota contra el suelo, lo que inflige daño y ralentiza a todos los enemigos cerca del lugar de aterrizaje.",
                    "tooltip": "Sett toma a un enemigo y lo <status>suprime</status> mientras lo carga hacia adelante y lo azota contra el suelo, lo que les inflige <physicalDamage>{{ damagecalc }} más un {{ maxhealthdamage*100 }}% de la Vida adicional del enemigo sujetado como daño físico</physicalDamage> a los enemigos circundantes y los <status>ralentiza</status> un {{ slowamount*100 }}% durante {{ slowduration }} seg. Los enemigos reciben menos daño mientras más lejos estén del lugar de aterrizaje de Sett.{{ spellmodifierdescriptionappend }}",
                    "leveltip": {
                        "label": [
                            "Enfriamiento",
                            "Daño de vida adicional",
                            "Daño básico"
                        ],
                        "effect": [
                            "{{ cooldown }} -> {{ cooldownNL }}",
                            "{{ maxhealthdamage*100.000000 }}% -> {{ maxhealthdamagenl*100.000000 }}%",
                            "{{ basedamage }} -> {{ basedamageNL }}"
                        ]
                    },
                    "maxrank": 3,
                    "cooldown": [
                        120,
                        100,
                        80
                    ],
                    "cooldownBurn": "120/100/80",
                    "cost": [
                        0,
                        0,
                        0
                    ],
                    "costBurn": "0",
                    "datavalues": {},
                    "effect": [
                        null,
                        [
                            0,
                            0,
                            0
                        ],
                        [
                            0,
                            0,
                            0
                        ],
                        [
                            0,
                            0,
                            0
                        ],
                        [
                            0,
                            0,
                            0
                        ],
                        [
                            0,
                            0,
                            0
                        ],
                        [
                            0,
                            0,
                            0
                        ],
                        [
                            0,
                            0,
                            0
                        ],
                        [
                            0,
                            0,
                            0
                        ],
                        [
                            0,
                            0,
                            0
                        ],
                        [
                            0,
                            0,
                            0
                        ]
                    ],
                    "effectBurn": [
                        null,
                        "0",
                        "0",
                        "0",
                        "0",
                        "0",
                        "0",
                        "0",
                        "0",
                        "0",
                        "0"
                    ],
                    "vars": [],
                    "costType": "Sin costo",
                    "maxammo": "-1",
                    "range": [
                        400,
                        400,
                        400
                    ],
                    "rangeBurn": "400",
                    "image": {
                        "full": "SettR.png",
                        "sprite": "spell12.png",
                        "group": "spell",
                        "x": 48,
                        "y": 0,
                        "w": 48,
                        "h": 48
                    },
                    "resource": "Sin costo"
                }
            ],
            "passive": {
                "name": "Determinación de la Arena",
                "description": "Los ataques básicos de Sett se alternan entre un golpe izquierdo y derecho. El golpe con la derecha es ligeramente más fuerte y rápido. Sett odia perder, por lo que obtiene regeneración de vida adicional según su vida faltante.",
                "image": {
                    "full": "Sett_P.png",
                    "sprite": "passive3.png",
                    "group": "passive",
                    "x": 240,
                    "y": 96,
                    "w": 48,
                    "h": 48
                }
            },
            "recommended": []
        }
    }
}