{"type":"champion","format":"standAloneComplex","version":"14.3.1","data":{"Shaco":{"id":"Shaco","key":"35","name":"Shaco","title":"el Bufón Siniestro","image":{"full":"Shaco.png","sprite":"champion3.png","group":"champion","x":288,"y":96,"w":48,"h":48},"skins":[{"id":"35000","num":0,"name":"default","chromas":false},{"id":"35001","num":1,"name":"El Sombrerero Shaco","chromas":false},{"id":"35002","num":2,"name":"Shaco del Palacio Real","chromas":false},{"id":"35003","num":3,"name":"El Shascanueces","chromas":false},{"id":"35004","num":4,"name":"Shaco de Juguete","chromas":false},{"id":"35005","num":5,"name":"Shaco de Atar","chromas":false},{"id":"35006","num":6,"name":"Shaco Enmascarado","chromas":false},{"id":"35007","num":7,"name":"Shaco Comodín","chromas":false},{"id":"35008","num":8,"name":"Shaco Estrella Oscura","chromas":true},{"id":"35015","num":15,"name":"Shaco Arcanista","chromas":true},{"id":"35023","num":23,"name":"Shaco Pesadilla en la Ciudad del Crimen","chromas":true},{"id":"35033","num":33,"name":"Shaco Favor del Invierno","chromas":true},{"id":"35043","num":43,"name":"Shaco Peleador Álmico","chromas":true},{"id":"35044","num":44,"name":"Shaco Peleador Álmico Prestigioso","chromas":false}],"lore":"Creado hace mucho tiempo como un juguete para un solitario príncipe, la marioneta encantada Shaco ahora se deleita con la matanza y el caos. Corrompido por una oscura magia y la pérdida de su querido dueño, la que alguna vez fue una gentil marioneta ahora encuentra placer en la miseria de las pobres almas que atormenta. Usa juguetes y trucos simples con letal eficacia, y cree que los resultados de sus sangrientos ''juegos'' son divertidos. Para los que escuchan una siniestra carcajada en la mitad de la noche, podría ser que el Bufón Siniestro los marcó como sus próximos juguetes.","blurb":"Creado hace mucho tiempo como un juguete para un solitario príncipe, la marioneta encantada Shaco ahora se deleita con la matanza y el caos. Corrompido por una oscura magia y la pérdida de su querido dueño, la que alguna vez fue una gentil marioneta...","allytips":["Si usas Engaño sobre el terreno, te será más fácil escapar.","Intenta conseguir objetos con efectos de impacto. Estos también beneficiarán al clon de tu Alucinación.","El daño de Puñalada en la Espalda se puede aumentar con efectos de Daño Crítico aumentado, tales como Filo del Infinito."],"enemytips":["Si a Shaco le va bien en el juego temprano, vale la pena invertir en Centinelas Invisibles cerca de sus campamentos de la jungla.","Si Shaco usa Engaño para entrar a una pelea, no podrá volver a usarlo tan rápido como para poder escapar. Trabaja en equipo para enfocarlo y acabarlo rápidamente."],"tags":["Assassin"],"partype":"Maná","info":{"attack":8,"defense":4,"magic":6,"difficulty":9},"stats":{"hp":630,"hpperlevel":99,"mp":297,"mpperlevel":40,"movespeed":345,"armor":30,"armorperlevel":4,"spellblock":32,"spellblockperlevel":2.05,"attackrange":125,"hpregen":8.5,"hpregenperlevel":0.55,"mpregen":6,"mpregenperlevel":0.35,"crit":0,"critperlevel":0,"attackdamage":63,"attackdamageperlevel":3,"attackspeedperlevel":3,"attackspeed":0.694},"spells":[{"id":"Deceive","name":"Engaño","description":"Shaco se vuelve Invisible y se teletransporta hacia la ubicación objetivo.<br><br>Su siguiente ataque básico estará potenciado, lo que inflige daño adicional y asesta un golpe crítico si ataca desde atrás.","tooltip":"Shaco se teletransporta y se vuelve <keywordStealth>invisible</keywordStealth> durante {{ stealthduration }} seg. Usar <spellName>Caja Sorpresa</spellName> o <spellName>Alucinación</spellName> no rompe la <keywordStealth>invisibilidad</keywordStealth>.<br /><br />El próximo ataque de Shaco mientras es <keywordStealth>invisible</keywordStealth> inflige <physicalDamage>{{ totaldamage }} de daño físico</physicalDamage> adicional. Si golpea por detrás, este ataque realiza un golpe crítico que inflige un {{ qcritdamagemod }} de daño.{{ spellmodifierdescriptionappend }}","leveltip":{"label":["Daño","Duración de sigilo","Enfriamiento"],"effect":["{{ basedamage }} -> {{ basedamageNL }}","{{ stealthduration }} -> {{ stealthdurationNL }}","{{ cooldown }} -> {{ cooldownNL }}"]},"maxrank":5,"cooldown":[12,11.5,11,10.5,10],"cooldownBurn":"12/11.5/11/10.5/10","cost":[40,40,40,40,40],"costBurn":"40","datavalues":{},"effect":[null,[0,0,0,0,0],[0,0,0,0,0],[0,0,0,0,0],[0,0,0,0,0],[0,0,0,0,0],[0,0,0,0,0],[0,0,0,0,0],[0,0,0,0,0],[0,0,0,0,0],[0,0,0,0,0]],"effectBurn":[null,"0","0","0","0","0","0","0","0","0","0"],"vars":[],"costType":" de {{ abilityresourcename }}","maxammo":"-1","range":[400,400,400,400,400],"rangeBurn":"400","image":{"full":"Deceive.png","sprite":"spell12.png","group":"spell","x":96,"y":0,"w":48,"h":48},"resource":"{{ cost }} de {{ abilityresourcename }}"},{"id":"JackInTheBox","name":"Caja Sorpresa","description":"Shaco crea una caja sorpresa oculta. Al activarse, atemorizará y atacará a los enemigos cercanos.","tooltip":"Shaco crea una trampa que desaparece de la vista después de {{ e5 }} seg y dura {{ trapduration }} seg. Se activa cuando un enemigo se acerca o cuando se revela, luego <status>aterroriza</status> a los campeones enemigos cercanos durante {{ fearduration }} seg o {{ minionfearduration }} seg para súbditos y monstruos de la jungla.<br /><br />Al activarse, la trampa dispara a todos los enemigos cercanos durante 5 seg y les inflige <magicDamage>{{ aoedamage }} de daño mágico</magicDamage> o <magicDamage>{{ stdamage }} de daño</magicDamage> si se enfoca en un solo objetivo.<br /><br />Los ataques de Caja Sorpresa infligen <magicDamage>{{ monsterbonusdamage }}</magicDamage> de daño adicional contra monstruos.{{ spellmodifierdescriptionappend }}","leveltip":{"label":["Daño","Duración de miedo","Daño adicional a monstruos","Costo de @AbilityResourceName@"],"effect":["{{ stbasedamage }} -> {{ stbasedamageNL }}","{{ fearduration }} -> {{ feardurationNL }}","{{ monsterbonusdamage }} -> {{ monsterbonusdamageNL }}","{{ cost }} -> {{ costNL }}"]},"maxrank":5,"cooldown":[15,15,15,15,15],"cooldownBurn":"15","cost":[70,65,60,55,50],"costBurn":"70/65/60/55/50","datavalues":{},"effect":[null,[35,50,65,80,95],[200,300,400,500,600],[0.5,0.75,1,1.25,1.5],[40,40,40,40,40],[2,2,2,2,2],[0,0,0,0,0],[0,0,0,0,0],[0,0,0,0,0],[0,0,0,0,0],[0,0,0,0,0]],"effectBurn":[null,"35/50/65/80/95","200/300/400/500/600","0.5/0.75/1/1.25/1.5","40","2","0","0","0","0","0"],"vars":[],"costType":" de {{ abilityresourcename }}","maxammo":"-1","range":[500,500,500,500,500],"rangeBurn":"500","image":{"full":"JackInTheBox.png","sprite":"spell12.png","group":"spell","x":144,"y":0,"w":48,"h":48},"resource":"{{ cost }} de {{ abilityresourcename }}"},{"id":"TwoShivPoison","name":"Veneno de Doble Filo","description":"Los cuchillos de Shaco envenenan de forma pasiva al objetivo al impacto, lo que ralentiza su velocidad de movimiento. Puede lanzar sus cuchillos para infligir daño y envenenar al objetivo. Los cuchillos lanzados infligen daño adicional si el objetivo está por debajo del 30% de Vida.","tooltip":"<spellPassive>Pasiva:</spellPassive> Mientras esta habilidad no esté en Enfriamiento, los ataques de Shaco <status>ralentizan</status> al objetivo un {{ slowamount*-100 }}% durante {{ slowdurationpassive }} seg.<br /><br /><spellActive>Activa:</spellActive> Shaco arroja un cuchillo, inflige <magicDamage>{{ totaldamage }} de daño mágico</magicDamage> y <status>ralentiza</status> un {{ slowamount*-100 }}% durante {{ slowdurationactive }} seg. Si el objetivo tiene menos del {{ executehealththreshold*100 }}% de Vida, el cuchillo inflige <magicDamage>{{ totalexecutedamage }} de daño</magicDamage>.{{ spellmodifierdescriptionappend }}","leveltip":{"label":["Daño","Ralentización"],"effect":["{{ basedamage }} -> {{ basedamageNL }}","{{ slowamount*-100.000000 }}% -> {{ slowamountnl*-100.000000 }}%"]},"maxrank":5,"cooldown":[8,8,8,8,8],"cooldownBurn":"8","cost":[75,75,75,75,75],"costBurn":"75","datavalues":{},"effect":[null,[0,0,0,0,0],[0,0,0,0,0],[0,0,0,0,0],[0,0,0,0,0],[0,0,0,0,0],[0,0,0,0,0],[0,0,0,0,0],[0,0,0,0,0],[0,0,0,0,0],[0,0,0,0,0]],"effectBurn":[null,"0","0","0","0","0","0","0","0","0","0"],"vars":[],"costType":" de {{ abilityresourcename }}","maxammo":"-1","range":[625,625,625,625,625],"rangeBurn":"625","image":{"full":"TwoShivPoison.png","sprite":"spell12.png","group":"spell","x":192,"y":0,"w":48,"h":48},"resource":"{{ cost }} de {{ abilityresourcename }}"},{"id":"HallucinateFull","name":"Alucinación","description":"Shaco crea una ilusión suya cerca de él, la cual puede atacar a los enemigos cercanos (causa daño reducido a torretas). Al morir, esta estalla y hace aparecer tres cajas sorpresa que causan daño a los enemigos cercanos.","tooltip":"Shaco desaparece brevemente y reaparece con un clon que dura {{ clonelifetime }} seg y estalla al morir, lo que inflige <magicDamage>{{ explosiontotaldamage }} de daño mágico</magicDamage> y hace aparecer tres <spellName>Minicajas Sorpresa</spellName> que se activan de inmediato. El clon inflige un {{ cloneaadamagepercent*100 }}% del daño de Shaco y recibe un {{ cloneincomingdamagepercent*100 }}% de daño aumentado.<br /><br />Las <spellName>Minicajas Sorpresa</spellName> infligen <magicDamage>{{ aoedamage }} de daño mágico</magicDamage> o <magicDamage>{{ stdamage }} de daño mágico</magicDamage> si disparan a un solo enemigo, y <status>aterrorizarán</status> por {{ boxfearduration }} seg.<br />{{ spellmodifierdescriptionappend }}","leveltip":{"label":["Daño al morir","Daño de caja miniatura","Enfriamiento"],"effect":["{{ explosionbasedamage }} -> {{ explosionbasedamageNL }}","{{ stbasedamage }} -> {{ stbasedamageNL }}","{{ cooldown }} -> {{ cooldownNL }}"]},"maxrank":3,"cooldown":[100,90,80],"cooldownBurn":"100/90/80","cost":[100,100,100],"costBurn":"100","datavalues":{},"effect":[null,[0,0,0],[0,0,0],[0,0,0],[0,0,0],[6,6,6],[0,0,0],[0,0,0],[0,0,0],[0,0,0],[0,0,0]],"effectBurn":[null,"0","0","0","0","6","0","0","0","0","0"],"vars":[],"costType":" de {{ abilityresourcename }}","maxammo":"-1","range":[200,200,200],"rangeBurn":"200","image":{"full":"HallucinateFull.png","sprite":"spell12.png","group":"spell","x":240,"y":0,"w":48,"h":48},"resource":"{{ cost }} de {{ abilityresourcename }}"}],"passive":{"name":"Puñalada en la Espalda","description":"Los ataques básicos de Shaco y Veneno de Doble Filo infligen daño adicional cuando atacan desde atrás.","image":{"full":"Jester_CarefulStrikes.png","sprite":"passive3.png","group":"passive","x":288,"y":96,"w":48,"h":48}},"recommended":[]}}}