{"type":"champion","format":"standAloneComplex","version":"14.3.1","data":{"Shen":{"id":"Shen","key":"98","name":"Shen","title":"el Ojo del Crepúsculo","image":{"full":"Shen.png","sprite":"champion3.png","group":"champion","x":336,"y":96,"w":48,"h":48},"skins":[{"id":"98000","num":0,"name":"default","chromas":false},{"id":"98001","num":1,"name":"Shen Frío","chromas":false},{"id":"98002","num":2,"name":"Shen Amarillo","chromas":false},{"id":"98003","num":3,"name":"Cirujano Shen","chromas":true},{"id":"98004","num":4,"name":"Shen Luna de Sangre","chromas":false},{"id":"98005","num":5,"name":"Shen Señor de la Guerra","chromas":true},{"id":"98006","num":6,"name":"Shen TPA","chromas":false},{"id":"98015","num":15,"name":"Shen Pulso de Fuego","chromas":true},{"id":"98016","num":16,"name":"Shen Infernal","chromas":true},{"id":"98022","num":22,"name":"Shen PsyOps","chromas":true},{"id":"98040","num":40,"name":"Shen Filo Relámpago","chromas":true},{"id":"98049","num":49,"name":"Shen Guardián de la Ceniza","chromas":true}],"lore":"Entre los secretos guerreros jonios conocidos como los Kinkou, Shen sirve como su líder, el Ojo del Crepúsculo. Desea mantenerse libre de las confusiones que provocan la emoción, los prejuicios y el ego, y camina por la senda oculta del juicio imparcial entre el mundo espiritual y el mundo real. Al estar encargado del balance entre ellos, Shen blande hojas de acero y energía arcana contra cualquiera que lo amenace.","blurb":"Entre los secretos guerreros jonios conocidos como los Kinkou, Shen sirve como su líder, el Ojo del Crepúsculo. Desea mantenerse libre de las confusiones que provocan la emoción, los prejuicios y el ego, y camina por la senda oculta del juicio imparcial...","allytips":["Mantente atento a los aliados y prepárate para salvarlos con tu teleportación.","Aprovecha tu energía para obtener una ventaja a largo plazo sobre los usuarios de maná."],"enemytips":["Prepárate para esquivar la provocación de Shen y castígalo si falla.","Cuando Shen llegue al nivel 6, ten cuidado con su habilidad definitiva de alcance global, que podría cambiar drásticamente las cosas."],"tags":["Tank"],"partype":"Energía","info":{"attack":3,"defense":9,"magic":3,"difficulty":4},"stats":{"hp":610,"hpperlevel":99,"mp":400,"mpperlevel":0,"movespeed":340,"armor":34,"armorperlevel":4.2,"spellblock":32,"spellblockperlevel":2.05,"attackrange":125,"hpregen":8.5,"hpregenperlevel":0.75,"mpregen":50,"mpregenperlevel":0,"crit":0,"critperlevel":0,"attackdamage":64,"attackdamageperlevel":3,"attackspeedperlevel":3,"attackspeed":0.751},"spells":[{"id":"ShenQ","name":"Ataque de Crepúsculo","description":"Shen recupera su hoja espiritual para atacar con ella, lo que inflige daño según la vida máxima del objetivo. Los ataques quedan muy potenciados si chocan con un campeón enemigo, y todos los enemigos golpeados quedan ralentizados mientras huyen de Shen.","tooltip":"Shen llama de vuelta su <keywordMajor>Espada Espiritual</keywordMajor>. Los enemigos alcanzados por la trayectoria quedan <status>ralentizados</status> un {{ e4 }}% mientras se alejan de Shen durante los próximos {{ e5 }} seg.<br /><br />Además, los próximos {{ e3 }} ataques de Shen infligen <magicDamage>{{ baseflatdamage }}</magicDamage> más un <magicDamage>{{ basepercenthealth }} de la Vida Máxima como daño mágico</magicDamage>. Si Shen golpeó a un campeón enemigo con la <keywordMajor>Espada Espiritual</keywordMajor>, el daño aumenta a <magicDamage>{{ baseflatdamage }}</magicDamage> más un <magicDamage>{{ emppercenthealth }} de la Vida Máxima como daño mágico</magicDamage> y obtiene un <attackSpeed>{{ e9 }}% de Velocidad de Ataque</attackSpeed> para esos ataques.{{ spellmodifierdescriptionappend }}","leveltip":{"label":["Porcentaje de daño básico","Porcentaje de daño aumentado","Ralentización","Costo de @AbilityResourceName@","Límite de daño a monstruos","Enfriamiento"],"effect":["{{ e2 }}% -> {{ e2NL }}%","{{ e6 }}% -> {{ e6NL }}%","{{ e4 }}% -> {{ e4NL }}%","{{ cost }} -> {{ costNL }}","{{ e7 }} -> {{ e7NL }}","{{ cooldown }} -> {{ cooldownNL }}"]},"maxrank":5,"cooldown":[8,7.25,6.5,5.75,5],"cooldownBurn":"8/7.25/6.5/5.75/5","cost":[140,130,120,110,100],"costBurn":"140/130/120/110/100","datavalues":{},"effect":[null,[1,1,1,1,1],[2,2.5,3,3.5,4],[3,3,3,3,3],[15,20,25,30,35],[2,2,2,2,2],[4,4.5,5,5.5,6],[120,140,160,180,200],[8,8,8,8,8],[50,50,50,50,50],[75,75,75,75,75]],"effectBurn":[null,"1","2/2.5/3/3.5/4","3","15/20/25/30/35","2","4/4.5/5/5.5/6","120/140/160/180/200","8","50","75"],"vars":[],"costType":" de {{ abilityresourcename }}","maxammo":"-1","range":[400,400,400,400,400],"rangeBurn":"400","image":{"full":"ShenQ.png","sprite":"spell12.png","group":"spell","x":288,"y":0,"w":48,"h":48},"resource":"{{ cost }} de {{ abilityresourcename }}"},{"id":"ShenW","name":"Refugio del Espíritu","description":"Los ataques que golpeen a Shen o a sus aliados cerca de su hoja espiritual son bloqueados.","tooltip":"Shen crea una zona defensiva en su <keywordMajor>Espada Espiritual</keywordMajor> durante {{ e1 }} seg. Los ataques contra campeones aliados en la zona quedarán bloqueados. <br /><br />Si no hay campeones que proteger en la zona cuando se inicia, esperará hasta {{ e2 }} seg.{{ spellmodifierdescriptionappend }}","leveltip":{"label":["Enfriamiento"],"effect":["{{ cooldown }} -> {{ cooldownNL }}"]},"maxrank":5,"cooldown":[18,16.5,15,13.5,12],"cooldownBurn":"18/16.5/15/13.5/12","cost":[40,40,40,40,40],"costBurn":"40","datavalues":{},"effect":[null,[1.75,1.75,1.75,1.75,1.75],[2,2,2,2,2],[0,0,0,0,0],[0,0,0,0,0],[0,0,0,0,0],[0,0,0,0,0],[0,0,0,0,0],[0,0,0,0,0],[0,0,0,0,0],[0,0,0,0,0]],"effectBurn":[null,"1.75","2","0","0","0","0","0","0","0","0"],"vars":[],"costType":" de {{ abilityresourcename }}","maxammo":"-1","range":[400,400,400,400,400],"rangeBurn":"400","image":{"full":"ShenW.png","sprite":"spell12.png","group":"spell","x":336,"y":0,"w":48,"h":48},"resource":"{{ cost }} de {{ abilityresourcename }}"},{"id":"ShenE","name":"Ataque de Sombra","description":"Shen corre en una dirección y provoca a los enemigos a su paso.","tooltip":"<spellPassive>Pasiva:</spellPassive> Infligir daño con <spellName>Ataque de Crepúsculo</spellName> o esta habilidad restaura <keywordMajor>{{ energyrefund }} de Energía</keywordMajor>.<br /><br /><spellActive>Activa:</spellActive> Shen se desplaza, <status>Provoca</status> a los campeones y monstruos de la jungla durante {{ ccduration }} seg e inflige <physicalDamage>{{ tauntdamage }} de daño físico</physicalDamage>.{{ spellmodifierdescriptionappend }}","leveltip":{"label":["Daño","Enfriamiento"],"effect":["{{ basedamage }} -> {{ basedamageNL }}","{{ cooldown }} -> {{ cooldownNL }}"]},"maxrank":5,"cooldown":[18,16,14,12,10],"cooldownBurn":"18/16/14/12/10","cost":[150,150,150,150,150],"costBurn":"150","datavalues":{},"effect":[null,[0,0,0,0,0],[0,0,0,0,0],[0,0,0,0,0],[0,0,0,0,0],[0,0,0,0,0],[0,0,0,0,0],[0,0,0,0,0],[0,0,0,0,0],[0,0,0,0,0],[0,0,0,0,0]],"effectBurn":[null,"0","0","0","0","0","0","0","0","0","0"],"vars":[],"costType":" de {{ abilityresourcename }}","maxammo":"-1","range":[600,600,600,600,600],"rangeBurn":"600","image":{"full":"ShenE.png","sprite":"spell12.png","group":"spell","x":384,"y":0,"w":48,"h":48},"resource":"{{ cost }} de {{ abilityresourcename }}"},{"id":"ShenR","name":"Unidos","description":"Shen protege a un campeón aliado objetivo del daño recibido, y poco después se teletransporta hasta su ubicación.","tooltip":"Shen otorga a un campeón aliado en cualquier parte del mapa un <shield>Escudo de entre {{ shield }}</shield> y <shield>{{ maxshield }}</shield> según su Vida faltante durante {{ shieldduration }} seg (escudo máximo al tener 60% de la Vida faltante). Después de canalizar durante {{ channelduration }} seg, Shen se teletransporta a la ubicación de su aliado con su <keywordMajor>Espada Espiritual</keywordMajor>.{{ spellmodifierdescriptionappend }}","leveltip":{"label":["Vida mínima del escudo","Vida máxima del escudo","Enfriamiento"],"effect":["{{ baseshieldamount }} -> {{ baseshieldamountNL }}","{{ baseshieldmax_leveluptooltip }} -> {{ baseshieldmax_leveluptooltipNL }}","{{ cooldown }} -> {{ cooldownNL }}"]},"maxrank":3,"cooldown":[200,180,160],"cooldownBurn":"200/180/160","cost":[0,0,0],"costBurn":"0","datavalues":{},"effect":[null,[0,0,0],[0,0,0],[0,0,0],[0,0,0],[0,0,0],[0,0,0],[0,0,0],[0,0,0],[0,0,0],[0,0,0]],"effectBurn":[null,"0","0","0","0","0","0","0","0","0","0"],"vars":[],"costType":"Sin costo","maxammo":"-1","range":[35000,35000,35000],"rangeBurn":"35000","image":{"full":"ShenR.png","sprite":"spell12.png","group":"spell","x":432,"y":0,"w":48,"h":48},"resource":"Sin costo"}],"passive":{"name":"Barrera de Ki","description":"Tras lanzar un hechizo, Shen obtiene un escudo. Afectar a otros campeones reduce el enfriamiento de este efecto.","image":{"full":"Shen_Passive.png","sprite":"passive3.png","group":"passive","x":336,"y":96,"w":48,"h":48}},"recommended":[]}}}