{"type":"champion","format":"standAloneComplex","version":"14.3.1","data":{"Shyvana":{"id":"Shyvana","key":"102","name":"Shyvana","title":"la Hija del Dragón","image":{"full":"Shyvana.png","sprite":"champion3.png","group":"champion","x":384,"y":96,"w":48,"h":48},"skins":[{"id":"102000","num":0,"name":"default","chromas":false},{"id":"102001","num":1,"name":"Shyvana Escamas de Hierro","chromas":false},{"id":"102002","num":2,"name":"Shyvana Garras de Hueso","chromas":false},{"id":"102003","num":3,"name":"Shyvana Llama Oscura","chromas":false},{"id":"102004","num":4,"name":"Shyvana Dragón de Hielo","chromas":false},{"id":"102005","num":5,"name":"Shyvana Worlds 2014","chromas":true},{"id":"102006","num":6,"name":"Shyvana Supergaláctica","chromas":false},{"id":"102008","num":8,"name":"Shyvana Arruinada","chromas":true},{"id":"102017","num":17,"name":"Shyvana Viaje Inmortal","chromas":true}],"lore":"Shyvana es una criatura que tiene la magia de un fragmento rúnico ardiendo dentro de su corazón. Aunque a menudo parece humanoide, puede tomar su verdadera forma como un dragón mientras incinera a sus enemigos con su aliento en llamas. Después de salvarle la vida al príncipe Jarvan IV, Shyvana ahora sirve en su guardia real mientras busca la aceptación de la desconfiada gente de Demacia.","blurb":"Shyvana es una criatura que tiene la magia de un fragmento rúnico ardiendo dentro de su corazón. Aunque a menudo parece humanoide, puede tomar su verdadera forma como un dragón mientras incinera a sus enemigos con su aliento en llamas. Después de...","allytips":["Las habilidades de Shyvana se benefician de atacar a otras unidades. Como resultado, los objetos de velocidad de ataque son más valiosos con ella que con muchos campeones.","Lo ideal es subir de nivel Aliento de Fuego contra oponentes difíciles en el carril.","Quemadura es una opción ideal para la jungla. Los monstruos recibirán impactos mientras dure, y el aumento de velocidad mejora su potencial para emboscar.","Puede ser muy útil comprar uno de los objetos que ralentizan a los enemigos: Mazo de Hielo, Placa del Hombre Muerto, o Entropía."],"enemytips":["Gran parte del poder de Shyvana se genera mediante el ataque, lo que la hace débil frente a rivales que pueden mantener la distancia.","Todas sus habilidades básicas impactan a varios enemigos en su forma de dragón, por lo que no es buena idea agruparse al enfrentarla.","La barra de Furia de Shyvana indica cuándo podrá usar su habilidad definitiva. Puedes ir tras ella cuando tiene poca Furia."],"tags":["Fighter","Tank"],"partype":"Furia","info":{"attack":8,"defense":6,"magic":3,"difficulty":4},"stats":{"hp":665,"hpperlevel":104,"mp":100,"mpperlevel":0,"movespeed":350,"armor":38,"armorperlevel":4.55,"spellblock":32,"spellblockperlevel":2.05,"attackrange":125,"hpregen":8.5,"hpregenperlevel":0.8,"mpregen":0,"mpregenperlevel":0,"crit":0,"critperlevel":0,"attackdamage":66,"attackdamageperlevel":3,"attackspeedperlevel":2.5,"attackspeed":0.658},"spells":[{"id":"ShyvanaDoubleAttack","name":"Mordida Gemela","description":"Shyvana golpea dos veces en su siguiente ataque y se otorga Velocidad de Ataque para sus siguientes ataques. Los ataques básicos reducen el enfriamiento de Mordida Gemela a 0.5 seg.<br><br><font color='#FF3300'>Forma de Dragón: </font>Mordida Gemela ataca a todas las unidades frente a Shyvana.","tooltip":"El próximo ataque de Shyvana impacta dos veces, lo que inflige <physicalDamage>{{ firsthitdamagecalc }}</physicalDamage> y luego <physicalDamage>{{ secondhitdamagecalc }} de daño físico</physicalDamage>. Sus siguientes 2 ataques obtienen un<speed> {{ bonusas }}% de Velocidad de Ataque</speed>.<br /><br />Los ataques reducen el enfriamiento de esta habilidad en {{ cdreductiononhit }} seg.<br /><br /><keywordMajor>Forma de Dragón:</keywordMajor> Los ataques potenciados impactan a todas las unidades frente a Shyvana.<br /><br /><rules>Esta habilidad activa efectos de hechizo al infligir daño.</rules>{{ spellmodifierdescriptionappend }}","leveltip":{"label":["Daño adicional","Enfriamiento","Velocidad de ataque"],"effect":["{{ secondhitdamage*100.000000 }}% -> {{ secondhitdamagenl*100.000000 }}%","{{ cooldown }} -> {{ cooldownNL }}","{{ bonusas }}% -> {{ bonusasNL }}%"]},"maxrank":5,"cooldown":[8,7.5,7,6.5,6],"cooldownBurn":"8/7.5/7/6.5/6","cost":[0,0,0,0,0],"costBurn":"0","datavalues":{},"effect":[null,[0,0,0,0,0],[0,0,0,0,0],[0,0,0,0,0],[0,0,0,0,0],[0,0,0,0,0],[0,0,0,0,0],[0,0,0,0,0],[0,0,0,0,0],[0,0,0,0,0],[0,0,0,0,0]],"effectBurn":[null,"0","0","0","0","0","0","0","0","0","0"],"vars":[],"costType":"Sin costo","maxammo":"-1","range":[650,650,650,650,650],"rangeBurn":"650","image":{"full":"ShyvanaDoubleAttack.png","sprite":"spell12.png","group":"spell","x":0,"y":48,"w":48,"h":48},"resource":"Sin costo"},{"id":"ShyvanaImmolationAura","name":"Quemadura","description":"Shyvana se rodea de fuego e inflige daño mágico por segundo a los enemigos cercanos, además de moverse más rápido durante 3 segundos. Parte de este daño se aplica de nuevo cuando Shyvana usa sus ataques básicos contra un enemigo con Quemadura activada. La velocidad de movimiento se reduce mientras dura el hechizo. Los ataques básicos aumentan la duración de Quemadura. <br><br><font color='#FF3300'>Forma de Dragón: </font>Quemadura aumenta su tamaño.","tooltip":"Shyvana invoca una tormenta de llamas a su alrededor, lo que le otorga un <speed>{{ finalmsperc }} de Velocidad de Movimiento que decae</speed> e inflige <magicDamage>{{ damagepertickcalc }} de daño mágico por segundo</magicDamage> durante {{ baseduration }} seg. <br /><br />La tormenta de llamas también hace que los ataques de Shyvana inflijan <magicDamage>{{ damageonhitcalc }} de daño mágico</magicDamage> adicional a los enemigos circundantes y extiendan la duración de esta habilidad en {{ bonusdurationonhit }} seg.<br /><br /><keywordMajor>Forma de Dragón:</keywordMajor> Aumenta el tamaño de la tormenta de llamas.{{ spellmodifierdescriptionappend }}","leveltip":{"label":["Daño (aura)","Daño (al impacto)","Velocidad de movimiento"],"effect":["{{ damagepertick }} -> {{ damagepertickNL }}","{{ onhitdamage }} -> {{ onhitdamageNL }}","{{ mspercent*100.000000 }}% -> {{ mspercentnl*100.000000 }}%"]},"maxrank":5,"cooldown":[12,12,12,12,12],"cooldownBurn":"12","cost":[0,0,0,0,0],"costBurn":"0","datavalues":{},"effect":[null,[0,0,0,0,0],[0,0,0,0,0],[0,0,0,0,0],[0,0,0,0,0],[0,0,0,0,0],[0,0,0,0,0],[0,0,0,0,0],[0,0,0,0,0],[0,0,0,0,0],[0,0,0,0,0]],"effectBurn":[null,"0","0","0","0","0","0","0","0","0","0"],"vars":[],"costType":"Sin costo","maxammo":"-1","range":[325,325,325,325,325],"rangeBurn":"325","image":{"full":"ShyvanaImmolationAura.png","sprite":"spell12.png","group":"spell","x":48,"y":48,"w":48,"h":48},"resource":"Sin costo"},{"id":"ShyvanaFireball","name":"Aliento de Fuego","description":"Shyvana lanza una bola de fuego que inflige daño a todos los enemigos con los que se encuentra y deja cenizas que los marcan durante 5 segundos. Los ataques básicos de Shyvana contra los objetivos marcados infligen un porcentaje de la vida máxima como daño al golpear.<br><br><font color='#FF3300'>Forma de Dragón: </font>Aliento de Fuego revienta al impactar o en la ubicación objetivo, lo que inflige daño adicional y abrasa el suelo durante un breve periodo de tiempo.","tooltip":"Shyvana lanza una bola de fuego que inflige <magicDamage>{{ damagecalc }} de daño mágico</magicDamage> y marca al objetivo durante {{ markduration }} seg. La bola de fuego se detiene en el primer campeón impactado.<br /><br />Los ataques de Shyvana contra objetivos marcados infligen un <magicDamage>{{ percenthpdamageonhit }}% de la Vida Máxima del objetivo como daño mágico</magicDamage> adicional.<br /><br /><keywordMajor>Forma de Dragón:</keywordMajor> La bola de fuego explota cuando termina su trayectoria e inflige <magicDamage>{{ dragonexplosioncalc }} de daño mágico</magicDamage> adicional y deja la tierra en llamas, lo que inflige <magicDamage>{{ dragondamagetotalcalc }} de daño mágico</magicDamage> durante 4 seg.{{ spellmodifierdescriptionappend }}","leveltip":{"label":["Daño","Enfriamiento"],"effect":["{{ basedamage }} -> {{ basedamageNL }}","{{ cooldown }} -> {{ cooldownNL }}"]},"maxrank":5,"cooldown":[12,11,10,9,8],"cooldownBurn":"12/11/10/9/8","cost":[0,0,0,0,0],"costBurn":"0","datavalues":{},"effect":[null,[0,0,0,0,0],[0,0,0,0,0],[0,0,0,0,0],[0,0,0,0,0],[0,0,0,0,0],[60,100,140,180,220],[0,0,0,0,0],[0,0,0,0,0],[0,0,0,0,0],[0,0,0,0,0]],"effectBurn":[null,"0","0","0","0","0","60/100/140/180/220","0","0","0","0"],"vars":[],"costType":"Sin costo","maxammo":"-1","range":[925,925,925,925,925],"rangeBurn":"925","image":{"full":"ShyvanaFireball.png","sprite":"spell12.png","group":"spell","x":96,"y":48,"w":48,"h":48},"resource":"Sin costo"},{"id":"ShyvanaTransformCast","name":"Descendiente del Dragón","description":"Shyvana se transforma en un dragón y vuela hacia un lugar objetivo. Los enemigos con los que se encuentre en su camino reciben Daño y son lanzados hacia su lugar objetivo.<br><br>Shyvana obtiene Furia de forma pasiva y 2 de Furia con cada ataque básico.","tooltip":"<spellPassive>Pasiva: </spellPassive>Shyvana genera <keywordMajor>{{ furygainpertick }} de Furia</keywordMajor> cada segundo y sus ataques generan <keywordMajor>{{ furygainonhit }} de Furia</keywordMajor> adicional.<br /><br /><spellActive>Activa:</spellActive> Shyvana se transforma en su <keywordMajor>Forma de Dragón</keywordMajor>, lo que le otorga <healing>{{ bonushp }} de Vida Máxima</healing> y hace que vuele hacia adelante, inflija <magicDamage>{{ damagecalc }} de daño mágico</magicDamage> y <status>lance por el aire</status> a los enemigos hacia su ubicación objetivo.{{ spellmodifierdescriptionappend }}","leveltip":{"label":["Ganancia de Furia Pasiva","Vida adicional","Daño en Vuelo"],"effect":["{{ furygainpertick }} -> {{ furygainpertickNL }}","{{ bonushp }} -> {{ bonushpNL }}","{{ damage }} -> {{ damageNL }}"]},"maxrank":3,"cooldown":[0,0,0],"cooldownBurn":"0","cost":[0,0,0],"costBurn":"0","datavalues":{},"effect":[null,[0,0,0],[0,0,0],[0,0,0],[0,0,0],[0,0,0],[0,0,0],[0,0,0],[0,0,0],[0,0,0],[0,0,0]],"effectBurn":[null,"0","0","0","0","0","0","0","0","0","0"],"vars":[],"costType":" de Furia por segundo","maxammo":"-1","range":[850,850,850],"rangeBurn":"850","image":{"full":"ShyvanaTransformCast.png","sprite":"spell12.png","group":"spell","x":144,"y":48,"w":48,"h":48},"resource":"{{ furydrainpersecond }} de Furia por segundo"}],"passive":{"name":"Furia de la Hija del Dragón","description":"Shyvana inflige daño adicional a dragones y obtiene armadura y resistencia mágica. Shyvana obtiene más armadura y resistencia mágica adicionales conforme ella y sus aliados maten más dragones.","image":{"full":"ShyvanaReinforcedScales.png","sprite":"passive3.png","group":"passive","x":384,"y":96,"w":48,"h":48}},"recommended":[]}}}