{"type":"champion","format":"standAloneComplex","version":"14.3.1","data":{"Singed":{"id":"Singed","key":"27","name":"Singed","title":"el Químico Loco","image":{"full":"Singed.png","sprite":"champion3.png","group":"champion","x":432,"y":96,"w":48,"h":48},"skins":[{"id":"27000","num":0,"name":"default","chromas":false},{"id":"27001","num":1,"name":"Singed del Escuadrón Riot","chromas":false},{"id":"27002","num":2,"name":"Singed Hextech","chromas":false},{"id":"27003","num":3,"name":"Singed Surfista","chromas":false},{"id":"27004","num":4,"name":"Singed Científico Loco","chromas":false},{"id":"27005","num":5,"name":"Singed Mejorado","chromas":false},{"id":"27006","num":6,"name":"Singed Día Nevado","chromas":false},{"id":"27007","num":7,"name":"Singed SSW","chromas":false},{"id":"27008","num":8,"name":"Singed la Plaga Negra","chromas":false},{"id":"27009","num":9,"name":"Singed Apicultor","chromas":false},{"id":"27010","num":10,"name":"Singed Rebelde","chromas":true},{"id":"27019","num":19,"name":"AstroSinged","chromas":true}],"lore":"Singed es un alquimista de Zaun con un intelecto inigualable que ha dedicado su vida a superar los límites del conocimiento sin importar el costo, incluso si este es su propia cordura. ¿Su locura será calculada? Sus pociones rara vez fallan, pero a muchos les parece que Singed perdió todo sentido de humanidad y dejó atrás un rastro tóxico de miseria y terror a su paso.","blurb":"Singed es un alquimista de Zaun con un intelecto inigualable que ha dedicado su vida a superar los límites del conocimiento sin importar el costo, incluso si este es su propia cordura. ¿Su locura será calculada? Sus pociones rara vez fallan, pero a...","allytips":["Rastro de Veneno es muy útil para recolectar oro y hostigar, por lo que Singed puede controlar el tráfico del carril en el que esté.","Usa Poción Demencial para engañar a los enemigos y que te sigan a través de tu Rastro de Veneno.","Si arrojas a los enemigos contra tu torre puedes causarles gran cantidad de daño."],"enemytips":["Mantén la distancia para que los aliados de Singed no te lancen.","Para ser eficaz, Singed debe mantenerse muy cerca de tu equipo. Aprovéchalo usando sobre él efectos de control de masas mientras atacas a sus aliados.","Ten cuidado cuando persigas a Singed. Es muy difícil de derribar, y puede dejar su rastro de veneno para causarte Daño mientras lo persigues."],"tags":["Tank","Fighter"],"partype":"Maná","info":{"attack":4,"defense":8,"magic":7,"difficulty":5},"stats":{"hp":650,"hpperlevel":99,"mp":330,"mpperlevel":45,"movespeed":345,"armor":34,"armorperlevel":4.7,"spellblock":32,"spellblockperlevel":2.05,"attackrange":125,"hpregen":9.5,"hpregenperlevel":0.55,"mpregen":7.5,"mpregenperlevel":0.55,"crit":0,"critperlevel":0,"attackdamage":63,"attackdamageperlevel":3.4,"attackspeedperlevel":1.9,"attackspeed":0.625},"spells":[{"id":"PoisonTrail","name":"Rastro de Veneno","description":"Deja un rastro de veneno tras Singed que daña a los enemigos.","tooltip":"<toggle>Alternar:</toggle> Singed deja un rastro de veneno que inflige <magicDamage>{{ damagepersecond }} de daño mágico</magicDamage> por segundo.{{ spellmodifierdescriptionappend }}","leveltip":{"label":["Daño"],"effect":["{{ basedamagepersecond }} -> {{ basedamagepersecondNL }}"]},"maxrank":5,"cooldown":[0,0,0,0,0],"cooldownBurn":"0","cost":[13,13,13,13,13],"costBurn":"13","datavalues":{},"effect":[null,[0,0,0,0,0],[0,0,0,0,0],[0,0,0,0,0],[0,0,0,0,0],[0,0,0,0,0],[0,0,0,0,0],[0,0,0,0,0],[0,0,0,0,0],[0,0,0,0,0],[0,0,0,0,0]],"effectBurn":[null,"0","0","0","0","0","0","0","0","0","0"],"vars":[],"costType":" de Maná por segundo","maxammo":"-1","range":[20,20,20,20,20],"rangeBurn":"20","image":{"full":"PoisonTrail.png","sprite":"spell12.png","group":"spell","x":192,"y":48,"w":48,"h":48},"resource":"{{ cost }} de Maná por segundo"},{"id":"MegaAdhesive","name":"Megadhesivo","description":"Lanza un frasco de megadhesivo al suelo que ralentiza a todos los enemigos que lo pisen.","tooltip":"Singed lanza un barril de líquido pegajoso, lo que <status>ancla</status> y <status>ralentiza</status> a los enemigos en el área un {{ slowpercent }}% durante {{ wduration }} seg.{{ spellmodifierdescriptionappend }}","leveltip":{"label":["Ralentización","Enfriamiento","Costo de @AbilityResourceName@"],"effect":["{{ slowpercent }}% -> {{ slowpercentNL }}%","{{ cooldown }} -> {{ cooldownNL }}","{{ cost }} -> {{ costNL }}"]},"maxrank":5,"cooldown":[17,16,15,14,13],"cooldownBurn":"17/16/15/14/13","cost":[60,70,80,90,100],"costBurn":"60/70/80/90/100","datavalues":{},"effect":[null,[0,0,0,0,0],[0,0,0,0,0],[0,0,0,0,0],[0,0,0,0,0],[0,0,0,0,0],[0,0,0,0,0],[0,0,0,0,0],[0,0,0,0,0],[0,0,0,0,0],[0,0,0,0,0]],"effectBurn":[null,"0","0","0","0","0","0","0","0","0","0"],"vars":[],"costType":" de {{ abilityresourcename }}","maxammo":"-1","range":[1000,1000,1000,1000,1000],"rangeBurn":"1000","image":{"full":"MegaAdhesive.png","sprite":"spell12.png","group":"spell","x":240,"y":48,"w":48,"h":48},"resource":"{{ cost }} de {{ abilityresourcename }}"},{"id":"Fling","name":"Arrojar","description":"Daña a la unidad enemiga objetivo y la lanza al aire detrás de Singed. Además, si el objetivo cae sobre el Megadhesivo, queda inmovilizado.","tooltip":"Singed lanza a un enemigo por encima del hombro y le inflige <magicDamage>{{ basedamage }} más un {{ e3 }}% de la Vida Máxima como daño mágico</magicDamage>.<br /><br />Si Singed lanza un objetivo a su <spellName>Megadhesivo</spellName>, quedará <status>inmovilizado</status> durante {{ e2 }} seg.{{ spellmodifierdescriptionappend }}","leveltip":{"label":["Daño","Daño de vida máxima","Duración de inmovilización","Enfriamiento","Costo de @AbilityResourceName@"],"effect":["{{ e1 }} -> {{ e1NL }}","{{ e3 }}% -> {{ e3NL }}%","{{ e2 }} -> {{ e2NL }}","{{ cooldown }} -> {{ cooldownNL }}","{{ cost }} -> {{ costNL }}"]},"maxrank":5,"cooldown":[10,9.5,9,8.5,8],"cooldownBurn":"10/9.5/9/8.5/8","cost":[60,70,80,90,100],"costBurn":"60/70/80/90/100","datavalues":{},"effect":[null,[50,60,70,80,90],[1,1.25,1.5,1.75,2],[6,6.5,7,7.5,8],[420,420,420,420,420],[300,300,300,300,300],[0,0,0,0,0],[0,0,0,0,0],[0,0,0,0,0],[0,0,0,0,0],[0,0,0,0,0]],"effectBurn":[null,"50/60/70/80/90","1/1.25/1.5/1.75/2","6/6.5/7/7.5/8","420","300","0","0","0","0","0"],"vars":[],"costType":" de {{ abilityresourcename }}","maxammo":"-1","range":[125,125,125,125,125],"rangeBurn":"125","image":{"full":"Fling.png","sprite":"spell12.png","group":"spell","x":288,"y":48,"w":48,"h":48},"resource":"{{ cost }} de {{ abilityresourcename }}"},{"id":"InsanityPotion","name":"Poción Demencial","description":"Singed bebe un potente brebaje de químicos, que le otorga un aumento en las estadísticas de combate y hace que su Rastro de Veneno aplique Heridas Graves.","tooltip":"Singed bebe una potente mezcla de químicos, lo que le otorga {{ statamount }} de <scaleAP>Poder de Habilidad</scaleAP>, <scaleArmor>Armadura</scaleArmor>, <scaleMR>Resistencia Mágica</scaleMR>, <speed>Velocidad de Movimiento</speed>, <healing>Regeneración de Vida</healing> y <scaleMana>Regeneración de Maná</scaleMana> durante {{ duration }} seg. Durante el efecto, Rastro de Veneno de Singed también aplica un {{ grievousamount*100 }}% de Heridas Graves por {{ grievousduration }} seg.{{ spellmodifierdescriptionappend }}","leveltip":{"label":["Enfriamiento","Bonificación de estadísticas"],"effect":["{{ cooldown }} -> {{ cooldownNL }}","{{ statamount }} -> {{ statamountNL }}"]},"maxrank":3,"cooldown":[120,110,100],"cooldownBurn":"120/110/100","cost":[100,100,100],"costBurn":"100","datavalues":{},"effect":[null,[0,0,0],[0,0,0],[0,0,0],[0,0,0],[0,0,0],[0,0,0],[0,0,0],[0,0,0],[0,0,0],[0,0,0]],"effectBurn":[null,"0","0","0","0","0","0","0","0","0","0"],"vars":[],"costType":" de {{ abilityresourcename }}","maxammo":"-1","range":[20,20,20],"rangeBurn":"20","image":{"full":"InsanityPotion.png","sprite":"spell12.png","group":"spell","x":336,"y":48,"w":48,"h":48},"resource":"{{ cost }} de {{ abilityresourcename }}"}],"passive":{"name":"Estela Nociva","description":"Singed se aleja de los campeones enemigos y obtendrá una ráfaga de velocidad de movimiento al rebasarlos.","image":{"full":"Singed_Passive.png","sprite":"passive3.png","group":"passive","x":432,"y":96,"w":48,"h":48}},"recommended":[]}}}