{"type":"champion","format":"standAloneComplex","version":"14.3.1","data":{"Sion":{"id":"Sion","key":"14","name":"Sion","title":"el Coloso no Muerto","image":{"full":"Sion.png","sprite":"champion4.png","group":"champion","x":0,"y":0,"w":48,"h":48},"skins":[{"id":"14000","num":0,"name":"default","chromas":false},{"id":"14001","num":1,"name":"Sion Hextech","chromas":false},{"id":"14002","num":2,"name":"Sion el Bárbaro","chromas":false},{"id":"14003","num":3,"name":"Sion Leñador","chromas":false},{"id":"14004","num":4,"name":"Sion Belicista","chromas":false},{"id":"14005","num":5,"name":"Sion Mecha Zero","chromas":true},{"id":"14014","num":14,"name":"Sion Rompemundos","chromas":true},{"id":"14022","num":22,"name":"Sion Escarcha Negra","chromas":true},{"id":"14030","num":30,"name":"Sion el Forajido","chromas":true},{"id":"14040","num":40,"name":"Sion Paladín Cósmico","chromas":true}],"lore":"Como héroe de guerra de una época antigua, Sion era venerado en Noxus por quitarle la vida al rey demaciano con sus propias manos. Sin embargo, se le negó el descanso eterno y lo resucitaron para servir a su imperio incluso en la muerte. Su matanza indiscriminada costó la vida de todos los que estuvieron en su camino sin importar sus lealtades, lo que demostró que ya no conservaba su humanidad. Aun así, con una tosca armadura atornillada a su podrida carne, Sion continúa dirigiéndose a la batalla con temerario desenfreno y sufre al intentar recordar su verdadero ser entre cada corte de su poderosa hacha.","blurb":"Como héroe de guerra de una época antigua, Sion era venerado en Noxus por quitarle la vida al rey demaciano con sus propias manos. Sin embargo, se le negó el descanso eterno y lo resucitaron para servir a su imperio incluso en la muerte. Su matanza...","allytips":["Con Embestida Imparable apenas tendrán capacidad de giro, así que es mejor que la utilicen en trayectorias rectas.","Rugido del Asesino también es una habilidad muy útil para preparar Impacto Aniquilador.","La mejora Horno del Alma indica cuánta fuerza le queda al escudo, usen esta información para coordinar la explosión a la perfección."],"enemytips":["Aunque Sion consiga lanzar un Impacto Aniquilador, hacer que suelte la carga antes reducirá su efecto.","Usa los momentos de respiro que te dará su muerte para reubicarte y prepararte para su regreso."],"tags":["Tank","Fighter"],"partype":"Maná","info":{"attack":5,"defense":9,"magic":3,"difficulty":5},"stats":{"hp":655,"hpperlevel":87,"mp":400,"mpperlevel":52,"movespeed":345,"armor":32,"armorperlevel":4.2,"spellblock":32,"spellblockperlevel":2.05,"attackrange":175,"hpregen":7.5,"hpregenperlevel":0.8,"mpregen":8,"mpregenperlevel":0.6,"crit":0,"critperlevel":0,"attackdamage":68,"attackdamageperlevel":4,"attackspeedperlevel":1.3,"attackspeed":0.679},"spells":[{"id":"SionQ","name":"Impacto Aniquilador","description":"Sion carga un poderoso ataque en un área frente a él. Al liberar dicho ataque, infligirá daño a los enemigos. Si carga el tiempo suficiente, los enemigos alcanzados por el ataque también serán levantados y quedarán aturdidos.","tooltip":"<charge>Comienza a cargar</charge>: Sion carga un golpe poderoso durante un máximo de 2 seg.<br /><br /><release>Soltar</release>: Sion golpea con su hacha hacia abajo, lo que <status>Ralentiza</status> brevemente e inflige de entre <physicalDamage>{{ mindamagetotal }} y {{ maxdamagetotal }} de daño físico</physicalDamage> según el tiempo de carga. Si Sion cargó durante al menos 1 seg, los enemigos son <status>Lanzados al aire</status> y <status>Aturdidos</status> entre {{ basestuntime }} y 2.25 seg según el tiempo de carga.{{ spellmodifierdescriptionappend }}","leveltip":{"label":["Daño mínimo","Daño máximo","Tasa de daño de ataque","Tasa de daño de ataque","Enfriamiento"],"effect":["{{ lowdamage }} -> {{ lowdamageNL }}","{{ highdamage }} -> {{ highdamageNL }}","{{ adratiomin*100.000000 }}% -> {{ adratiominnl*100.000000 }}%","{{ adratiomax*100.000000 }}% -> {{ adratiomaxnl*100.000000 }}%","{{ cooldown }} -> {{ cooldownNL }}"]},"maxrank":5,"cooldown":[10,9,8,7,6],"cooldownBurn":"10/9/8/7/6","cost":[45,45,45,45,45],"costBurn":"45","datavalues":{},"effect":[null,[0,0,0,0,0],[0,0,0,0,0],[0.45,0.525,0.6,0.675,0.75],[90,155,220,285,350],[2.5,2.5,2.5,2.5,2.5],[1.35,1.575,1.8,2.025,2.25],[7.5,7.5,7.5,7.5,7.5],[60,60,60,60,60],[150,150,150,150,150],[-0.8,-0.8,-0.8,-0.8,-0.8]],"effectBurn":[null,"0","0","0.45/0.525/0.6/0.675/0.75","90/155/220/285/350","2.5","1.35/1.575/1.8/2.025/2.25","7.5","60","150","-0.8"],"vars":[],"costType":" de {{ abilityresourcename }}","maxammo":"-1","range":[10000,10000,10000,10000,10000],"rangeBurn":"10000","image":{"full":"SionQ.png","sprite":"spell12.png","group":"spell","x":384,"y":48,"w":48,"h":48},"resource":"{{ cost }} de {{ abilityresourcename }}"},{"id":"SionW","name":"Horno del Alma","description":"Sion se protege con un escudo y al cabo de 3 segundos puede reactivarse para infligir daño mágico a los enemigos cercanos. Cuando Sion asesina a algún enemigo, aumenta de manera pasiva su vida máxima.","tooltip":"<spellPassive>Pasiva</spellPassive>: Sion obtiene <scaleHealth>{{ hpperkill }} de Vida Máxima</scaleHealth> cuando mata a una unidad o {{ hpperchampkill }} por derribos a campeones, súbditos y monstruos grandes.<br /><br /><spellActive>Activa</spellActive>: Sion obtiene <shield>{{ totalshield }} de escudo</shield> durante 6 seg. Después de {{ e7 }} seg, si el escudo se mantiene, Sion puede <recast>volver a lanzar</recast> para detonar el escudo e infligir <magicDamage>{{ totaldamage }} más un {{ e4 }}% de daño mágico según la Vida Máxima</magicDamage>.{{ spellmodifierdescriptionappend }}","leveltip":{"label":["Cantidad de escudo","Daño","Daño de vida máxima","Tasa Máxima de Escudo","Costo de @AbilityResourceName@","Enfriamiento"],"effect":["{{ e1 }} -> {{ e1NL }}","{{ e2 }} -> {{ e2NL }}","{{ e4 }}% -> {{ e4NL }}%","{{ e3 }}% -> {{ e3NL }}%","{{ cost }} -> {{ costNL }}","{{ cooldown }} -> {{ cooldownNL }}"]},"maxrank":5,"cooldown":[15,14,13,12,11],"cooldownBurn":"15/14/13/12/11","cost":[65,70,75,80,85],"costBurn":"65/70/75/80/85","datavalues":{},"effect":[null,[60,85,110,135,160],[40,65,90,115,140],[8,9,10,11,12],[10,11,12,13,14],[4,4,4,4,4],[15,15,15,15,15],[3,3,3,3,3],[15,15,15,15,15],[6,6,6,6,6],[0,0,0,0,0]],"effectBurn":[null,"60/85/110/135/160","40/65/90/115/140","8/9/10/11/12","10/11/12/13/14","4","15","3","15","6","0"],"vars":[],"costType":" de {{ abilityresourcename }}","maxammo":"-1","range":[500,500,500,500,500],"rangeBurn":"500","image":{"full":"SionW.png","sprite":"spell12.png","group":"spell","x":432,"y":48,"w":48,"h":48},"resource":"{{ cost }} de {{ abilityresourcename }}"},{"id":"SionE","name":"Rugido del Asesino","description":"Sion lanza una onda de choque de corto alcance que daña, ralentiza y reduce la armadura del primer enemigo alcanzado. Si la onda de choque alcanza a un súbdito o monstruo, lo lanzará hacia atrás. Esto dañará, ralentizará y reducirá la armadura de todos los enemigos que atraviese.","tooltip":"Sion lanza una onda expansiva, que inflige <magicDamage>{{ totaldamage }} de daño mágico</magicDamage>, <status>ralentiza</status> un {{ slowamount }}% durante {{ slowduration }} seg y quita un <scaleArmor>{{ armorshred }}% de Armadura</scaleArmor> durante {{ armorshredduration }} seg. Las unidades que no sean campeones son <status>lanzadas hacia atrás</status>. Los enemigos alcanzados por una unidad <status>lanzada hacia atrás</status> reciben el mismo daño y los mismos efectos.{{ spellmodifierdescriptionappend }}","leveltip":{"label":["Daño","Ralentización","Enfriamiento","Costo de @AbilityResourceName@"],"effect":["{{ e1 }} -> {{ e1NL }}","{{ slowamount }}% -> {{ slowamountNL }}%","{{ cooldown }} -> {{ cooldownNL }}","{{ cost }} -> {{ costNL }}"]},"maxrank":5,"cooldown":[12,11,10,9,8],"cooldownBurn":"12/11/10/9/8","cost":[35,40,45,50,55],"costBurn":"35/40/45/50/55","datavalues":{},"effect":[null,[65,100,135,170,205],[40,45,50,55,60],[5,5,5,5,5],[40,45,50,55,60],[20,20,20,20,20],[30,30,30,30,30],[4,4,4,4,4],[2.5,2.5,2.5,2.5,2.5],[0,0,0,0,0],[0,0,0,0,0]],"effectBurn":[null,"65/100/135/170/205","40/45/50/55/60","5","40/45/50/55/60","20","30","4","2.5","0","0"],"vars":[],"costType":" de {{ abilityresourcename }}","maxammo":"-1","range":[800,800,800,800,800],"rangeBurn":"800","image":{"full":"SionE.png","sprite":"spell12.png","group":"spell","x":0,"y":96,"w":48,"h":48},"resource":"{{ cost }} de {{ abilityresourcename }}"},{"id":"SionR","name":"Embestida Imparable","description":"Sion se lanza a la carga a velocidad creciente. Puede cambiar ligeramente de dirección usando el cursor del ratón. Los enemigos a los que embiste resultan derribados y dañados en función de la distancia de la carga.","tooltip":"Sion ataca sin detenerse en una dirección durante 8 seg y gira hacia el cursor del mouse. Sion se detiene al chocar con un campeón enemigo o muro, o al <recast>volver a lanzar</recast> esta habilidad.  <br /><br />Al final de la carga, Sion inflige de <physicalDamage>{{ mindamagetotal }} a {{ maxdamagetotal }} de daño físico</physicalDamage> según la distancia recorrida. Los enemigos cerca de Sion quedan <status>aturdidos</status> de {{ minstunduration }} a {{ maxstunduration }} seg según la distancia recorrida. Los enemigos en un área mayor quedan <status>ralentizados</status> en un {{ slowamount }}% durante 3 seg.{{ spellmodifierdescriptionappend }}","leveltip":{"label":["Daño mínimo","Daño máximo","Ralentización","Enfriamiento"],"effect":["{{ mindamage }} -> {{ mindamageNL }}","{{ maxdamage }} -> {{ maxdamageNL }}","{{ slowamount }}% -> {{ slowamountNL }}%","{{ cooldown }} -> {{ cooldownNL }}"]},"maxrank":3,"cooldown":[140,100,60],"cooldownBurn":"140/100/60","cost":[100,100,100],"costBurn":"100","datavalues":{},"effect":[null,[0,0,0],[0,0,0],[0,0,0],[0,0,0],[0,0,0],[0,0,0],[0,0,0],[0,0,0],[0,0,0],[0,0,0]],"effectBurn":[null,"0","0","0","0","0","0","0","0","0","0"],"vars":[],"costType":" de {{ abilityresourcename }}","maxammo":"-1","range":[7500,7500,7500],"rangeBurn":"7500","image":{"full":"SionR.png","sprite":"spell12.png","group":"spell","x":48,"y":96,"w":48,"h":48},"resource":"{{ cost }} de {{ abilityresourcename }}"}],"passive":{"name":"Gloria en la Muerte","description":"Después de morir, Sion revivirá temporalmente con vida que decae con rapidez. Sus ataques se vuelven muy rápidos, lo curan e infligen daño adicional según la vida máxima de su objetivo.","image":{"full":"Sion_Passive1.png","sprite":"passive4.png","group":"passive","x":0,"y":0,"w":48,"h":48}},"recommended":[]}}}