{"type":"champion","format":"standAloneComplex","version":"14.3.1","data":{"Sivir":{"id":"Sivir","key":"15","name":"Sivir","title":"la Señora de la Batalla","image":{"full":"Sivir.png","sprite":"champion4.png","group":"champion","x":48,"y":0,"w":48,"h":48},"skins":[{"id":"15000","num":0,"name":"default","chromas":false},{"id":"15001","num":1,"name":"Sivir Princesa Guerrera","chromas":false},{"id":"15002","num":2,"name":"Sivir Espectacular","chromas":false},{"id":"15003","num":3,"name":"Sivir Cazadora","chromas":false},{"id":"15004","num":4,"name":"Sivir Bandida","chromas":false},{"id":"15005","num":5,"name":"Sivir PAX","chromas":false},{"id":"15006","num":6,"name":"Sivir Tormenta de Nieve","chromas":true},{"id":"15007","num":7,"name":"Sivir Protectora","chromas":false},{"id":"15008","num":8,"name":"Sivir Victoriosa","chromas":false},{"id":"15009","num":9,"name":"Sivir Neo PAX","chromas":false},{"id":"15010","num":10,"name":"Pizzivir","chromas":true},{"id":"15016","num":16,"name":"Sivir Luna de Sangre","chromas":true},{"id":"15025","num":25,"name":"Sivir Odisea","chromas":true},{"id":"15034","num":34,"name":"Sivir Monerías de Café","chromas":true},{"id":"15043","num":43,"name":"Sivir Eclipse Solar","chromas":true},{"id":"15050","num":50,"name":"Sivir Creadora de Mitos","chromas":true},{"id":"15051","num":51,"name":"Sivir Creadora de Mitos Prestigiosa","chromas":false},{"id":"15061","num":61,"name":"Sivir Emboscada Primigenia","chromas":true}],"lore":"Sivir es una afamada buscadora de tesoros y capitana mercenaria que se gana la vida en el desierto de Shurima. Provista de una legendaria arma en forma de cruz e incrustada con gemas, ha peleado y ganado innumerables batallas para los que pueden permitirse su exorbitante precio. Conocida por su temeraria determinación y por una ambición sin fin, se jacta de poder recuperar los tesoros enterrados de las peligrosas tumbas de Shurima a cambio de una generosa recompensa. Ahora que unas fuerzas ancestrales agitan las arenas de Shurima, Sivir se encuentra dividida entre destinos opuestos.","blurb":"Sivir es una afamada buscadora de tesoros y capitana mercenaria que se gana la vida en el desierto de Shurima. Provista de una legendaria arma en forma de cruz e incrustada con gemas, ha peleado y ganado innumerables batallas para los que pueden...","allytips":["La Cuchilla Búmeran vuelve a Sivir después de haber llegado a su alcance máximo, así que puedes cambiar de posición y atacar a enemigos que de otra forma habrían escapado.","Al activar Rebote se reinicia el cronómetro para activar los ataques básicos, así que si lo activas nada más acertar con un ataque básico normal maximizarás el daño infligido.","Procura guardar Escudo Antihechizos para las habilidades enemigas que te pueden incapacitar, como aturdimientos e inmovilizaciones."],"enemytips":["Cuchilla Búmeran cuesta mucho maná, así que si lograr esquivarla, tendrás ventaja sobre Sivir. Si te golpea de ida, evítala en el regreso.","Sivir es una poderosa campeona hostigadora, así que si la dejas mucho tiempo en un carril desatendida tus torretas terminarán destruidas.","Cuando la enfrentes, puedes provocar que desaproveche su Escudo Antihechizos si finges un avance y justo después retrocedes."],"tags":["Marksman"],"partype":"Maná","info":{"attack":9,"defense":3,"magic":1,"difficulty":4},"stats":{"hp":600,"hpperlevel":104,"mp":340,"mpperlevel":45,"movespeed":335,"armor":26,"armorperlevel":4.45,"spellblock":30,"spellblockperlevel":1.3,"attackrange":500,"hpregen":3.25,"hpregenperlevel":0.55,"mpregen":6,"mpregenperlevel":0.8,"crit":0,"critperlevel":0,"attackdamage":58,"attackdamageperlevel":2.5,"attackspeedperlevel":2,"attackspeed":0.625},"spells":[{"id":"SivirQ","name":"Cuchilla Búmeran","description":"Sivir arroja su navaja en cruz como un búmeran, causando daño tanto a la ida como a la vuelta.","tooltip":"Sivir lanza su espada en forma de cruz como un búmeran, lo que inflige <physicalDamage>{{ totaldamage }}</physicalDamage> a todos los enemigos que atraviesa. Impactar a las unidades que no son campeones reduce el daño a los objetivos siguientes, hasta un mínimo de un {{ falloffminimum*100 }}%.{{ spellmodifierdescriptionappend }}","leveltip":{"label":["Daño","Enfriamiento","Costo de maná","Tasa de DA total"],"effect":["{{ basedamage }} -> {{ basedamageNL }}","{{ cooldown }} -> {{ cooldownNL }}","{{ cost }} -> {{ costNL }}","{{ tadratio*100.000000 }}% -> {{ tadrationl*100.000000 }}%"]},"maxrank":5,"cooldown":[10,9.5,9,8.5,8],"cooldownBurn":"10/9.5/9/8.5/8","cost":[55,60,65,70,75],"costBurn":"55/60/65/70/75","datavalues":{},"effect":[null,[0,0,0,0,0],[0,0,0,0,0],[0,0,0,0,0],[0,0,0,0,0],[0,0,0,0,0],[0,0,0,0,0],[0,0,0,0,0],[0,0,0,0,0],[0,0,0,0,0],[0,0,0,0,0]],"effectBurn":[null,"0","0","0","0","0","0","0","0","0","0"],"vars":[],"costType":" de {{ abilityresourcename }}","maxammo":"-1","range":[1200,1200,1200,1200,1200],"rangeBurn":"1200","image":{"full":"SivirQ.png","sprite":"spell12.png","group":"spell","x":96,"y":96,"w":48,"h":48},"resource":"{{ cost }} de {{ abilityresourcename }}"},{"id":"SivirW","name":"Rebote","description":"Los siguientes ataques básicos de Sivir obtienen velocidad de ataque adicional y rebotan contra los objetivos cercanos, lo que inflige daño reducido al rebotar.","tooltip":"Durante los siguientes {{ buffduration }} seg, Sivir obtiene un <attackSpeed>{{ ricochetattackspeed*100 }}% de Velocidad de Ataque</attackSpeed> y sus autoataques se potencian para rebotar contra enemigos adicionales cercanos. Cada rebote inflige <physicalDamage>{{ bouncedamage }} de daño físico</physicalDamage> con un máximo de {{ maxbounces }} rebotes.<br /><br />Estos rebotes realizan golpes críticos si el ataque que los genera también lo hace.{{ spellmodifierdescriptionappend }}","leveltip":{"label":["Velocidad de ataque","Tasa de DA total"],"effect":["{{ ricochetattackspeed*100.000000 }}% -> {{ ricochetattackspeednl*100.000000 }}%","{{ bounceadratio*100.000000 }}% -> {{ bounceadrationl*100.000000 }}%"]},"maxrank":5,"cooldown":[12,12,12,12,12],"cooldownBurn":"12","cost":[60,60,60,60,60],"costBurn":"60","datavalues":{},"effect":[null,[0,0,0,0,0],[0,0,0,0,0],[0,0,0,0,0],[0,0,0,0,0],[0,0,0,0,0],[0,0,0,0,0],[0,0,0,0,0],[0,0,0,0,0],[0,0,0,0,0],[0,0,0,0,0]],"effectBurn":[null,"0","0","0","0","0","0","0","0","0","0"],"vars":[],"costType":" de {{ abilityresourcename }}","maxammo":"-1","range":[20,20,20,20,20],"rangeBurn":"20","image":{"full":"SivirW.png","sprite":"spell12.png","group":"spell","x":144,"y":96,"w":48,"h":48},"resource":"{{ cost }} de {{ abilityresourcename }}"},{"id":"SivirE","name":"Escudo Antihechizos","description":"Crea una barrera mágica que bloquea la habilidad de un solo enemigo lanzada contra Sivir. Recibe vida y un aumento de velocidad de movimiento si se bloquea un hechizo.","tooltip":"Sivir crea una barrera mágica durante {{ e1 }} seg que bloquea la siguiente habilidad recibida de un enemigo. Si se bloquea una habilidad, Sivir restaura <healing>{{ totalheal }} de Vida</healing> y activa Pies Ligeros.{{ spellmodifierdescriptionappend }}","leveltip":{"label":["Tasa de DA total","Enfriamiento"],"effect":["{{ healratio*100.000000 }}% -> {{ healrationl*100.000000 }}%","{{ cooldown }} -> {{ cooldownNL }}"]},"maxrank":5,"cooldown":[24,22.5,21,19.5,18],"cooldownBurn":"24/22.5/21/19.5/18","cost":[0,0,0,0,0],"costBurn":"0","datavalues":{},"effect":[null,[1.5,1.5,1.5,1.5,1.5],[55,55,55,55,55],[60,60,60,60,60],[0,0,0,0,0],[0,0,0,0,0],[0,0,0,0,0],[0,0,0,0,0],[0,0,0,0,0],[0,0,0,0,0],[0,0,0,0,0]],"effectBurn":[null,"1.5","55","60","0","0","0","0","0","0","0"],"vars":[],"costType":" de {{ abilityresourcename }}","maxammo":"-1","range":[20,20,20,20,20],"rangeBurn":"20","image":{"full":"SivirE.png","sprite":"spell12.png","group":"spell","x":192,"y":96,"w":48,"h":48},"resource":"{{ cost }} de {{ abilityresourcename }}"},{"id":"SivirR","name":"Cazadora","description":"Sivir lidera a sus aliados en la batalla, lo que les otorga un aumento de velocidad de movimiento por un periodo de tiempo. Además, los ataques de Sivir reducen los enfriamientos de sus hechizos.","tooltip":"Sivir reúne a sus aliados cercanos y les otorga un <speed>{{ maxms*100 }}% de Velocidad de Movimiento</speed> durante {{ ultduration }} seg.<br /><br />Mientras Sivir esté bajo el efecto de Cazadora, sus ataques contra campeones reducen el enfriamiento de sus habilidades básicas en 0.5 seg.<br /><br />Los derribos de enemigos que hayan recibido daño recientemente restablecen la duración del efecto.{{ spellmodifierdescriptionappend }}","leveltip":{"label":["Enfriamiento","Velocidad de movimiento máx.","Duración"],"effect":["{{ cooldown }} -> {{ cooldownNL }}","{{ maxms*100.000000 }}% -> {{ maxmsnl*100.000000 }}%","{{ ultduration }} -> {{ ultdurationNL }}"]},"maxrank":3,"cooldown":[120,100,80],"cooldownBurn":"120/100/80","cost":[100,100,100],"costBurn":"100","datavalues":{},"effect":[null,[0,0,0],[0,0,0],[0,0,0],[0,0,0],[0,0,0],[0,0,0],[0,0,0],[0,0,0],[0,0,0],[0,0,0]],"effectBurn":[null,"0","0","0","0","0","0","0","0","0","0"],"vars":[],"costType":" de {{ abilityresourcename }}","maxammo":"-1","range":[1000,1000,1000],"rangeBurn":"1000","image":{"full":"SivirR.png","sprite":"spell12.png","group":"spell","x":240,"y":96,"w":48,"h":48},"resource":"{{ cost }} de {{ abilityresourcename }}"}],"passive":{"name":"Pies Ligeros","description":"Sivir obtiene un pequeño aumento de velocidad de movimiento cuando ataca a un campeón enemigo.","image":{"full":"Sivir_Passive.png","sprite":"passive4.png","group":"passive","x":48,"y":0,"w":48,"h":48}},"recommended":[]}}}