{"type":"champion","format":"standAloneComplex","version":"14.3.1","data":{"Skarner":{"id":"Skarner","key":"72","name":"Skarner","title":"la Vanguardia de Cristal","image":{"full":"Skarner.png","sprite":"champion4.png","group":"champion","x":96,"y":0,"w":48,"h":48},"skins":[{"id":"72000","num":0,"name":"default","chromas":false},{"id":"72001","num":1,"name":"Skarner Azote de las Arenas","chromas":false},{"id":"72002","num":2,"name":"Skarner Runaterrestre","chromas":false},{"id":"72003","num":3,"name":"Skarner Blindaje Alfa","chromas":false},{"id":"72004","num":4,"name":"Skarner Guardián de las Arenas","chromas":false},{"id":"72005","num":5,"name":"Skarner Aguijón Cósmico","chromas":true}],"lore":"Skarner es un gigantesco escorpión cristalino procedente de un oculto valle de Shurima. La antigua raza a la que pertenece, los brackern, es famosa por su sabiduría y su profunda conexión con la tierra, pues sus almas están fundidas con poderosos cristales vitales que albergan los pensamientos y recuerdos de sus antepasados. En una época ya ancestral, los brackern entraron en estado de hibernación para evitar un terrible desastre de naturaleza mágica; pero, recientemente, unos sucesos amenazantes despertaron a Skarner. Ahora, el único de los brackern que no sigue dormido lucha por proteger a sus hermanos contra quienes quieren hacerles daño.","blurb":"Skarner es un gigantesco escorpión cristalino procedente de un oculto valle de Shurima. La antigua raza a la que pertenece, los brackern, es famosa por su sabiduría y su profunda conexión con la tierra, pues sus almas están fundidas con poderosos...","allytips":["Los ataques básicos reducen el enfriamiento de Cuchillada de Cristal. Úsalos lo más que puedas para maximizar el daño.","Capturar las Agujas de Cristal antes de atacar objetivos neutrales o de comenzar una pelea de equipos a su alrededor mejora mucho el desempeño de Skarner en dichas peleas.","Empalar es extremadamente poderoso cuando lo usas para paralizar a un enemigo y que tus aliados puedan atacarlo."],"enemytips":["Skarner no puede infligir mucho daño a largo alcance, ¡así que no te acerques a él!","La velocidad de movimiento de Skarner aumenta mientras su escudo, Exoesqueleto Cristalino, continúe activo. Atácalo para reducir su velocidad.","Skarner es más peligroso cuando está dentro de las áreas de Agujas de Cristal bajo el control de su equipo. Intenta capturar dichas áreas con anticipación en caso de haber algún enfrentamiento cerca de ellas."],"tags":["Fighter","Tank"],"partype":"Maná","info":{"attack":7,"defense":6,"magic":5,"difficulty":5},"stats":{"hp":650,"hpperlevel":99,"mp":320,"mpperlevel":60,"movespeed":335,"armor":38,"armorperlevel":5,"spellblock":32,"spellblockperlevel":2.05,"attackrange":125,"hpregen":9,"hpregenperlevel":0.85,"mpregen":7.2,"mpregenperlevel":0.45,"crit":0,"critperlevel":0,"attackdamage":65,"attackdamageperlevel":4.5,"attackspeedperlevel":2.1,"attackspeed":0.625},"spells":[{"id":"SkarnerVirulentSlash","name":"Cuchillada de Cristal","description":"Skarner ataca con las garras y, además de causar daño físico a todos los enemigos cercanos, se carga con Energía de Cristal durante varios segundos si consigue alcanzar a alguna unidad. Si vuelve a lanzar Cuchillada de Cristal cuando está imbuido de energía de cristal, causa daño mágico adicional.","tooltip":"Skarner realiza un corte salvaje, lo que inflige <physicalDamage>{{ qdamagecalc }} más un {{ qbonusdamage }}% de la Vida Máxima como daño físico</physicalDamage> a los enemigos cercanos. Si impactó al menos a un enemigo, Skarner queda <keywordMajor>cargado</keywordMajor> durante {{ e2 }} seg. Al estar <keywordMajor>cargado</keywordMajor>, esta habilidad inflige <magicDamage>{{ bonusqdamagecalc }} adicional más un {{ qbonusdamage }}% de la Vida Máxima como daño mágico</magicDamage>.<br /><br /><rules>Los ataques contra campeones reducen el enfriamiento de esta habilidad en {{ tooltipchampioncdreducer }} seg.<br />Los ataques contra unidades que no sean estructuras lo reducen en {{ tooltipminioncdreducer }} seg.</rules>{{ spellmodifierdescriptionappend }}","leveltip":{"label":["% de Vida como daño","Enfriamiento"],"effect":["{{ qbonusdamage }}% -> {{ qbonusdamageNL }}%","{{ cooldown }} -> {{ cooldownNL }}"]},"maxrank":5,"cooldown":[3.5,3.25,3,2.75,2.5],"cooldownBurn":"3.5/3.25/3/2.75/2.5","cost":[10,10,10,10,10],"costBurn":"10","datavalues":{},"effect":[null,[33,36,39,42,45],[5,5,5,5,5],[0,0,0,0,0],[0,0,0,0,0],[0,0,0,0,0],[0,0,0,0,0],[0,0,0,0,0],[0,0,0,0,0],[0,0,0,0,0],[0,0,0,0,0]],"effectBurn":[null,"33/36/39/42/45","5","0","0","0","0","0","0","0","0"],"vars":[],"costType":" de {{ abilityresourcename }}","maxammo":"-1","range":[350,350,350,350,350],"rangeBurn":"350","image":{"full":"SkarnerVirulentSlash.png","sprite":"spell12.png","group":"spell","x":288,"y":96,"w":48,"h":48},"resource":"{{ cost }} de {{ abilityresourcename }}"},{"id":"SkarnerExoskeleton","name":"Exoesqueleto Cristalino","description":"Skarner obtiene un escudo y, mientras lo mantiene activo, su velocidad de movimiento aumenta.","tooltip":"Skarner obtiene un <shield>Escudo de {{ totalshield }}</shield> durante {{ e4 }} seg. Mientras el efecto está activo, Skarner obtiene un <speed>{{ e3 }}% de Velocidad de Movimiento</speed>, que aumenta hasta un <speed>{{ e5 }}% de Velocidad de Movimiento</speed> a lo largo de 3 seg.{{ spellmodifierdescriptionappend }}","leveltip":{"label":["Absorción de daño por vida máxima","Velocidad de movimiento","Enfriamiento"],"effect":["{{ e1 }}% -> {{ e1NL }}%","{{ e5 }}% -> {{ e5NL }}%","{{ cooldown }} -> {{ cooldownNL }}"]},"maxrank":5,"cooldown":[13,12.5,12,11.5,11],"cooldownBurn":"13/12.5/12/11.5/11","cost":[60,60,60,60,60],"costBurn":"60","datavalues":{},"effect":[null,[9,10,11,12,13],[30,35,40,45,50],[8,10,12,14,16],[6,6,6,6,6],[16,20,24,28,32],[0,0,0,0,0],[0,0,0,0,0],[0,0,0,0,0],[0,0,0,0,0],[0,0,0,0,0]],"effectBurn":[null,"9/10/11/12/13","30/35/40/45/50","8/10/12/14/16","6","16/20/24/28/32","0","0","0","0","0"],"vars":[],"costType":" de {{ abilityresourcename }}","maxammo":"-1","range":[1,1,1,1,1],"rangeBurn":"1","image":{"full":"SkarnerExoskeleton.png","sprite":"spell12.png","group":"spell","x":336,"y":96,"w":48,"h":48},"resource":"{{ cost }} de {{ abilityresourcename }}"},{"id":"SkarnerFracture","name":"Fractura","description":"Skarner convoca una descarga de energía cristalina que daña a los enemigos alcanzados y los ralentiza. Durante un breve espacio de tiempo, los ataques básicos aturden a estos enemigos.","tooltip":"Skarner dispara energía cristalina, lo que inflige <magicDamage>{{ totalmagicdamage }} de daño mágico</magicDamage>, <status>ralentiza</status> en un {{ e8 }}% durante {{ e7 }} seg y marca al objetivo durante {{ e6 }} seg. El siguiente ataque de Skarner contra un enemigo marcado consume la marca e inflige <physicalDamage>{{ e2 }} de daño físico</physicalDamage> adicional y lo <status>aturde</status> durante {{ stunduration }} seg.<br /><br /><rules>Al consumir la marca de esta habilidad o usar <spellName>Empalar</spellName>, reduce el enfriamiento de esta habilidad según la duración del control de masas.</rules>{{ spellmodifierdescriptionappend }}","leveltip":{"label":["Daño mágico","Daño físico adicional","Ralentización","Enfriamiento"],"effect":["{{ e1 }} -> {{ e1NL }}","{{ e2 }} -> {{ e2NL }}","{{ e8 }}% -> {{ e8NL }}%","{{ cooldown }} -> {{ cooldownNL }}"]},"maxrank":5,"cooldown":[14,13.5,13,12.5,12],"cooldownBurn":"14/13.5/13/12.5/12","cost":[55,55,55,55,55],"costBurn":"55","datavalues":{},"effect":[null,[40,65,90,115,140],[30,50,70,90,110],[1.25,1.25,1.25,1.25,1.25],[50,50,50,50,50],[6,6,6,6,6],[5,5,5,5,5],[2.5,2.5,2.5,2.5,2.5],[30,35,40,45,50],[0,0,0,0,0],[0,0,0,0,0]],"effectBurn":[null,"40/65/90/115/140","30/50/70/90/110","1.25","50","6","5","2.5","30/35/40/45/50","0","0"],"vars":[],"costType":" de {{ abilityresourcename }}","maxammo":"-1","range":[980,980,980,980,980],"rangeBurn":"980","image":{"full":"SkarnerFracture.png","sprite":"spell12.png","group":"spell","x":384,"y":96,"w":48,"h":48},"resource":"{{ cost }} de {{ abilityresourcename }}"},{"id":"SkarnerImpale","name":"Empalar","description":"Skarner suprime a un campeón enemigo y le causa daño. Mientras dure el efecto, Skarner puede moverse con libertad arrastrando consigo a su víctima. Al concluir el efecto, el objetivo de Skarner recibirá daño adicional.","tooltip":"Skarner empala a un campeón enemigo para <status>suprimirlo</status> durante {{ rduration }} seg, lo que inflige <physicalDamage>{{ physicaldamage }} de daño físico</physicalDamage> y <magicDamage>{{ magicdamage }} de daño mágico</magicDamage> al inicio y al final del efecto. Al <status>suprimir</status>, Skarner se puede mover y arrastrará a su víctima indefensa hacia donde vaya.{{ spellmodifierdescriptionappend }}","leveltip":{"label":["Daño","Enfriamiento"],"effect":["{{ rbasedamage }} -> {{ rbasedamageNL }}","{{ cooldown }} -> {{ cooldownNL }}"]},"maxrank":3,"cooldown":[120,100,80],"cooldownBurn":"120/100/80","cost":[100,100,100],"costBurn":"100","datavalues":{},"effect":[null,[0,0,0],[0,0,0],[0,0,0],[0,0,0],[0,0,0],[0,0,0],[0,0,0],[0,0,0],[0,0,0],[0,0,0]],"effectBurn":[null,"0","0","0","0","0","0","0","0","0","0"],"vars":[],"costType":" de {{ abilityresourcename }}","maxammo":"-1","range":[350,350,350],"rangeBurn":"350","image":{"full":"SkarnerImpale.png","sprite":"spell12.png","group":"spell","x":432,"y":96,"w":48,"h":48},"resource":"{{ cost }} de {{ abilityresourcename }}"}],"passive":{"name":"Agujas de Cristal","description":"La presencia de Skarner hace que aparezcan cristales en ubicaciones específicas del mapa. Cualquier equipo puede capturar los cristales al pararse cerca de ellos. Al estar cerca de cristales controlados por su equipo, Skarner obtiene velocidad de movimiento, velocidad de ataque y mayor regeneración de maná.","image":{"full":"Skarner_Passive.png","sprite":"passive4.png","group":"passive","x":96,"y":0,"w":48,"h":48}},"recommended":[]}}}