{"type":"champion","format":"standAloneComplex","version":"14.3.1","data":{"Smolder":{"id":"Smolder","key":"901","name":"Smolder","title":"el Dragoncito Flamante","image":{"full":"Smolder.png","sprite":"champion4.png","group":"champion","x":144,"y":0,"w":48,"h":48},"skins":[{"id":"901000","num":0,"name":"default","chromas":false},{"id":"901001","num":1,"name":"Smolder Reino Celestial","chromas":true}],"lore":"Oculto entre los peñascos de la frontera noxiana, bajo la atenta mirada de su madre, un joven dragón está aprendiendo lo que significa ser heredero del linaje de dragones imperiales de Camavor. Juguetón y ansioso por crecer, Smolder busca cualquier excusa para poner en práctica sus incipientes habilidades. Aunque todavía es un novato, sus habilidades no son para nada despreciables, ya que fácilmente puede prender fuego a todo lo que puede arder.","blurb":"Oculto entre los peñascos de la frontera noxiana, bajo la atenta mirada de su madre, un joven dragón está aprendiendo lo que significa ser heredero del linaje de dragones imperiales de Camavor. Juguetón y ansioso por crecer, Smolder busca cualquier...","allytips":["Smolder es vulnerable durante el juego temprano. ¡Concéntrate en conseguir acumulaciones de la pasiva y en mantenerte con vida para convertirte en un dragón fuerte después! ","Smolder depende del resto del equipo para mantenerse a salvo. Intenta encontrar aliados que puedan ayudarte contra las amenazas enemigas. ","Smolder puede hacer mucho daño en área a los enemigos. Busca oportunidades para atacar cuando los enemigos estén juntos."],"enemytips":["Smolder depende del resto del equipo para estar seguro. Atácalo cuando los demás no puedan salvarlo. ","¡No te agrupes cuando te enfrentes a Smolder! ","Smolder es muy vulnerable durante las fases tempranas de la partida. ¡Intenta aprovecharte de su debilidad antes de que aprenda a ser un dragón! ","Puedes interrumpir el vuelo de Smolder con control de masas fuerte y afectarlo con ralentizaciones."],"tags":["Marksman"],"partype":"Maná","info":{"attack":8,"defense":2,"magic":5,"difficulty":6},"stats":{"hp":575,"hpperlevel":100,"mp":300,"mpperlevel":40,"movespeed":330,"armor":24,"armorperlevel":4.7,"spellblock":30,"spellblockperlevel":1.3,"attackrange":550,"hpregen":3,"hpregenperlevel":0.6,"mpregen":8.5,"mpregenperlevel":0.7,"crit":0,"critperlevel":0,"attackdamage":55,"attackdamageperlevel":2.3,"attackspeedperlevel":4,"attackspeed":0.638},"spells":[{"id":"SmolderQ","name":"Aliento Superabrasador","description":"Smolder exhala fuego contra un enemigo. Entre más acumulaciones obtenga, más poderosa se vuelve esta habilidad.","tooltip":"Smolder escupe llamas, lo que inflige <physicalDamage>{{ tooltipqdamage }} de daño físico</physicalDamage> + <magicDamage>{{ passive_damage_increase }} de daño mágico</magicDamage>. <br /><br />Según las acumulaciones de <spellName>Dragón Entrenando</spellName>, esta habilidad evoluciona y obtiene los siguientes efectos: <li><keywordMajor>{{ stacktier1 }} acumulaciones</keywordMajor>: Inflige daño a todos los enemigos cerca del objetivo.</li><li><keywordMajor>{{ stacktier2 }} acumulaciones</keywordMajor>: Envía <spellName>{{ tier2_numberofblowback }}</spellName> explosiones más allá del objetivo que infligen un {{ tier2_blowbackpercentagedamage }}% del daño de esta habilidad.</li><li><keywordMajor>{{ stacktier3 }} acumulaciones</keywordMajor>: Quema al objetivo, lo que inflige un <trueDamage>{{ tier3_truedamagepercent*100 }}% de Vida Máxima como daño verdadero</trueDamage> durante {{ tier3_dotlength }} seg. Los campeones enemigos que caen por debajo de <trueDamage>{{ tier3_executethreshold }}</trueDamage> de Vida total mientras arden mueren al instante.</li>{{ spellmodifierdescriptionappend }}","leveltip":{"label":["Enfriamiento","Daño básico"],"effect":["{{ cooldown }} -> {{ cooldownNL }}","{{ basedamage }} -> {{ basedamageNL }}"]},"maxrank":5,"cooldown":[5.5,5,4.5,4,3.5],"cooldownBurn":"5.5/5/4.5/4/3.5","cost":[23,26,29,32,35],"costBurn":"23/26/29/32/35","datavalues":{},"effect":[null,[0,0,0,0,0],[0,0,0,0,0],[0,0,0,0,0],[0,0,0,0,0],[0,0,0,0,0],[0,0,0,0,0],[0,0,0,0,0],[0,0,0,0,0],[0,0,0,0,0],[0,0,0,0,0]],"effectBurn":[null,"0","0","0","0","0","0","0","0","0","0"],"vars":[],"costType":" de {{ abilityresourcename }}","maxammo":"-1","range":[550,550,550,550,550],"rangeBurn":"550","image":{"full":"SmolderQ.png","sprite":"spell12.png","group":"spell","x":0,"y":144,"w":48,"h":48},"resource":"{{ cost }} de {{ abilityresourcename }}"},{"id":"SmolderW","name":"¡Achú!","description":"Smolder lanza un adorable estornudo llameante que explota al impactar campeones enemigos.","tooltip":"Smolder lanza un adorable estornudo llameante, lo que inflige <physicalDamage>{{ initialdamage }} de daño físico</physicalDamage> y <status>ralentiza</status> en un {{ slowamount*100 }}% durante {{ slowduration }} seg. <br /><br />Provoca una explosión al impactar campeones, lo que inflige <physicalDamage>{{ explosiondamage }} de daño físico</physicalDamage> + <magicDamage>{{ passive_damage }} de daño mágico</magicDamage>.{{ spellmodifierdescriptionappend }}","leveltip":{"label":["Enfriamiento","Daño","Daño de explosión"],"effect":["{{ cooldown }} -> {{ cooldownNL }}","{{ basedamage }} -> {{ basedamageNL }}","{{ explosionbasedamage }} -> {{ explosionbasedamageNL }}"]},"maxrank":5,"cooldown":[13,12.5,12,11.5,11],"cooldownBurn":"13/12.5/12/11.5/11","cost":[60,60,60,60,60],"costBurn":"60","datavalues":{},"effect":[null,[0,0,0,0,0],[0,0,0,0,0],[0,0,0,0,0],[0,0,0,0,0],[0,0,0,0,0],[0,0,0,0,0],[0,0,0,0,0],[0,0,0,0,0],[0,0,0,0,0],[0,0,0,0,0]],"effectBurn":[null,"0","0","0","0","0","0","0","0","0","0"],"vars":[],"costType":" de {{ abilityresourcename }}","maxammo":"-1","range":[1500,1500,1500,1500,1500],"rangeBurn":"1500","image":{"full":"SmolderW.png","sprite":"spell12.png","group":"spell","x":48,"y":144,"w":48,"h":48},"resource":"{{ cost }} de {{ abilityresourcename }}"},{"id":"SmolderE","name":"Vuela, Vuela","description":"Smolder levanta el vuelo, ignora el terreno y ataca al enemigo con menos vida.","tooltip":"Smolder levanta el vuelo. Al hacerlo, obtiene un <speed>{{ movespeed*100 }}% de Velocidad de Movimiento</speed> e ignora el terreno durante {{ duration }} seg. <br /><br />Mientras vuela, Smolder ataca al enemigo con menos vida <spellName>{{ totalnumberofattacks }}</spellName> veces e inflige <physicalDamage>{{ damageperhit }} de daño físico</physicalDamage> + <magicDamage>{{ passive_damage_increase }} de daño mágico</magicDamage> con cada ataque.{{ spellmodifierdescriptionappend }}","leveltip":{"label":["Enfriamiento","Daño básico"],"effect":["{{ cooldown }} -> {{ cooldownNL }}","{{ basedamage }} -> {{ basedamageNL }}"]},"maxrank":5,"cooldown":[24,22,20,18,16],"cooldownBurn":"24/22/20/18/16","cost":[65,65,65,65,65],"costBurn":"65","datavalues":{},"effect":[null,[0,0,0,0,0],[0,0,0,0,0],[0,0,0,0,0],[0,0,0,0,0],[0,0,0,0,0],[0,0,0,0,0],[0,0,0,0,0],[0,0,0,0,0],[0,0,0,0,0],[0,0,0,0,0]],"effectBurn":[null,"0","0","0","0","0","0","0","0","0","0"],"vars":[],"costType":" de {{ abilityresourcename }}","maxammo":"-1","range":[700,700,700,700,700],"rangeBurn":"700","image":{"full":"SmolderE.png","sprite":"spell12.png","group":"spell","x":96,"y":144,"w":48,"h":48},"resource":"{{ cost }} de {{ abilityresourcename }}"},{"id":"SmolderR","name":"¡MAMÁAAA!","description":"Smolder llama a su madre para que exhale fuego desde arriba, lo que inflige daño adicional y ralentiza a los enemigos en el centro del ataque.","tooltip":"La madre de Smolder exhala fuego desde arriba, lo que inflige <physicalDamage>{{ totaldamage }} de daño físico</physicalDamage>. Los enemigos en el centro reciben <physicalDamage>{{ tooltiponly_totalsweetspotdamage }}</physicalDamage> y son <status>ralentizados</status> en un {{ slowamount*100 }}% durante {{ slowduration }} seg. <br /><br />La madre de Smolder cura a su hijo <healing>{{ momhealcalc }} de Vida</healing> si el fuego lo alcanza.{{ spellmodifierdescriptionappend }}","leveltip":{"label":["Enfriamiento","Daño","Curación"],"effect":["{{ cooldown }} -> {{ cooldownNL }}","{{ basedamage }} -> {{ basedamageNL }}","{{ momheal }} -> {{ momhealNL }}"]},"maxrank":3,"cooldown":[120,110,100],"cooldownBurn":"120/110/100","cost":[100,100,100],"costBurn":"100","datavalues":{},"effect":[null,[0,0,0],[0,0,0],[0,0,0],[0,0,0],[0,0,0],[0,0,0],[0,0,0],[0,0,0],[0,0,0],[0,0,0]],"effectBurn":[null,"0","0","0","0","0","0","0","0","0","0"],"vars":[],"costType":" de {{ abilityresourcename }}","maxammo":"-1","range":[4200,4200,4200],"rangeBurn":"4200","image":{"full":"SmolderR.png","sprite":"spell12.png","group":"spell","x":144,"y":144,"w":48,"h":48},"resource":"{{ cost }} de {{ abilityresourcename }}"}],"passive":{"name":"Dragón Entrenando","description":"Impactar a campeones con habilidades y matar enemigos con Aliento Superabrasador otorga una acumulación de Dragón Entrenando. Las acumulaciones aumentan el daño de las habilidades básicas de Smolder.","image":{"full":"Icons_Smolder_Passive.png","sprite":"passive4.png","group":"passive","x":144,"y":0,"w":48,"h":48}},"recommended":[]}}}