{"type":"champion","format":"standAloneComplex","version":"14.3.1","data":{"Sona":{"id":"Sona","key":"37","name":"Sona","title":"la Virtuosa de las Cuerdas","image":{"full":"Sona.png","sprite":"champion4.png","group":"champion","x":192,"y":0,"w":48,"h":48},"skins":[{"id":"37000","num":0,"name":"default","chromas":false},{"id":"37001","num":1,"name":"Sona Musa","chromas":false},{"id":"37002","num":2,"name":"Sona Pentakill","chromas":false},{"id":"37003","num":3,"name":"Sona Noche de Paz","chromas":false},{"id":"37004","num":4,"name":"Guqin Sona","chromas":true},{"id":"37005","num":5,"name":"Sona de Arcadia","chromas":true},{"id":"37006","num":6,"name":"DJ Sona","chromas":false},{"id":"37007","num":7,"name":"Sona Cariñosita","chromas":false},{"id":"37009","num":9,"name":"Sona Odisea","chromas":true},{"id":"37017","num":17,"name":"Sona PsyOps","chromas":true},{"id":"37026","num":26,"name":"Sona Pentakill III: Lost Chapter","chromas":true},{"id":"37035","num":35,"name":"Sona Guardiana Estelar","chromas":true},{"id":"37045","num":45,"name":"Sona Viaje Inmortal","chromas":true},{"id":"37046","num":46,"name":"Sona Viaje Inmortal Prestigiosa","chromas":false}],"lore":"Sona es la virtuosa demaciana más destacada del encordado etwahl. Habla solo a través de sus agraciados acordes y vibrantes arias. Estos elegantes modales la volvieron muy querida por la aristocracia, pero otros sospechan que sus hechizantes melodías en verdad emanan magia, un tabú en Demacia. Silenciosa con los extraños pero de algún modo comprendida por sus compañeros cercanos, Sona utiliza sus armonías no solo para curar a aliados heridos, sino también para acabar con enemigos desprevenidos.","blurb":"Sona es la virtuosa demaciana más destacada del encordado etwahl. Habla solo a través de sus agraciados acordes y vibrantes arias. Estos elegantes modales la volvieron muy querida por la aristocracia, pero otros sospechan que sus hechizantes melodías en...","allytips":["Ayuda a tus aliados con las auras de Sona mientras estén activas, pero no te dejes alcanzar por los enemigos.","Reserva Crescendo para el momento crucial de la partida.","Si aprendes a usar Aria de la Perseverancia en los momentos apropiados mejorará mucho tu capacidad de supervivencia."],"enemytips":["Dispérsense cuando vean acercarse a Sona para que no pueda hacer bailar a todo el equipo.","Mata a Sona primero, ya que curará a su equipo si se queda sola mucho tiempo."],"tags":["Support","Mage"],"partype":"Maná","info":{"attack":5,"defense":2,"magic":8,"difficulty":4},"stats":{"hp":550,"hpperlevel":91,"mp":340,"mpperlevel":45,"movespeed":325,"armor":26,"armorperlevel":4.2,"spellblock":30,"spellblockperlevel":1.3,"attackrange":550,"hpregen":5.5,"hpregenperlevel":0.55,"mpregen":11.5,"mpregenperlevel":0.4,"crit":0,"critperlevel":0,"attackdamage":49,"attackdamageperlevel":3,"attackspeedperlevel":2.3,"attackspeed":0.644},"spells":[{"id":"SonaQ","name":"Himno del Valor","description":"Sona toca el Himno del Valor y envía ondas de sonido que infligen daño mágico a dos enemigos cercanos, dando prioridad a campeones y monstruos. Sona obtiene un aura temporal que le otorga a los aliados dentro de la zona daño adicional en su próximo ataque contra enemigos.","tooltip":"Sona inflige <magicDamage>{{ totaldamage }} de daño mágico</magicDamage> a los dos enemigos más cercanos, con prioridad a campeones. Luego, comienza una nueva <keywordMajor>Melodía</keywordMajor>. Obtienes una acumulación de <keywordMajor>Accelerando</keywordMajor> por cada campeón al que le inflijas daño con esto.<br /><br /><keywordMajor>Melodía:</keywordMajor> Sona obtiene un aura durante {{ auraduration }} seg y les otorga a los campeones aliados <magicDamage>{{ totalonhitdamage }} de daño mágico</magicDamage> adicional %i:OnHit% en su siguiente ataque en un lapso de {{ onhitduration }} seg.<br /><br /><keywordMajor>Acorde Dominante, Staccato:</keywordMajor> Daño adicional de Acorde Dominante (<magicDamage>{{ totalstaccatodamage }} de daño mágico en total</magicDamage>).{{ spellmodifierdescriptionappend }}","leveltip":{"label":["Daño (activación)","Daño (melodía)","Costo de @AbilityResourceName@"],"effect":["{{ basedamage }} -> {{ basedamageNL }}","{{ baseonhitdamage }} -> {{ baseonhitdamageNL }}","{{ cost }} -> {{ costNL }}"]},"maxrank":5,"cooldown":[8,8,8,8,8],"cooldownBurn":"8","cost":[50,55,60,65,70],"costBurn":"50/55/60/65/70","datavalues":{},"effect":[null,[0,0,0,0,0],[0,0,0,0,0],[0,0,0,0,0],[0,0,0,0,0],[0,0,0,0,0],[0,0,0,0,0],[0,0,0,0,0],[0,0,0,0,0],[0,0,0,0,0],[0,0,0,0,0]],"effectBurn":[null,"0","0","0","0","0","0","0","0","0","0"],"vars":[],"costType":" de {{ abilityresourcename }}","maxammo":"-1","range":[825,825,825,825,825],"rangeBurn":"825","image":{"full":"SonaQ.png","sprite":"spell12.png","group":"spell","x":192,"y":144,"w":48,"h":48},"resource":"{{ cost }} de {{ abilityresourcename }}"},{"id":"SonaW","name":"Aria de la Perseverancia","description":"Sona toca el Aria de la Perseverancia y envía melodías protectoras, lo que cura a Sona y a un aliado cercano herido. Sona obtiene un aura temporal que le otorga a los aliados dentro de la zona un escudo temporal.","tooltip":"<spellPassive>Activa:</spellPassive> Sona restaura <healing>{{ totalheal }} de Vida</healing> a ella y a un campeón aliado cercano, con prioridad al más herido. Luego comienza una nueva <keywordMajor>Melodía</keywordMajor>.<br /><br /><keywordMajor>Melodía:</keywordMajor> Sona obtiene un aura durante {{ auraduration }} seg y les otorga a los campeones aliados un <shield>Escudo de {{ totalshield }}</shield> durante {{ shieldduration }} seg.<br /><br />Obtiene una acumulación de <keywordMajor>Accelerando</keywordMajor> al curar a otro aliado herido y al proteger a otro aliado contra al menos {{ accelerandoshieldbreakpoint }} de daño con este escudo.<br /><br /><keywordMajor>Acorde Dominante, Diminuendo:</keywordMajor> Acorde Dominante también reduce el daño físico y mágico infligido por el objetivo en {{ totaldiminuendoweakenpercent }} durante {{ diminuendoduration }} seg.{{ spellmodifierdescriptionappend }}","leveltip":{"label":["Curación (activación)","Escudo (melodía)","Costo de @AbilityResourceName@"],"effect":["{{ baseheal }} -> {{ basehealNL }}","{{ baseshield }} -> {{ baseshieldNL }}","{{ cost }} -> {{ costNL }}"]},"maxrank":5,"cooldown":[10,10,10,10,10],"cooldownBurn":"10","cost":[80,85,90,95,100],"costBurn":"80/85/90/95/100","datavalues":{},"effect":[null,[0,0,0,0,0],[0,0,0,0,0],[0,0,0,0,0],[0,0,0,0,0],[0,0,0,0,0],[0,0,0,0,0],[0,0,0,0,0],[0,0,0,0,0],[0,0,0,0,0],[0,0,0,0,0]],"effectBurn":[null,"0","0","0","0","0","0","0","0","0","0"],"vars":[],"costType":" de {{ abilityresourcename }}","maxammo":"-1","range":[1000,1000,1000,1000,1000],"rangeBurn":"1000","image":{"full":"SonaW.png","sprite":"spell12.png","group":"spell","x":240,"y":144,"w":48,"h":48},"resource":"{{ cost }} de {{ abilityresourcename }}"},{"id":"SonaE","name":"Canción de la Celeridad","description":"Sona toca la Canción de la Celeridad y les otorga velocidad de movimiento adicional a los aliados cercanos. Sona obtiene un aura temporal que le otorga velocidad de movimiento adicional a los campeones aliados que entren a la zona.","tooltip":"<spellPassive>Activa:</spellPassive> Comienza una nueva <keywordMajor>Melodía</keywordMajor> y recibe <speed>{{ totalselfmovementspeed }} de Velocidad de Movimiento</speed> durante {{ selfmovementspeeddurationmin }} seg, que se extiende hasta {{ selfmovementspeeddurationmax }} seg si no recibe daño. <br /><br /><keywordMajor>Melodía:</keywordMajor> Sona obtiene un aura durante {{ auraduration }} seg y les otorga a los campeones aliados <speed>{{ totalallymovementspeed }} de Velocidad de Movimiento</speed> durante {{ allymovementspeedduration }} seg.<br /><br /><keywordMajor>Acorde Dominante, Tempo:</keywordMajor> Acorde Dominante también <status>Ralentiza</status> al objetivo en {{ totaltempomovespeedslow }} durante {{ tempoduration }} seg.{{ spellmodifierdescriptionappend }}","leveltip":{"label":["Velocidad de movimiento"],"effect":["{{ allybasemovementspeed*100.000000 }}% -> {{ allybasemovementspeednl*100.000000 }}%"]},"maxrank":5,"cooldown":[14,14,14,14,14],"cooldownBurn":"14","cost":[65,65,65,65,65],"costBurn":"65","datavalues":{},"effect":[null,[0,0,0,0,0],[0,0,0,0,0],[0,0,0,0,0],[0,0,0,0,0],[0,0,0,0,0],[0,0,0,0,0],[0,0,0,0,0],[0,0,0,0,0],[0,0,0,0,0],[0,0,0,0,0]],"effectBurn":[null,"0","0","0","0","0","0","0","0","0","0"],"vars":[],"costType":" de {{ abilityresourcename }}","maxammo":"-1","range":[430,430,430,430,430],"rangeBurn":"430","image":{"full":"SonaE.png","sprite":"spell12.png","group":"spell","x":288,"y":144,"w":48,"h":48},"resource":"{{ cost }} de {{ abilityresourcename }}"},{"id":"SonaR","name":"Crescendo","description":"Sona toca su acorde definitivo para aturdir a campeones enemigos y obligarlos a bailar, lo que les inflige daño mágico. Cada rango reduce el enfriamiento de las habilidades básicas de Sona.","tooltip":"Sona lanza un acorde irresistible para <status>aturdir</status> a los enemigos durante {{ stunduration }} seg e infligirles <magicDamage>{{ totaldamage }} de daño mágico</magicDamage>.{{ spellmodifierdescriptionappend }}","leveltip":{"label":["Daño","Enfriamiento"],"effect":["{{ basedamage }} -> {{ basedamageNL }}","{{ cooldown }} -> {{ cooldownNL }}"]},"maxrank":3,"cooldown":[140,120,100],"cooldownBurn":"140/120/100","cost":[100,100,100],"costBurn":"100","datavalues":{},"effect":[null,[0,0,0],[0,0,0],[0,0,0],[0,0,0],[0,0,0],[0,0,0],[0,0,0],[0,0,0],[0,0,0],[0,0,0]],"effectBurn":[null,"0","0","0","0","0","0","0","0","0","0"],"vars":[],"costType":" de {{ abilityresourcename }}","maxammo":"-1","range":[900,900,900],"rangeBurn":"900","image":{"full":"SonaR.png","sprite":"spell12.png","group":"spell","x":336,"y":144,"w":48,"h":48},"resource":"{{ cost }} de {{ abilityresourcename }}"}],"passive":{"name":"Acorde Dominante","description":"<passive>Accelerando</passive>: Sona obtiene aceleración de habilidad de forma permanente solo para sus habilidades básicas mientras las usa adecuadamente, hasta llegar a un límite. Al sobrepasar el límite, los próximos usos con éxito reducirán el enfriamiento restante de su definitiva.<br><br><passive>Acorde Dominante</passive>: Tras algunos hechizos, el siguiente ataque de Sona infligirá daño mágico adicional, además de un efecto adicional según la última habilidad básica que Sona haya activado.","image":{"full":"Sona_Passive_Charged.png","sprite":"passive4.png","group":"passive","x":192,"y":0,"w":48,"h":48}},"recommended":[]}}}