{"type":"champion","format":"standAloneComplex","version":"14.3.1","data":{"Soraka":{"id":"Soraka","key":"16","name":"Soraka","title":"la Hija de las Estrellas","image":{"full":"Soraka.png","sprite":"champion4.png","group":"champion","x":240,"y":0,"w":48,"h":48},"skins":[{"id":"16000","num":0,"name":"default","chromas":false},{"id":"16001","num":1,"name":"Soraka Dríade","chromas":false},{"id":"16002","num":2,"name":"Soraka Divina","chromas":false},{"id":"16003","num":3,"name":"Soraka Celestial","chromas":false},{"id":"16004","num":4,"name":"Soraka Segadora de Almas","chromas":false},{"id":"16005","num":5,"name":"Soraka Orden de la Banana","chromas":false},{"id":"16006","num":6,"name":"Programa Soraka","chromas":false},{"id":"16007","num":7,"name":"Soraka Guardiana Estelar","chromas":false},{"id":"16008","num":8,"name":"Soraka Pijama Estelar","chromas":false},{"id":"16009","num":9,"name":"Soraka Maravilla Invernal","chromas":true},{"id":"16015","num":15,"name":"Soraka Portadora del Amanecer","chromas":false},{"id":"16016","num":16,"name":"Soraka Portadora del Anochecer","chromas":false},{"id":"16017","num":17,"name":"Soraka Guardiana Estelar Prestigiosa","chromas":false},{"id":"16018","num":18,"name":"Soraka Monerías de Café","chromas":true},{"id":"16027","num":27,"name":"Soraka Flor Espiritual","chromas":true},{"id":"16037","num":37,"name":"Soraka Viaje Inmortal","chromas":true}],"lore":"Como nómada de las dimensiones celestiales más allá de Monte Targón, Soraka renunció a su inmortalidad para proteger a las razas mortales de sus mismos instintos más violentos. Se dedica a compartir las virtudes de la compasión y la misericordia a todos los que encuentra, e incluso cura a aquellos que desean hacerle daño. A pesar de todo lo que ha visto en este mundo, todavía cree que la gente de Runaterra tiene potencial por alcanzar.","blurb":"Como nómada de las dimensiones celestiales más allá de Monte Targón, Soraka renunció a su inmortalidad para proteger a las razas mortales de sus mismos instintos más violentos. Se dedica a compartir las virtudes de la compasión y la misericordia a todos...","allytips":["Soraka es una poderosa aliada en batalla, ya que utiliza hechizos de curación que permiten avanzar al grupo.","Puedes utilizar Plegaria con tus aliados por todo el mapa para salvarlos de situaciones que de otro modo serían fatales.","Equinoccio se puede usar como una poderosa herramienta de control de zonas."],"enemytips":["Si durante un combate en equipo Soraka se acerca a la vanguardia, concéntrate en ella.","Si utiliza Equinoccio como herramienta de hostigamiento, aprovéchate de su dilatado Enfriamiento.","Es más fácil atacarla a ella que al aliado al que está curando."],"tags":["Support","Mage"],"partype":"Maná","info":{"attack":2,"defense":5,"magic":7,"difficulty":3},"stats":{"hp":605,"hpperlevel":88,"mp":425,"mpperlevel":40,"movespeed":325,"armor":32,"armorperlevel":5,"spellblock":30,"spellblockperlevel":1.3,"attackrange":550,"hpregen":2.5,"hpregenperlevel":0.5,"mpregen":11.5,"mpregenperlevel":0.4,"crit":0,"critperlevel":0,"attackdamage":50,"attackdamageperlevel":3,"attackspeedperlevel":2.14,"attackspeed":0.625},"spells":[{"id":"SorakaQ","name":"Invocación Estelar","description":"Una estrella cae del firmamento en la ubicación objetivo, lo que inflige daño mágico y ralentiza a los enemigos. Si Invocación Estelar alcanza a un campeón enemigo, Soraka recupera vida.","tooltip":"Soraka invoca una estrella que inflige <magicDamage>{{ totaldamage }} de daño mágico</magicDamage> y <status>ralentiza</status> un {{ movespeedslow*100 }}% durante {{ slowduration }} seg. <br /><br />Al impactar a un campeón enemigo, Soraka recibe <keywordMajor>Rejuvenecimiento</keywordMajor>, que restaura <healing>{{ totalhot }} de Vida</healing> a lo largo de {{ hotduration }} seg y otorga un <speed>{{ movespeedhaste*100 }}% de Velocidad de Movimiento</speed> que decae durante el mismo tiempo.{{ spellmodifierdescriptionappend }}","leveltip":{"label":["Daño","Restauración de Vida (Rejuvenecimiento)","Velocidad de movimiento","Enfriamiento","Costo de @AbilityResourceName@"],"effect":["{{ basedamage }} -> {{ basedamageNL }}","{{ basehot }} -> {{ basehotNL }}","{{ movespeedhaste*100.000000 }}% -> {{ movespeedhastenl*100.000000 }}%","{{ cooldown }} -> {{ cooldownNL }}","{{ cost }} -> {{ costNL }}"]},"maxrank":5,"cooldown":[8,7,6,5,4],"cooldownBurn":"8/7/6/5/4","cost":[45,50,55,60,65],"costBurn":"45/50/55/60/65","datavalues":{},"effect":[null,[0,0,0,0,0],[0,0,0,0,0],[0,0,0,0,0],[0,0,0,0,0],[0,0,0,0,0],[0,0,0,0,0],[0,0,0,0,0],[0,0,0,0,0],[0,0,0,0,0],[0,0,0,0,0]],"effectBurn":[null,"0","0","0","0","0","0","0","0","0","0"],"vars":[],"costType":" de {{ abilityresourcename }}","maxammo":"-1","range":[810,810,810,810,810],"rangeBurn":"810","image":{"full":"SorakaQ.png","sprite":"spell12.png","group":"spell","x":384,"y":144,"w":48,"h":48},"resource":"{{ cost }} de {{ abilityresourcename }}"},{"id":"SorakaW","name":"Infusión Astral","description":"Soraka sacrifica parte de su vida para curar a otro campeón aliado.","tooltip":"Soraka restaura <healing>{{ totalheal }} de Vida</healing> a otro campeón aliado.<br /><br />Si Soraka se ve afectada por <keywordMajor>Rejuvenecimiento</keywordMajor>, el costo de la vida se reducirá un {{ percenthealthcostrefund*100 }}% y el objetivo obtendrá <keywordMajor>Rejuvenecimiento</keywordMajor> durante {{ spell.sorakaq:hotduration }} seg.{{ spellmodifierdescriptionappend }}","leveltip":{"label":["Curación","Enfriamiento","Costo de @AbilityResourceName@","Reducción de costo de vida"],"effect":["{{ baseheal }} -> {{ basehealNL }}","{{ cooldown }} -> {{ cooldownNL }}","{{ cost }} -> {{ costNL }}","{{ percenthealthcostrefund*100.000000 }}% -> {{ percenthealthcostrefundnl*100.000000 }}%"]},"maxrank":5,"cooldown":[6,5,4,3,2],"cooldownBurn":"6/5/4/3/2","cost":[40,45,50,55,60],"costBurn":"40/45/50/55/60","datavalues":{},"effect":[null,[0,0,0,0,0],[0,0,0,0,0],[0,0,0,0,0],[0,0,0,0,0],[0,0,0,0,0],[0,0,0,0,0],[0,0,0,0,0],[0,0,0,0,0],[0,0,0,0,0],[0,0,0,0,0]],"effectBurn":[null,"0","0","0","0","0","0","0","0","0","0"],"vars":[],"costType":"% de Vida Máxima, {{ cost }} de Maná","maxammo":"-1","range":[550,550,550,550,550],"rangeBurn":"550","image":{"full":"SorakaW.png","sprite":"spell12.png","group":"spell","x":432,"y":144,"w":48,"h":48},"resource":"{{ percenthealthcost*100 }}% de Vida Máxima, {{ cost }} de Maná"},{"id":"SorakaE","name":"Equinoccio","description":"Crea una zona que silencia a todos los enemigos situados en su interior. Una vez que expira el efecto, los afectados quedan inmovilizados.","tooltip":"Soraka crea un campo de estrellas que inflige <magicDamage>{{ totaldamage }} de daño mágico</magicDamage> a campeones. El campo permanece durante {{ rootdelay }} seg y <status>silencia</status> a los enemigos en su interior. Cuando la zona desaparece, los campeones en su interior quedan <status>inmovilizados</status> durante {{ rootduration }} seg y reciben <magicDamage>{{ totaldamage }} de daño mágico</magicDamage>.{{ spellmodifierdescriptionappend }}","leveltip":{"label":["Daño","Enfriamiento","Duración de inmovilización","Costo de @AbilityResourceName@"],"effect":["{{ basedamage }} -> {{ basedamageNL }}","{{ cooldown }} -> {{ cooldownNL }}","{{ rootduration }} -> {{ rootdurationNL }}","{{ cost }} -> {{ costNL }}"]},"maxrank":5,"cooldown":[20,19,18,17,16],"cooldownBurn":"20/19/18/17/16","cost":[70,75,80,85,90],"costBurn":"70/75/80/85/90","datavalues":{},"effect":[null,[0,0,0,0,0],[0,0,0,0,0],[0,0,0,0,0],[0,0,0,0,0],[0,0,0,0,0],[0,0,0,0,0],[0,0,0,0,0],[0,0,0,0,0],[0,0,0,0,0],[0,0,0,0,0]],"effectBurn":[null,"0","0","0","0","0","0","0","0","0","0"],"vars":[],"costType":" de {{ abilityresourcename }}","maxammo":"-1","range":[925,925,925,925,925],"rangeBurn":"925","image":{"full":"SorakaE.png","sprite":"spell13.png","group":"spell","x":0,"y":0,"w":48,"h":48},"resource":"{{ cost }} de {{ abilityresourcename }}"},{"id":"SorakaR","name":"Plegaria","description":"Soraka llena a sus aliados de esperanza, lo que restaura inmediatamente su vida y la de todos los campeones aliados.","tooltip":"Soraka invoca poderes divinos y restaura <healing>{{ healingcalc }} de Vida</healing> a todos los campeones aliados, sin importar la distancia. La curación aumenta a <healing>{{ ampedhealing }}</healing> en objetivos con menos del 40% de Vida.{{ spellmodifierdescriptionappend }}","leveltip":{"label":["Curación","Enfriamiento"],"effect":["{{ baseheal }} -> {{ basehealNL }}","{{ cooldown }} -> {{ cooldownNL }}"]},"maxrank":3,"cooldown":[160,145,130],"cooldownBurn":"160/145/130","cost":[100,100,100],"costBurn":"100","datavalues":{},"effect":[null,[0,0,0],[0,0,0],[0,0,0],[0,0,0],[0,0,0],[0,0,0],[0,0,0],[0,0,0],[0,0,0],[0,0,0]],"effectBurn":[null,"0","0","0","0","0","0","0","0","0","0"],"vars":[],"costType":" de {{ abilityresourcename }}","maxammo":"-1","range":[25000,25000,25000],"rangeBurn":"25000","image":{"full":"SorakaR.png","sprite":"spell13.png","group":"spell","x":48,"y":0,"w":48,"h":48},"resource":"{{ cost }} de {{ abilityresourcename }}"}],"passive":{"name":"Salvación","description":"Soraka corre más rápido hacia los aliados cercanos con poca vida.","image":{"full":"Soraka_Passive.png","sprite":"passive4.png","group":"passive","x":240,"y":0,"w":48,"h":48}},"recommended":[]}}}