{"type":"champion","format":"standAloneComplex","version":"14.3.1","data":{"Swain":{"id":"Swain","key":"50","name":"Swain","title":"el Gran General Noxiano","image":{"full":"Swain.png","sprite":"champion4.png","group":"champion","x":288,"y":0,"w":48,"h":48},"skins":[{"id":"50000","num":0,"name":"default","chromas":false},{"id":"50001","num":1,"name":"Swain Frente Nórdico","chromas":false},{"id":"50002","num":2,"name":"Swain de Aguasturbias","chromas":false},{"id":"50003","num":3,"name":"Swain Tirano","chromas":false},{"id":"50004","num":4,"name":"Swain Amo de los Dragones","chromas":true},{"id":"50011","num":11,"name":"Swain Hextech","chromas":false},{"id":"50012","num":12,"name":"Swain Rosa de Cristal","chromas":true},{"id":"50021","num":21,"name":"Swain Favor del Invierno","chromas":true}],"lore":"Jericho Swain es el visionario gobernante de una nación expansionista que solo venera a la fuerza. Aunque lo derribaron, incapacitaron y perdió su brazo izquierdo en las guerras jonias, tomó control del imperio con una inquebrantable determinación... y una nueva mano demoniaca. Ahora, Swain dirige a sus guerreros desde las filas delanteras y marcha contra una oscuridad que se avecina y que solo él puede ver... entre apariciones rodeadas de cuervos oscuros que se alimentan de los cadáveres a su alrededor. En un torbellino de sacrificios y secretos, el más grande de ellos es que el peor enemigo está dentro.","blurb":"Jericho Swain es el visionario gobernante de una nación expansionista que solo venera a la fuerza. Aunque lo derribaron, incapacitaron y perdió su brazo izquierdo en las guerras jonias, tomó control del imperio con una inquebrantable determinación... y...","allytips":["Si tienes problemas para inmovilizar a un enemigo con Nunca Más, intenta lanzarlo hacia él cuando esté cerca de sus súbditos para sorprenderlo con la explosión.","En el carril, intenta usar el daño de Mano de la Muerte al atravesar objetivos para infligir daño a los oponentes desde una distancia segura.","Es difícil utilizar Visión Imperial por sí misma. Busca enfrentamientos en el mapa donde puedas acertar cuando tus enemigos estén distraídos o bajo un efecto de control de masas.","Ascenso Demoniaco hace que Swain sea difícil de matar, pero es fácil alejarse de él. Si tus enemigos tienen mucha movilidad, intenta armar objetos que los ralenticen para mantenerlos cerca."],"enemytips":["La pasiva de Swain es muy potente si estás inmovilizado. Debes tener cuidado al estar cerca de enemigos con efectos que inmovilizan.","Un alto nivel de movilidad contrarresta todas las habilidades básicas de Swain: Mano de la Muerte inflige más daño entre más cerca esté, Visión Imperial tiene una espera larga y Nunca Más tiene que empezar su regreso para volverse un peligro.","Comprar un objeto con Heridas Graves hará mucho más sencillo matar a Swain durante Ascenso Demoniaco."],"tags":["Mage","Fighter"],"partype":"Maná","info":{"attack":2,"defense":6,"magic":9,"difficulty":8},"stats":{"hp":595,"hpperlevel":99,"mp":468,"mpperlevel":29,"movespeed":330,"armor":26,"armorperlevel":5.2,"spellblock":30,"spellblockperlevel":1.3,"attackrange":525,"hpregen":7,"hpregenperlevel":0.65,"mpregen":8,"mpregenperlevel":0.8,"crit":0,"critperlevel":0,"attackdamage":58,"attackdamageperlevel":2.7,"attackspeedperlevel":2.11,"attackspeed":0.625},"spells":[{"id":"SwainQ","name":"Mano de la Muerte","description":"Swain desata varios rayos de energía sobrenaturales que atraviesan a los enemigos. Los enemigos reciben más daño con cada rayo que los alcance.","tooltip":"Swain libera proyectiles de poder sobrenatural, lo que inflige <magicDamage>{{ initialdamage }} de daño mágico</magicDamage> más <magicDamage>{{ extraboltdamage }} de daño mágico</magicDamage> por cada proyectil después del primero (máximo <magicDamage>{{ maxdamage }} de daño mágico</magicDamage>).{{ spellmodifierdescriptionappend }}","leveltip":{"label":["Daño por rayo","Daño de proyectil básico adicional","Enfriamiento","Costo de @AbilityResourceName@"],"effect":["{{ basedamage }} -> {{ basedamageNL }}","{{ extraboltbasedamage }} -> {{ extraboltbasedamageNL }}","{{ cooldown }} -> {{ cooldownNL }}","{{ cost }} -> {{ costNL }}"]},"maxrank":5,"cooldown":[7,6,5,4,3],"cooldownBurn":"7/6/5/4/3","cost":[45,50,55,60,65],"costBurn":"45/50/55/60/65","datavalues":{},"effect":[null,[55,75,95,115,135],[0.15,0.2,0.25,0.3,0.35],[3,3,3,3,3],[0,0,0,0,0],[5,5,5,5,5],[0.4,0.4,0.4,0.4,0.4],[725,725,725,725,725],[15,17.5,20,22.5,25],[0.75,0.75,0.75,0.75,0.75],[-0.4,-0.4,-0.4,-0.4,-0.4]],"effectBurn":[null,"55/75/95/115/135","0.15/0.2/0.25/0.3/0.35","3","0","5","0.4","725","15/17.5/20/22.5/25","0.75","-0.4"],"vars":[],"costType":" de {{ abilityresourcename }}","maxammo":"-1","range":[750,750,750,750,750],"rangeBurn":"750","image":{"full":"SwainQ.png","sprite":"spell13.png","group":"spell","x":96,"y":0,"w":48,"h":48},"resource":"{{ cost }} de {{ abilityresourcename }}"},{"id":"SwainW","name":"Visión Imperial","description":"Swain conjura un ojo demoniaco que inflige daño y ralentiza a los enemigos. Los campeones quedan revelados y le otorgan un Fragmento de Alma a Swain.","tooltip":"Swain abre un ojo del demonio para revelar una ubicación durante 1.5 seg, luego inflige<magicDamage>{{ totaldamage }} de daño mágico</magicDamage> y <status>ralentiza</status> en un {{ e4 }}% durante {{ e7 }} seg. Los campeones alcanzados le otorgan a Swain un <span class=\"size18 colorFF3F3F\">Fragmento de Alma</span> y quedan revelados durante {{ e9 }} seg.{{ spellmodifierdescriptionappend }}","leveltip":{"label":["Daño","Alcance","Ralentización","Duración de revelación","Enfriamiento","Costo de @AbilityResourceName@"],"effect":["{{ e1 }} -> {{ e1NL }}","{{ castrange }} -> {{ castrangeNL }}","{{ effect4amount*-100.000000 }}% -> {{ effect4amountnl*-100.000000 }}%","{{ e9 }} -> {{ e9NL }}","{{ cooldown }} -> {{ cooldownNL }}","{{ cost }} -> {{ costNL }}"]},"maxrank":5,"cooldown":[22,21,20,19,18],"cooldownBurn":"22/21/20/19/18","cost":[60,65,70,75,80],"costBurn":"60/65/70/75/80","datavalues":{},"effect":[null,[80,115,150,185,220],[0.05,0.05,0.05,0.05,0.05],[325,325,325,325,325],[25,35,45,55,65],[0.5,0.5,0.5,0.5,0.5],[0.5,0.5,0.5,0.5,0.5],[2.5,2.5,2.5,2.5,2.5],[420,420,420,420,420],[4,5,6,7,8],[4,5,6,7,8]],"effectBurn":[null,"80/115/150/185/220","0.05","325","25/35/45/55/65","0.5","0.5","2.5","420","4/5/6/7/8","4/5/6/7/8"],"vars":[],"costType":" de {{ abilityresourcename }}","maxammo":"-1","range":[5500,6000,6500,7000,7500],"rangeBurn":"5500/6000/6500/7000/7500","image":{"full":"SwainW.png","sprite":"spell13.png","group":"spell","x":144,"y":0,"w":48,"h":48},"resource":"{{ cost }} de {{ abilityresourcename }}"},{"id":"SwainE","name":"Nunca Más","description":"Swain lanza una onda de poder demoníaco hacia adelante. Luego regresa a Swain e inmoviliza a los enemigos que alcance. Después, Swain puede elegir si acercar a todos los campeones inmovilizados. Esta habilidad tiene un enfriamiento más corto durante Ascenso Demoniaco.","tooltip":"Swain lanza una ola de poder demoníaco, lo que inflige <magicDamage>{{ initialdamage }} de daño mágico</magicDamage>. Luego, la ola regresa para detonar en el primer enemigo alcanzado, lo que inflige <magicDamage>{{ secondarydamage }} de daño mágico</magicDamage> e <status>inmoviliza</status> a los enemigos en la zona durante {{ e3 }} seg. Durante <spellName>Ascenso Demoniaco</spellName>, el enfriamiento de esta habilidad se reduce en un {{ cooldownrefund*100 }}%.<br /><br />Impactar a un campeón con Nunca Más le permite a Swain reactivar esta habilidad para acercar a todos los campeones impactados por Nunca Más, lo que le otorga un <span class=\"size18 colorFF3F3F\">Fragmento de Alma</span> a cada uno.{{ spellmodifierdescriptionappend }}","leveltip":{"label":["Daño al atravesar","Daño de la explosión"],"effect":["{{ e2 }} -> {{ e2NL }}","{{ e1 }} -> {{ e1NL }}"]},"maxrank":5,"cooldown":[10,10,10,10,10],"cooldownBurn":"10","cost":[50,50,50,50,50],"costBurn":"50","datavalues":{},"effect":[null,[35,45,55,65,75],[35,70,105,140,175],[1.5,1.5,1.5,1.5,1.5],[1500,1500,1500,1500,1500],[-0.5,-0.5,-0.5,-0.5,-0.5],[0.75,0.75,0.75,0.75,0.75],[60,85,105,125,150],[60,85,105,125,150],[15,15,15,15,15],[400,400,400,400,400]],"effectBurn":[null,"35/45/55/65/75","35/70/105/140/175","1.5","1500","-0.5","0.75","60/85/105/125/150","60/85/105/125/150","15","400"],"vars":[],"costType":" de {{ abilityresourcename }}","maxammo":"-1","range":[850,850,850,850,850],"rangeBurn":"850","image":{"full":"SwainE.png","sprite":"spell13.png","group":"spell","x":192,"y":0,"w":48,"h":48},"resource":"{{ cost }} de {{ abilityresourcename }}"},{"id":"SwainR","name":"Ascenso Demoniaco","description":"Swain se transforma en un demonio y drena vida de los súbditos, monstruos neutrales y campeones enemigos cercanos. Swain puede lanzar Llamarada Infernal para diezmar y ralentizar a los enemigos cercanos con una nova de Fuego del alma. Esta forma es indefinida siempre y cuando Swain drene a campeones enemigos.","tooltip":"Swain libera al demonio, lo que inflige <magicDamage>{{ damagecalc }} de daño mágico</magicDamage> cada segundo y restablece <healing>{{ healingcalc }} de Vida</healing> por cada objetivo dañado. Su Energía Demoníaca se reduce con el tiempo y puede recargarse de forma indefinida al drenar a campeones enemigos y se restaura por completo con derribos a campeones.<br /><br />Tras {{ demonflarecastdelay }} seg, Swain puede lanzar <spellName>Llamarada Infernal</spellName>, lo que inflige <magicDamage>{{ demonflaredamagetotal }} de daño mágico</magicDamage> y <status>ralentiza</status> a los enemigos en un {{ demonflareslowamount*100 }}% por {{ demonflareslowduration }} seg.<br /><br /><rules>La Curación se reduce a <healing>{{ minionmonsterheal }}</healing> contra unidades que no sean campeones.<br />Tras {{ amptime }} seg, Energía Demoníaca de Swain se reduce más rápido.</rules>{{ spellmodifierdescriptionappend }}","leveltip":{"label":["Daño del drenado","Curación del drenado","Daño de la explosión","Enfriamiento"],"effect":["{{ damagepersecond }} -> {{ damagepersecondNL }}","{{ healpersecond }} -> {{ healpersecondNL }}","{{ demonflaredamagebase }} -> {{ demonflaredamagebaseNL }}","{{ cooldown }} -> {{ cooldownNL }}"]},"maxrank":3,"cooldown":[100,80,60],"cooldownBurn":"100/80/60","cost":[100,100,100],"costBurn":"100","datavalues":{},"effect":[null,[0,0,0],[0,0,0],[0,0,0],[0,0,0],[0,0,0],[0,0,0],[0,0,0],[0,0,0],[0,0,0],[0,0,0]],"effectBurn":[null,"0","0","0","0","0","0","0","0","0","0"],"vars":[],"costType":"","maxammo":"-1","range":[650,650,650],"rangeBurn":"650","image":{"full":"SwainR.png","sprite":"spell13.png","group":"spell","x":240,"y":0,"w":48,"h":48}}],"passive":{"name":"Parvada Hambrienta","description":"Los cuervos de Swain recolectan <i>Fragmentos de Alma</i> que lo curan y aumentan su vida máxima de forma permanente.","image":{"full":"Swain_P.png","sprite":"passive4.png","group":"passive","x":288,"y":0,"w":48,"h":48}},"recommended":[]}}}