{"type":"champion","format":"standAloneComplex","version":"14.3.1","data":{"Sylas":{"id":"Sylas","key":"517","name":"Sylas","title":"el Usurpador","image":{"full":"Sylas.png","sprite":"champion4.png","group":"champion","x":336,"y":0,"w":48,"h":48},"skins":[{"id":"517000","num":0,"name":"default","chromas":false},{"id":"517001","num":1,"name":"Sylas Espectro Lunar","chromas":true},{"id":"517008","num":8,"name":"Sylas del Fréljord","chromas":true},{"id":"517013","num":13,"name":"PROYECTO: Sylas","chromas":true},{"id":"517014","num":14,"name":"PROYECTO: Sylas Prestigioso","chromas":false},{"id":"517024","num":24,"name":"Sylas Lomito Guerrero","chromas":true},{"id":"517034","num":34,"name":"Sylas Asesino de la Ceniza","chromas":true},{"id":"517036","num":36,"name":"Sylas Favor del Invierno","chromas":true}],"lore":"Criado en uno de los lugares más humildes de Demacia, Sylas de Dregbourne se ha convertido en un símbolo del lado más oscuro de la Gran Ciudad. Cuando era niño, su habilidad para encontrar la hechicería oculta llamó la atención de notables cazadores de magos, quienes, al final, lo apresaron por utilizar esos mismos poderes contra ellos. Ahora que es libre, Sylas vive como un revolucionario curtido: utiliza la magia de aquellos que lo rodean para destruir el reino al que alguna vez sirvió, y su banda de seguidores magos y marginados parece crecer más cada día.","blurb":"Criado en uno de los lugares más humildes de Demacia, Sylas de Dregbourne se ha convertido en un símbolo del lado más oscuro de la Gran Ciudad. Cuando era niño, su habilidad para encontrar la hechicería oculta llamó la atención de notables cazadores de...","allytips":["Espera a que tú o tu enemigo tengan poca vida antes de usar Matarreyes para obtener el máximo efecto.","Usa tus habilidades de forma separada para aprovechar Ráfaga de Petricita al máximo.","El uso creativo de las definitivas de los enemigos puede abrir nuevas posibilidades en las peleas en equipo."],"enemytips":["La barra de vida de Sylas puede ser engañosa. ¡Ten cuidado con su Matarreyes!","Intenta pelear contra Sylas cuando no pueda robar tu definitiva."],"tags":["Mage","Assassin"],"partype":"Maná","info":{"attack":3,"defense":4,"magic":8,"difficulty":5},"stats":{"hp":575,"hpperlevel":129,"mp":400,"mpperlevel":70,"movespeed":340,"armor":27,"armorperlevel":5.2,"spellblock":32,"spellblockperlevel":2.55,"attackrange":175,"hpregen":9,"hpregenperlevel":0.9,"mpregen":8,"mpregenperlevel":0.8,"crit":0,"critperlevel":0,"attackdamage":61,"attackdamageperlevel":3,"attackspeedperlevel":3.5,"attackspeed":0.645},"spells":[{"id":"SylasQ","name":"Azote de Cadenas","description":"Sylas azota sus cadenas, las cuales se cruzan en la ubicación deseada, infligen daño y ralentizan a los enemigos. <br><br>Tras un momento, una energía mágica estallará desde el punto de intersección e infligirá daño.","tooltip":"Sylas azota sus cadenas, lo que inflige <magicDamage>{{ damage }} de daño mágico</magicDamage> y <status>ralentiza</status> un {{ slowamountcalc }} durante {{ slowduration }} seg. El lugar en el que las cadenas se cruzan explotará e infligirá <magicDamage>{{ explosiondamage }} de daño mágico</magicDamage> adicional.{{ spellmodifierdescriptionappend }}","leveltip":{"label":["Enfriamiento","Daño","Ralentización","Daño de explosión"],"effect":["{{ cooldown }} -> {{ cooldownNL }}","{{ basedamage }} -> {{ basedamageNL }}","{{ slowamount*100.000000 }}% -> {{ slowamountnl*100.000000 }}%","{{ explosionbasedamage }} -> {{ explosionbasedamageNL }}"]},"maxrank":5,"cooldown":[11,10,9,8,7],"cooldownBurn":"11/10/9/8/7","cost":[55,55,55,55,55],"costBurn":"55","datavalues":{},"effect":[null,[0,0,0,0,0],[0,0,0,0,0],[0,0,0,0,0],[0,0,0,0,0],[0,0,0,0,0],[0,0,0,0,0],[0,0,0,0,0],[0,0,0,0,0],[0,0,0,0,0],[0,0,0,0,0]],"effectBurn":[null,"0","0","0","0","0","0","0","0","0","0"],"vars":[],"costType":" de {{ abilityresourcename }}","maxammo":"-1","range":[775,775,775,775,775],"rangeBurn":"775","image":{"full":"SylasQ.png","sprite":"spell13.png","group":"spell","x":288,"y":0,"w":48,"h":48},"resource":"{{ cost }} de {{ abilityresourcename }}"},{"id":"SylasW","name":"Matarreyes","description":"Sylas se desplaza hacia un enemigo para atacarlo con fuerza mágica, lo que inflige daño y lo cura contra campeones enemigos.","tooltip":"Sylas se desplaza hacia un enemigo para atacarlo con fuerza mágica e inflige <magicDamage>{{ mindamage }} de daño mágico</magicDamage>. Contra campeones, Sylas restaura de <healing>{{ minhealing }}</healing> a <healing>{{ maxhealing }} de Vida</healing> según su Vida faltante (curación máx. al tener el {{ maxexecutethreshold*100 }}% de Vida o menos).{{ spellmodifierdescriptionappend }}","leveltip":{"label":["Daño","Curación","Enfriamiento","Costo de @AbilityResourceName@"],"effect":["{{ damage }} -> {{ damageNL }}","{{ healing }} -> {{ healingNL }}","{{ cooldown }} -> {{ cooldownNL }}","{{ cost }} -> {{ costNL }}"]},"maxrank":5,"cooldown":[12,10.5,9,7.5,6],"cooldownBurn":"12/10.5/9/7.5/6","cost":[50,60,70,80,90],"costBurn":"50/60/70/80/90","datavalues":{},"effect":[null,[0,0,0,0,0],[0,0,0,0,0],[0,0,0,0,0],[0,0,0,0,0],[0,0,0,0,0],[0,0,0,0,0],[0,0,0,0,0],[0,0,0,0,0],[0,0,0,0,0],[0,0,0,0,0]],"effectBurn":[null,"0","0","0","0","0","0","0","0","0","0"],"vars":[],"costType":" de {{ abilityresourcename }}","maxammo":"-1","range":[400,400,400,400,400],"rangeBurn":"400","image":{"full":"SylasW.png","sprite":"spell13.png","group":"spell","x":336,"y":0,"w":48,"h":48},"resource":"{{ cost }} de {{ abilityresourcename }}"},{"id":"SylasE","name":"Fuga/Abducción","description":"Sylas se desplaza hacia una ubicación. Sylas puede volver a lanzar la habilidad para extender sus cadenas e impulsarse hacia el enemigo alcanzado.","tooltip":"Sylas se desplaza rápidamente y se prepara para <recast>volver a lanzar</recast> la habilidad en los próximos 3.5 seg.<br /><br /><recast>Relanzamiento:</recast> Sylas lanza sus cadenas y se impulsa hacia el primer enemigo alcanzado para infligirle <magicDamage>{{ damage }} de daño mágico</magicDamage> y <status>lanzarlo por el aire</status> durante {{ knockupduration }} seg.{{ spellmodifierdescriptionappend }}","leveltip":{"label":["Daño","Enfriamiento"],"effect":["{{ pulldamage }} -> {{ pulldamageNL }}","{{ cooldown }} -> {{ cooldownNL }}"]},"maxrank":5,"cooldown":[13,12,11,10,9],"cooldownBurn":"13/12/11/10/9","cost":[65,65,65,65,65],"costBurn":"65","datavalues":{},"effect":[null,[0,0,0,0,0],[0,0,0,0,0],[0,0,0,0,0],[0,0,0,0,0],[0,0,0,0,0],[0,0,0,0,0],[0,0,0,0,0],[0,0,0,0,0],[0,0,0,0,0],[0,0,0,0,0]],"effectBurn":[null,"0","0","0","0","0","0","0","0","0","0"],"vars":[],"costType":" de {{ abilityresourcename }}","maxammo":"-1","range":[400,400,400,400,400],"rangeBurn":"400","image":{"full":"SylasE.png","sprite":"spell13.png","group":"spell","x":384,"y":0,"w":48,"h":48},"resource":"{{ cost }} de {{ abilityresourcename }}"},{"id":"SylasR","name":"Usurpación","description":"Sylas roba la habilidad definitiva del enemigo y la puede lanzar libremente.","tooltip":"Sylas roba la habilidad definitiva de un campeón enemigo, lo que le permite lanzarla como el enemigo la lanzaría según el nivel de la definitiva de Sylas y sus estadísticas.<br /><br />Robar la habilidad de un enemigo genera un enfriamiento sobre él equivalente al {{ pertargetcooldown }}% (se modifica con la aceleración de habilidad de Sylas) del enfriamiento de la definitiva del enemigo, con un mínimo de {{ minimumenemycooldown }} seg, durante el que Sylas no podrá robar la definitiva del mismo enemigo.{{ spellmodifierdescriptionappend }}","leveltip":{"label":["Enfriamiento"],"effect":["{{ cooldown }} -> {{ cooldownNL }}"]},"maxrank":3,"cooldown":[80,55,30],"cooldownBurn":"80/55/30","cost":[75,75,75],"costBurn":"75","datavalues":{},"effect":[null,[0,0,0],[0,0,0],[0,0,0],[0,0,0],[0,0,0],[0,0,0],[0,0,0],[0,0,0],[0,0,0],[0,0,0]],"effectBurn":[null,"0","0","0","0","0","0","0","0","0","0"],"vars":[],"costType":" de {{ abilityresourcename }}","maxammo":"-1","range":[950,950,950],"rangeBurn":"950","image":{"full":"SylasR.png","sprite":"spell13.png","group":"spell","x":432,"y":0,"w":48,"h":48},"resource":"{{ cost }} de {{ abilityresourcename }}"}],"passive":{"name":"Ráfaga de Petricita","description":"Después de lanzar un hechizo, Sylas almacena una carga de Ráfaga de Petricita. Los ataques básicos de Sylas gastarán una carga y hará girar sus cadenas energizadas a su alrededor, infligiendo daño mágico adicional a los enemigos alcanzados. Mientras Sylas tenga una carga de Ráfaga de Petricita, obtendrá velocidad de ataque. ","image":{"full":"SylasP.png","sprite":"passive4.png","group":"passive","x":336,"y":0,"w":48,"h":48}},"recommended":[]}}}