{"type":"champion","format":"standAloneComplex","version":"14.3.1","data":{"Syndra":{"id":"Syndra","key":"134","name":"Syndra","title":"la Soberana Oscura","image":{"full":"Syndra.png","sprite":"champion4.png","group":"champion","x":384,"y":0,"w":48,"h":48},"skins":[{"id":"134000","num":0,"name":"default","chromas":false},{"id":"134001","num":1,"name":"Syndra Justiciera","chromas":false},{"id":"134002","num":2,"name":"Syndra Atlante","chromas":false},{"id":"134003","num":3,"name":"Syndra Reina de Diamantes","chromas":false},{"id":"134004","num":4,"name":"Syndra Día Nevado","chromas":false},{"id":"134005","num":5,"name":"Syndra SKT T1","chromas":false},{"id":"134006","num":6,"name":"Syndra Guardiana Estelar","chromas":true},{"id":"134007","num":7,"name":"Syndra Veraniega","chromas":true},{"id":"134016","num":16,"name":"Syndra Rosa Marchita","chromas":true},{"id":"134025","num":25,"name":"Syndra Embrujada","chromas":true},{"id":"134034","num":34,"name":"Syndra Guardiana Estelar Prestigiosa","chromas":false},{"id":"134044","num":44,"name":"Syndra Flor Espiritual","chromas":true},{"id":"134054","num":54,"name":"Syndra Aquelarre","chromas":true}],"lore":"Syndra es una temible maga de Jonia con un extraordinario poder bajo su comando. Cuando era pequeña, alteró a los maestros de su aldea con su magia salvaje e imprudente. La enviaron lejos para que aprendiera a tener un mayor control, pero con el tiempo descubrió que su supuesto mentor había restringido sus habilidades. Convirtiendo sus sentimientos de traición y dolor en esferas oscuras de energía, Syndra juró destruir a todo aquel que intente controlarla.","blurb":"Syndra es una temible maga de Jonia con un extraordinario poder bajo su comando. Cuando era pequeña, alteró a los maestros de su aldea con su magia salvaje e imprudente. La enviaron lejos para que aprendiera a tener un mayor control, pero con el tiempo...","allytips":["Para maximizar el daño de tu definitiva, úsala cuando haya muchas esferas en el campo de batalla.","Después de golpear a un campeón enemigo con Fuerza de Voluntad, continúa con Esfera Oscura, ya que estará ralentizado y le costará esquivarla.","Sube uno de los hechizos a nivel 5 lo antes posible, ya que obtienen poderosos efectos adicionales cuando alcanzan el nivel máximo."],"enemytips":["Al jugar contra Syndra, es recomendable agarrar botas al principio para evitar muchos de sus hechizos.","Lo mejor es atacar a Syndra después que use Dispersar a los Débiles, ya que tiene un Enfriamiento largo y es vulnerable.","Todos los hechizos de Syndra obtienen un efecto adicional y cambian de aspecto al alcanzar el máximo nivel."],"tags":["Mage"],"partype":"Maná","info":{"attack":2,"defense":3,"magic":9,"difficulty":8},"stats":{"hp":563,"hpperlevel":104,"mp":480,"mpperlevel":40,"movespeed":330,"armor":25,"armorperlevel":4.6,"spellblock":30,"spellblockperlevel":1.3,"attackrange":550,"hpregen":6.5,"hpregenperlevel":0.6,"mpregen":8,"mpregenperlevel":0.8,"crit":0,"critperlevel":0,"attackdamage":54,"attackdamageperlevel":2.9,"attackspeedperlevel":2,"attackspeed":0.658},"spells":[{"id":"SyndraQ","name":"Esfera Oscura","description":"Syndra conjura una esfera oscura e inflige daño mágico. La esfera permanece y se puede manipular con las demás habilidades.","tooltip":"Syndra conjura una <keywordMajor>Esfera Oscura</keywordMajor> que inflige <magicDamage>{{ totaldamage }} de daño mágico</magicDamage>. La <keywordMajor>Esfera Oscura</keywordMajor> permanece durante {{ sphereduration }} seg y la pueden manipular otras habilidades de Syndra.<br /><br /><evolve>{{ spell.syndrapassive:q1upgradethreshold }} Fragmentos de Ira</evolve>: Syndra puede almacenar {{ upgrade1maxammo }} cargas de <keywordMajor>Esfera Oscura</keywordMajor>.{{ spellmodifierdescriptionappend }}","leveltip":{"label":["Costo de @AbilityResourceName@","Daño"],"effect":["{{ cost }} -> {{ costNL }}","{{ basedamage }} -> {{ basedamageNL }}"]},"maxrank":5,"cooldown":[7,7,7,7,7],"cooldownBurn":"7","cost":[40,45,50,55,60],"costBurn":"40/45/50/55/60","datavalues":{},"effect":[null,[0,0,0,0,0],[0,0,0,0,0],[0,0,0,0,0],[0,0,0,0,0],[0,0,0,0,0],[0,0,0,0,0],[0,0,0,0,0],[0,0,0,0,0],[0,0,0,0,0],[0,0,0,0,0]],"effectBurn":[null,"0","0","0","0","0","0","0","0","0","0"],"vars":[],"costType":" de {{ abilityresourcename }}","maxammo":"-1","range":[800,800,800,800,800],"rangeBurn":"800","image":{"full":"SyndraQ.png","sprite":"spell13.png","group":"spell","x":0,"y":48,"w":48,"h":48},"resource":"{{ cost }} de {{ abilityresourcename }}"},{"id":"SyndraW","name":"Fuerza de Voluntad","description":"Syndra recoge y lanza una Esfera Oscura o un súbdito enemigo, infligiendo daño mágico y reduciendo la Velocidad de Movimiento de sus enemigos.","tooltip":"Syndra toma una <keywordMajor>Esfera Oscura</keywordMajor>, un súbdito enemigo o un monstruo no épico. Arrastra a la unidad con ella y puede <recast>volver a lanzar</recast> dentro de 5 seg.<br /><br /><recast>Relanzamiento</recast>: Syndra lanza al objetivo, lo que inflige <magicDamage>{{ throwdamage }} de daño mágico</magicDamage> y <status>ralentiza</status> en un {{ totalslowamount }}% durante {{ f2 }} seg.<br /><br /><evolve>{{ spell.syndrapassive:wupgradethreshold }} Fragmentos de Ira</evolve>: Esta habilidad inflige <trueDamage>{{ tooltiponlypassivebonuspercent }} de daño verdadero</trueDamage> adicional.<br />{{ spellmodifierdescriptionappend }}","leveltip":{"label":["Enfriamiento","Costo de @AbilityResourceName@","Daño","Ralentización"],"effect":["{{ cooldown }} -> {{ cooldownNL }}","{{ cost }} -> {{ costNL }}","{{ basedamage }} -> {{ basedamageNL }}","{{ baseslow }}% -> {{ baseslowNL }}%"]},"maxrank":5,"cooldown":[12,11,10,9,8],"cooldownBurn":"12/11/10/9/8","cost":[60,70,80,90,100],"costBurn":"60/70/80/90/100","datavalues":{},"effect":[null,[0,0,0,0,0],[0,0,0,0,0],[0,0,0,0,0],[0,0,0,0,0],[0,0,0,0,0],[0,0,0,0,0],[0,0,0,0,0],[0,0,0,0,0],[0,0,0,0,0],[0,0,0,0,0]],"effectBurn":[null,"0","0","0","0","0","0","0","0","0","0"],"vars":[],"costType":" de {{ abilityresourcename }}","maxammo":"-1","range":[925,925,925,925,925],"rangeBurn":"925","image":{"full":"SyndraW.png","sprite":"spell13.png","group":"spell","x":48,"y":48,"w":48,"h":48},"resource":"{{ cost }} de {{ abilityresourcename }}"},{"id":"SyndraE","name":"Dispersar a los Débiles","description":"Syndra empuja a los enemigos y a las Esferas Oscuras e inflige daño mágico. Los enemigos impactados por las Esferas Oscuras son aturdidos.","tooltip":"Syndra proyecta una onda de fuerza que <status>lanza hacia atrás</status> a los enemigos y dispara <keywordMajor>Esferas Oscuras</keywordMajor>, lo que inflige <magicDamage>{{ totaldamage }} de daño mágico</magicDamage>.<br /><br /><keywordMajor>Las Esferas Oscuras</keywordMajor> <status>aturden</status> a los enemigos durante {{ stunduration }} seg e infligen <magicDamage>{{ totaldamage }} de daño mágico</magicDamage>.<br /><br /><evolve>{{ spell.syndrapassive:eupgradethreshold }} Fragmentos de Ira</evolve>: La amplitud de esta habilidad aumenta y <status>ralentiza</status> a los enemigos en un <status>{{ upgradedslowamount*100 }}%</status> durante {{ upgradedslowduration }} seg.{{ spellmodifierdescriptionappend }}","leveltip":{"label":["Daño"],"effect":["{{ basedamage }} -> {{ basedamageNL }}"]},"maxrank":5,"cooldown":[17,17,17,17,17],"cooldownBurn":"17","cost":[50,50,50,50,50],"costBurn":"50","datavalues":{},"effect":[null,[0,0,0,0,0],[0,0,0,0,0],[0,0,0,0,0],[0,0,0,0,0],[0,0,0,0,0],[0,0,0,0,0],[0,0,0,0,0],[0,0,0,0,0],[0,0,0,0,0],[0,0,0,0,0]],"effectBurn":[null,"0","0","0","0","0","0","0","0","0","0"],"vars":[],"costType":" de {{ abilityresourcename }}","maxammo":"-1","range":[650,650,650,650,650],"rangeBurn":"650","image":{"full":"SyndraE.png","sprite":"spell13.png","group":"spell","x":96,"y":48,"w":48,"h":48},"resource":"{{ cost }} de {{ abilityresourcename }}"},{"id":"SyndraR","name":"Poder Desatado","description":"Syndra bombardea a un campeón enemigo con todas sus Esferas Oscuras.","tooltip":"<spellPassive>Pasiva</spellPassive>: <spellName>Esfera Oscura</spellName> obtiene {{ qhasteperrank }} de Aceleración de Habilidad por cada rango de <spellName>Poder Desatado</spellName>.<br /><br />Syndra aprovecha todo su poder cataclísmico y lanza las 3 <keywordMajor>Esferas Oscuras</keywordMajor> que la orbitan, más hasta 4 adicionales cercanas, contra un campeón enemigo. Cada <keywordMajor>Esfera Oscura</keywordMajor> inflige <magicDamage>{{ damagecalc }} de daño mágico</magicDamage> (máx. <magicDamage>{{ maxdamagecalc }} de daño mágico</magicDamage>).<br /><br /><evolve>{{ spell.syndrapassive:rupgradethreshold }} Fragmentos de Ira</evolve>: Esta habilidad <danger>ejecuta</danger> a los enemigos con menos del {{ upgradeexecutethreshold*100 }}% de Vida.{{ spellmodifierdescriptionappend }}","leveltip":{"label":["Daño","Enfriamiento","Aceleración de Habilidad de Esfera Oscura"],"effect":["{{ damagepersphere }} -> {{ damagepersphereNL }}","{{ cooldown }} -> {{ cooldownNL }}","{{ tooltiponlytotalqhaste }} -> {{ tooltipoNL }}"]},"maxrank":3,"cooldown":[120,100,80],"cooldownBurn":"120/100/80","cost":[100,100,100],"costBurn":"100","datavalues":{},"effect":[null,[0,0,0],[0,0,0],[0,0,0],[0,0,0],[0,0,0],[0,0,0],[0,0,0],[0,0,0],[0,0,0],[0,0,0]],"effectBurn":[null,"0","0","0","0","0","0","0","0","0","0"],"vars":[],"costType":" de {{ abilityresourcename }}","maxammo":"-1","range":[675,675,675],"rangeBurn":"675","image":{"full":"SyndraR.png","sprite":"spell13.png","group":"spell","x":144,"y":48,"w":48,"h":48},"resource":"{{ cost }} de {{ abilityresourcename }}"}],"passive":{"name":"Trascendencia","description":"Syndra reúne Fragmentos de Ira al subir de nivel e infligir daño a enemigos, lo que mejora sus habilidades.<br><br><font color='#FF9900'>Esfera Oscura</font>: Syndra puede conservar una carga adicional.<br><font color='#FF9900'>Fuerza de Voluntad</font>: Daño verdadero adicional.<br><font color='#FF9900'>Dispersar a los Débiles</font>: Aumenta la amplitud y ralentiza a todos los objetivos.<br><font color='#FF9900'>Poder Desatado</font>: Ejecuta a los objetivos con poca vida.","image":{"full":"SyndraPassive.png","sprite":"passive4.png","group":"passive","x":384,"y":0,"w":48,"h":48}},"recommended":[]}}}