{"type":"champion","format":"standAloneComplex","version":"14.3.1","data":{"TahmKench":{"id":"TahmKench","key":"223","name":"Tahm Kench","title":"El Rey del Río","image":{"full":"TahmKench.png","sprite":"champion4.png","group":"champion","x":432,"y":0,"w":48,"h":48},"skins":[{"id":"223000","num":0,"name":"default","chromas":false},{"id":"223001","num":1,"name":"Tahm Kench Master Chef","chromas":false},{"id":"223002","num":2,"name":"Urf Kench","chromas":false},{"id":"223003","num":3,"name":"Tahm Kench Emperador de la Fortuna","chromas":true},{"id":"223011","num":11,"name":"Tahm Kench Arcana","chromas":false},{"id":"223020","num":20,"name":"Tahm Kench el Forajido","chromas":false},{"id":"223030","num":30,"name":"Tahm Kench Pergaminos Shan Hai","chromas":false}],"lore":"Conocido por muchos nombres a lo largo de la historia, el demonio Tahm Kench viaja a través de las aguas de Runaterra mientras alimenta su insaciable apetito con la miseria de otros. Aunque pudiera parecer particularmente encantador y orgulloso, se pasea por el mundo físico como un vagabundo en búsqueda de su próxima presa inocente. Su lengua puede aturdir incluso a un guerrero con una gran armadura a una docena de pasos de distancia, y caer dentro de su barriga es llegar a un abismo del cual hay poca esperanza de salir.","blurb":"Conocido por muchos nombres a lo largo de la historia, el demonio Tahm Kench viaja a través de las aguas de Runaterra mientras alimenta su insaciable apetito con la miseria de otros. Aunque pudiera parecer particularmente encantador y orgulloso, se...","allytips":["Tu función más importante como soporte es mantener a los aliados frágiles a salvo. ¡Ten en cuenta el enfriamiento y el alcance de Devorar para posicionarte en base a ello!","Piensa bien cuándo usar la activa de Piel Dura. A veces, activar el escudo antes para evitar más daño es lo correcto, pero otras veces, la curación te ayudará más."],"enemytips":["Cuando veas que Tahm Kench usa el escudo de Piel Dura, recuerda que acaba de cancelar la opción de recibir una gran cantidad de curación. Además, no acumulará más vida gris hasta que Piel Dura ya no esté en enfriamiento. ¡Usa esto a tu favor!","Cuidado con la Inmersión Abisal de Tahm Kench; puedes cancelar su canalización con efectos inmovilizadores de control de masas."],"tags":["Support","Tank"],"partype":"Maná","info":{"attack":3,"defense":9,"magic":6,"difficulty":5},"stats":{"hp":640,"hpperlevel":103,"mp":325,"mpperlevel":50,"movespeed":335,"armor":42,"armorperlevel":4.7,"spellblock":32,"spellblockperlevel":2.05,"attackrange":175,"hpregen":6.5,"hpregenperlevel":0.55,"mpregen":8,"mpregenperlevel":1,"crit":0,"critperlevel":0,"attackdamage":56,"attackdamageperlevel":3.2,"attackspeedperlevel":2.5,"attackspeed":0.658},"spells":[{"id":"TahmKenchQ","name":"Lengüetazo","description":"Tahm Kench golpea con su lengua, lo que inflige daño y ralentiza a la primera unidad que alcance, y se cura a sí mismo si impacta a un campeón enemigo.<br><br>Aplica una acumulación de <spellName>Un Gusto Adquirido</spellName> a campeones enemigos. Si el campeón ya tiene 3 acumulaciones de <spellName>Un Gusto Adquirido</spellName>, queda aturdido y las acumulaciones se consumen.","tooltip":"Inflige <magicDamage>{{ totaldamage }} de daño mágico</magicDamage> al primer enemigo alcanzado y lo ralentiza un {{ slowamount*100 }}% por {{ slowduration }} seg. <br /><br />Al impactar a un campeón, Tahm Kench se cura <healing>{{ baseheal }} + un {{ percenthealthhealing*100 }}% de su Vida faltante</healing> y aplica una acumulación de <spellName>Un Gusto Adquirido</spellName>, lo que inflige <magicDamage>{{ spell.tahmkenchpassive:totaldamage }} de daño mágico adicional</magicDamage>. Si el campeón ya tiene 3 acumulaciones de <spellName>Un Gusto Adquirido</spellName>, también quedará aturdido por {{ stunduration }} seg y las acumulaciones se consumirán.<br /><br />Activa <span class=\"color0bf7de\">Devorar</span> mientras tu lengua está en el aire para devorar a los campeones enemigos que ya tienen 3 acumulaciones de <spellName>Un Gusto Adquirido</spellName> a distancia cuando los impactes.{{ spellmodifierdescriptionappend }}","leveltip":{"label":["Daño básico","Curación","Curación por porcentaje de vida faltante","Enfriamiento","Costo de @AbilityResourceName@"],"effect":["{{ basedamage }} -> {{ basedamageNL }}","{{ baseheal }} -> {{ basehealNL }}","{{ percenthealthhealing*100.000000 }}% -> {{ percenthealthhealingnl*100.000000 }}%","{{ cooldown }} -> {{ cooldownNL }}","{{ cost }} -> {{ costNL }}"]},"maxrank":5,"cooldown":[7,6.5,6,5.5,5],"cooldownBurn":"7/6.5/6/5.5/5","cost":[50,46,42,38,34],"costBurn":"50/46/42/38/34","datavalues":{},"effect":[null,[0,0,0,0,0],[0,0,0,0,0],[0,0,0,0,0],[0,0,0,0,0],[0,0,0,0,0],[0,0,0,0,0],[0,0,0,0,0],[0,0,0,0,0],[0,0,0,0,0],[0,0,0,0,0]],"effectBurn":[null,"0","0","0","0","0","0","0","0","0","0"],"vars":[],"costType":" de {{ abilityresourcename }}","maxammo":"-1","range":[900,900,900,900,900],"rangeBurn":"900","image":{"full":"TahmKenchQ.png","sprite":"spell13.png","group":"spell","x":192,"y":48,"w":48,"h":48},"resource":"{{ cost }} de {{ abilityresourcename }}"},{"id":"TahmKenchW","name":"Inmersión Abisal","description":"Se sumerge y luego reaparece en la ubicación deseada, con lo que inflige daño y lanza por el aire a todos los enemigos en un área.","tooltip":"Se sumerge y luego reaparece en la ubicación objetivo, con lo que inflige <magicDamage>{{ totaldamage }} de daño mágico</magicDamage> y lanza por el aire a todos los enemigos en el área por {{ knockupduration }} seg. Impactar al menos a un campeón enemigo restablece un {{ champrefund*100 }}% del enfriamiento y costo de maná.<br /><br />Los aliados <span class=\"color0bf7de\">devorados</span> pueden transportarse junto a él (pero siempre pueden salir antes).{{ spellmodifierdescriptionappend }}","leveltip":{"label":["Enfriamiento","Daño","Alcance","Costo de @AbilityResourceName@","Reembolso de enfriamiento"],"effect":["{{ cooldown }} -> {{ cooldownNL }}","{{ basedamage }} -> {{ basedamageNL }}","{{ castrange }} -> {{ castrangeNL }}","{{ cost }} -> {{ costNL }}","{{ champrefund*100.000000 }}% -> {{ champrefundnl*100.000000 }}%"]},"maxrank":5,"cooldown":[21,20,19,18,17],"cooldownBurn":"21/20/19/18/17","cost":[60,75,90,105,120],"costBurn":"60/75/90/105/120","datavalues":{},"effect":[null,[0,0,0,0,0],[0,0,0,0,0],[0,0,0,0,0],[0,0,0,0,0],[0,0,0,0,0],[0,0,0,0,0],[0,0,0,0,0],[0,0,0,0,0],[0,0,0,0,0],[0,0,0,0,0]],"effectBurn":[null,"0","0","0","0","0","0","0","0","0","0"],"vars":[],"costType":" de {{ abilityresourcename }}","maxammo":"-1","range":[1000,1050,1100,1150,1200],"rangeBurn":"1000/1050/1100/1150/1200","image":{"full":"TahmKenchW.png","sprite":"spell13.png","group":"spell","x":240,"y":48,"w":48,"h":48},"resource":"{{ cost }} de {{ abilityresourcename }}"},{"id":"TahmKenchE","name":"Piel Dura","description":"<passive>Pasiva:</passive> Tahm Kench almacena un porcentaje del daño que recibe y se cura según esta cantidad cuando está fuera de combate.<br><br><active>Activa:</active> Convierte todo el daño almacenado en un escudo temporal.","tooltip":"<passive>Pasiva:</passive> Un {{ greyhealthratio*100 }}% del daño que recibe Tahm Kench se almacena en su <spellName>Piel Dura</spellName>, que aumenta a un {{ greyhealthratioenhanced*100 }}% si hay por lo menos {{ enhancedthreshold }} campeones enemigos cerca. Si Tahm Kench no ha recibido daño durante {{ ooctimer }} seg, <spellName>Piel Dura</spellName> se consumirá rápidamente para curar a Tahm Kench por un {{ greyhealthhealingratio }} de su valor.<br /><br /><active>Activa:</active> Convierte toda tu <spellName>Piel Dura</spellName> almacenada en un <shield>escudo</shield> que dura {{ shieldduration }} seg.{{ spellmodifierdescriptionappend }}","leveltip":{"label":["% de daño a Piel Dura","% de daño a Piel Dura mejorada"],"effect":["{{ greyhealthratio*100.000000 }}% -> {{ greyhealthrationl*100.000000 }}%","{{ greyhealthratioenhanced*100.000000 }}% -> {{ greyhealthratioenhancednl*100.000000 }}%"]},"maxrank":5,"cooldown":[3,3,3,3,3],"cooldownBurn":"3","cost":[0,0,0,0,0],"costBurn":"0","datavalues":{},"effect":[null,[0,0,0,0,0],[0,0,0,0,0],[0,0,0,0,0],[0,0,0,0,0],[0,0,0,0,0],[0,0,0,0,0],[0,0,0,0,0],[0,0,0,0,0],[0,0,0,0,0],[0,0,0,0,0]],"effectBurn":[null,"0","0","0","0","0","0","0","0","0","0"],"vars":[],"costType":" de {{ abilityresourcename }}","maxammo":"-1","range":[2400,2400,2400,2400,2400],"rangeBurn":"2400","image":{"full":"TahmKenchE.png","sprite":"spell13.png","group":"spell","x":288,"y":48,"w":48,"h":48},"resource":"{{ cost }} de {{ abilityresourcename }}"},{"id":"TahmKenchRWrapper","name":"Devorar","description":"Tahm Kench devora a un campeón durante unos segundos, con lo que le inflige daño mágico si es un enemigo o lo protege si es un aliado.","tooltip":"Tahm Kench devora a un campeón durante unos segundos. Puede volver a lanzar la habilidad para escupirlos.<br /><br /><specialRules>Campeones enemigos:</specialRules> Requiere 3 acumulaciones de <spellName>Un Gusto Adquirido</spellName>. Son devorados hasta por {{ enemyduration }} seg y reciben <magicDamage>{{ basedamage }} (+{{ percenthpdamage }} de su Vida Máxima) como daño mágico</magicDamage>. Tahm Kench es ralentizado un {{ slowamount*100 }}% y queda <keywordName>anclado</keywordName> durante este efecto.<br /><br /><specialRules>Campeones aliados:</specialRules> Son devorados hasta por {{ allyduration }} seg y les otorga un <shield>escudo de {{ totalshield }}</shield> que decae gradualmente después de ser escupidos. Los aliados también pueden optar por salir antes. Tahm Kench es <keywordName>Anclado</keywordName> durante este efecto, pero puede lanzar <keywordName>Inmersión Abisal</keywordName> y obtener un <speed>{{ allyspeedamount*100 }}% de Velocidad de Movimiento</speed> durante {{ allyduration }} seg.{{ spellmodifierdescriptionappend }}","leveltip":{"label":["Daño","Cantidad de escudo","Enfriamiento"],"effect":["{{ basedamage }} -> {{ basedamageNL }}","{{ baseshield }} -> {{ baseshieldNL }}","{{ datacooldown }} -> {{ datacooldownNL }}"]},"maxrank":3,"cooldown":[0,0,0],"cooldownBurn":"0","cost":[100,100,100],"costBurn":"100","datavalues":{},"effect":[null,[0,0,0],[0,0,0],[0,0,0],[0,0,0],[0,0,0],[0,0,0],[0,0,0],[0,0,0],[0,0,0],[0,0,0]],"effectBurn":[null,"0","0","0","0","0","0","0","0","0","0"],"vars":[],"costType":" de Maná","maxammo":"-1","range":[25000,25000,25000],"rangeBurn":"25000","image":{"full":"TahmKenchRWrapper.png","sprite":"spell13.png","group":"spell","x":336,"y":48,"w":48,"h":48},"resource":"{{ datamanacost }} de Maná"}],"passive":{"name":"Un Gusto Adquirido","description":"Tahm Kench utiliza la mayor parte de su inmenso cuerpo para atacar y obtiene daño adicional según su vida total. Infligir daño a campeones enemigos acumula <spellName>Un Gusto Adquirido</spellName>. Al tener tres acumulaciones, puede usar <spellName>Devorar</spellName> contra un campeón enemigo.","image":{"full":"TahmKenchP.png","sprite":"passive4.png","group":"passive","x":432,"y":0,"w":48,"h":48}},"recommended":[]}}}