{"type":"champion","format":"standAloneComplex","version":"14.3.1","data":{"Taliyah":{"id":"Taliyah","key":"163","name":"Taliyah","title":"la Tejedora de Piedra","image":{"full":"Taliyah.png","sprite":"champion4.png","group":"champion","x":0,"y":48,"w":48,"h":48},"skins":[{"id":"163000","num":0,"name":"default","chromas":false},{"id":"163001","num":1,"name":"Taliyah del Fréljord","chromas":false},{"id":"163002","num":2,"name":"Taliyah SSG","chromas":false},{"id":"163003","num":3,"name":"Taliyah Veraniega","chromas":true},{"id":"163011","num":11,"name":"Taliyah Guardiana Estelar","chromas":true},{"id":"163021","num":21,"name":"Taliyah Crystalis Motus","chromas":true}],"lore":"Taliyah es una maga nómada de Shurima que se siente dividida entre la libertad de la adolescencia y las responsabilidades adultas. Ha cruzado casi todo Valoran en un viaje para conocer la verdadera naturaleza de sus crecientes poderes, aunque más recientemente regresó a proteger a su tribu. Algunos han confundido su compasión por debilidad y pagaron el precio, pues detrás de la juvenil actitud de Taliyah yace una voluntad tan fuerte como para mover montañas y un espíritu lo suficiente feroz para causar estruendos en la tierra.","blurb":"Taliyah es una maga nómada de Shurima que se siente dividida entre la libertad de la adolescencia y las responsabilidades adultas. Ha cruzado casi todo Valoran en un viaje para conocer la verdadera naturaleza de sus crecientes poderes, aunque más...","allytips":["Trata de lanzar a tus enemigos a la Tierra Desatada con el Empujón Sísmico.","Recuerda, no siempre tienes que subirte al Muro de la Tejedora.","Una vez que tengas el Cetro de Cristal de Rylai, puedes lanzar Descarga Pétrea a los enemigos para que se arrepientan de estar vivos."],"enemytips":["Cuando Taliyah lanza Tierra Desatada en el carril, ten cuidado de Empujón Sísmico. Si te arroja a su campo minado, los derribos y las rocas romperán tus huesos.","La Descarga Pétrea de Taliyah solo apunta a una dirección. ¡Si te lanza rocas, hazte a un lado!"],"tags":["Mage","Support"],"partype":"Maná","info":{"attack":1,"defense":7,"magic":8,"difficulty":5},"stats":{"hp":550,"hpperlevel":104,"mp":470,"mpperlevel":30,"movespeed":330,"armor":18,"armorperlevel":4.7,"spellblock":30,"spellblockperlevel":1.3,"attackrange":525,"hpregen":6.5,"hpregenperlevel":0.65,"mpregen":8,"mpregenperlevel":0.8,"crit":0,"critperlevel":0,"attackdamage":58,"attackdamageperlevel":3.3,"attackspeedperlevel":1.36,"attackspeed":0.658},"spells":[{"id":"TaliyahQ","name":"Descarga Pétrea","description":"Taliyah lanza una ráfaga de rocas en la dirección de un objetivo y se mueve libremente mientras lanza. Esto crea Tierra Erosionada debajo de ella. Si Taliyah lanza Descarga Pétrea sobre Tierra Erosionada, la consume para lanzar una roca más fuerte que ralentiza a los enemigos.","tooltip":"Taliyah lanza 5 rocas, cada una de las cuales inflige <magicDamage>{{ rockdamage }} de daño mágico</magicDamage> en un área alrededor del primer enemigo alcanzado mientras crea Tierra Erosionada en esa área. Los impactos subsecuentes contra el mismo enemigo infligen un {{ extramissilereduceddamagepercent }}% menos de daño.<br /><br />Los lanzamientos en tierra erosionada cuestan {{ e7 }} de Maná y tienen un {{ workedgroundcdr*100 }}% menos de Enfriamiento, consume la Tierra Erosionada y lanza una roca que <status>ralentiza</status> a los enemigos alcanzados en un {{ slowpercent*100 }}% por {{ slowduration }} seg e inflige <magicDamage>{{ bigrockdamage }} de daño mágico</magicDamage> al primer objetivo. Los monstruos golpeados por la roca quedan <status>Aturdidos</status> durante {{ monsterstunduration }} seg.{{ spellmodifierdescriptionappend }}","leveltip":{"label":["Daño","Ralentización","Enfriamiento","Costo de @AbilityResourceName@"],"effect":["{{ basedamage }} -> {{ basedamageNL }}","{{ slowpercent*100.000000 }}% -> {{ slowpercentnl*100.000000 }}%","{{ cooldown }} -> {{ cooldownNL }}","{{ cost }} -> {{ costNL }}"]},"maxrank":5,"cooldown":[7,6,5,4,3],"cooldownBurn":"7/6/5/4/3","cost":[55,60,65,70,75],"costBurn":"55/60/65/70/75","datavalues":{},"effect":[null,[0,0,0,0,0],[0,0,0,0,0],[0,0,0,0,0],[0,0,0,0,0],[0,0,0,0,0],[30,30,30,30,30],[20,20,20,20,20],[400,400,400,400,400],[0,0,0,0,0],[0,0,0,0,0]],"effectBurn":[null,"0","0","0","0","0","30","20","400","0","0"],"vars":[],"costType":" de {{ abilityresourcename }}","maxammo":"-1","range":[1000,1000,1000,1000,1000],"rangeBurn":"1000","image":{"full":"TaliyahQ.png","sprite":"spell13.png","group":"spell","x":384,"y":48,"w":48,"h":48},"resource":"{{ cost }} de {{ abilityresourcename }}"},{"id":"TaliyahWVC","name":"Empujón Sísmico","description":"Taliyah provoca que un área de la tierra haga erupción y lance a los enemigos dentro de ella hacia la dirección que elija.","tooltip":"Taliyah sacude la tierra y <status>empuja</status> a los enemigos en un área en la dirección deseada.{{ spellmodifierdescriptionappend }}","leveltip":{"label":["Enfriamiento","Costo de @AbilityResourceName@"],"effect":["{{ cooldown }} -> {{ cooldownNL }}","{{ cost }} -> {{ costNL }}"]},"maxrank":5,"cooldown":[14,12.5,11,9.5,8],"cooldownBurn":"14/12.5/11/9.5/8","cost":[40,30,20,10,0],"costBurn":"40/30/20/10/0","datavalues":{},"effect":[null,[0,0,0,0,0],[0.5,0.5,0.5,0.5,0.5],[400,400,400,400,400],[0,0,0,0,0],[0,0,0,0,0],[0,0,0,0,0],[0,0,0,0,0],[0,0,0,0,0],[0,0,0,0,0],[0,0,0,0,0]],"effectBurn":[null,"0","0.5","400","0","0","0","0","0","0","0"],"vars":[],"costType":" de {{ abilityresourcename }}","maxammo":"-1","range":[900,900,900,900,900],"rangeBurn":"900","image":{"full":"TaliyahWVC.png","sprite":"spell13.png","group":"spell","x":432,"y":48,"w":48,"h":48},"resource":"{{ cost }} de {{ abilityresourcename }}"},{"id":"TaliyahE","name":"Tierra Desatada","description":"Taliyah crea un campo minado que ralentiza. Si los enemigos se desplazan por él o son lanzados hacia él, las minas explotan y los aturde.","tooltip":"Taliyah esparce piedras en un área, lo que <status>ralentiza</status> a los enemigos alcanzados en un {{ slowpercent*100 }}% e inflige <magicDamage>{{ scatterdamage }} de daño mágico</magicDamage>. Las piedras detonan cuando los enemigos se desplazan o son <status>lanzados</status> hacia ellas, lo que los <status>aturde</status> durante el movimiento restante + {{ stunduration }} seg e inflige <magicDamage> {{ detonationdamage }} de daño mágico</magicDamage>.{{ spellmodifierdescriptionappend }}","leveltip":{"label":["Daño","Daño de Detonación","Enfriamiento","Costo de @AbilityResourceName@"],"effect":["{{ basedamage }} -> {{ basedamageNL }}","{{ basedetonationdamage }} -> {{ basedetonationdamageNL }}","{{ cooldown }} -> {{ cooldownNL }}","{{ cost }} -> {{ costNL }}"]},"maxrank":5,"cooldown":[14,14,14,14,14],"cooldownBurn":"14","cost":[90,95,100,105,110],"costBurn":"90/95/100/105/110","datavalues":{},"effect":[null,[0,0,0,0,0],[0,0,0,0,0],[4,4,4,4,4],[85,85,85,85,85],[0,0,0,0,0],[4,4,4,4,4],[0,0,0,0,0],[0,0,0,0,0],[0,0,0,0,0],[0,0,0,0,0]],"effectBurn":[null,"0","0","4","85","0","4","0","0","0","0"],"vars":[],"costType":" de {{ abilityresourcename }}","maxammo":"-1","range":[950,950,950,950,950],"rangeBurn":"950","image":{"full":"TaliyahE.png","sprite":"spell13.png","group":"spell","x":0,"y":96,"w":48,"h":48},"resource":"{{ cost }} de {{ abilityresourcename }}"},{"id":"TaliyahR","name":"Muro de la Tejedora","description":"Taliyah crea un muro muy largo en el que se desplaza.","tooltip":"Taliyah crea un muro de tierra enorme por {{ e1 }} seg. Si <recast>vuelve a lanzar</recast> inmediatamente, Taliyah se desplazará sobre el muro al formarse. Moverse o ser inmovilizada finalizará el desplazamiento.<br /><br />Taliyah no podrá volver a lanzar esta habilidad si ha recibido daño de campeones o estructuras en los últimos {{ damagelockouttime }} seg.{{ spellmodifierdescriptionappend }}","leveltip":{"label":["Longitud del muro","Enfriamiento"],"effect":["{{ e2 }} -> {{ e2NL }}","{{ cooldown }} -> {{ cooldownNL }}"]},"maxrank":3,"cooldown":[180,150,120],"cooldownBurn":"180/150/120","cost":[100,100,100],"costBurn":"100","datavalues":{},"effect":[null,[4,4,4],[2500,4500,6500],[0.1,0.1,0.1],[2500,2500,2500],[0,0,0],[0,0,0],[0,0,0],[0,0,0],[0,0,0],[0,0,0]],"effectBurn":[null,"4","2500/4500/6500","0.1","2500","0","0","0","0","0","0"],"vars":[],"costType":" de {{ abilityresourcename }}","maxammo":"-1","range":[2500,4500,6500],"rangeBurn":"2500/4500/6500","image":{"full":"TaliyahR.png","sprite":"spell13.png","group":"spell","x":48,"y":96,"w":48,"h":48},"resource":"{{ cost }} de {{ abilityresourcename }}"}],"passive":{"name":"Surfista de Rocas","description":"Taliyah gana velocidad de movimiento cerca de los muros.","image":{"full":"Taliyah_Passive.png","sprite":"passive4.png","group":"passive","x":0,"y":48,"w":48,"h":48}},"recommended":[]}}}