{"type":"champion","format":"standAloneComplex","version":"14.3.1","data":{"Talon":{"id":"Talon","key":"91","name":"Talon","title":"la Sombra de la Navaja","image":{"full":"Talon.png","sprite":"champion4.png","group":"champion","x":48,"y":48,"w":48,"h":48},"skins":[{"id":"91000","num":0,"name":"default","chromas":false},{"id":"91001","num":1,"name":"Talon Renegado","chromas":false},{"id":"91002","num":2,"name":"Talon Élite Carmesí","chromas":false},{"id":"91003","num":3,"name":"Talon Espadragón","chromas":true},{"id":"91004","num":4,"name":"Talon SSW","chromas":false},{"id":"91005","num":5,"name":"Talon Luna de Sangre","chromas":false},{"id":"91012","num":12,"name":"Talon Filo Perpetuo","chromas":true},{"id":"91020","num":20,"name":"Talon del Bosque Negro","chromas":true},{"id":"91029","num":29,"name":"Talon Rosa Marchita","chromas":true},{"id":"91038","num":38,"name":"Talon el Forajido","chromas":true},{"id":"91039","num":39,"name":"Talon el Forajido Prestigioso","chromas":false},{"id":"91049","num":49,"name":"Talon Emboscada Primigenia","chromas":true}],"lore":"Talon es el filo que yace en la oscuridad y un despiadado asesino que ataca sin advertencia solo para escapar antes de que alguien note su presencia. Se hizo de una reputación peligrosa en las brutales calles de Noxus, donde se vio obligado a pelear, matar y robar para sobrevivir. Después de ser adoptado por la notable familia Du Couteau, dispuso su mortal oficio a la orden del imperio, donde asesina líderes, capitanes y héroes enemigos... así como a cualquier noxiano que sea lo suficiente tonto como para ganarse el desprecio de sus amos.","blurb":"Talon es el filo que yace en la oscuridad y un despiadado asesino que ataca sin advertencia solo para escapar antes de que alguien note su presencia. Se hizo de una reputación peligrosa en las brutales calles de Noxus, donde se vio obligado a pelear...","allytips":["Puedes usar Sendero del Asesino para ir detrás del enemigo y prepararte para Diplomacia Noxiana.","Asalto Sombrío es una poderosa herramienta de escape, pero también se puede usar de forma ofensiva para atacar grupos.","Recuerda elegir a tu objetivo antes de iniciar la pelea. Enfocar todas las habilidades de Talon en un objetivo es una estrategia poderosa, pero repartirlas entre varios objetivos te dejará sin opciones."],"enemytips":["Todos los ataques de Talon infligen daño físico. Compra armadura en el juego temprano para contrarrestar su daño súbito.","Talon depende mucho de Asalto Sombrío para escapar de los combates, es muy vulnerable si no lo tiene disponible.","Talon tiene una increíble habilidad para merodear, así que asegúrate de rastrear su posición u oblígalo a quedarse en el carril empujándolo de forma agresiva."],"tags":["Assassin"],"partype":"Maná","info":{"attack":9,"defense":3,"magic":1,"difficulty":7},"stats":{"hp":658,"hpperlevel":109,"mp":400,"mpperlevel":37,"movespeed":335,"armor":30,"armorperlevel":4.7,"spellblock":39,"spellblockperlevel":2.05,"attackrange":125,"hpregen":8.5,"hpregenperlevel":0.75,"mpregen":7.6,"mpregenperlevel":0.8,"crit":0,"critperlevel":0,"attackdamage":68,"attackdamageperlevel":3.1,"attackspeedperlevel":2.9,"attackspeed":0.625},"spells":[{"id":"TalonQ","name":"Diplomacia Noxiana","description":"Talon apuñala al objetivo. Si está a un alcance cuerpo a cuerpo, este ataque causa daño crítico. Si está fuera del alcance cuerpo a cuerpo, Talon saltará hacia su objetivo antes de apuñalarlo. Talon recupera un poco de vida y enfriamiento si esta habilidad asesina al objetivo.","tooltip":"Talon salta hacia el objetivo e inflige <physicalDamage>{{ leapdamage }} de daño físico</physicalDamage>. Si se usa en alcance cuerpo a cuerpo, esta habilidad realizará un golpe crítico por <physicalDamage>{{ criticaldamage }} de daño físico</physicalDamage>.<br /><br />Si esta habilidad mata al objetivo, Talon recuperará <healing>{{ totalhealing }} de Vida</healing> y restaurará un {{ e5 }}% de su Enfriamiento.{{ spellmodifierdescriptionappend }}","leveltip":{"label":["Daño","Enfriamiento"],"effect":["{{ e1 }} -> {{ e1NL }}","{{ e6 }} -> {{ e6NL }}"]},"maxrank":5,"cooldown":[8,7.5,7,6.5,6],"cooldownBurn":"8/7.5/7/6.5/6","cost":[40,40,40,40,40],"costBurn":"40","datavalues":{},"effect":[null,[65,85,105,125,145],[50,50,50,50,50],[17,17,17,17,17],[3,3,3,3,3],[50,50,50,50,50],[8,7.5,7,6.5,6],[0.8,0.8,0.8,0.8,0.8],[1.5,1.5,1.5,1.5,1.5],[0,0,0,0,0],[0,0,0,0,0]],"effectBurn":[null,"65/85/105/125/145","50","17","3","50","8/7.5/7/6.5/6","0.8","1.5","0","0"],"vars":[],"costType":" de {{ abilityresourcename }}","maxammo":"-1","range":[575,575,575,575,575],"rangeBurn":"575","image":{"full":"TalonQ.png","sprite":"spell13.png","group":"spell","x":96,"y":96,"w":48,"h":48},"resource":"{{ cost }} de {{ abilityresourcename }}"},{"id":"TalonW","name":"Rastrillar","description":"Talon envía una ráfaga de dagas que luego vuelven hacia él, lo que inflige daño físico cada vez que pasan por un enemigo. Las cuchillas que regresan causan daño adicional y ralentizan a las unidades alcanzadas.","tooltip":"Talon lanza una ráfaga de cuchillas que inflige <physicalDamage>{{ totalinitialdamage }} de daño físico</physicalDamage>. Después, las cuchillas regresan a él, lo que inflige <physicalDamage>{{ totalreturndamage }} de daño físico</physicalDamage> y <status>ralentiza</status> un {{ movespeedslow*100 }}% durante {{ slowduration }} seg.{{ spellmodifierdescriptionappend }}","leveltip":{"label":["Costo de @AbilityResourceName@","Daño inicial","Daño de Retorno","Ralentización","Enfriamiento"],"effect":["{{ cost }} -> {{ costNL }}","{{ initialbasedamage }} -> {{ initialbasedamageNL }}","{{ returnbasedamage }} -> {{ returnbasedamageNL }}","{{ movespeedslow*100.000000 }}% -> {{ movespeedslownl*100.000000 }}%","{{ cooldown }} -> {{ cooldownNL }}"]},"maxrank":5,"cooldown":[9,8.5,8,7.5,7],"cooldownBurn":"9/8.5/8/7.5/7","cost":[50,55,60,65,70],"costBurn":"50/55/60/65/70","datavalues":{},"effect":[null,[0,0,0,0,0],[0,0,0,0,0],[0,0,0,0,0],[0,0,0,0,0],[0,0,0,0,0],[0,0,0,0,0],[0,0,0,0,0],[0,0,0,0,0],[0,0,0,0,0],[0,0,0,0,0]],"effectBurn":[null,"0","0","0","0","0","0","0","0","0","0"],"vars":[],"costType":" de {{ abilityresourcename }}","maxammo":"-1","range":[650,650,650,650,650],"rangeBurn":"650","image":{"full":"TalonW.png","sprite":"spell13.png","group":"spell","x":144,"y":96,"w":48,"h":48},"resource":"{{ cost }} de {{ abilityresourcename }}"},{"id":"TalonE","name":"Sendero del Asesino","description":"Talon salta sobre cualquier terreno o estructura, hasta una distancia máxima. Esta habilidad tiene un enfriamiento corto, pero pone el terreno usado en un largo enfriamiento.","tooltip":"Talon salta encima de la estructura o terreno más cercano. Talon no puede desplazarse sobre el mismo terreno más de una vez cada {{ wallcd }} seg.{{ spellmodifierdescriptionappend }}","leveltip":{"label":["Enfriamiento del terreno"],"effect":["{{ e6 }} -> {{ e6NL }}"]},"maxrank":5,"cooldown":[0,0,0,0,0],"cooldownBurn":"0","cost":[0,0,0,0,0],"costBurn":"0","datavalues":{},"effect":[null,[0,0,0,0,0],[0,0,0,0,0],[625,625,625,625,625],[1250,1250,1250,1250,1250],[2,2,2,2,2],[160,135,110,85,60],[0,0,0,0,0],[0,0,0,0,0],[0,0,0,0,0],[0,0,0,0,0]],"effectBurn":[null,"0","0","625","1250","2","160/135/110/85/60","0","0","0","0"],"vars":[],"costType":"Sin costo","maxammo":"-1","range":[725,725,725,725,725],"rangeBurn":"725","image":{"full":"TalonE.png","sprite":"spell13.png","group":"spell","x":192,"y":96,"w":48,"h":48},"resource":"Sin costo"},{"id":"TalonR","name":"Asalto Sombrío","description":"Talon dispersa un anillo de cuchillas, se vuelve invisible y obtiene Velocidad de Movimiento adicional. Cuando Talon emerge de invisibilidad, las cuchillas convergen en su ubicación. Cada vez que las cuchillas se mueven, Asalto Sombrío causa daño físico a los enemigos que alcanza con al menos una cuchilla.","tooltip":"Talon dispersa un anillo de cuchillas que infligen <physicalDamage>{{ damage }} de daño físico</physicalDamage>, obtiene un <speed>{{ movespeed*100 }}% de Velocidad de Movimiento</speed> y se vuelve <keywordStealth>Invisible</keywordStealth> hasta por {{ duration }} seg. Cuando el efecto de <keywordStealth>invisibilidad</keywordStealth> termina, las cuchillas regresan a Talon e infligen <physicalDamage>{{ damage }} de daño físico</physicalDamage> de nuevo.<br /><br />Si Talon cancela la <keywordStealth>invisibilidad</keywordStealth> con un ataque o con <spellName>Diplomacia Noxiana</spellName>, las cuchillas regresan hacia el objetivo.{{ spellmodifierdescriptionappend }}","leveltip":{"label":["Daño","Velocidad de movimiento","Enfriamiento"],"effect":["{{ basedamage }} -> {{ basedamageNL }}","{{ movespeed*100.000000 }}% -> {{ movespeednl*100.000000 }}%","{{ cooldown }} -> {{ cooldownNL }}"]},"maxrank":3,"cooldown":[100,80,60],"cooldownBurn":"100/80/60","cost":[100,100,100],"costBurn":"100","datavalues":{},"effect":[null,[0,0,0],[0,0,0],[0,0,0],[0,0,0],[0,0,0],[0,0,0],[0,0,0],[0,0,0],[0,0,0],[0,0,0]],"effectBurn":[null,"0","0","0","0","0","0","0","0","0","0"],"vars":[],"costType":" de {{ abilityresourcename }}","maxammo":"-1","range":[550,550,550],"rangeBurn":"550","image":{"full":"TalonR.png","sprite":"spell13.png","group":"spell","x":240,"y":96,"w":48,"h":48},"resource":"{{ cost }} de {{ abilityresourcename }}"}],"passive":{"name":"Filo de la Hoja","description":"Los hechizos de Talon hieren a campeones y monstruos grandes y se acumulan hasta tres veces. Cuando Talon ataca a un campeón con 3 acumulaciones de heridas, el objetivo sangra y recibe mucho daño prolongado.","image":{"full":"TalonP.png","sprite":"passive4.png","group":"passive","x":48,"y":48,"w":48,"h":48}},"recommended":[]}}}