{"type":"champion","format":"standAloneComplex","version":"14.3.1","data":{"Taric":{"id":"Taric","key":"44","name":"Taric","title":"el Escudo de Valoran","image":{"full":"Taric.png","sprite":"champion4.png","group":"champion","x":96,"y":48,"w":48,"h":48},"skins":[{"id":"44000","num":0,"name":"default","chromas":false},{"id":"44001","num":1,"name":"Taric Esmeralda","chromas":false},{"id":"44002","num":2,"name":"Taric de la Quinta Era","chromas":false},{"id":"44003","num":3,"name":"Taric Piedra de Sangre","chromas":false},{"id":"44004","num":4,"name":"Taric Veraniego","chromas":true},{"id":"44009","num":9,"name":"Taric Paladín Radiante","chromas":true},{"id":"44018","num":18,"name":"Taric Onda Espacial","chromas":true}],"lore":"Taric es el Aspecto del Protector y, gracias a su increíble poder, es el guardián de la vida, el amor y la belleza en Runaterra. Caído en desgracia debido a la negligencia de su deber y exiliado de su tierra, Demacia, Taric ascendió el Monte Targón buscando la redención y lo que encontró en la cima fue el llamado de las estrellas. Imbuido con el poder del Targón ancestral, el Escudo de Valoran no descansa en su deber de vigilar la traicionera corrupción del Vacío.","blurb":"Taric es el Aspecto del Protector y, gracias a su increíble poder, es el guardián de la vida, el amor y la belleza en Runaterra. Caído en desgracia debido a la negligencia de su deber y exiliado de su tierra, Demacia, Taric ascendió el Monte Targón...","allytips":["El componente de reducción de enfriamiento de Bravata hace que los objetos de reducción de enfriamiento como Corazón de Hielo, Guantelete de los Hijos del Hielo y Apariencia Espiritual sean excepcionalmente poderosos en Taric.","El uso del Toque de Luz Estelar con pocas cargas provoca que la curación consuma más maná, pero puede incrementar enormemente el daño constante que Taric inflige a través de Bravata.","En lugar de guardar Resplandor Cósmico para el último momento y arriesgarte a que alguien muera durante la demora, puede que sea mejor usarlo tan pronto como sepas que comenzará un combate en equipo."],"enemytips":["La habilidad definitiva de Taric, Resplandor Cósmico, tiene un efecto demorado amplio. Evalúa rápidamente si quieres salir de la batalla o intentar matar a sus aliados antes que se termine.","Con Bravata, Taric disminuye el enfriamiento de sus hechizos realizando ataques básicos a los enemigos. Trata de usarlo en peleas en equipo y castígalo por acercarse a las olas de súbditos en línea."],"tags":["Support","Fighter"],"partype":"Maná","info":{"attack":4,"defense":8,"magic":5,"difficulty":3},"stats":{"hp":645,"hpperlevel":99,"mp":300,"mpperlevel":60,"movespeed":340,"armor":40,"armorperlevel":4.3,"spellblock":28,"spellblockperlevel":2.05,"attackrange":150,"hpregen":6,"hpregenperlevel":0.5,"mpregen":8.5,"mpregenperlevel":0.8,"crit":0,"critperlevel":0,"attackdamage":55,"attackdamageperlevel":3.5,"attackspeedperlevel":2,"attackspeed":0.625},"spells":[{"id":"TaricQ","name":"Toque de Luz Estelar","description":"Cura a campeones aliados cercanos según las cargas almacenadas. Los ataques potenciados con Bravata otorgan una carga de Toque de Luz Estelar.","tooltip":"<spellPassive>Pasiva:</spellPassive> Obtiene una acumulación (máx. {{ e6 }}) cada {{ stackcooldown }} seg y al impactar con un ataque de <spellName>Bravata</spellName>.<br /><br /><spellActive>Activa:</spellActive> Consume todas las acumulaciones para restaurar <healing>{{ healingperstack }} de Vida</healing> por cada acumulación a campeones aliados cercanos (<healing>{{ maxstackhealing }}</healing> con {{ e6 }} acumulación(es)).{{ spellmodifierdescriptionappend }}","leveltip":{"label":["Máximo de cargas","Máximo de curación"],"effect":["{{ e6 }} -> {{ e6NL }}","{{ e5 }} -> {{ e5NL }}"]},"maxrank":5,"cooldown":[3,3,3,3,3],"cooldownBurn":"3","cost":[60,60,60,60,60],"costBurn":"60","datavalues":{},"effect":[null,[25,25,25,25,25],[1,1,1,1,1],[0.15,0.3,0.45,0.6,0.75],[0.75,1.5,2.25,3,3.75],[25,50,75,100,125],[1,2,3,4,5],[0,0,0,0,0],[0,0,0,0,0],[0,0,0,0,0],[0,0,0,0,0]],"effectBurn":[null,"25","1","0.15/0.3/0.45/0.6/0.75","0.75/1.5/2.25/3/3.75","25/50/75/100/125","1/2/3/4/5","0","0","0","0"],"vars":[],"costType":" de Maná, todas las cargas","maxammo":"-1","range":[325,325,325,325,325],"rangeBurn":"325","image":{"full":"TaricQ.png","sprite":"spell13.png","group":"spell","x":288,"y":96,"w":48,"h":48},"resource":"{{ cost }} de Maná, todas las cargas"},{"id":"TaricW","name":"Baluarte","description":"Aumenta de forma pasiva la Armadura de Taric y de todos los campeones aliados con Baluarte.<br><br>Otorga escudo de forma activa a un aliado, y también Baluarte, siempre que permanezca cerca de Taric. Los hechizos de Taric se lanzan desde el aliado con Baluarte.","tooltip":"<spellPassive>Pasiva: </spellPassive>Taric obtiene <scaleArmor>{{ bonusarmor }} de Armadura</scaleArmor> y forma un vínculo entre él y el aliado vinculado por esta habilidad. Siempre y cuando estén cerca el uno del otro, el aliado obtiene <scaleArmor>{{ bonusarmor }} de Armadura</scaleArmor> y Taric lanza todas sus habilidades desde él y su aliado vinculado.<br /><br /><spellPassive>Activa: </spellPassive>Taric se vincula con un campeón aliado, lo que otorga un <shield>escudo de un {{ e2 }}% de la Vida Máxima</shield> durante {{ e3 }} seg.{{ spellmodifierdescriptionappend }}","leveltip":{"label":["Armadura pasiva","Tasa de escudo","Enfriamiento"],"effect":["{{ e1 }}% -> {{ e1NL }}%","{{ e2 }}% -> {{ e2NL }}%","{{ cooldown }} -> {{ cooldownNL }}"]},"maxrank":5,"cooldown":[15,15,15,15,15],"cooldownBurn":"15","cost":[60,60,60,60,60],"costBurn":"60","datavalues":{},"effect":[null,[9,10,11,12,13],[7,8,9,10,11],[2.5,2.5,2.5,2.5,2.5],[1000,1000,1000,1000,1000],[1300,1300,1300,1300,1300],[0,0,0,0,0],[0,0,0,0,0],[0,0,0,0,0],[0,0,0,0,0],[0,0,0,0,0]],"effectBurn":[null,"9/10/11/12/13","7/8/9/10/11","2.5","1000","1300","0","0","0","0","0"],"vars":[],"costType":" de {{ abilityresourcename }}","maxammo":"-1","range":[800,800,800,800,800],"rangeBurn":"800","image":{"full":"TaricW.png","sprite":"spell13.png","group":"spell","x":336,"y":96,"w":48,"h":48},"resource":"{{ cost }} de {{ abilityresourcename }}"},{"id":"TaricE","name":"Deslumbramiento","description":"Taric prepara un haz de luz estelar que, después de una breve demora, inflige daño mágico y aturde a los enemigos.","tooltip":"Taric prepara un haz de luz estelar que explota tras {{ e3 }} seg para infligir <magicDamage>{{ totaldamage }} de daño mágico</magicDamage> y <status>aturdir</status> a los enemigos durante {{ e2 }} seg.{{ spellmodifierdescriptionappend }}","leveltip":{"label":["Daño","Enfriamiento"],"effect":["{{ e1 }} -> {{ e1NL }}","{{ cooldown }} -> {{ cooldownNL }}"]},"maxrank":5,"cooldown":[16,15,14,13,12],"cooldownBurn":"16/15/14/13/12","cost":[40,40,40,40,40],"costBurn":"40","datavalues":{},"effect":[null,[90,130,170,210,250],[1.5,1.5,1.5,1.5,1.5],[1,1,1,1,1],[0,0,0,0,0],[0,0,0,0,0],[0,0,0,0,0],[0,0,0,0,0],[0,0,0,0,0],[0,0,0,0,0],[0,0,0,0,0]],"effectBurn":[null,"90/130/170/210/250","1.5","1","0","0","0","0","0","0","0"],"vars":[],"costType":" de {{ abilityresourcename }}","maxammo":"-1","range":[610,610,610,610,610],"rangeBurn":"610","image":{"full":"TaricE.png","sprite":"spell13.png","group":"spell","x":384,"y":96,"w":48,"h":48},"resource":"{{ cost }} de {{ abilityresourcename }}"},{"id":"TaricR","name":"Resplandor Cósmico","description":"Después de cierta demora, otorga pulsos de energía cósmica a los campeones aliados cercanos, lo que los hace invulnerables durante breve periodo de tiempo.","tooltip":"Taric invoca una protección del cielo. Tras {{ initialdelay }} seg, los campeones aliados cercanos se vuelven invulnerables durante {{ invulnduration }} seg.{{ spellmodifierdescriptionappend }}","leveltip":{"label":["Enfriamiento"],"effect":["{{ cooldown }} -> {{ cooldownNL }}"]},"maxrank":3,"cooldown":[180,150,120],"cooldownBurn":"180/150/120","cost":[100,100,100],"costBurn":"100","datavalues":{},"effect":[null,[0,0,0],[0,0,0],[0,0,0],[0,0,0],[0,0,0],[0,0,0],[0,0,0],[0,0,0],[0,0,0],[0,0,0]],"effectBurn":[null,"0","0","0","0","0","0","0","0","0","0"],"vars":[],"costType":" de {{ abilityresourcename }}","maxammo":"-1","range":[400,400,400],"rangeBurn":"400","image":{"full":"TaricR.png","sprite":"spell13.png","group":"spell","x":432,"y":96,"w":48,"h":48},"resource":"{{ cost }} de {{ abilityresourcename }}"}],"passive":{"name":"Bravata","description":"Los hechizos potencian los siguientes 2 ataques básicos de Taric para infligir daño mágico adicional, reducir el enfriamiento de sus hechizos y atacar en una sucesión rápida.","image":{"full":"Taric_Passive.png","sprite":"passive4.png","group":"passive","x":96,"y":48,"w":48,"h":48}},"recommended":[]}}}