{"type":"champion","format":"standAloneComplex","version":"14.3.1","data":{"Teemo":{"id":"Teemo","key":"17","name":"Teemo","title":"el Explorador Veloz","image":{"full":"Teemo.png","sprite":"champion4.png","group":"champion","x":144,"y":48,"w":48,"h":48},"skins":[{"id":"17000","num":0,"name":"default","chromas":false},{"id":"17001","num":1,"name":"Teemo Elfo Feliz","chromas":false},{"id":"17002","num":2,"name":"Teemo Explorador","chromas":false},{"id":"17003","num":3,"name":"Teemo Tejón","chromas":false},{"id":"17004","num":4,"name":"AstroTeemo","chromas":true},{"id":"17005","num":5,"name":"Teemo Colita de Algodón","chromas":true},{"id":"17006","num":6,"name":"SuperTeemo","chromas":false},{"id":"17007","num":7,"name":"Teemo Osito Panda","chromas":false},{"id":"17008","num":8,"name":"Teemo Escuadrón Omega","chromas":true},{"id":"17014","num":14,"name":"Pequeño Teemonio","chromas":true},{"id":"17018","num":18,"name":"Zumbeemo","chromas":true},{"id":"17025","num":25,"name":"Teemo Flor Espiritual","chromas":false},{"id":"17027","num":27,"name":"Teemo Flor Espiritual Prestigioso","chromas":false},{"id":"17037","num":37,"name":"Teemo Año Nuevo Chino","chromas":true},{"id":"17047","num":47,"name":"Teemo Onda Espacial","chromas":true}],"lore":"Teemo no se inmuta ante los obstáculos más peligrosos y amenazadores mientras explora el mundo con un entusiasmo infinito y un espíritu lleno de alegría. Es un yordle con una moralidad inquebrantable que se enorgullece de seguir el código de los exploradores de Bandle, a veces con tanto ímpetu que no se percata de las consecuencias de sus acciones. Aunque algunos dicen que la existencia de los exploradores es cuestionable, algo es seguro: no hay que meterse con la convicción de Teemo.","blurb":"Teemo no se inmuta ante los obstáculos más peligrosos y amenazadores mientras explora el mundo con un entusiasmo infinito y un espíritu lleno de alegría. Es un yordle con una moralidad inquebrantable que se enorgullece de seguir el código de los...","allytips":["Los hongos de Teemo pueden usarse para recolectar oro al luchar con oleadas de criaturas.","Coloca los hongos en los puntos clave del mapa (por ejemplo, junto al Dragón o el Barón Nashor) para saber cuándo tus enemigos podrían pretender matarlos."],"enemytips":["El Tiro Tóxico de Teemo castiga a aquellos que se retiran tras ser golpeados. Manténganse a una buena distancia hasta que estén listos para el enfrentamiento.","Podría ser útil usar Lente del Oráculo (Baratija) para destruir los hongos en los lugares clave."],"tags":["Marksman","Assassin"],"partype":"Maná","info":{"attack":5,"defense":3,"magic":7,"difficulty":6},"stats":{"hp":598,"hpperlevel":104,"mp":334,"mpperlevel":25,"movespeed":330,"armor":24,"armorperlevel":4.95,"spellblock":30,"spellblockperlevel":1.3,"attackrange":500,"hpregen":5.5,"hpregenperlevel":0.65,"mpregen":9.6,"mpregenperlevel":0.45,"crit":0,"critperlevel":0,"attackdamage":54,"attackdamageperlevel":3,"attackspeedperlevel":3.38,"attackspeed":0.69},"spells":[{"id":"BlindingDart","name":"Dardo Cegador","description":"Nubla la visión del enemigo con un potente veneno, infligiendo Daño y cegando a la unidad objetivo mientras dure el efecto.","tooltip":"Teemo dispara un dardo que <status>ciega</status> al objetivo durante {{ blindduration }} seg e inflige <magicDamage>{{ calculateddamage }} de daño mágico</magicDamage>.{{ spellmodifierdescriptionappend }}","leveltip":{"label":["Costo de @AbilityResourceName@","Duración","Daño"],"effect":["{{ cost }} -> {{ costNL }}","{{ blindduration }} -> {{ blinddurationNL }}","{{ basedamage }} -> {{ basedamageNL }}"]},"maxrank":5,"cooldown":[7,7,7,7,7],"cooldownBurn":"7","cost":[70,75,80,85,90],"costBurn":"70/75/80/85/90","datavalues":{},"effect":[null,[0,0,0,0,0],[0,0,0,0,0],[0,0,0,0,0],[0,0,0,0,0],[0,0,0,0,0],[0,0,0,0,0],[0,0,0,0,0],[0,0,0,0,0],[0,0,0,0,0],[0,0,0,0,0]],"effectBurn":[null,"0","0","0","0","0","0","0","0","0","0"],"vars":[],"costType":" de {{ abilityresourcename }}","maxammo":"-1","range":[680,680,680,680,680],"rangeBurn":"680","image":{"full":"BlindingDart.png","sprite":"spell13.png","group":"spell","x":0,"y":144,"w":48,"h":48},"resource":"{{ cost }} de {{ abilityresourcename }}"},{"id":"MoveQuick","name":"Movimiento Rápido","description":"Mientras Teemo corretea por el mapa, aumenta de manera pasiva su velocidad de movimiento hasta que sea atacado por un campeón o torreta enemigos. Teemo puede correr para obtener velocidad de movimiento adicional que no terminará al recibir un golpe por un breve periodo.","tooltip":"<spellPassive>Pasiva:</spellPassive> Teemo obtiene un <speed>{{ passivemsbonus*100 }}% de Velocidad de Movimiento</speed> mientras no haya recibido daño de un campeón o torreta enemigos en los últimos 5 seg.<br /><br /><spellActive>Activa:</spellActive> Teemo acelera y obtiene un <speed>{{ passivemsbonus*200 }}% de Velocidad de Movimiento</speed> que no se pierde al recibir daño durante {{ msbuffduration }} seg.{{ spellmodifierdescriptionappend }}","leveltip":{"label":["Velocidad de movimiento"],"effect":["{{ passivemsbonus*100.000000 }}% -> {{ passivemsbonusnl*100.000000 }}%"]},"maxrank":5,"cooldown":[14,14,14,14,14],"cooldownBurn":"14","cost":[40,40,40,40,40],"costBurn":"40","datavalues":{},"effect":[null,[0,0,0,0,0],[0,0,0,0,0],[0,0,0,0,0],[0,0,0,0,0],[0,0,0,0,0],[0,0,0,0,0],[0,0,0,0,0],[0,0,0,0,0],[0,0,0,0,0],[0,0,0,0,0]],"effectBurn":[null,"0","0","0","0","0","0","0","0","0","0"],"vars":[],"costType":" de {{ abilityresourcename }}","maxammo":"-1","range":[20,20,20,20,20],"rangeBurn":"20","image":{"full":"MoveQuick.png","sprite":"spell13.png","group":"spell","x":48,"y":144,"w":48,"h":48},"resource":"{{ cost }} de {{ abilityresourcename }}"},{"id":"ToxicShot","name":"Tiro Tóxico","description":"Cada ataque de Teemo envenena al objetivo, causándole daño al impactar y cada segundo después de 4 segundos.","tooltip":"<spellPassive>Pasiva:</spellPassive> Los ataques de Teemo aplican veneno, lo que inflige <magicDamage>{{ impactcalculateddamage }} de daño mágico</magicDamage> adicional más <magicDamage>{{ totaldotdamage }} de daño mágico</magicDamage> a lo largo de {{ poisonduration }} seg.{{ spellmodifierdescriptionappend }}","leveltip":{"label":["Daño de impacto","Daño por segundo"],"effect":["{{ impactbasedamage }} -> {{ impactbasedamageNL }}","{{ tickbasedamage }} -> {{ tickbasedamageNL }}"]},"maxrank":5,"cooldown":[0,0,0,0,0],"cooldownBurn":"0","cost":[0,0,0,0,0],"costBurn":"0","datavalues":{},"effect":[null,[0,0,0,0,0],[0,0,0,0,0],[0,0,0,0,0],[0,0,0,0,0],[0,0,0,0,0],[0,0,0,0,0],[0,0,0,0,0],[0,0,0,0,0],[0,0,0,0,0],[0,0,0,0,0]],"effectBurn":[null,"0","0","0","0","0","0","0","0","0","0"],"vars":[],"costType":"Pasiva","maxammo":"-1","range":[680,680,680,680,680],"rangeBurn":"680","image":{"full":"ToxicShot.png","sprite":"spell13.png","group":"spell","x":96,"y":144,"w":48,"h":48},"resource":"Pasiva"},{"id":"TeemoRCast","name":"Trampa Nociva","description":"Teemo lanza una trampa venenosa explosiva usando uno de los hongos que lleva en su mochila. Si un enemigo lo pisa, suelta una nube venenosa que reduce la velocidad de los enemigos y les inflige daño durante un tiempo. Si Teemo lanza un hongo sobre otro hongo, este rebotará, obteniendo alcance adicional.","tooltip":"Teemo arroja una trampa de hongo que detona al pisarla. Las trampas <status>ralentizan</status> un {{ slowamount }}% e infligen <magicDamage>{{ totaldamage }} de daño mágico</magicDamage> a lo largo de {{ debuffduration }} seg. Los enemigos quedan revelados durante el mismo tiempo.<br /><br />Las trampas duran {{ mushroomduration }} minutos y son invisibles. Un hongo que se lance hacia otro hongo rebotará antes de caer en su ubicación. Esta habilidad tiene {{ maxammo }} cargas ({{ ammorechargetime }} seg de recarga).<br />{{ spellmodifierdescriptionappend }}","leveltip":{"label":["Daño","Ralentización","Alcance","Distancia de rebote","Máximo de trampas","Costo de maná"],"effect":["{{ basedamage }} -> {{ basedamageNL }}","{{ slowamount }}% -> {{ slowamountNL }}%","{{ castrange }} -> {{ castrangeNL }}","{{ bouncedistance }} -> {{ bouncedistanceNL }}","{{ maxammo }} -> {{ maxammoNL }}","{{ cost }} -> {{ costNL }}"]},"maxrank":3,"cooldown":[0.25,0.25,0.25],"cooldownBurn":"0.25","cost":[75,55,35],"costBurn":"75/55/35","datavalues":{},"effect":[null,[0,0,0],[0,0,0],[0,0,0],[0,0,0],[0,0,0],[0,0,0],[0,0,0],[0,0,0],[0,0,0],[0,0,0]],"effectBurn":[null,"0","0","0","0","0","0","0","0","0","0"],"vars":[],"costType":" de {{ abilityresourcename }}","maxammo":"3","range":[600,750,900],"rangeBurn":"600/750/900","image":{"full":"TeemoRCast.png","sprite":"spell13.png","group":"spell","x":144,"y":144,"w":48,"h":48},"resource":"{{ cost }} de {{ abilityresourcename }}"}],"passive":{"name":"Tácticas de Guerrilla","description":"Si Teemo se queda inmóvil y no realiza acciones durante un breve momento, se volverá invisible de forma indefinida. Si se encuentra en la maleza, Teemo podrá volverse invisible y mantenerse así mientras se mueve. Después de dejar de ser invisible, Teemo obtiene Elemento Sorpresa, lo que aumentará su velocidad de ataque por unos segundos.","image":{"full":"Teemo_P.png","sprite":"passive4.png","group":"passive","x":144,"y":48,"w":48,"h":48}},"recommended":[]}}}