{"type":"champion","format":"standAloneComplex","version":"14.3.1","data":{"Thresh":{"id":"Thresh","key":"412","name":"Thresh","title":"el Carcelero Implacable","image":{"full":"Thresh.png","sprite":"champion4.png","group":"champion","x":192,"y":48,"w":48,"h":48},"skins":[{"id":"412000","num":0,"name":"default","chromas":false},{"id":"412001","num":1,"name":"Thresh Terror Profundo","chromas":false},{"id":"412002","num":2,"name":"Thresh Worlds 2013","chromas":true},{"id":"412003","num":3,"name":"Thresh Luna de Sangre","chromas":false},{"id":"412004","num":4,"name":"Thresh SSW","chromas":false},{"id":"412005","num":5,"name":"Thresh Estrella Oscura","chromas":true},{"id":"412006","num":6,"name":"Thresh el Forajido","chromas":true},{"id":"412013","num":13,"name":"Thresh Pulso de Fuego","chromas":false},{"id":"412014","num":14,"name":"Thresh Pulso de Fuego Prestigioso","chromas":false},{"id":"412015","num":15,"name":"Thresh FPX","chromas":true},{"id":"412017","num":17,"name":"Thresh Flor Espiritual","chromas":true},{"id":"412027","num":27,"name":"Thresh Desatado","chromas":false},{"id":"412028","num":28,"name":"Thresh Dragón de Acero","chromas":true},{"id":"412038","num":38,"name":"Thresh Pulso de Fuego Prestigioso (2022)","chromas":false},{"id":"412039","num":39,"name":"Thresh Emperador Lunar","chromas":true},{"id":"412049","num":49,"name":"Thresh Favor del Invierno","chromas":true}],"lore":"Sádico y astuto, Thresh es un espíritu ambicioso e incansable de las Islas de la Sombra. Otrora el custodio de incontables secretos arcanos, fue consumido por un poder mayor a la vida o la muerte. Ahora, se alimenta del tormento y quebranta a otros con sus lentas e insoportables torturas. Sus víctimas sufren más allá de su breve transición desde el mundo mortal cuando Thresh inflige agonía en sus almas y las aprisiona en su linterna maldita para torturarlas por toda la eternidad.","blurb":"Sádico y astuto, Thresh es un espíritu ambicioso e incansable de las Islas de la Sombra. Otrora el custodio de incontables secretos arcanos, fue consumido por un poder mayor a la vida o la muerte. Ahora, se alimenta del tormento y quebranta a otros con...","allytips":["La comunicación es algo clave al usar la linterna de Thresh. Haz saber a tus compañeros de equipo cómo te gusta usarla.","Sentencia de Muerte y Despellejar se podrán combinar en cualquier orden para obtener combinaciones más potentes.","Thresh puede recolectar almas sin necesidad de matar a las unidades él mismo. Es importante planificar bien la colocación en el mapa para estar cerca del mayor número de muertes; esto permitirá sacar el máximo partido a la recolección de almas."],"enemytips":["Sentencia de Muerte de Thresh tiene un tiempo de lanzamiento bastante largo. Pon atención al lanzamiento para iniciar las maniobras evasivas.","Romper intencionadamente un muro de La Caja puede permitir que un aliado vulnerable escape ileso.","Thresh depende de juntar almas para llevarse una porción de su defensa y daño. Intenta castigarlo cuando vaya por las almas."],"tags":["Support","Fighter"],"partype":"Maná","info":{"attack":5,"defense":6,"magic":6,"difficulty":7},"stats":{"hp":600,"hpperlevel":120,"mp":274,"mpperlevel":44,"movespeed":330,"armor":28,"armorperlevel":0,"spellblock":30,"spellblockperlevel":1.3,"attackrange":450,"hpregen":7,"hpregenperlevel":0.55,"mpregen":6,"mpregenperlevel":0.8,"crit":0,"critperlevel":0,"attackdamage":56,"attackdamageperlevel":2.2,"attackspeedperlevel":3.5,"attackspeed":0.625},"spells":[{"id":"ThreshQ","name":"Sentencia de Muerte","description":"Thresh envuelve a un enemigo en cadenas y lo jala hacia él. Activar esta habilidad por segunda vez atrae a Thresh hacia el enemigo.","tooltip":"Thresh lanza su guadaña, lo que <status>Aturde</status> a la primera unidad alcanzada y la <status>arrastra</status> hacia Thresh durante {{ tauntlength }} seg. La guadaña inflige <magicDamage>{{ totaldamage }} de daño mágico</magicDamage> y también otorga <keywordStealth>Visión Verdadera</keywordStealth> mientras dure el efecto.<br /><br />Thresh puede <recast>Relanzar</recast> esta Habilidad para desplazarse hacia el enemigo.<br /><br />Si esta Habilidad impacta, su Enfriamiento se reduce {{ hitbonuscooldown }} seg.{{ spellmodifierdescriptionappend }}","leveltip":{"label":["Daño","Enfriamiento"],"effect":["{{ basedamage }} -> {{ basedamageNL }}","{{ cooldown }} -> {{ cooldownNL }}"]},"maxrank":5,"cooldown":[19,16.5,14,11.5,9],"cooldownBurn":"19/16.5/14/11.5/9","cost":[70,70,70,70,70],"costBurn":"70","datavalues":{},"effect":[null,[100,100,100,100,100],[1.5,1.5,1.5,1.5,1.5],[75,75,75,75,75],[12,12,12,12,12],[0,0,0,0,0],[0,0,0,0,0],[0,0,0,0,0],[0,0,0,0,0],[0,0,0,0,0],[0,0,0,0,0]],"effectBurn":[null,"100","1.5","75","12","0","0","0","0","0","0"],"vars":[],"costType":" de {{ abilityresourcename }}","maxammo":"-1","range":[1075,1075,1075,1075,1075],"rangeBurn":"1075","image":{"full":"ThreshQ.png","sprite":"spell13.png","group":"spell","x":192,"y":144,"w":48,"h":48},"resource":"{{ cost }} de {{ abilityresourcename }}"},{"id":"ThreshW","name":"Pasaje Oscuro","description":"Thresh lanza una linterna que protege a los campeones aliados cercanos contra daño. Los aliados pueden hacer clic en la linterna para desplazarse hacia Thresh.","tooltip":"Thresh lanza su linterna y permite que un aliado haga clic sobre ella para desplazarse hacia Thresh.<br /><br />La linterna también le otorga un <shield>{{ totalshield }} de Escudo</shield> por {{ shieldduration }} seg a Thresh y al primer aliado que entre en contacto con él.{{ spellmodifierdescriptionappend }}","leveltip":{"label":["Cantidad de escudo","Enfriamiento","Costo de @AbilityResourceName@"],"effect":["{{ baseshieldvalue }} -> {{ baseshieldvalueNL }}","{{ cooldown }} -> {{ cooldownNL }}","{{ cost }} -> {{ costNL }}"]},"maxrank":5,"cooldown":[21,20,19,18,17],"cooldownBurn":"21/20/19/18/17","cost":[50,55,60,65,70],"costBurn":"50/55/60/65/70","datavalues":{},"effect":[null,[1,1,1,1,1],[2,2,2,2,2],[0,0,0,0,0],[6,6,6,6,6],[4,4,4,4,4],[0,0,0,0,0],[0,0,0,0,0],[0,0,0,0,0],[0,0,0,0,0],[0,0,0,0,0]],"effectBurn":[null,"1","2","0","6","4","0","0","0","0","0"],"vars":[],"costType":" de {{ abilityresourcename }}","maxammo":"-1","range":[950,950,950,950,950],"rangeBurn":"950","image":{"full":"ThreshW.png","sprite":"spell13.png","group":"spell","x":240,"y":144,"w":48,"h":48},"resource":"{{ cost }} de {{ abilityresourcename }}"},{"id":"ThreshE","name":"Despellejar","description":"Los ataques de Thresh se cargan e infligen más daño mientras más espere entre ataques. Al activarse, Thresh desliza su cadena y lanza a todos los enemigos alcanzados hacia la dirección del impacto.","tooltip":"<spellPassive>Pasiva:</spellPassive> Los ataques de Thresh infligen daño adicional según cuánto tiempo ha pasado desde la última vez que atacó. Infligen entre <magicDamage>{{ pattackdamagemin }}</magicDamage> y <magicDamage>{{ pattackdamagemax }} de daño mágico</magicDamage>.<br /><br /><spellActive>Activa:</spellActive> Thresh azota sus cadenas, con lo que <status>atrae</status> o <status>empuja</status> a los enemigos en la dirección del azote. Los enemigos alcanzados también quedan <status>ralentizados</status> un {{ e2 }}% durante {{ e4 }} seg y reciben <magicDamage>{{ totaldamage }} de daño mágico</magicDamage>.{{ spellmodifierdescriptionappend }}","leveltip":{"label":["Daño pasivo","Daño de la activa","Ralentización","Costo de @AbilityResourceName@","Enfriamiento"],"effect":["{{ passiveadratio }}% -> {{ passiveadratioNL }}%","{{ e1 }} -> {{ e1NL }}","{{ e2 }}% -> {{ e2NL }}%","{{ cost }} -> {{ costNL }}","{{ cooldown }} -> {{ cooldownNL }}"]},"maxrank":5,"cooldown":[13,12.25,11.5,10.75,10],"cooldownBurn":"13/12.25/11.5/10.75/10","cost":[60,65,70,75,80],"costBurn":"60/65/70/75/80","datavalues":{},"effect":[null,[75,115,155,195,235],[20,25,30,35,40],[80,110,140,170,200],[1,1,1,1,1],[1.5,1.5,1.5,1.5,1.5],[1.5,1.5,1.5,1.5,1.5],[0,0,0,0,0],[0,0,0,0,0],[0,0,0,0,0],[0,0,0,0,0]],"effectBurn":[null,"75/115/155/195/235","20/25/30/35/40","80/110/140/170/200","1","1.5","1.5","0","0","0","0"],"vars":[],"costType":" de {{ abilityresourcename }}","maxammo":"-1","range":[500,500,500,500,500],"rangeBurn":"500","image":{"full":"ThreshE.png","sprite":"spell13.png","group":"spell","x":288,"y":144,"w":48,"h":48},"resource":"{{ cost }} de {{ abilityresourcename }}"},{"id":"ThreshRPenta","name":"La Caja","description":"Una prisión de muros que ralentiza e inflige daño al romperse.","tooltip":"Thresh crea una prisión de paredes espectrales, <status>lo que ralentiza</status> a los campeones un {{ e3 }}% durante {{ e2 }} seg e inflige <magicDamage>{{ totaldamage }} de daño mágico</magicDamage>. Las paredes se rompen después de una colisión y, después de que una se rompe, el resto no inflige daño y <status>ralentiza</status> por la mitad de la duración.{{ spellmodifierdescriptionappend }}","leveltip":{"label":["Daño","Enfriamiento"],"effect":["{{ e1 }} -> {{ e1NL }}","{{ cooldown }} -> {{ cooldownNL }}"]},"maxrank":3,"cooldown":[140,120,100],"cooldownBurn":"140/120/100","cost":[100,100,100],"costBurn":"100","datavalues":{},"effect":[null,[250,400,550],[2,2,2],[99,99,99],[4,4,4],[0,0,0],[0,0,0],[0,0,0],[0,0,0],[0,0,0],[0,0,0]],"effectBurn":[null,"250/400/550","2","99","4","0","0","0","0","0","0"],"vars":[],"costType":" de {{ abilityresourcename }}","maxammo":"-1","range":[450,450,450],"rangeBurn":"450","image":{"full":"ThreshRPenta.png","sprite":"spell13.png","group":"spell","x":336,"y":144,"w":48,"h":48},"resource":"{{ cost }} de {{ abilityresourcename }}"}],"passive":{"name":"Condenación","description":"Thresh puede cosechar las almas de enemigos que mueren cerca de él, lo que le otorga Armadura y Poder de Habilidad de forma permanente.","image":{"full":"Thresh_Passive.png","sprite":"passive4.png","group":"passive","x":192,"y":48,"w":48,"h":48}},"recommended":[]}}}