{"type":"champion","format":"standAloneComplex","version":"14.3.1","data":{"Tristana":{"id":"Tristana","key":"18","name":"Tristana","title":"la Artillera Yordle","image":{"full":"Tristana.png","sprite":"champion4.png","group":"champion","x":240,"y":48,"w":48,"h":48},"skins":[{"id":"18000","num":0,"name":"default","chromas":false},{"id":"18001","num":1,"name":"Tristana Chica Riot","chromas":false},{"id":"18002","num":2,"name":"Tristana Elfa Buena","chromas":false},{"id":"18003","num":3,"name":"Tristana Bomberita","chromas":false},{"id":"18004","num":4,"name":"Tristana Guerrillera","chromas":false},{"id":"18005","num":5,"name":"Tristana Bucanera","chromas":false},{"id":"18006","num":6,"name":"Tristana Chica Cohete","chromas":true},{"id":"18010","num":10,"name":"Tristana Entrenadora de Dragones","chromas":true},{"id":"18011","num":11,"name":"Tristana Embrujada","chromas":false},{"id":"18012","num":12,"name":"Tristana Escuadrón Omega","chromas":true},{"id":"18024","num":24,"name":"Tristana Pequeña Demonio","chromas":true},{"id":"18033","num":33,"name":"Tristana Cosplay Pengu","chromas":true},{"id":"18040","num":40,"name":"Tristana Hextech","chromas":false},{"id":"18041","num":41,"name":"Tristana Año Nuevo Chino","chromas":true},{"id":"18051","num":51,"name":"Tristana Flor Espiritual","chromas":true}],"lore":"Mientras que otros yordles usan su energía para hacer descubrimientos, inventos o simplemente travesuras, Tristana siempre estuvo inspirada por las aventuras de los grandes guerreros. Ella había escuchado mucho de Runaterra, sus facciones y sus guerras, y creía que su raza también podía ser merecedora de leyendas. Al poner el pie por primera vez en el mundo, tomó su confiable cañón, Boomer, y ahora salta hacia la batalla con una firme valentía y optimismo.","blurb":"Mientras que otros yordles usan su energía para hacer descubrimientos, inventos o simplemente travesuras, Tristana siempre estuvo inspirada por las aventuras de los grandes guerreros. Ella había escuchado mucho de Runaterra, sus facciones y sus guerras...","allytips":["Su enorme cañón le permite a Tristana disparar a objetivos que se encuentren a gran distancia. Utilízalo para evitar que los enemigos te pongan las manos encima.","Usa Salto Cohete después de Carga Explosiva para hacer trizas a un enemigo.","Usa Fuego Rápido para acumular cargas de Carga Explosiva sobre los campeones enemigos."],"enemytips":["Si ves que Tristana activa Fuego Rápido en una pelea, atúrdela e intenta retirarte hasta que se disipe el hechizo.","Aléjate de tus súbditos en un carril para sufrir menos daño colateral de Carga Explosiva."],"tags":["Marksman","Assassin"],"partype":"Maná","info":{"attack":9,"defense":3,"magic":5,"difficulty":4},"stats":{"hp":640,"hpperlevel":102,"mp":250,"mpperlevel":32,"movespeed":325,"armor":30,"armorperlevel":4.5,"spellblock":28,"spellblockperlevel":1.3,"attackrange":525,"hpregen":4,"hpregenperlevel":0.65,"mpregen":7.2,"mpregenperlevel":0.45,"crit":0,"critperlevel":0,"attackdamage":59,"attackdamageperlevel":3.7,"attackspeedperlevel":1.5,"attackspeed":0.656},"spells":[{"id":"TristanaQ","name":"Fuego Rápido","description":"Tristana dispara su arma rápidamente, lo que aumenta su Velocidad de Ataque por un breve tiempo.","tooltip":"Tristana cambia a modo automático, con lo que obtiene un <attackSpeed>{{ e1 }}% de Velocidad de Ataque</attackSpeed> durante {{ e2 }} seg.{{ spellmodifierdescriptionappend }}","leveltip":{"label":["Enfriamiento","Velocidad de ataque"],"effect":["{{ cooldown }} -> {{ cooldownNL }}","{{ effect1amount*100.000000 }}% -> {{ effect1amountnl*100.000000 }}%"]},"maxrank":5,"cooldown":[20,19,18,17,16],"cooldownBurn":"20/19/18/17/16","cost":[0,0,0,0,0],"costBurn":"0","datavalues":{},"effect":[null,[65,80,95,110,125],[7,7,7,7,7],[0,0,0,0,0],[0,0,0,0,0],[0,0,0,0,0],[0,0,0,0,0],[0,0,0,0,0],[0,0,0,0,0],[0,0,0,0,0],[0,0,0,0,0]],"effectBurn":[null,"65/80/95/110/125","7","0","0","0","0","0","0","0","0"],"vars":[],"costType":"Sin costo","maxammo":"-1","range":[20,20,20,20,20],"rangeBurn":"20","image":{"full":"TristanaQ.png","sprite":"spell13.png","group":"spell","x":384,"y":144,"w":48,"h":48},"resource":"Sin costo"},{"id":"TristanaW","name":"Salto Cohete","description":"Tristana dispara al suelo para propulsarse hasta un punto lejano. Al aterrizar, dañará y ralentizará durante un breve plazo a las unidades circundantes.","tooltip":"Tristana se lanza, lo que inflige <magicDamage>{{ landingdamage }} de daño mágico</magicDamage> y <status>ralentiza</status> un {{ e3 }}% durante {{ e2 }} seg tras aterrizar.<br /><br />Los derribos de campeones y las detonaciones de acumulaciones máximas de <spellName>Carga Explosiva</spellName> sobre campeones restablecen el enfriamiento de esta habilidad.{{ spellmodifierdescriptionappend }}","leveltip":{"label":["Daño","Duración de la ralentización","Enfriamiento"],"effect":["{{ e1 }} -> {{ e1NL }}","{{ e2 }} -> {{ e2NL }}","{{ cooldown }} -> {{ cooldownNL }}"]},"maxrank":5,"cooldown":[22,20,18,16,14],"cooldownBurn":"22/20/18/16/14","cost":[60,60,60,60,60],"costBurn":"60","datavalues":{},"effect":[null,[95,145,195,245,295],[1,1.5,2,2.5,3],[60,60,60,60,60],[350,350,350,350,350],[0,0,0,0,0],[0,0,0,0,0],[0,0,0,0,0],[0,0,0,0,0],[0,0,0,0,0],[0,0,0,0,0]],"effectBurn":[null,"95/145/195/245/295","1/1.5/2/2.5/3","60","350","0","0","0","0","0","0"],"vars":[],"costType":" de {{ abilityresourcename }}","maxammo":"-1","range":[900,900,900,900,900],"rangeBurn":"900","image":{"full":"TristanaW.png","sprite":"spell13.png","group":"spell","x":432,"y":144,"w":48,"h":48},"resource":"{{ cost }} de {{ abilityresourcename }}"},{"id":"TristanaE","name":"Carga Explosiva","description":"Cuando Tristana mata a una unidad, sus proyectiles estallan como metralla e infligen daño a los enemigos circundantes. Se puede activar para colocarle una bomba a un enemigo, que explotará al cabo de un breve tiempo y hará daño a todas las unidades circundantes.","tooltip":"<spellPassive>Pasiva: </spellPassive>Los ataques de Tristana que maten enemigos infligirán <magicDamage>{{ passivedamage }} de daño mágico</magicDamage> a los enemigos circundantes.<br /><br /><spellActive>Activa:</spellActive> Tristana adhiere una bomba a un enemigo o torreta que inflige <physicalDamage>{{ activedamage }} de daño físico</physicalDamage> a los enemigos circundantes tras {{ activeduration }} seg. El daño aumenta en un {{ critchanceamp*100 }}% de Probabilidad de Golpe Crítico y en un {{ activeperstackamp*100 }}% cada vez que Tristana alcanza a un enemigo con un ataque o habilidad (máx. 4 acumulaciones).<br /><br />Al llegar a {{ activemaxstacks }} acumulaciones, la bomba explota inmediatamente (máx. <physicalDamage>{{ activemaxdamage }} de daño físico</physicalDamage>).{{ spellmodifierdescriptionappend }}","leveltip":{"label":["Enfriamiento","Costo de @AbilityResourceName@","Daño de Explosión pasivo","Daño de Carga Básico","Daño de Ataque"],"effect":["{{ cooldown }} -> {{ cooldownNL }}","{{ cost }} -> {{ costNL }}","{{ passivebasedamage }} -> {{ passivebasedamageNL }}","{{ activebasedamage }} -> {{ activebasedamageNL }}","{{ activebadratio*100.000000 }}% -> {{ activebadrationl*100.000000 }}%"]},"maxrank":5,"cooldown":[16,15.5,15,14.5,14],"cooldownBurn":"16/15.5/15/14.5/14","cost":[50,55,60,65,70],"costBurn":"50/55/60/65/70","datavalues":{},"effect":[null,[0,0,0,0,0],[0,0,0,0,0],[0,0,0,0,0],[0,0,0,0,0],[0,0,0,0,0],[0,0,0,0,0],[0,0,0,0,0],[0,0,0,0,0],[0,0,0,0,0],[0,0,0,0,0]],"effectBurn":[null,"0","0","0","0","0","0","0","0","0","0"],"vars":[],"costType":" de {{ abilityresourcename }}","maxammo":"-1","range":[550,550,550,550,550],"rangeBurn":"550","image":{"full":"TristanaE.png","sprite":"spell14.png","group":"spell","x":0,"y":0,"w":48,"h":48},"resource":"{{ cost }} de {{ abilityresourcename }}"},{"id":"TristanaR","name":"Tiro Destructor","description":"Tristana carga una gran bola de cañón en su arma y la dispara a la unidad enemiga, que sufre Daño Mágico y debe retroceder. Si el objetivo carga consigo la Carga Explosiva, se duplica el radio de la detonación de la bomba.","tooltip":"Tristana dispara una enorme bala de cañón que inflige <magicDamage>{{ damagecalc }} de daño mágico</magicDamage> al objetivo y lo <status>lanza</status> <status>hacia atrás</status> junto con los enemigos circundantes.{{ spellmodifierdescriptionappend }}","leveltip":{"label":["Enfriamiento","Daño","Distancia de Empujón"],"effect":["{{ cooldown }} -> {{ cooldownNL }}","{{ basedamage }} -> {{ basedamageNL }}","{{ knockbackdistance }} -> {{ knockbackdistanceNL }}"]},"maxrank":3,"cooldown":[120,110,100],"cooldownBurn":"120/110/100","cost":[100,100,100],"costBurn":"100","datavalues":{},"effect":[null,[0,0,0],[0,0,0],[0,0,0],[0,0,0],[0,0,0],[0,0,0],[0,0,0],[0,0,0],[0,0,0],[0,0,0]],"effectBurn":[null,"0","0","0","0","0","0","0","0","0","0"],"vars":[],"costType":" de {{ abilityresourcename }}","maxammo":"-1","range":[550,550,550],"rangeBurn":"550","image":{"full":"TristanaR.png","sprite":"spell14.png","group":"spell","x":48,"y":0,"w":48,"h":48},"resource":"{{ cost }} de {{ abilityresourcename }}"}],"passive":{"name":"En la Mira","description":"Aumenta el alcance de ataque de Tristana conforme sube de nivel.","image":{"full":"Tristana_Passive.png","sprite":"passive4.png","group":"passive","x":240,"y":48,"w":48,"h":48}},"recommended":[]}}}