{"type":"champion","format":"standAloneComplex","version":"14.3.1","data":{"Trundle":{"id":"Trundle","key":"48","name":"Trundle","title":"el Rey de los Troles","image":{"full":"Trundle.png","sprite":"champion4.png","group":"champion","x":288,"y":48,"w":48,"h":48},"skins":[{"id":"48000","num":0,"name":"default","chromas":false},{"id":"48001","num":1,"name":"Trundle Ligas Menores","chromas":false},{"id":"48002","num":2,"name":"Trundle Chatarra","chromas":false},{"id":"48003","num":3,"name":"Trundle Tradicional","chromas":false},{"id":"48004","num":4,"name":"Agente Trundle","chromas":false},{"id":"48005","num":5,"name":"Trundle Rompemundos","chromas":false},{"id":"48006","num":6,"name":"Trundle Matadragones","chromas":true},{"id":"48012","num":12,"name":"Trundle Noche de Terror","chromas":true}],"lore":"Trundle es un corpulento y retorcido trol con una voraz actitud, y no hay nada que no pueda aplastar hasta someterlo, ni siquiera el mismo Fréljord. Feroz y territorial, persigue a cualquiera que sea lo suficiente tonto como para entrar a su dominio. Entonces, con su enorme mazo de Hielo Puro, congela a sus enemigos hasta los huesos y los atraviesa con pilares congelados y dentados mientras se ríe cuando se desangran en la tundra.","blurb":"Trundle es un corpulento y retorcido trol con una voraz actitud, y no hay nada que no pueda aplastar hasta someterlo, ni siquiera el mismo Fréljord. Feroz y territorial, persigue a cualquiera que sea lo suficiente tonto como para entrar a su dominio...","allytips":["Trundle destaca al pelear con su Reino Congelado. Intenta que los enemigos entren en el área.","Utiliza Subyugar para debilitar a un tanque enemigo poderoso, o para crear un objetivo para tu equipo y que concentren sus ataques sobre él.","Mascar es efectivo para reducir el daño físico de los enemigos; intenta lanzarlo sobre los que inflijan daño físico."],"enemytips":["Trundle es excelente en el combate basado en ubicación. Intenta atraerlo fuera de su Reino Congelado.","Aléjate de su Pilar de Hielo lo más rápido posible, ya que te hará considerablemente más lento."],"tags":["Fighter","Tank"],"partype":"Maná","info":{"attack":7,"defense":6,"magic":2,"difficulty":5},"stats":{"hp":650,"hpperlevel":110,"mp":340,"mpperlevel":45,"movespeed":350,"armor":37,"armorperlevel":3.9,"spellblock":32,"spellblockperlevel":2.05,"attackrange":175,"hpregen":6,"hpregenperlevel":0.75,"mpregen":7.5,"mpregenperlevel":0.6,"crit":0,"critperlevel":0,"attackdamage":68,"attackdamageperlevel":4,"attackspeedperlevel":2.9,"attackspeed":0.67},"spells":[{"id":"TrundleTrollSmash","name":"Mascar","description":"Trundle muerde a su oponente y le inflige daño, lo ralentiza durante un breve periodo de tiempo y absorbe una porción de su daño de ataque.","tooltip":"El siguiente ataque de Trundle inflige <physicalDamage>{{ totaldamage }} de daño físico</physicalDamage> y <status>ralentiza</status> en un {{ slowamount*100 }}% por un tiempo breve. Luego, Trundle obtiene <physicalDamage>{{ bonusad }} de Daño de Ataque</physicalDamage> durante {{ sapdebuffduration }} seg y el enemigo pierde <physicalDamage>{{ sappedad*-1 }} de Daño de Ataque</physicalDamage> durante el mismo tiempo.{{ spellmodifierdescriptionappend }}","leveltip":{"label":["Daño","Tasa de daño de ataque","Daño de Ataque","Daño de ataque eliminado"],"effect":["{{ bonusdamage }} -> {{ bonusdamageNL }}","{{ adscaling*100.000000 }}% -> {{ adscalingnl*100.000000 }}%","{{ bonusad }} -> {{ bonusadNL }}","{{ sappedad*-1.000000 }} -> {{ sappedadnl*-1.000000 }}"]},"maxrank":5,"cooldown":[3.5,3.5,3.5,3.5,3.5],"cooldownBurn":"3.5","cost":[20,20,20,20,20],"costBurn":"20","datavalues":{},"effect":[null,[0,0,0,0,0],[0,0,0,0,0],[0,0,0,0,0],[0,0,0,0,0],[0,0,0,0,0],[0,0,0,0,0],[0,0,0,0,0],[0,0,0,0,0],[0,0,0,0,0],[0,0,0,0,0]],"effectBurn":[null,"0","0","0","0","0","0","0","0","0","0"],"vars":[],"costType":" de {{ abilityresourcename }}","maxammo":"-1","range":[300,300,300,300,300],"rangeBurn":"300","image":{"full":"TrundleTrollSmash.png","sprite":"spell14.png","group":"spell","x":96,"y":0,"w":48,"h":48},"resource":"{{ cost }} de {{ abilityresourcename }}"},{"id":"trundledesecrate","name":"Reino Congelado","description":"Trundle convierte una ubicación objetivo en su territorio, lo que le otorga velocidad de ataque, velocidad de movimiento y curación aumentada de todas las fuentes al estar dentro de él.","tooltip":"Trundle congela un área durante {{ e4 }} seg. Al estar dentro, obtiene un <speed>{{ e1 }}% de Velocidad de Movimiento</speed>, un <attackSpeed>{{ e2 }}% de Velocidad de Ataque</attackSpeed> y un {{ e3 }}% de curación aumentada.{{ spellmodifierdescriptionappend }}","leveltip":{"label":["Velocidad de movimiento","Velocidad de ataque","Enfriamiento"],"effect":["{{ effect1amount*100.000000 }}% -> {{ effect1amountnl*100.000000 }}%","{{ effect2amount*100.000000 }}% -> {{ effect2amountnl*100.000000 }}%","{{ cooldown }} -> {{ cooldownNL }}"]},"maxrank":5,"cooldown":[16,15,14,13,12],"cooldownBurn":"16/15/14/13/12","cost":[40,40,40,40,40],"costBurn":"40","datavalues":{},"effect":[null,[20,28,36,44,52],[30,50,70,90,110],[25,25,25,25,25],[8,8,8,8,8],[775,775,775,775,775],[0,0,0,0,0],[0,0,0,0,0],[0,0,0,0,0],[0,0,0,0,0],[0,0,0,0,0]],"effectBurn":[null,"20/28/36/44/52","30/50/70/90/110","25","8","775","0","0","0","0","0"],"vars":[],"costType":" de {{ abilityresourcename }}","maxammo":"-1","range":[750,750,750,750,750],"rangeBurn":"750","image":{"full":"trundledesecrate.png","sprite":"spell14.png","group":"spell","x":144,"y":0,"w":48,"h":48},"resource":"{{ cost }} de {{ abilityresourcename }}"},{"id":"TrundleCircle","name":"Pilar de Hielo","description":"Trundle crea un pilar de hielo en una ubicación determinada que se convierte en terreno infranqueable y ralentiza a todas las unidades cercanas.","tooltip":"Trundle crea un pilar de hielo durante {{ e1 }} seg para <status>lanzar hacia atrás</status> por un momento a los enemigos que estén justo sobre él y <status>ralentizar</status> a los enemigos cercanos un {{ e2 }}%.{{ spellmodifierdescriptionappend }}","leveltip":{"label":["Enfriamiento","Ralentización"],"effect":["{{ cooldown }} -> {{ cooldownNL }}","{{ e2 }}% -> {{ e2NL }}%"]},"maxrank":5,"cooldown":[24,22,20,18,16],"cooldownBurn":"24/22/20/18/16","cost":[75,75,75,75,75],"costBurn":"75","datavalues":{},"effect":[null,[6,6,6,6,6],[30,34,38,42,46],[360,360,360,360,360],[225,225,225,225,225],[150,150,150,150,150],[225,225,225,225,225],[400,400,400,400,400],[60,60,60,60,60],[0,0,0,0,0],[0,0,0,0,0]],"effectBurn":[null,"6","30/34/38/42/46","360","225","150","225","400","60","0","0"],"vars":[],"costType":" de {{ abilityresourcename }}","maxammo":"-1","range":[1000,1000,1000,1000,1000],"rangeBurn":"1000","image":{"full":"TrundleCircle.png","sprite":"spell14.png","group":"spell","x":192,"y":0,"w":48,"h":48},"resource":"{{ cost }} de {{ abilityresourcename }}"},{"id":"TrundlePain","name":"Subyugar","description":"Trundle inmediatamente roba un porcentaje de la vida, armadura y resistencia mágica de su objetivo. Durante los siguientes 4 segundos se duplica la cantidad de vida, armadura y resistencia mágica robadas.","tooltip":"Trundle drena la fuerza vital de un campeón enemigo, lo que inflige un <magicDamage>{{ totalpercenthpdamage }} de la Vida Máxima como daño mágico</magicDamage> y roba un <scaleArmor>{{ armormrshred*100 }}% de Armadura</scaleArmor> y <scaleMR>Resistencia Mágica</scaleMR> a lo largo de {{ actualdurationofdrainbuff }} seg.{{ spellmodifierdescriptionappend }}","leveltip":{"label":["Vida robada","Enfriamiento"],"effect":["{{ percenthpdamage*100.000000 }}% -> {{ percenthpdamagenl*100.000000 }}%","{{ cooldown }} -> {{ cooldownNL }}"]},"maxrank":3,"cooldown":[120,100,80],"cooldownBurn":"120/100/80","cost":[100,100,100],"costBurn":"100","datavalues":{},"effect":[null,[0,0,0],[0,0,0],[0,0,0],[0,0,0],[0,0,0],[0,0,0],[0,0,0],[0,0,0],[0,0,0],[0,0,0]],"effectBurn":[null,"0","0","0","0","0","0","0","0","0","0"],"vars":[],"costType":" de {{ abilityresourcename }}","maxammo":"-1","range":[650,650,650],"rangeBurn":"650","image":{"full":"TrundlePain.png","sprite":"spell14.png","group":"spell","x":240,"y":0,"w":48,"h":48},"resource":"{{ cost }} de {{ abilityresourcename }}"}],"passive":{"name":"Tributo del Rey","description":"Cuando una unidad enemiga muere cerca de Trundle, este se cura un porcentaje de su vida máxima.","image":{"full":"Trundle_Passive.png","sprite":"passive4.png","group":"passive","x":288,"y":48,"w":48,"h":48}},"recommended":[]}}}