{"type":"champion","format":"standAloneComplex","version":"14.3.1","data":{"Tryndamere":{"id":"Tryndamere","key":"23","name":"Tryndamere","title":"el Rey Bárbaro","image":{"full":"Tryndamere.png","sprite":"champion4.png","group":"champion","x":336,"y":48,"w":48,"h":48},"skins":[{"id":"23000","num":0,"name":"default","chromas":false},{"id":"23001","num":1,"name":"Tryndamere el Inmortal","chromas":false},{"id":"23002","num":2,"name":"Rey Tryndamere","chromas":false},{"id":"23003","num":3,"name":"Tryndamere Vikingo","chromas":false},{"id":"23004","num":4,"name":"Tryndamere Espademonium","chromas":false},{"id":"23005","num":5,"name":"Sultán Tryndamere","chromas":false},{"id":"23006","num":6,"name":"Tryndamere Reinos en Guerra","chromas":false},{"id":"23007","num":7,"name":"Tryndamere Pesadilla","chromas":false},{"id":"23008","num":8,"name":"Tryndamere Cazador de Bestias","chromas":false},{"id":"23009","num":9,"name":"Tryndamere Quimtech","chromas":false},{"id":"23010","num":10,"name":"Tryndamere Luna de Sangre","chromas":true},{"id":"23018","num":18,"name":"Tryndamere Portador del Anochecer","chromas":true}],"lore":"Impulsado por la ira, Tryndamere alguna vez emprendió su camino por Fréljord y desafió abiertamente a los más grandes guerreros del norte preparándose para los días más oscuros que se avecinaban. Por mucho tiempo, el iracundo bárbaro ha buscado la venganza por la aniquilación de su clan, aunque más recientemente encontró la compañía de Ashe, la líder de Avarosa, así como un hogar con su gente. Su fuerza casi inhumana y su resistencia son legendarias, atributos que le han otorgado incontables victorias a él y sus aliados incluso en situaciones desfavorables.","blurb":"Impulsado por la ira, Tryndamere alguna vez emprendió su camino por Fréljord y desafió abiertamente a los más grandes guerreros del norte preparándose para los días más oscuros que se avecinaban. Por mucho tiempo, el iracundo bárbaro ha buscado la...","allytips":["Retrasar la activación de Furia Inmortal sirve para hacer que un campeón enemigo decida intentar matarte.","Ansia de Sangre resulta excelente para curar a Tryndamere. Intenta que no desaparezca antes de activarla.","Si el enemigo acumula Armadura, intenta construir objetos como Último Suspiro o Espada Fantasma de Youmuu."],"enemytips":["Intenta hostigar a Tryndamere pronto para que no pueda matar súbditos y curarse mediante Ansia de Sangre.","Recuerda que Tryndamere sólo puede ralentizarte cuando no le estás dando la cara.","La mayor parte del daño de Tryndamere es físico. Si se vuelve demasiado fuerte, considera la posibilidad de comprar una Cota de Espinas."],"tags":["Fighter","Assassin"],"partype":"Furia","info":{"attack":10,"defense":5,"magic":2,"difficulty":5},"stats":{"hp":696,"hpperlevel":108,"mp":100,"mpperlevel":0,"movespeed":345,"armor":33,"armorperlevel":4.3,"spellblock":32,"spellblockperlevel":2.05,"attackrange":175,"hpregen":8.5,"hpregenperlevel":0.9,"mpregen":0,"mpregenperlevel":0,"crit":0,"critperlevel":0,"attackdamage":66,"attackdamageperlevel":4,"attackspeedperlevel":2.9,"attackspeed":0.67},"spells":[{"id":"TryndamereQ","name":"Ansia de Sangre","description":"Tryndamere se alimenta de la emoción del combate y aumenta su daño de ataque mientras más herido se encuentre. Puede lanzar Ansia de Sangre para consumir su furia y curarse.","tooltip":"<spellPassive>Pasiva:</spellPassive> Tryndamere está sediento de sangre, por lo que obtiene <scaleAD>{{ flatad }} de Daño de Ataque</scaleAD> más <scaleAD>{{ adperonepercentmissinghp }}</scaleAD> por cada 1% de Vida faltante.<br /><br /><spellActive>Activa:</spellActive> Tryndamere consume su <keywordMajor>furia</keywordMajor>, lo que restaura <healing>{{ baseheal }} más {{ healperfury }} de Vida por cada punto de furia</healing>.{{ spellmodifierdescriptionappend }}","leveltip":{"label":["Daño de Ataque","Daño de Ataque por % de Vida faltante","Curación","Curación por Furia"],"effect":["{{ flatad }} -> {{ flatadNL }}","{{ adperonepercentmissinghp }} -> {{ adperonepercentmissinghpNL }}","{{ basehealing }} -> {{ basehealingNL }}","{{ bonushealperfury }} -> {{ bonushealperfuryNL }}"]},"maxrank":5,"cooldown":[12,12,12,12,12],"cooldownBurn":"12","cost":[0,0,0,0,0],"costBurn":"0","datavalues":{},"effect":[null,[0,0,0,0,0],[0,0,0,0,0],[0,0,0,0,0],[0,0,0,0,0],[0,0,0,0,0],[0,0,0,0,0],[0,0,0,0,0],[0,0,0,0,0],[0,0,0,0,0],[0,0,0,0,0]],"effectBurn":[null,"0","0","0","0","0","0","0","0","0","0"],"vars":[],"costType":"Sin costo","maxammo":"-1","range":[400,400,400,400,400],"rangeBurn":"400","image":{"full":"TryndamereQ.png","sprite":"spell14.png","group":"spell","x":288,"y":0,"w":48,"h":48},"resource":"Sin costo"},{"id":"TryndamereW","name":"Grito Burlón","description":"Tryndamere realiza un grito ofensivo que reduce el daño de ataque de los campeones cercanos. También reduce la velocidad de movimiento de los enemigos que están de espaldas a Tryndamere.","tooltip":"Tryndamere insulta a sus enemigos, lo que reduce el Daño de Ataque de los campeones en {{ adreduction*-1 }} durante {{ reductionduration }} seg. Los campeones enemigos que estén de espaldas a Tryndamere son <status>ralentizados</status> un {{ slowpotency*-100 }}% durante la misma duración.{{ spellmodifierdescriptionappend }}","leveltip":{"label":["Reducción de daño físico","Ralentización"],"effect":["{{ adreduction*-1.000000 }} -> {{ adreductionnl*-1.000000 }}","{{ slowpotency*-100.000000 }}% -> {{ slowpotencynl*-100.000000 }}%"]},"maxrank":5,"cooldown":[14,14,14,14,14],"cooldownBurn":"14","cost":[0,0,0,0,0],"costBurn":"0","datavalues":{},"effect":[null,[0,0,0,0,0],[0,0,0,0,0],[0,0,0,0,0],[0,0,0,0,0],[0,0,0,0,0],[0,0,0,0,0],[0,0,0,0,0],[0,0,0,0,0],[0,0,0,0,0],[0,0,0,0,0]],"effectBurn":[null,"0","0","0","0","0","0","0","0","0","0"],"vars":[],"costType":"Sin costo","maxammo":"-1","range":[850,850,850,850,850],"rangeBurn":"850","image":{"full":"TryndamereW.png","sprite":"spell14.png","group":"spell","x":336,"y":0,"w":48,"h":48},"resource":"Sin costo"},{"id":"TryndamereE","name":"Cuchillada Giratoria","description":"Tryndamere se desliza hacia una unidad objetivo e inflige daño a los enemigos en su camino.","tooltip":"Tryndamere gira a través de sus enemigos, lo que inflige <physicalDamage>{{ totaldamage }} de daño físico</physicalDamage> y genera <keywordMajor>{{ nonchampfurygain }} de furia</keywordMajor> por cada impacto al enemigo. Esto aumenta a <keywordMajor>{{ champfurygain }} de furia</keywordMajor> contra campeones enemigos.<br /><br />El enfriamiento de esta habilidad se reduce en {{ nonchampcdrefund }} seg cuando Tryndamere inflige golpes críticos y se reduce en {{ champcdrefund }} seg cuando inflige golpes críticos a un campeón.{{ spellmodifierdescriptionappend }}","leveltip":{"label":["Daño","Enfriamiento"],"effect":["{{ damage }} -> {{ damageNL }}","{{ cooldown }} -> {{ cooldownNL }}"]},"maxrank":5,"cooldown":[12,11,10,9,8],"cooldownBurn":"12/11/10/9/8","cost":[0,0,0,0,0],"costBurn":"0","datavalues":{},"effect":[null,[0,0,0,0,0],[0,0,0,0,0],[0,0,0,0,0],[0,0,0,0,0],[0,0,0,0,0],[0,0,0,0,0],[0,0,0,0,0],[0,0,0,0,0],[0,0,0,0,0],[0,0,0,0,0]],"effectBurn":[null,"0","0","0","0","0","0","0","0","0","0"],"vars":[],"costType":"Sin costo","maxammo":"-1","range":[650,650,650,650,650],"rangeBurn":"650","image":{"full":"TryndamereE.png","sprite":"spell14.png","group":"spell","x":384,"y":0,"w":48,"h":48},"resource":"Sin costo"},{"id":"UndyingRage","name":"Furia Inmortal","description":"El deseo de Tryndamere por combatir se vuelve tan grande que no puede morir, sin importar lo herido que esté.","tooltip":"Tryndamere se vuelve completamente inmune a la muerte durante {{ e3 }} seg, lo que hace que no pueda tener menos de {{ e2 }} de Vida y que obtenga <keywordMajor>{{ e1 }} de Furia</keywordMajor> de inmediato.{{ spellmodifierdescriptionappend }}","leveltip":{"label":["Enfriamiento","Vida mínima","Furia obtenida"],"effect":["{{ cooldown }} -> {{ cooldownNL }}","{{ e2 }} -> {{ e2NL }}","{{ e1 }} -> {{ e1NL }}"]},"maxrank":3,"cooldown":[120,100,80],"cooldownBurn":"120/100/80","cost":[0,0,0],"costBurn":"0","datavalues":{},"effect":[null,[50,75,100],[30,50,70],[5,5,5],[0,0,0],[0,0,0],[0,0,0],[0,0,0],[0,0,0],[0,0,0],[0,0,0]],"effectBurn":[null,"50/75/100","30/50/70","5","0","0","0","0","0","0","0"],"vars":[],"costType":"Sin costo","maxammo":"-1","range":[400,400,400],"rangeBurn":"400","image":{"full":"UndyingRage.png","sprite":"spell14.png","group":"spell","x":432,"y":0,"w":48,"h":48},"resource":"Sin costo"}],"passive":{"name":"Furia de Batalla","description":"Tryndamere gana Furia por cada ataque, golpe crítico y golpe mortal que realiza. Furia aumenta pasivamente su Probabilidad de Golpe Crítico y se puede consumir con su hechizo Ansia de Sangre.","image":{"full":"Tryndamere_Passive.png","sprite":"passive4.png","group":"passive","x":336,"y":48,"w":48,"h":48}},"recommended":[]}}}