{"type":"champion","format":"standAloneComplex","version":"14.3.1","data":{"TwistedFate":{"id":"TwistedFate","key":"4","name":"Twisted Fate","title":"el Maestro de las Cartas","image":{"full":"TwistedFate.png","sprite":"champion4.png","group":"champion","x":384,"y":48,"w":48,"h":48},"skins":[{"id":"4000","num":0,"name":"default","chromas":false},{"id":"4001","num":1,"name":"Twisted Fate PAX","chromas":false},{"id":"4002","num":2,"name":"Twisted Fate Sota de Corazones","chromas":false},{"id":"4003","num":3,"name":"Twisted Fate el Magnífico","chromas":false},{"id":"4004","num":4,"name":"Twisted Fate Tanguero","chromas":false},{"id":"4005","num":5,"name":"Twisted Fate el Forajido","chromas":false},{"id":"4006","num":6,"name":"Twisted Fate Mosquetero","chromas":false},{"id":"4007","num":7,"name":"Twisted Fate del Inframundo","chromas":false},{"id":"4008","num":8,"name":"Twisted Fate Tarjeta Roja","chromas":false},{"id":"4009","num":9,"name":"Twisted Fate Robacarteras","chromas":false},{"id":"4010","num":10,"name":"Twisted Fate Luna de Sangre","chromas":false},{"id":"4011","num":11,"name":"Twisted Fate Pulso de Fuego","chromas":true},{"id":"4013","num":13,"name":"Twisted Fate Odisea","chromas":true},{"id":"4023","num":23,"name":"Twisted Fate DWG","chromas":true},{"id":"4025","num":25,"name":"Twisted Fate Pesadilla en la Ciudad del Crimen","chromas":true},{"id":"4036","num":36,"name":"Twisted Fate Onda Espacial","chromas":false}],"lore":"Twisted Fate es un afamado experto en juegos de cartas y estafador. Ha apostado y usado su encanto en gran parte del mundo conocido, lo que le ha hecho ganarse el odio y la admiración de ricos y tontos por igual. Rara vez se toma las cosas en serio, despierta cada día con una burlesca sonrisa y un descuidado aire de fanfarrón. Por donde se vea, Twisted Fate siempre tiene un as bajo la manga.","blurb":"Twisted Fate es un afamado experto en juegos de cartas y estafador. Ha apostado y usado su encanto en gran parte del mundo conocido, lo que le ha hecho ganarse el odio y la admiración de ricos y tontos por igual. Rara vez se toma las cosas en serio...","allytips":["Coordínate con tus aliados para usar Destino en el momento preciso y tender una emboscada a los enemigos.","Los personajes en sigilo suelen librarse de los combates con escasos puntos de vida. Aprovecha que Destino revela a las unidades en sigilo para acabar con ellas.","Twisted Fate es una buena opción como personaje de Daño de Ataque o de Poder de Habilidad, permitiéndole encajar en muchas composiciones de equipo distintas."],"enemytips":["Concéntrate en esquivar Comodines al principio, cuando tu campeón no tiene vida suficiente para soportar golpes.","Si no tienes mucha Vida, usa Destino como indicador para ponerte a salvo. Te dará una ventaja para escapar de posibles emboscadas."],"tags":["Mage"],"partype":"Maná","info":{"attack":6,"defense":2,"magic":6,"difficulty":9},"stats":{"hp":604,"hpperlevel":108,"mp":333,"mpperlevel":39,"movespeed":330,"armor":21,"armorperlevel":4.35,"spellblock":30,"spellblockperlevel":1.3,"attackrange":525,"hpregen":5.5,"hpregenperlevel":0.6,"mpregen":8,"mpregenperlevel":0.8,"crit":0,"critperlevel":0,"attackdamage":52,"attackdamageperlevel":3.3,"attackspeedperlevel":3,"attackspeed":0.625},"spells":[{"id":"WildCards","name":"Comodines","description":"Twisted Fate lanza tres cartas que infligen daño a cada unidad enemiga que atraviesan.","tooltip":"Twisted Fate lanza tres cartas que infligen <magicDamage>{{ totaldamage }} de daño mágico</magicDamage> cada una.{{ spellmodifierdescriptionappend }}","leveltip":{"label":["Enfriamiento","Daño","Costo de @AbilityResourceName@"],"effect":["{{ cooldown }} -> {{ cooldownNL }}","{{ e1 }} -> {{ e1NL }}","{{ cost }} -> {{ costNL }}"]},"maxrank":5,"cooldown":[6,5.75,5.5,5.25,5],"cooldownBurn":"6/5.75/5.5/5.25/5","cost":[60,70,80,90,100],"costBurn":"60/70/80/90/100","datavalues":{},"effect":[null,[60,100,140,180,220],[0,0,0,0,0],[0,0,0,0,0],[0,0,0,0,0],[0,0,0,0,0],[0,0,0,0,0],[0,0,0,0,0],[0,0,0,0,0],[0,0,0,0,0],[0,0,0,0,0]],"effectBurn":[null,"60/100/140/180/220","0","0","0","0","0","0","0","0","0"],"vars":[],"costType":" de {{ abilityresourcename }}","maxammo":"-1","range":[10000,10000,10000,10000,10000],"rangeBurn":"10000","image":{"full":"WildCards.png","sprite":"spell14.png","group":"spell","x":0,"y":48,"w":48,"h":48},"resource":"{{ cost }} de {{ abilityresourcename }}"},{"id":"PickACard","name":"Escoge una Carta","description":"Twisted Fate elige una carta mágica de su baraja y la usa para su próximo ataque, lo que causa efectos adicionales.","tooltip":"Twisted Fate comienza a barajar su mazo, lo que le permite <recast>volver a lanzar</recast> la habilidad para elegir una de tres cartas y mejorar su próximo ataque.<br /><li>La Carta Azul inflige <magicDamage>{{ bluedamage }} de daño mágico</magicDamage> y restaura <scaleMana>{{ e6 }} de Maná</scaleMana>.<li>La Carta Roja inflige <magicDamage>{{ reddamage }}</magicDamage> de daño a los enemigos cercanos y los <status>ralentiza</status> un {{ e2 }}% durante 2.5 seg.<li>La Carta Dorada inflige <magicDamage>{{ golddamage }}</magicDamage> de daño y <status>aturde</status> durante {{ e3 }} seg.{{ spellmodifierdescriptionappend }}","leveltip":{"label":["Daño de Carta Azul","Restauración de maná de Carta Azul","Daño de Carta Roja","Porcentaje de ralentización de Carta Roja","Daño de Carta Dorada","Duración de aturdimiento de Carta Dorada","Costo de @AbilityResourceName@"],"effect":["{{ e1 }} -> {{ e1NL }}","{{ e6 }} -> {{ e6NL }}","{{ e4 }} -> {{ e4NL }}","{{ e2 }}% -> {{ e2NL }}%","{{ e5 }} -> {{ e5NL }}","{{ e3 }} -> {{ e3NL }}","{{ cost }} -> {{ costNL }}"]},"maxrank":5,"cooldown":[6,6,6,6,6],"cooldownBurn":"6","cost":[30,40,50,60,70],"costBurn":"30/40/50/60/70","datavalues":{},"effect":[null,[40,60,80,100,120],[30,35,40,45,50],[1,1.25,1.5,1.75,2],[30,45,60,75,90],[15,22.5,30,37.5,45],[50,75,100,125,150],[0,0,0,0,0],[0,0,0,0,0],[0,0,0,0,0],[0,0,0,0,0]],"effectBurn":[null,"40/60/80/100/120","30/35/40/45/50","1/1.25/1.5/1.75/2","30/45/60/75/90","15/22.5/30/37.5/45","50/75/100/125/150","0","0","0","0"],"vars":[],"costType":" de {{ abilityresourcename }}","maxammo":"-1","range":[200,200,200,200,200],"rangeBurn":"200","image":{"full":"PickACard.png","sprite":"spell14.png","group":"spell","x":48,"y":48,"w":48,"h":48},"resource":"{{ cost }} de {{ abilityresourcename }}"},{"id":"CardmasterStack","name":"Baraja Trucada","description":"Cada 4 ataques, Twisted Fate inflige daño adicional. Además, su velocidad de ataque aumenta.","tooltip":"<spellPassive>Pasiva:</spellPassive> Twisted fate obtiene un <attackSpeed>{{ attackspeedbonus }}% de Velocidad de Ataque</attackSpeed> y, cada cuatro ataques, inflige <magicDamage>{{ bonusdamage }} de daño mágico</magicDamage> adicional.{{ spellmodifierdescriptionappend }}","leveltip":{"label":["Daño adicional","Velocidad de ataque"],"effect":["{{ damage }} -> {{ damageNL }}","{{ attackspeedbonus }}% -> {{ attackspeedbonusNL }}%"]},"maxrank":5,"cooldown":[0,0,0,0,0],"cooldownBurn":"0","cost":[0,0,0,0,0],"costBurn":"0","datavalues":{},"effect":[null,[0,0,0,0,0],[0,0,0,0,0],[0,0,0,0,0],[4,4,4,4,4],[0,0,0,0,0],[0,0,0,0,0],[0,0,0,0,0],[0,0,0,0,0],[0,0,0,0,0],[0,0,0,0,0]],"effectBurn":[null,"0","0","0","4","0","0","0","0","0","0"],"vars":[],"costType":"Pasiva","maxammo":"-1","range":[0,0,0,0,0],"rangeBurn":"0","image":{"full":"CardmasterStack.png","sprite":"spell14.png","group":"spell","x":96,"y":48,"w":48,"h":48},"resource":"Pasiva"},{"id":"Destiny","name":"Destino","description":"Twisted Fate predice el futuro de sus enemigos, lo que los revela y permite el uso de Portal, que teletransporta a Twisted Fate a cualquier ubicación objetivo en 1.5 seg.","tooltip":"Twisted Fate se enfoca en sus cartas, lo que otorga <keywordStealth>Visión Verdadera</keywordStealth> de todos los campeones enemigos en el mapa durante {{ e1 }} seg y le permite <recast>volver a lanzar</recast> la habilidad.<br /><br /><recast>Relanzamiento</recast>: Twisted Fate puede teletransportarse una distancia de hasta {{ e4 }} unidades.{{ spellmodifierdescriptionappend }}","leveltip":{"label":["Duración","Enfriamiento"],"effect":["{{ e1 }} -> {{ e1NL }}","{{ cooldown }} -> {{ cooldownNL }}"]},"maxrank":3,"cooldown":[180,150,120],"cooldownBurn":"180/150/120","cost":[100,100,100],"costBurn":"100","datavalues":{},"effect":[null,[6,8,10],[180,150,120],[150,125,100],[5500,5500,5500],[0,0,0],[0,0,0],[0,0,0],[0,0,0],[0,0,0],[0,0,0]],"effectBurn":[null,"6/8/10","180/150/120","150/125/100","5500","0","0","0","0","0","0"],"vars":[],"costType":" de {{ abilityresourcename }}","maxammo":"-1","range":[5500,5500,5500],"rangeBurn":"5500","image":{"full":"Destiny.png","sprite":"spell14.png","group":"spell","x":144,"y":48,"w":48,"h":48},"resource":"{{ cost }} de {{ abilityresourcename }}"}],"passive":{"name":"Dados Cargados","description":"Al matar a una unidad, Twisted Fate lanza su dado ''de la suerte'' y recibe una cantidad de oro adicional entre 1 y 6.","image":{"full":"Cardmaster_SealFate.png","sprite":"passive4.png","group":"passive","x":384,"y":48,"w":48,"h":48}},"recommended":[]}}}