{"type":"champion","format":"standAloneComplex","version":"14.3.1","data":{"Twitch":{"id":"Twitch","key":"29","name":"Twitch","title":"la Rata Mutante","image":{"full":"Twitch.png","sprite":"champion4.png","group":"champion","x":432,"y":48,"w":48,"h":48},"skins":[{"id":"29000","num":0,"name":"default","chromas":false},{"id":"29001","num":1,"name":"El Jefe Twitch","chromas":false},{"id":"29002","num":2,"name":"Twitch de Whistler Village","chromas":false},{"id":"29003","num":3,"name":"Twitch Medieval","chromas":true},{"id":"29004","num":4,"name":"Twitch Ciudad del Crimen","chromas":false},{"id":"29005","num":5,"name":"Twitch Vándalo","chromas":false},{"id":"29006","num":6,"name":"Twitch Robacarteras","chromas":false},{"id":"29007","num":7,"name":"Twitch SSW","chromas":false},{"id":"29008","num":8,"name":"Twitch Escuadrón Omega","chromas":true},{"id":"29012","num":12,"name":"Twitch Rey del Hielo","chromas":true},{"id":"29027","num":27,"name":"Twitch Zancasmudas","chromas":false},{"id":"29036","num":36,"name":"Twitch Matadragones","chromas":false},{"id":"29045","num":45,"name":"Twitch el Forajido","chromas":false}],"lore":"Una rata zaunita de nacimiento, pero conocedor de la más fina suciedad por pasión. Twitch no tiene miedo de ensuciarse las patas. Apunta una ballesta potenciada con químicos hacia el centro de Piltóver y jura mostrarles a los que habitan arriba en la ciudad lo sucios que verdaderamente son. Siempre es escurridizo, y cuando no se encuentra deambulando por las alcantarillas, está hurgando en la basura de otras personas en busca de tesoros desechados... y tal vez un sándwich mohoso.","blurb":"Una rata zaunita de nacimiento, pero conocedor de la más fina suciedad por pasión. Twitch no tiene miedo de ensuciarse las patas. Apunta una ballesta potenciada con químicos hacia el centro de Piltóver y jura mostrarles a los que habitan arriba en la...","allytips":["La Velocidad de Ataque de Twitch es de las más altas del juego. Intenta comprar objetos con efectos de impacto, como Cuchilla Oscura o Al Filo de la Cordura.","Contaminar tiene un gran alcance. Aplica tantos Venenos Mortales acumulados como puedas antes de usarla.","Puedes dar a un enemigo fuera de alcance con Tonel de Veneno."],"enemytips":["Twitch es frágil. Trabaja con tu equipo para atraparlo cuando no tenga camuflaje.","Los Escudos Antihechizos no mitigarán el daño de Veneno Mortal, pero bloquearán los efectos que se pueden activar con él.","Si sospechas que Twitch abandonó su carril, hazle saber rápidamente a tus compañeros que Twitch no se encuentra en acción."],"tags":["Marksman","Assassin"],"partype":"Maná","info":{"attack":9,"defense":2,"magic":3,"difficulty":6},"stats":{"hp":682,"hpperlevel":100,"mp":300,"mpperlevel":40,"movespeed":330,"armor":27,"armorperlevel":4.2,"spellblock":30,"spellblockperlevel":1.3,"attackrange":550,"hpregen":3.75,"hpregenperlevel":0.6,"mpregen":7.25,"mpregenperlevel":0.7,"crit":0,"critperlevel":0,"attackdamage":59,"attackdamageperlevel":3.1,"attackspeedperlevel":3.38,"attackspeed":0.679},"spells":[{"id":"TwitchHideInShadows","name":"Emboscada","description":"Twitch obtiene camuflaje y velocidad de movimiento por un periodo breve. Al salir de camuflaje, Twitch obtiene velocidad de ataque por un periodo breve.<br><br>Cuando muere un campeón enemigo que estaba bajo los efectos de Veneno Mortal, el enfriamiento de Emboscada se restablece.","tooltip":"Twitch entra en <keywordStealth>Camuflaje</keywordStealth> y obtiene un <speed>{{ e3 }}% de Velocidad de Movimiento</speed> durante {{ e2 }} seg. La Velocidad de Movimiento aumenta un {{ e3 }}% al estar cerca de un campeón enemigo que no pueda verlo. Tras salir de <keywordStealth>Camuflaje</keywordStealth>, Twitch obtiene un <attackSpeed>{{ e1 }}% de Velocidad de Ataque</attackSpeed> durante {{ e6 }} seg.<br /><br />Cuando un campeón enemigo muere al estar bajo el efecto de <keywordMajor>Veneno</keywordMajor>, el enfriamiento de esta habilidad se restablece.{{ spellmodifierdescriptionappend }}","leveltip":{"label":["Duración de Camuflaje","Velocidad de ataque"],"effect":["{{ e2 }} -> {{ e2NL }}","{{ e1 }}% -> {{ e1NL }}%"]},"maxrank":5,"cooldown":[16,16,16,16,16],"cooldownBurn":"16","cost":[40,40,40,40,40],"costBurn":"40","datavalues":{},"effect":[null,[40,45,50,55,60],[10,11,12,13,14],[30,30,30,30,30],[1,1,1,1,1],[1,1,1,1,1],[5,5,5,5,5],[3,3,3,3,3],[500,500,500,500,500],[1000,1000,1000,1000,1000],[30,30,30,30,30]],"effectBurn":[null,"40/45/50/55/60","10/11/12/13/14","30","1","1","5","3","500","1000","30"],"vars":[],"costType":" de {{ abilityresourcename }}","maxammo":"-1","range":[20,20,20,20,20],"rangeBurn":"20","image":{"full":"TwitchHideInShadows.png","sprite":"spell14.png","group":"spell","x":192,"y":48,"w":48,"h":48},"resource":"{{ cost }} de {{ abilityresourcename }}"},{"id":"TwitchVenomCask","name":"Tonel de Veneno","description":"Twitch lanza un barril de veneno que explota en un área, lo que ralentiza a los objetivos y les aplica veneno mortal.","tooltip":"Twitch lanza un barril que añade una acumulación de <spellName>Veneno Mortal</spellName> a todos los enemigos alcanzados y deja una nube tóxica que permanece durante {{ duration }} seg.<br /><br />Los enemigos que permanezcan dentro de la nube quedan <status>ralentizados</status> un {{ totalslowamount }}% y reciben una acumulación adicional de <spellName>Veneno Mortal</spellName> cada seg.{{ spellmodifierdescriptionappend }}","leveltip":{"label":["Ralentización de Velocidad de Movimiento","Enfriamiento"],"effect":["{{ baseslowamount }}% -> {{ baseslowamountNL }}%","{{ cooldown }} -> {{ cooldownNL }}"]},"maxrank":5,"cooldown":[13,12,11,10,9],"cooldownBurn":"13/12/11/10/9","cost":[70,70,70,70,70],"costBurn":"70","datavalues":{},"effect":[null,[0,0,0,0,0],[0,0,0,0,0],[0,0,0,0,0],[0,0,0,0,0],[0,0,0,0,0],[0,0,0,0,0],[0,0,0,0,0],[0,0,0,0,0],[0,0,0,0,0],[0,0,0,0,0]],"effectBurn":[null,"0","0","0","0","0","0","0","0","0","0"],"vars":[],"costType":" de {{ abilityresourcename }}","maxammo":"-1","range":[950,950,950,950,950],"rangeBurn":"950","image":{"full":"TwitchVenomCask.png","sprite":"spell14.png","group":"spell","x":240,"y":48,"w":48,"h":48},"resource":"{{ cost }} de {{ abilityresourcename }}"},{"id":"TwitchExpunge","name":"Contaminar","description":"Twitch aniquila a los enemigos envenenados con una explosión de sus repugnantes enfermedades.","tooltip":"Inflige <physicalDamage>{{ basedamage }} de daño físico</physicalDamage> a todos los enemigos cercanos bajo el efecto de <spellName>Veneno Mortal</spellName>, más <physicalDamage>{{ physicaldamageperstack }} de daño físico</physicalDamage> y <magicDamage>{{ magicdamageperstack }} de daño mágico</magicDamage> adicionales por cada acumulación de <spellName>Veneno Mortal</spellName>.<br /><br />Daño máximo: <physicalDamage>{{ maxphysicaldamage }} de daño físico</physicalDamage> y <magicDamage>{{ maxmagicdamage }} de daño mágico</magicDamage>.{{ spellmodifierdescriptionappend }}","leveltip":{"label":["Daño","Daño por acumulación","Costo de @AbilityResourceName@"],"effect":["{{ basedamage }} -> {{ basedamageNL }}","{{ basephysicaldamageperstack }} -> {{ basephysicaldamageperstackNL }}","{{ cost }} -> {{ costNL }}"]},"maxrank":5,"cooldown":[12,11,10,9,8],"cooldownBurn":"12/11/10/9/8","cost":[50,60,70,80,90],"costBurn":"50/60/70/80/90","datavalues":{},"effect":[null,[0,0,0,0,0],[0,0,0,0,0],[0,0,0,0,0],[0,0,0,0,0],[0,0,0,0,0],[0,0,0,0,0],[0,0,0,0,0],[0,0,0,0,0],[0,0,0,0,0],[0,0,0,0,0]],"effectBurn":[null,"0","0","0","0","0","0","0","0","0","0"],"vars":[],"costType":" de {{ abilityresourcename }}","maxammo":"-1","range":[1200,1200,1200,1200,1200],"rangeBurn":"1200","image":{"full":"TwitchExpunge.png","sprite":"spell14.png","group":"spell","x":288,"y":48,"w":48,"h":48},"resource":"{{ cost }} de {{ abilityresourcename }}"},{"id":"TwitchFullAutomatic","name":"Lluvia de Proyectiles","description":"Twitch libera el poder máximo de su ballesta que dispara flechas para atravesar a todos los enemigos que se encuentra en el camino a una gran distancia.","tooltip":"Twitch libera su ballesta, con lo que obtiene {{ bonusrange }} de alcance de ataque y <scaleAD>{{ bonusad }} de Daño de Ataque</scaleAD>, y sus ataques se vuelven proyectiles perforantes durante {{ duration }} seg. Estos proyectiles golpean a todos los enemigos con los que se cruzan, pero infligen un {{ falloffdamage*100 }}% menos de daño a los objetivos siguientes, hasta un mínimo de {{ minimumfalloffdamage*100 }}% de daño.<br />{{ spellmodifierdescriptionappend }}","leveltip":{"label":["Daño de Ataque"],"effect":["{{ bonusad }} -> {{ bonusadNL }}"]},"maxrank":3,"cooldown":[90,90,90],"cooldownBurn":"90","cost":[100,100,100],"costBurn":"100","datavalues":{},"effect":[null,[0,0,0],[0,0,0],[0,0,0],[0,0,0],[0,0,0],[0,0,0],[0,0,0],[0,0,0],[0,0,0],[0,0,0]],"effectBurn":[null,"0","0","0","0","0","0","0","0","0","0"],"vars":[],"costType":" de {{ abilityresourcename }}","maxammo":"-1","range":[1200,1200,1200],"rangeBurn":"1200","image":{"full":"TwitchFullAutomatic.png","sprite":"spell14.png","group":"spell","x":336,"y":48,"w":48,"h":48},"resource":"{{ cost }} de {{ abilityresourcename }}"}],"passive":{"name":"Veneno Mortal","description":"Los ataques básicos de Twitch infectan al objetivo e infligen daño verdadero cada seg.","image":{"full":"Twitch_Passive.png","sprite":"passive4.png","group":"passive","x":432,"y":48,"w":48,"h":48}},"recommended":[]}}}