{"type":"champion","format":"standAloneComplex","version":"14.3.1","data":{"Urgot":{"id":"Urgot","key":"6","name":"Urgot","title":"el Temerario","image":{"full":"Urgot.png","sprite":"champion4.png","group":"champion","x":48,"y":96,"w":48,"h":48},"skins":[{"id":"6000","num":0,"name":"default","chromas":false},{"id":"6001","num":1,"name":"Crabgot Enemigo Gigante","chromas":false},{"id":"6002","num":2,"name":"Urgot Carnicero","chromas":false},{"id":"6003","num":3,"name":"Urgot Blindaje Bélico","chromas":true},{"id":"6009","num":9,"name":"Urgot el Forajido","chromas":true},{"id":"6015","num":15,"name":"Urgot Cosplay Guardiana Estelar","chromas":true},{"id":"6023","num":23,"name":"Urgot Noche de Terror","chromas":true}],"lore":"Urgot, quien fue alguna vez un poderoso verdugo noxiano, había sido traicionado por el imperio que lo hizo matar a tantos en su nombre. Atado con cadenas de hierro, lo forzaron a aprender el verdadero significado de la fuerza en el Dragado, una mina de prisioneros en las profundidades de Zaun, de donde emergió como un desastre que propaga caos por toda la ciudad y proyecta una imponente sombra sobre el submundo criminal. Levantando a sus víctimas con las mismas cadenas que alguna vez lo esclavizaron, purgará su nuevo hogar de los indignos y lo convertirá en un crisol de dolor.","blurb":"Urgot, quien fue alguna vez un poderoso verdugo noxiano, había sido traicionado por el imperio que lo hizo matar a tantos en su nombre. Atado con cadenas de hierro, lo forzaron a aprender el verdadero significado de la fuerza en el Dragado, una mina de...","allytips":["Presta atención a los enfriamientos individuales de tus piernas, ya que son una porción considerable del daño que infliges.","Si impactas a un enemigo con Carga Corrosiva o Desdén, pondrás a tu objetivo en la mira con Purga, una excelente forma de activar múltiples piernas en rápida sucesión.","Guarda Miedo de Ultratumba para oponentes que sepas que están demasiado débiles para sobrevivir. Es especialmente bueno para atrapar enemigos que estén huyendo."],"enemytips":["Urgot depende mucho de su habilidad de hacer explotar sus piernas contra sus oponentes, las cuales tienen sus propios enfriamientos y solo explotan cuando ataca en la dirección que están orientadas. Evita los ataques múltiples.","Urgot puede infligir y absorber una cantidad brutal de daño con Purga, pero se ralentiza a sí mismo mientras dispara.","Si Miedo de Ultratumba te impacta, haz tu mejor esfuerzo por que tu vida no baje menos del límite de ejecución (25% de tu vida máxima) hasta que termine el efecto."],"tags":["Fighter","Tank"],"partype":"Maná","info":{"attack":8,"defense":5,"magic":3,"difficulty":8},"stats":{"hp":655,"hpperlevel":102,"mp":340,"mpperlevel":45,"movespeed":330,"armor":36,"armorperlevel":5.45,"spellblock":32,"spellblockperlevel":2.05,"attackrange":350,"hpregen":7.5,"hpregenperlevel":0.7,"mpregen":7.25,"mpregenperlevel":0.8,"crit":0,"critperlevel":0,"attackdamage":63,"attackdamageperlevel":4,"attackspeedperlevel":3.75,"attackspeed":0.625},"spells":[{"id":"UrgotQ","name":"Carga Corrosiva","description":"Dispara una carga explosiva hacia la ubicación del objetivo que inflige daño físico y ralentiza a los enemigos que queden atrapados en la explosión.","tooltip":"Urgot dispara una carga explosiva que inflige <physicalDamage>{{ totaldamage }} de daño físico</physicalDamage> y <status>ralentiza</status> un {{ slowamount*100 }}% durante {{ slowduration }} seg.{{ spellmodifierdescriptionappend }}","leveltip":{"label":["Enfriamiento","Daño","Ralentización"],"effect":["{{ cooldown }} -> {{ cooldownNL }}","{{ basedamage }} -> {{ basedamageNL }}","{{ slowamount*100.000000 }}% -> {{ slowamountnl*100.000000 }}%"]},"maxrank":5,"cooldown":[10,9.5,9,8.5,8],"cooldownBurn":"10/9.5/9/8.5/8","cost":[70,70,70,70,70],"costBurn":"70","datavalues":{},"effect":[null,[0,0,0,0,0],[0,0,0,0,0],[0,0,0,0,0],[0,0,0,0,0],[0,0,0,0,0],[0,0,0,0,0],[0,0,0,0,0],[0,0,0,0,0],[0,0,0,0,0],[0,0,0,0,0]],"effectBurn":[null,"0","0","0","0","0","0","0","0","0","0"],"vars":[],"costType":" de {{ abilityresourcename }}","maxammo":"-1","range":[800,800,800,800,800],"rangeBurn":"800","image":{"full":"UrgotQ.png","sprite":"spell14.png","group":"spell","x":96,"y":96,"w":48,"h":48},"resource":"{{ cost }} de {{ abilityresourcename }}"},{"id":"UrgotW","name":"Purga","description":"Urgot se ralentiza mientras descarga su arma contra los enemigos cercanos. Da prioridad a campeones enemigos que Urgot haya alcanzado recientemente con otras habilidades y activa Flamas Reverberantes.","tooltip":"<spellPassive>Pasiva:</spellPassive> Las otras habilidades de Urgot marcan al último campeón alcanzado durante 5 seg.<br /><br /><spellActive>Activa:</spellActive> Urgot comienza a disparar su cañón automático al enemigo más cercano, con prioridad a los enemigos marcados. Lo ataca {{ e8 }} veces por segundo e inflige <physicalDamage>{{ damagepershot }} de daño físico</physicalDamage> por disparo. Urgot puede moverse mientras dispara y tiene un {{ e2 }}% de resistencia a <status>ralentizaciones</status>, pero pierde <speed>{{ e5 }} de Velocidad de Movimiento</speed>.<br /><br />Esta habilidad tiene una duración indefinida en su rango máximo y se puede <toggle>activar y desactivar</toggle>.{{ spellmodifierdescriptionappend }}","leveltip":{"label":["Enfriamiento","Daño de Ataque por disparo","Costo de @AbilityResourceName@"],"effect":["{{ cooldown }} -> {{ cooldownNL }}","{{ e7 }}% -> {{ e7NL }}%","{{ cost }} -> {{ costNL }}"]},"maxrank":5,"cooldown":[12,9,6,3,0],"cooldownBurn":"12/9/6/3/0","cost":[40,30,20,10,0],"costBurn":"40/30/20/10/0","datavalues":{},"effect":[null,[30,60,90,120,150],[40,40,40,40,40],[4,4,4,4,25000],[0,0,0,0,0],[125,125,125,125,125],[0.5,0.5,0.5,0.5,0.5],[20,23.5,27,30.5,34],[3,3,3,3,3],[12,12,12,12,12],[50,50,50,50,50]],"effectBurn":[null,"30/60/90/120/150","40","4/4/4/4/25000","0","125","0.5","20/23.5/27/30.5/34","3","12","50"],"vars":[],"costType":" de {{ abilityresourcename }}","maxammo":"-1","range":[490,490,490,490,490],"rangeBurn":"490","image":{"full":"UrgotW.png","sprite":"spell14.png","group":"spell","x":144,"y":96,"w":48,"h":48},"resource":"{{ cost }} de {{ abilityresourcename }}"},{"id":"UrgotE","name":"Desdén","description":"Urgot carga en una dirección, se escuda y pisotea a enemigos que no sean campeones. Si se topa con un campeón enemigo, se detendrá y lo lanzará fuera de su camino.","tooltip":"Urgot carga hacia adelante y obtiene <shield>{{ etotalshieldhealth }} de Escudo</shield> durante {{ eshieldduration }} seg. El primer campeón alcanzado queda <status>aturdido</status> durante {{ stunduration }} seg y es lanzado detrás de Urgot. Todos los enemigos con los que Urgot choque reciben <physicalDamage>{{ edamage }} de daño físico</physicalDamage>.{{ spellmodifierdescriptionappend }}","leveltip":{"label":["Daño","Cantidad de escudo","Costo de @AbilityResourceName@","Enfriamiento"],"effect":["{{ ebasedamage }} -> {{ ebasedamageNL }}","{{ eshieldbasehealth }} -> {{ eshieldbasehealthNL }}","{{ cost }} -> {{ costNL }}","{{ cooldown }} -> {{ cooldownNL }}"]},"maxrank":5,"cooldown":[16,15.5,15,14.5,14],"cooldownBurn":"16/15.5/15/14.5/14","cost":[60,70,80,90,100],"costBurn":"60/70/80/90/100","datavalues":{},"effect":[null,[0,0,0,0,0],[0,0,0,0,0],[0,0,0,0,0],[0,0,0,0,0],[0,0,0,0,0],[0,0,0,0,0],[0,0,0,0,0],[0,0,0,0,0],[0,0,0,0,0],[0,0,0,0,0]],"effectBurn":[null,"0","0","0","0","0","0","0","0","0","0"],"vars":[],"costType":" de {{ abilityresourcename }}","maxammo":"-1","range":[475,475,475,475,475],"rangeBurn":"475","image":{"full":"UrgotE.png","sprite":"spell14.png","group":"spell","x":192,"y":96,"w":48,"h":48},"resource":"{{ cost }} de {{ abilityresourcename }}"},{"id":"UrgotR","name":"Miedo de Ultratumba","description":"Urgot dispara un taladro químico que empala al primer campeón enemigo que alcanza. Si la vida de ese campeón baja a menos de un límite, Urgot determina que está débil y podrá ejecutarlo.","tooltip":"Urgot dispara un taladro químico que empala al primer campeón enemigo que alcanza, lo que inflige <physicalDamage>{{ rcalculateddamage }} de daño físico</physicalDamage> y lo <status>ralentiza</status> durante {{ rslowduration }} seg un 1% por cada 1% de su Vida faltante, hasta un máximo del {{ rmovespeedmod }}%.<br /><br />Si la víctima empalada se encuentra por debajo del {{ rhealththreshold }}% de Vida, Urgot puede <recast>volver a lanzar</recast> esta habilidad para <status>suprimir</status> a la víctima y arrastrarla hacia él. Al llegar a Urgot, es asesinada y los enemigos cercanos quedan <status>aterrorizados</status> durante {{ rfearduration }} seg.{{ spellmodifierdescriptionappend }}","leveltip":{"label":["Daño","Enfriamiento"],"effect":["{{ rbasedamage }} -> {{ rbasedamageNL }}","{{ cooldown }} -> {{ cooldownNL }}"]},"maxrank":3,"cooldown":[100,85,70],"cooldownBurn":"100/85/70","cost":[100,100,100],"costBurn":"100","datavalues":{},"effect":[null,[0,0,0],[0,0,0],[0,0,0],[0,0,0],[0,0,0],[0,0,0],[0,0,0],[0,0,0],[0,0,0],[0,0,0]],"effectBurn":[null,"0","0","0","0","0","0","0","0","0","0"],"vars":[],"costType":" de {{ abilityresourcename }}","maxammo":"-1","range":[2500,2500,2500],"rangeBurn":"2500","image":{"full":"UrgotR.png","sprite":"spell14.png","group":"spell","x":240,"y":96,"w":48,"h":48},"resource":"{{ cost }} de {{ abilityresourcename }}"}],"passive":{"name":"Flamas Reverberantes","description":"Los ataques básicos y Purga de Urgot activan de forma periódica explosiones de fuego de sus piernas, lo que inflige daño físico.","image":{"full":"Urgot_Passive.png","sprite":"passive4.png","group":"passive","x":48,"y":96,"w":48,"h":48}},"recommended":[]}}}