{
    "type": "champion",
    "format": "standAloneComplex",
    "version": "14.3.1",
    "data": {
        "Vayne": {
            "id": "Vayne",
            "key": "67",
            "name": "Vayne",
            "title": "la Cazadora Nocturna",
            "image": {
                "full": "Vayne.png",
                "sprite": "champion4.png",
                "group": "champion",
                "x": 144,
                "y": 96,
                "w": 48,
                "h": 48
            },
            "skins": [
                {
                    "id": "67000",
                    "num": 0,
                    "name": "default",
                    "chromas": false
                },
                {
                    "id": "67001",
                    "num": 1,
                    "name": "Vayne Vengadora",
                    "chromas": false
                },
                {
                    "id": "67002",
                    "num": 2,
                    "name": "Vayne Aristócrata",
                    "chromas": false
                },
                {
                    "id": "67003",
                    "num": 3,
                    "name": "Vayne Matadragones",
                    "chromas": true
                },
                {
                    "id": "67004",
                    "num": 4,
                    "name": "Vayne Buscacorazones",
                    "chromas": false
                },
                {
                    "id": "67005",
                    "num": 5,
                    "name": "Vayne SKT T1",
                    "chromas": false
                },
                {
                    "id": "67006",
                    "num": 6,
                    "name": "Vayne Arco de Luz",
                    "chromas": false
                },
                {
                    "id": "67010",
                    "num": 10,
                    "name": "Vayne Robaalmas",
                    "chromas": true
                },
                {
                    "id": "67011",
                    "num": 11,
                    "name": "PROYECTO: Vayne",
                    "chromas": false
                },
                {
                    "id": "67012",
                    "num": 12,
                    "name": "Vayne Año Nuevo Chino",
                    "chromas": true
                },
                {
                    "id": "67013",
                    "num": 13,
                    "name": "Vayne Año Nuevo Chino Prestigiosa",
                    "chromas": false
                },
                {
                    "id": "67014",
                    "num": 14,
                    "name": "Vayne Flor Espiritual",
                    "chromas": true
                },
                {
                    "id": "67015",
                    "num": 15,
                    "name": "Vayne FPX",
                    "chromas": true
                },
                {
                    "id": "67025",
                    "num": 25,
                    "name": "Vayne Centinela",
                    "chromas": true
                },
                {
                    "id": "67032",
                    "num": 32,
                    "name": "Vayne Murci Guerrera",
                    "chromas": true
                },
                {
                    "id": "67033",
                    "num": 33,
                    "name": "Vayne Año Nuevo Chino Prestigiosa (2022)",
                    "chromas": false
                },
                {
                    "id": "67044",
                    "num": 44,
                    "name": "Vayne Portadora del Amanecer",
                    "chromas": true
                },
                {
                    "id": "67055",
                    "num": 55,
                    "name": "Vayne Dracomante",
                    "chromas": true
                }
            ],
            "lore": "Shauna Vayne es una mortal e implacable cazadora de monstruos demaciana que ha dedicado su vida a encontrar y destruir al demonio que asesinó a su familia. Armada con una ballesta que lleva montada en la muñeca y un corazón lleno de venganza, solo es verdaderamente feliz cuando acaba con practicantes o creaciones de las artes oscuras mientras ataca desde las sombras con una lluvia de proyectiles de plata.",
            "blurb": "Shauna Vayne es una mortal e implacable cazadora de monstruos demaciana que ha dedicado su vida a encontrar y destruir al demonio que asesinó a su familia. Armada con una ballesta que lleva montada en la muñeca y un corazón lleno de venganza, solo es...",
            "allytips": [
                "Voltereta tiene muchos usos, pero no sirve para saltar muros.",
                "Condena puede usarse para clavar a los objetivos en los muros y asegurar su muerte o para huir de los perseguidores.",
                "No encabeces un combate en equipos de grandes dimensiones. Deja que tus compañeros den el primer paso."
            ],
            "enemytips": [
                "Vayne es frágil. Presiónala y se verá obligada a jugar con cautela.",
                "No dejes que Vayne te acorrale contra los muros."
            ],
            "tags": [
                "Marksman",
                "Assassin"
            ],
            "partype": "Maná",
            "info": {
                "attack": 10,
                "defense": 1,
                "magic": 1,
                "difficulty": 8
            },
            "stats": {
                "hp": 550,
                "hpperlevel": 103,
                "mp": 232,
                "mpperlevel": 35,
                "movespeed": 330,
                "armor": 23,
                "armorperlevel": 4.6,
                "spellblock": 30,
                "spellblockperlevel": 1.3,
                "attackrange": 550,
                "hpregen": 3.5,
                "hpregenperlevel": 0.55,
                "mpregen": 7,
                "mpregenperlevel": 0.4,
                "crit": 0,
                "critperlevel": 0,
                "attackdamage": 60,
                "attackdamageperlevel": 2.35,
                "attackspeedperlevel": 3.3,
                "attackspeed": 0.658
            },
            "spells": [
                {
                    "id": "VayneTumble",
                    "name": "Voltereta",
                    "description": "Vayne realiza una voltereta y se prepara para su próximo disparo. Su siguiente ataque inflige daño adicional.",
                    "tooltip": "Vayne rueda una distancia corta e inflige <physicalDamage>{{ adratiobonus }} de daño físico</physicalDamage> adicional en su próximo ataque.<br /><br /><rules>Esta habilidad activa efectos de hechizo al infligir daño.</rules>{{ spellmodifierdescriptionappend }}",
                    "leveltip": {
                        "label": [
                            "Enfriamiento",
                            "% de tasa de Daño de Ataque"
                        ],
                        "effect": [
                            "{{ cooldown }} -> {{ cooldownNL }}",
                            "{{ totaladratio*100.000000 }}% -> {{ totaladrationl*100.000000 }}%"
                        ]
                    },
                    "maxrank": 5,
                    "cooldown": [
                        4,
                        3.5,
                        3,
                        2.5,
                        2
                    ],
                    "cooldownBurn": "4/3.5/3/2.5/2",
                    "cost": [
                        30,
                        30,
                        30,
                        30,
                        30
                    ],
                    "costBurn": "30",
                    "datavalues": {},
                    "effect": [
                        null,
                        [
                            0,
                            0,
                            0,
                            0,
                            0
                        ],
                        [
                            0,
                            0,
                            0,
                            0,
                            0
                        ],
                        [
                            0,
                            0,
                            0,
                            0,
                            0
                        ],
                        [
                            0,
                            0,
                            0,
                            0,
                            0
                        ],
                        [
                            0,
                            0,
                            0,
                            0,
                            0
                        ],
                        [
                            0,
                            0,
                            0,
                            0,
                            0
                        ],
                        [
                            0,
                            0,
                            0,
                            0,
                            0
                        ],
                        [
                            0,
                            0,
                            0,
                            0,
                            0
                        ],
                        [
                            0,
                            0,
                            0,
                            0,
                            0
                        ],
                        [
                            0,
                            0,
                            0,
                            0,
                            0
                        ]
                    ],
                    "effectBurn": [
                        null,
                        "0",
                        "0",
                        "0",
                        "0",
                        "0",
                        "0",
                        "0",
                        "0",
                        "0",
                        "0"
                    ],
                    "vars": [],
                    "costType": " de {{ abilityresourcename }}",
                    "maxammo": "-1",
                    "range": [
                        300,
                        300,
                        300,
                        300,
                        300
                    ],
                    "rangeBurn": "300",
                    "image": {
                        "full": "VayneTumble.png",
                        "sprite": "spell14.png",
                        "group": "spell",
                        "x": 0,
                        "y": 144,
                        "w": 48,
                        "h": 48
                    },
                    "resource": "{{ cost }} de {{ abilityresourcename }}"
                },
                {
                    "id": "VayneSilveredBolts",
                    "name": "Proyectiles de Plata",
                    "description": "La punta de los proyectiles de Vayne está hecha de un material único, tóxico para seres malignos. El tercer ataque o habilidad consecutivos contra el mismo objetivo inflige un porcentaje de la vida máxima del objetivo como daño verdadero adicional.",
                    "tooltip": "<spellPassive>Pasiva</spellPassive>: Cada tercer ataque o habilidad consecutiva contra un enemigo inflige <trueDamage>{{ totaldamage }} de Vida Máxima como daño verdadero adicional</trueDamage>.{{ spellmodifierdescriptionappend }}",
                    "leveltip": {
                        "label": [
                            "% de Daño Verdadero",
                            "Daño mínimo"
                        ],
                        "effect": [
                            "{{ maxhealthratio*100.000000 }}% -> {{ maxhealthrationl*100.000000 }}%",
                            "{{ damagefloor }} -> {{ damagefloorNL }}"
                        ]
                    },
                    "maxrank": 5,
                    "cooldown": [
                        0,
                        0,
                        0,
                        0,
                        0
                    ],
                    "cooldownBurn": "0",
                    "cost": [
                        0,
                        0,
                        0,
                        0,
                        0
                    ],
                    "costBurn": "0",
                    "datavalues": {},
                    "effect": [
                        null,
                        [
                            0,
                            0,
                            0,
                            0,
                            0
                        ],
                        [
                            0,
                            0,
                            0,
                            0,
                            0
                        ],
                        [
                            0,
                            0,
                            0,
                            0,
                            0
                        ],
                        [
                            0,
                            0,
                            0,
                            0,
                            0
                        ],
                        [
                            0,
                            0,
                            0,
                            0,
                            0
                        ],
                        [
                            0,
                            0,
                            0,
                            0,
                            0
                        ],
                        [
                            0,
                            0,
                            0,
                            0,
                            0
                        ],
                        [
                            0,
                            0,
                            0,
                            0,
                            0
                        ],
                        [
                            0,
                            0,
                            0,
                            0,
                            0
                        ],
                        [
                            0,
                            0,
                            0,
                            0,
                            0
                        ]
                    ],
                    "effectBurn": [
                        null,
                        "0",
                        "0",
                        "0",
                        "0",
                        "0",
                        "0",
                        "0",
                        "0",
                        "0",
                        "0"
                    ],
                    "vars": [],
                    "costType": "Pasiva",
                    "maxammo": "-1",
                    "range": [
                        750,
                        750,
                        750,
                        750,
                        750
                    ],
                    "rangeBurn": "750",
                    "image": {
                        "full": "VayneSilveredBolts.png",
                        "sprite": "spell14.png",
                        "group": "spell",
                        "x": 48,
                        "y": 144,
                        "w": 48,
                        "h": 48
                    },
                    "resource": "Pasiva"
                },
                {
                    "id": "VayneCondemn",
                    "name": "Condena",
                    "description": "Vayne usa la pesada ballesta que lleva en su espalda y dispara un enorme proyectil a su objetivo, lanzándolo hacia atrás e infligiéndole daño. Si el objetivo impacta contra terreno, queda empalado, lo que le inflige daño adicional y lo aturde.",
                    "tooltip": "Vayne dispara un proyectil que <status>lanza hacia atrás</status> e inflige <physicalDamage>{{ totaldamage }} de daño físico</physicalDamage>. Si el objetivo choca con terreno, recibirá <physicalDamage>{{ empowereddamagett }} de daño físico adicional</physicalDamage> y quedará <status>aturdido</status> durante {{ stunduration }} seg. {{ spellmodifierdescriptionappend }}",
                    "leveltip": {
                        "label": [
                            "Enfriamiento",
                            "Daño"
                        ],
                        "effect": [
                            "{{ cooldown }} -> {{ cooldownNL }}",
                            "{{ damage }} -> {{ damageNL }}"
                        ]
                    },
                    "maxrank": 5,
                    "cooldown": [
                        20,
                        18,
                        16,
                        14,
                        12
                    ],
                    "cooldownBurn": "20/18/16/14/12",
                    "cost": [
                        90,
                        90,
                        90,
                        90,
                        90
                    ],
                    "costBurn": "90",
                    "datavalues": {},
                    "effect": [
                        null,
                        [
                            0,
                            0,
                            0,
                            0,
                            0
                        ],
                        [
                            0,
                            0,
                            0,
                            0,
                            0
                        ],
                        [
                            0,
                            0,
                            0,
                            0,
                            0
                        ],
                        [
                            0,
                            0,
                            0,
                            0,
                            0
                        ],
                        [
                            0,
                            0,
                            0,
                            0,
                            0
                        ],
                        [
                            0,
                            0,
                            0,
                            0,
                            0
                        ],
                        [
                            0,
                            0,
                            0,
                            0,
                            0
                        ],
                        [
                            0,
                            0,
                            0,
                            0,
                            0
                        ],
                        [
                            0,
                            0,
                            0,
                            0,
                            0
                        ],
                        [
                            0,
                            0,
                            0,
                            0,
                            0
                        ]
                    ],
                    "effectBurn": [
                        null,
                        "0",
                        "0",
                        "0",
                        "0",
                        "0",
                        "0",
                        "0",
                        "0",
                        "0",
                        "0"
                    ],
                    "vars": [],
                    "costType": " de {{ abilityresourcename }}",
                    "maxammo": "-1",
                    "range": [
                        550,
                        550,
                        550,
                        550,
                        550
                    ],
                    "rangeBurn": "550",
                    "image": {
                        "full": "VayneCondemn.png",
                        "sprite": "spell14.png",
                        "group": "spell",
                        "x": 96,
                        "y": 144,
                        "w": 48,
                        "h": 48
                    },
                    "resource": "{{ cost }} de {{ abilityresourcename }}"
                },
                {
                    "id": "VayneInquisition",
                    "name": "Hora Final",
                    "description": "Vayne se prepara para una confrontación épica y obtiene un aumento en su daño de ataque, invisibilidad durante Voltereta, enfriamiento reducido de Voltereta y mayor velocidad de movimiento adicional de Cazadora Nocturna",
                    "tooltip": "Vayne obtiene <physicalDamage>{{ bonusattackdamage }} de Daño de Ataque</physicalDamage> durante {{ baseduration }} seg, que se extiende a {{ durationtoadd }} seg cuando un campeón que haya recibido daño de Vayne muera dentro de {{ damagedmarkerduration }} seg. Además, durante el efecto:<li><spellName>Cazadora Nocturna</spellName> otorga <speed>{{ movementspeed }} de Velocidad de Movimiento</speed>.<li>El enfriamiento de <spellName>Voltereta</spellName> se reduce un {{ tumblecdreduction }}% y otorga <keywordStealth>Invisibilidad</keywordStealth> durante {{ tumblestealthduration }} seg.{{ spellmodifierdescriptionappend }}",
                    "leveltip": {
                        "label": [
                            "Enfriamiento",
                            "Duración",
                            "Daño de Ataque adicional",
                            "Reducción de enfriamiento de Voltereta"
                        ],
                        "effect": [
                            "{{ cooldown }} -> {{ cooldownNL }}",
                            "{{ baseduration }} -> {{ basedurationNL }}",
                            "{{ bonusattackdamage }} -> {{ bonusattackdamageNL }}",
                            "{{ tumblecdreduction }}% -> {{ tumblecdreductionNL }}%"
                        ]
                    },
                    "maxrank": 3,
                    "cooldown": [
                        100,
                        85,
                        70
                    ],
                    "cooldownBurn": "100/85/70",
                    "cost": [
                        80,
                        80,
                        80
                    ],
                    "costBurn": "80",
                    "datavalues": {},
                    "effect": [
                        null,
                        [
                            0,
                            0,
                            0
                        ],
                        [
                            0,
                            0,
                            0
                        ],
                        [
                            0,
                            0,
                            0
                        ],
                        [
                            0,
                            0,
                            0
                        ],
                        [
                            0,
                            0,
                            0
                        ],
                        [
                            0,
                            0,
                            0
                        ],
                        [
                            0,
                            0,
                            0
                        ],
                        [
                            0,
                            0,
                            0
                        ],
                        [
                            0,
                            0,
                            0
                        ],
                        [
                            0,
                            0,
                            0
                        ]
                    ],
                    "effectBurn": [
                        null,
                        "0",
                        "0",
                        "0",
                        "0",
                        "0",
                        "0",
                        "0",
                        "0",
                        "0",
                        "0"
                    ],
                    "vars": [],
                    "costType": " de {{ abilityresourcename }}",
                    "maxammo": "-1",
                    "range": [
                        1,
                        1,
                        1
                    ],
                    "rangeBurn": "1",
                    "image": {
                        "full": "VayneInquisition.png",
                        "sprite": "spell14.png",
                        "group": "spell",
                        "x": 144,
                        "y": 144,
                        "w": 48,
                        "h": 48
                    },
                    "resource": "{{ cost }} de {{ abilityresourcename }}"
                }
            ],
            "passive": {
                "name": "Cazadora Nocturna",
                "description": "Vayne caza despiadadamente a los malhechores y obtiene 45 de Velocidad de Movimiento al avanzar hacia campeones enemigos cercanos.",
                "image": {
                    "full": "Vayne_NightHunter.png",
                    "sprite": "passive4.png",
                    "group": "passive",
                    "x": 144,
                    "y": 96,
                    "w": 48,
                    "h": 48
                }
            },
            "recommended": []
        }
    }
}