{"type":"champion","format":"standAloneComplex","version":"14.3.1","data":{"Veigar":{"id":"Veigar","key":"45","name":"Veigar","title":"el Pequeño Maestro del Mal","image":{"full":"Veigar.png","sprite":"champion4.png","group":"champion","x":192,"y":96,"w":48,"h":48},"skins":[{"id":"45000","num":0,"name":"default","chromas":false},{"id":"45001","num":1,"name":"Veigar Hechicero Blanco","chromas":false},{"id":"45002","num":2,"name":"Veigar Jugador de Curling","chromas":false},{"id":"45003","num":3,"name":"Veigar Barbagrís","chromas":false},{"id":"45004","num":4,"name":"Veigar Duende Irlandés","chromas":false},{"id":"45005","num":5,"name":"Barón Von Veigar","chromas":false},{"id":"45006","num":6,"name":"Veigar Villano Soberbio","chromas":false},{"id":"45007","num":7,"name":"Veigar Santa Malo","chromas":false},{"id":"45008","num":8,"name":"Veigar Jefe Final","chromas":true},{"id":"45009","num":9,"name":"Veigar Escuadrón Omega","chromas":true},{"id":"45013","num":13,"name":"Veigar Bosqueviejo","chromas":true},{"id":"45023","num":23,"name":"Veigar Cosplay Furicuerno","chromas":true},{"id":"45032","num":32,"name":"AstroVeigar","chromas":true},{"id":"45041","num":41,"name":"Veigar Domador de Monstruos","chromas":true},{"id":"45051","num":51,"name":"Rey Abeijar","chromas":true}],"lore":"Veigar, entusiasta maestro de la magia oscura, se adaptó a poderes que pocos mortales se atreven a explorar. Como un habitante de espíritu libre de Ciudad de Bandle, deseaba rebasar las limitaciones de la magia yordle. Así fue como llegó a unos textos arcanos que habían permanecido ocultos por miles de años. Ahora Veigar es una criatura necia con una interminable fascinación por los misterios del universo y a menudo es subestimado por otros. Aunque él cree que verdaderamente es malvado, posee una moralidad interna que hace dudar a los demás sobre sus motivaciones reales.","blurb":"Veigar, entusiasta maestro de la magia oscura, se adaptó a poderes que pocos mortales se atreven a explorar. Como un habitante de espíritu libre de Ciudad de Bandle, deseaba rebasar las limitaciones de la magia yordle. Así fue como llegó a unos textos...","allytips":["Usa Horizonte de Sucesos para aumentar tus probabilidades de éxito al emplear Materia Oscura.","Veigar necesita mucho Maná y Reducción de Enfriamiento. Compra objetos con estas estadísticas para aumentar la eficacia de tu habilidad pasiva y de Ataque Maligno.","Veigar es muy frágil. Intenta tener al menos un hechizo de invocador que se pueda usar de forma defensiva."],"enemytips":["Materia Oscura inflige mucho daño, pero se puede esquivar. Presta atención al indicador auditivo y visual para saber cuándo y dónde llegará el hechizo.","Horizonte de Sucesos solo aturde a las unidades en el borde. Si estás dentro del hechizo, podrás moverte y atacar.","La habilidad definitiva de Veigar inflige daño aumentado según la vida que te falte."],"tags":["Mage"],"partype":"Maná","info":{"attack":2,"defense":2,"magic":10,"difficulty":7},"stats":{"hp":580,"hpperlevel":108,"mp":490,"mpperlevel":26,"movespeed":340,"armor":18,"armorperlevel":5.2,"spellblock":32,"spellblockperlevel":1.3,"attackrange":550,"hpregen":6.5,"hpregenperlevel":0.6,"mpregen":8,"mpregenperlevel":0.8,"crit":0,"critperlevel":0,"attackdamage":52,"attackdamageperlevel":2.7,"attackspeedperlevel":2.24,"attackspeed":0.625},"spells":[{"id":"VeigarBalefulStrike","name":"Ataque Maligno","description":"Veigar lanza un rayo de energía oscura que inflige daño mágico a los dos primeros enemigos alcanzados. Las unidades asesinadas por el rayo otorgan a Veigar un poco de poder de habilidad permanente.","tooltip":"Veigar lanza un rayo de energía oscura que inflige <magicDamage>{{ totaldamage }} de daño mágico</magicDamage> a los primeros dos enemigos impactados.<br /><br />Si Veigar mata a un enemigo con esta habilidad, obtiene {{ spell.veigarpassive:dqkillstacks }} acumulación(es) de <keywordMajor>Poder Maligno Fenomenal</keywordMajor>. Los súbditos grandes y monstruos grandes otorgan {{ spell.veigarpassive:dqkillstackslarge }} acumulaciones.{{ spellmodifierdescriptionappend }}","leveltip":{"label":["Daño","Tasa de PH total","Enfriamiento","Costo de @AbilityResourceName@"],"effect":["{{ basedamage }} -> {{ basedamageNL }}","{{ apratio*100.000000 }}% -> {{ aprationl*100.000000 }}%","{{ cooldown }} -> {{ cooldownNL }}","{{ cost }} -> {{ costNL }}"]},"maxrank":5,"cooldown":[6,5.5,5,4.5,4],"cooldownBurn":"6/5.5/5/4.5/4","cost":[30,35,40,45,50],"costBurn":"30/35/40/45/50","datavalues":{},"effect":[null,[0,0,0,0,0],[1,1,1,1,1],[2,2,2,2,2],[0,0,0,0,0],[0,0,0,0,0],[0,0,0,0,0],[0,0,0,0,0],[0,0,0,0,0],[0,0,0,0,0],[0,0,0,0,0]],"effectBurn":[null,"0","1","2","0","0","0","0","0","0","0"],"vars":[],"costType":" de {{ abilityresourcename }}","maxammo":"-1","range":[1000,1000,1000,1000,1000],"rangeBurn":"1000","image":{"full":"VeigarBalefulStrike.png","sprite":"spell14.png","group":"spell","x":192,"y":144,"w":48,"h":48},"resource":"{{ cost }} de {{ abilityresourcename }}"},{"id":"VeigarDarkMatter","name":"Materia Oscura","description":"Veigar invoca una gran masa de materia oscura que cae del cielo sobre la ubicación objetivo e inflige daño mágico. Las acumulaciones de Poder de Mal Fenomenal reducen el enfriamiento de Materia Oscura.","tooltip":"Veigar invoca materia oscura del cielo que inflige <magicDamage>{{ totaldamage }} de daño mágico</magicDamage>.<br /><br />Cada {{ spell.veigarpassive:pstacksperdarkmattercdr }} acumulaciones de <keywordMajor>Poder Maligno Fenomenal</keywordMajor> reducen el enfriamiento de esta habilidad en un {{ spell.veigarpassive:darkmattercdrincrement*100 }}%.{{ spellmodifierdescriptionappend }}","leveltip":{"label":["Daño","Tasa de PH total","Costo de @AbilityResourceName@"],"effect":["{{ basedamage }} -> {{ basedamageNL }}","{{ apratio*100.000000 }}% -> {{ aprationl*100.000000 }}%","{{ cost }} -> {{ costNL }}"]},"maxrank":5,"cooldown":[0,0,0,0,0],"cooldownBurn":"0","cost":[60,65,70,75,80],"costBurn":"60/65/70/75/80","datavalues":{},"effect":[null,[0,0,0,0,0],[1.2,1.2,1.2,1.2,1.2],[8,8,8,8,8],[0,0,0,0,0],[0,0,0,0,0],[0,0,0,0,0],[0,0,0,0,0],[0,0,0,0,0],[0,0,0,0,0],[0,0,0,0,0]],"effectBurn":[null,"0","1.2","8","0","0","0","0","0","0","0"],"vars":[],"costType":" de {{ abilityresourcename }}","maxammo":"-1","range":[950,950,950,950,950],"rangeBurn":"950","image":{"full":"VeigarDarkMatter.png","sprite":"spell14.png","group":"spell","x":240,"y":144,"w":48,"h":48},"resource":"{{ cost }} de {{ abilityresourcename }}"},{"id":"VeigarEventHorizon","name":"Horizonte de Sucesos","description":"Veigar manipula los bordes del espacio y crea una jaula que aturde a los enemigos que la atraviesan.","tooltip":"Veigar manipula los bordes del espacio y crea una jaula que <status>aturde</status> a los enemigos que la atraviesan durante {{ e1 }} seg. La jaula dura 3 seg.{{ spellmodifierdescriptionappend }}","leveltip":{"label":["Duración de aturdimiento","Enfriamiento","Costo de @AbilityResourceName@"],"effect":["{{ e1 }} -> {{ e1NL }}","{{ cooldown }} -> {{ cooldownNL }}","{{ cost }} -> {{ costNL }}"]},"maxrank":5,"cooldown":[20,18.5,17,15.5,14],"cooldownBurn":"20/18.5/17/15.5/14","cost":[70,75,80,85,90],"costBurn":"70/75/80/85/90","datavalues":{},"effect":[null,[1.5,1.75,2,2.25,2.5],[0.5,0.5,0.5,0.5,0.5],[0,0,0,0,0],[0,0,0,0,0],[0,0,0,0,0],[0,0,0,0,0],[0,0,0,0,0],[0,0,0,0,0],[0,0,0,0,0],[0,0,0,0,0]],"effectBurn":[null,"1.5/1.75/2/2.25/2.5","0.5","0","0","0","0","0","0","0","0"],"vars":[],"costType":" de {{ abilityresourcename }}","maxammo":"-1","range":[725,725,725,725,725],"rangeBurn":"725","image":{"full":"VeigarEventHorizon.png","sprite":"spell14.png","group":"spell","x":288,"y":144,"w":48,"h":48},"resource":"{{ cost }} de {{ abilityresourcename }}"},{"id":"VeigarR","name":"Estallido Primordial","description":"Una explosión inflige al campeón enemigo una gran cantidad de daño mágico, que aumenta según la vida que le falte al objetivo.","tooltip":"Veigar ataca a un campeón enemigo con magia primordial, lo que inflige entre <magicDamage>{{ mindamage }} y {{ maxdamage }} de Daño Mágico</magicDamage>, el cual aumenta según la vida faltante del objetivo. El daño se maximiza contra enemigos con menos del 33% de Vida.{{ spellmodifierdescriptionappend }}","leveltip":{"label":["Daño","Tasa de PH total","Enfriamiento"],"effect":["{{ basedamage }} -> {{ basedamageNL }}","{{ apratio*100.000000 }}% -> {{ aprationl*100.000000 }}%","{{ cooldown }} -> {{ cooldownNL }}"]},"maxrank":3,"cooldown":[120,90,60],"cooldownBurn":"120/90/60","cost":[100,100,100],"costBurn":"100","datavalues":{},"effect":[null,[0,0,0],[0,0,0],[0,0,0],[0,0,0],[0,0,0],[0,0,0],[0,0,0],[0,0,0],[0,0,0],[0,0,0]],"effectBurn":[null,"0","0","0","0","0","0","0","0","0","0"],"vars":[],"costType":" de {{ abilityresourcename }}","maxammo":"-1","range":[650,650,650],"rangeBurn":"650","image":{"full":"VeigarR.png","sprite":"spell14.png","group":"spell","x":336,"y":144,"w":48,"h":48},"resource":"{{ cost }} de {{ abilityresourcename }}"}],"passive":{"name":"Poder Maligno Fenomenal","description":"Veigar es el mal más grande que jamás ha atacado a los habitantes de Runaterra, ¡y cada vez se vuelve más grande! Atacar a un campeón enemigo con un hechizo o lograr un derribo aumenta de forma permanente el poder de habilidad de Veigar.","image":{"full":"VeigarEntropy.png","sprite":"passive4.png","group":"passive","x":192,"y":96,"w":48,"h":48}},"recommended":[]}}}