{"type":"champion","format":"standAloneComplex","version":"14.3.1","data":{"Velkoz":{"id":"Velkoz","key":"161","name":"Vel'Koz","title":"el Ojo del Vacío","image":{"full":"Velkoz.png","sprite":"champion4.png","group":"champion","x":240,"y":96,"w":48,"h":48},"skins":[{"id":"161000","num":0,"name":"default","chromas":false},{"id":"161001","num":1,"name":"Vel'Koz Blindaje Bélico","chromas":false},{"id":"161002","num":2,"name":"Vel'Koz Arco de Luz","chromas":false},{"id":"161003","num":3,"name":"Este no es Vel'Koz","chromas":false},{"id":"161004","num":4,"name":"Vel'Koz Infernal","chromas":true},{"id":"161011","num":11,"name":"Vel'Koz Escarcha Negra","chromas":true},{"id":"161020","num":20,"name":"Miel'Koz","chromas":true}],"lore":"No está claro si Vel'Koz fue la primera manifestación del Vacío que emergió en Runaterra, pero ciertamente no ha habido ninguna que llegue a su nivel de cruel y calculadora conciencia. Mientras que los suyos devoran o corrompen todo a su alrededor, él busca indagar y estudiar el mundo físico y a los extraños seres guerreros que habitan allí para encontrar cualquier debilidad que los seres del Vacío puedan aprovechar. Pero Vel'Koz no es un observador pasivo, pues ataca a sus enemigos con un mortífero plasma y altera las leyes del mismo mundo.","blurb":"No está claro si Vel'Koz fue la primera manifestación del Vacío que emergió en Runaterra, pero ciertamente no ha habido ninguna que llegue a su nivel de cruel y calculadora conciencia. Mientras que los suyos devoran o corrompen todo a su alrededor, él...","allytips":["Durante la fase de carriles, usa Grieta del Vacío para acabar con los súbditos mientras aplicas acumulaciones de Deconstrucción Orgánica en el enemigo.","Disparar Fisión de Plasma en diagonal y dividiéndola en su alcance máximo, te permite golpear a los oponentes fuera del alcance del primer proyectil, aunque es más difícil de conseguir.","Mucho cuidado al usar Rayo Desintegrador de Seres Vivos. Muchos campeones tienen habilidades que pueden interrumpir la canalización."],"enemytips":["Vel'Koz es muy peligroso si se le deja solo en un combate. Intenta acabar con él al principio.","Vel'Koz tiene movilidad muy baja y es vulnerable a las emboscadas.","Rayo Desintegrador de Seres Vivos puede verse interrumpido por aturdimientos, silencios y derribos."],"tags":["Mage"],"partype":"Maná","info":{"attack":2,"defense":2,"magic":10,"difficulty":8},"stats":{"hp":590,"hpperlevel":102,"mp":469,"mpperlevel":21,"movespeed":340,"armor":22,"armorperlevel":4.7,"spellblock":30,"spellblockperlevel":1.3,"attackrange":525,"hpregen":5.5,"hpregenperlevel":0.55,"mpregen":8,"mpregenperlevel":0.8,"crit":0,"critperlevel":0,"attackdamage":55,"attackdamageperlevel":3.1416,"attackspeedperlevel":1.59,"attackspeed":0.643},"spells":[{"id":"VelkozQ","name":"Fisión de Plasma","description":"Vel'Koz dispara un proyectil de plasma que se divide en dos al reactivarse o al alcanzar a un enemigo. El proyectil ralentiza e inflige daño al impacto.","tooltip":"Vel'Koz dispara un proyectil de plasma que inflige <magicDamage>{{ totaldamage }} de daño mágico</magicDamage> y <status>ralentiza</status> un {{ slowamount*100 }}% que decae durante {{ slowduration }} seg. Al final de su alcance, al impactar a un objetivo o al <recast>volver a lanzar</recast> la habilidad, el proyectil se divide y dispara dos proyectiles nuevos en un ángulo de 90 grados.<br /><br />Matar a una unidad con esta habilidad restaura <scaleMana>{{ tooltipmanarefund }} de Maná</scaleMana>.{{ spellmodifierdescriptionappend }}","leveltip":{"label":["Total de daño","Duración de la ralentización","Costo de @AbilityResourceName@"],"effect":["{{ basedamage }} -> {{ basedamageNL }}","{{ slowduration }} -> {{ slowdurationNL }}","{{ cost }} -> {{ costNL }}"]},"maxrank":5,"cooldown":[7,7,7,7,7],"cooldownBurn":"7","cost":[40,45,50,55,60],"costBurn":"40/45/50/55/60","datavalues":{},"effect":[null,[0,0,0,0,0],[0,0,0,0,0],[0,0,0,0,0],[0,0,0,0,0],[0,0,0,0,0],[0,0,0,0,0],[0,0,0,0,0],[0,0,0,0,0],[0,0,0,0,0],[0,0,0,0,0]],"effectBurn":[null,"0","0","0","0","0","0","0","0","0","0"],"vars":[],"costType":" de {{ abilityresourcename }}","maxammo":"-1","range":[1050,1050,1050,1050,1050],"rangeBurn":"1050","image":{"full":"VelkozQ.png","sprite":"spell14.png","group":"spell","x":384,"y":144,"w":48,"h":48},"resource":"{{ cost }} de {{ abilityresourcename }}"},{"id":"VelkozW","name":"Grieta del Vacío","description":"Vel'Koz abre una grieta al Vacío que inflige una explosión inicial de daño, luego explota y causa una segunda explosión de daño después de un breve periodo.","tooltip":"Vel'Koz abre una grieta al vacío que inflige <magicDamage>{{ initialdamage }} de daño mágico</magicDamage>. La grieta hace erupción e inflige <magicDamage>{{ secondarydamage }} de daño mágico</magicDamage>.<br /><br />Esta habilidad tiene 2 cargas ({{ ammorechargetime }} seg de recarga).{{ spellmodifierdescriptionappend }}","leveltip":{"label":["Daño inicial","Daño secundario","Tiempo de recarga","Costo de @AbilityResourceName@"],"effect":["{{ e1 }} -> {{ e1NL }}","{{ e2 }} -> {{ e2NL }}","{{ ammorechargetime }} -> {{ ammorechargetimeNL }}","{{ cost }} -> {{ costNL }}"]},"maxrank":5,"cooldown":[1.5,1.5,1.5,1.5,1.5],"cooldownBurn":"1.5","cost":[50,55,60,65,70],"costBurn":"50/55/60/65/70","datavalues":{},"effect":[null,[30,50,70,90,110],[45,75,105,135,165],[100,100,100,100,100],[0,0,0,0,0],[0.25,0.25,0.25,0.25,0.25],[0.5,0.5,0.5,0.5,0.5],[88,88,88,88,88],[500,500,500,500,500],[0,0,0,0,0],[0,0,0,0,0]],"effectBurn":[null,"30/50/70/90/110","45/75/105/135/165","100","0","0.25","0.5","88","500","0","0"],"vars":[],"costType":" de {{ abilityresourcename }}","maxammo":"2","range":[1050,1050,1050,1050,1050],"rangeBurn":"1050","image":{"full":"VelkozW.png","sprite":"spell14.png","group":"spell","x":432,"y":144,"w":48,"h":48},"resource":"{{ cost }} de {{ abilityresourcename }}"},{"id":"VelkozE","name":"Perturbación Tectónica","description":"Vel'Koz provoca que un área explote, lo que lanza a los enemigos por el aire y aleja un poco a los enemigos cercanos.","tooltip":"Vel'Koz altera una zona cercana, causando una explosión que <status>lanza por el aire</status> durante {{ stunduration }} seg e inflige <magicDamage>{{ totaldamage }} de daño mágico</magicDamage>. Los enemigos cerca de Vel'Koz serán <status>lanzados hacia atrás</status>, en vez de ser <status>lanzados por el aire</status>.{{ spellmodifierdescriptionappend }}","leveltip":{"label":["Daño","Enfriamiento","Costo de @AbilityResourceName@"],"effect":["{{ basedamage }} -> {{ basedamageNL }}","{{ cooldown }} -> {{ cooldownNL }}","{{ cost }} -> {{ costNL }}"]},"maxrank":5,"cooldown":[16,15,14,13,12],"cooldownBurn":"16/15/14/13/12","cost":[50,55,60,65,70],"costBurn":"50/55/60/65/70","datavalues":{},"effect":[null,[0,0,0,0,0],[0,0,0,0,0],[0,0,0,0,0],[0,0,0,0,0],[0,0,0,0,0],[0,0,0,0,0],[0,0,0,0,0],[0,0,0,0,0],[0,0,0,0,0],[0,0,0,0,0]],"effectBurn":[null,"0","0","0","0","0","0","0","0","0","0"],"vars":[],"costType":" de {{ abilityresourcename }}","maxammo":"-1","range":[810,810,810,810,810],"rangeBurn":"810","image":{"full":"VelkozE.png","sprite":"spell15.png","group":"spell","x":0,"y":0,"w":48,"h":48},"resource":"{{ cost }} de {{ abilityresourcename }}"},{"id":"VelkozR","name":"Rayo Desintegrador de Seres Vivos","description":"Vel'Koz desata un rayo canalizado que sigue el cursor durante 2.5 seg e inflige daño mágico. Deconstrucción Orgánica investiga a los campeones enemigos, lo que causa que reciban daño verdadero.","tooltip":"Vel'Koz canaliza un rayo de energía que sigue el cursor, lo que inflige un total de <magicDamage>{{ totaldamage }} de daño mágico</magicDamage> a lo largo de 2.5 seg y <status>ralentiza</status> un {{ e3 }}%. Inflige <trueDamage>daño verdadero</trueDamage> a enemigos recientemente dañados por <spellName>Deconstrucción Orgánica</spellName>.<br /><br />Los enemigos obtienen acumulaciones de <keywordMajor>Deconstrucción</keywordMajor> periódicamente al encontrarse en el rayo.{{ spellmodifierdescriptionappend }}","leveltip":{"label":["Total de daño","Enfriamiento"],"effect":["{{ e1 }} -> {{ e1NL }}","{{ cooldown }} -> {{ cooldownNL }}"]},"maxrank":3,"cooldown":[120,100,80],"cooldownBurn":"120/100/80","cost":[100,100,100],"costBurn":"100","datavalues":{},"effect":[null,[450,625,800],[7,7,7],[20,20,20],[40,40,40],[175,175,175],[7,7,7],[0,0,0],[0,0,0],[0,0,0],[0,0,0]],"effectBurn":[null,"450/625/800","7","20","40","175","7","0","0","0","0"],"vars":[],"costType":" de {{ abilityresourcename }}","maxammo":"-1","range":[1575,1575,1575],"rangeBurn":"1575","image":{"full":"VelkozR.png","sprite":"spell15.png","group":"spell","x":48,"y":0,"w":48,"h":48},"resource":"{{ cost }} de {{ abilityresourcename }}"}],"passive":{"name":"Deconstrucción Orgánica","description":"Las habilidades de Vel'Koz aplican <keywordName>Deconstrucción Orgánica</keywordName> sobre los enemigos impactados. Al llegar a 3 acumulaciones, el enemigo recibirá una gran cantidad de daño verdadero.","image":{"full":"VelKoz_Passive.png","sprite":"passive4.png","group":"passive","x":240,"y":96,"w":48,"h":48}},"recommended":[]}}}