{"type":"champion","format":"standAloneComplex","version":"14.3.1","data":{"Vex":{"id":"Vex","key":"711","name":"Vex","title":"la Tristóloga","image":{"full":"Vex.png","sprite":"champion4.png","group":"champion","x":288,"y":96,"w":48,"h":48},"skins":[{"id":"711000","num":0,"name":"default","chromas":false},{"id":"711001","num":1,"name":"Vex Portadora del Amanecer","chromas":true},{"id":"711010","num":10,"name":"Vex Empírea","chromas":true}],"lore":"En el corazón negro de las Islas de la Sombra, una solitaria yordle recorre la niebla espectral, satisfecha con su miseria tenebrosa. Con un suministro interminable de desasosiego adolescente y escoltada por una poderosa sombra, Vex vive en su propio pedacito de tristeza, alejada de la alegría revoltosa del mundo ''normie''. Aunque carece de ambición, es rápida para fulminar el color y la felicidad, y para detener a todos los posibles intrusos con su malestar mágico.","blurb":"En el corazón negro de las Islas de la Sombra, una solitaria yordle recorre la niebla espectral, satisfecha con su miseria tenebrosa. Con un suministro interminable de desasosiego adolescente y escoltada por una poderosa sombra, Vex vive en su propio...","allytips":[],"enemytips":[],"tags":["Mage"],"partype":"Maná","info":{"attack":0,"defense":0,"magic":0,"difficulty":0},"stats":{"hp":590,"hpperlevel":104,"mp":490,"mpperlevel":32,"movespeed":335,"armor":23,"armorperlevel":4.45,"spellblock":28,"spellblockperlevel":1.3,"attackrange":550,"hpregen":6.5,"hpregenperlevel":0.6,"mpregen":6,"mpregenperlevel":0.8,"crit":0,"critperlevel":0,"attackdamage":54,"attackdamageperlevel":2.75,"attackspeedperlevel":1,"attackspeed":0.669},"spells":[{"id":"VexQ","name":"Descarga Mistral","description":"Lanza un misil dañino que acelera durante su vuelo.","tooltip":"Vex lanza una ola de niebla que inflige <magicDamage>{{ qdamagecalc }} de daño mágico</magicDamage>. Al cabo de un tiempo, la ola se hace más pequeña y rápida.<br /><br />Consume <keywordMajor>Pesar</keywordMajor> en enemigos alcanzados.{{ spellmodifierdescriptionappend }}","leveltip":{"label":["Costo de @AbilityResourceName@","Enfriamiento","Daño"],"effect":["{{ cost }} -> {{ costNL }}","{{ cooldown }} -> {{ cooldownNL }}","{{ basedamage }} -> {{ basedamageNL }}"]},"maxrank":5,"cooldown":[8,7,6,5,4],"cooldownBurn":"8/7/6/5/4","cost":[45,50,55,60,65],"costBurn":"45/50/55/60/65","datavalues":{},"effect":[null,[0,0,0,0,0],[0,0,0,0,0],[0,0,0,0,0],[0,0,0,0,0],[0,0,0,0,0],[0,0,0,0,0],[0,0,0,0,0],[0,0,0,0,0],[0,0,0,0,0],[0,0,0,0,0]],"effectBurn":[null,"0","0","0","0","0","0","0","0","0","0"],"vars":[],"costType":" de {{ abilityresourcename }}","maxammo":"-1","range":[1200,1200,1200,1200,1200],"rangeBurn":"1200","image":{"full":"VexQ.png","sprite":"spell15.png","group":"spell","x":96,"y":0,"w":48,"h":48},"resource":"{{ cost }} de {{ abilityresourcename }}"},{"id":"VexW","name":"Espacio Personal","description":"Obtiene un escudo y daña a los enemigos cercanos.","tooltip":"Vex obtiene un <shield>{{ shieldcalc }} Escudo</shield> durante {{ shieldduration }} seg y emite una onda expansiva que inflige <magicDamage>{{ wdamagecalc }} de daño mágico</magicDamage>.<br /><br />Consume <keywordMajor>Pesar</keywordMajor> en los enemigos alcanzados.{{ spellmodifierdescriptionappend }}","leveltip":{"label":["Daño","Cantidad de escudo","Enfriamiento"],"effect":["{{ basedamage }} -> {{ basedamageNL }}","{{ shieldamount }} -> {{ shieldamountNL }}","{{ cooldown }} -> {{ cooldownNL }}"]},"maxrank":5,"cooldown":[16,15,14,13,12],"cooldownBurn":"16/15/14/13/12","cost":[75,75,75,75,75],"costBurn":"75","datavalues":{},"effect":[null,[0,0,0,0,0],[0,0,0,0,0],[0,0,0,0,0],[0,0,0,0,0],[0,0,0,0,0],[0,0,0,0,0],[0,0,0,0,0],[0,0,0,0,0],[0,0,0,0,0],[0,0,0,0,0]],"effectBurn":[null,"0","0","0","0","0","0","0","0","0","0"],"vars":[],"costType":" de {{ abilityresourcename }}","maxammo":"-1","range":[475,475,475,475,475],"rangeBurn":"475","image":{"full":"VexW.png","sprite":"spell15.png","group":"spell","x":144,"y":0,"w":48,"h":48},"resource":"{{ cost }} de {{ abilityresourcename }}"},{"id":"VexE","name":"Amenaza Umbría","description":"Invoca una zona dañina y ralentizadora que aplica Pesar a los enemigos.","tooltip":"Vex ordena a Sombra volar hasta una ubicación y aumenta su tamaño en el camino. Al llegar, inflige <magicDamage>{{ edamagecalc }} de daño mágico</magicDamage> y <status>Ralentiza</status> en un {{ slowamount*100 }}% durante {{ slowduration }} seg.<br /><br />Aplica <keywordMajor>Pesar</keywordMajor> a los enemigos alcanzados.{{ spellmodifierdescriptionappend }}","leveltip":{"label":["Daño","Ralentización","Tasa de PH total"],"effect":["{{ basedamage }} -> {{ basedamageNL }}","{{ slowamount*100.000000 }}% -> {{ slowamountnl*100.000000 }}%","{{ apratio*100.000000 }} -> {{ aprationl*100.000000 }}"]},"maxrank":5,"cooldown":[13,13,13,13,13],"cooldownBurn":"13","cost":[70,80,90,100,110],"costBurn":"70/80/90/100/110","datavalues":{},"effect":[null,[0,0,0,0,0],[0,0,0,0,0],[0,0,0,0,0],[0,0,0,0,0],[0,0,0,0,0],[0,0,0,0,0],[0,0,0,0,0],[0,0,0,0,0],[0,0,0,0,0],[0,0,0,0,0]],"effectBurn":[null,"0","0","0","0","0","0","0","0","0","0"],"vars":[],"costType":" de {{ abilityresourcename }}","maxammo":"-1","range":[800,800,800,800,800],"rangeBurn":"800","image":{"full":"VexE.png","sprite":"spell15.png","group":"spell","x":192,"y":0,"w":48,"h":48},"resource":"{{ cost }} de {{ abilityresourcename }}"},{"id":"VexR","name":"¡Haz lo tuyo, Sombra!","description":"Dispara un misil que marca a un campeón enemigo.  Vuelve a lanzarla para desplazarte hacia ellos e infligirles daño.","tooltip":"Sombra se lanza con entusiasmo hacia adelante e inflige <magicDamage>{{ spell.vexr:rdamagecalc }} de daño mágico</magicDamage> y marca al primer campeón enemigo alcanzado durante 4 seg.<br /><br /><recast>Relanzamiento</recast>: Se desplaza hacia el campeón marcado e inflige <magicDamage>{{ spell.vexr:recastdamagecalc }} de daño mágico</magicDamage> al llegar.<br /><br />Si el campeón marcado muere dentro de {{ spell.vexr:takedownwindow }} seg tras recibir daño de esta habilidad, su enfriamiento se restablece temporalmente.{{ spellmodifierdescriptionappend }}","leveltip":{"label":["Enfriamiento","Daño","Daño secundario","Alcance"],"effect":["{{ cooldown }} -> {{ cooldownNL }}","{{ basedamage }} -> {{ basedamageNL }}","{{ recastdamage }} -> {{ recastdamageNL }}","{{ castrange }} -> {{ castrangeNL }}"]},"maxrank":3,"cooldown":[140,120,100],"cooldownBurn":"140/120/100","cost":[100,100,100],"costBurn":"100","datavalues":{},"effect":[null,[0,0,0],[0,0,0],[0,0,0],[0,0,0],[0,0,0],[0,0,0],[0,0,0],[0,0,0],[0,0,0],[0,0,0]],"effectBurn":[null,"0","0","0","0","0","0","0","0","0","0"],"vars":[],"costType":" de {{ abilityresourcename }}","maxammo":"-1","range":[2000,2500,3000],"rangeBurn":"2000/2500/3000","image":{"full":"VexR.png","sprite":"spell15.png","group":"spell","x":240,"y":0,"w":48,"h":48},"resource":"{{ cost }} de {{ abilityresourcename }}"}],"passive":{"name":"Pena y Pesar","description":"Vex se potencia de forma periódica, lo que hace que su siguiente habilidad básica asuste a los enemigos e interrumpa los desplazamientos. Cada vez que un enemigo cercano se desplaza, Vex aplica una marca que se puede consumir para infligir daño adicional que también reduce el enfriamiento de su estado potenciado.","image":{"full":"Icons_Vex_Passive.png","sprite":"passive4.png","group":"passive","x":288,"y":96,"w":48,"h":48}},"recommended":[]}}}