{"type":"champion","format":"standAloneComplex","version":"14.3.1","data":{"Vi":{"id":"Vi","key":"254","name":"Vi","title":"la Vigilante de Piltóver","image":{"full":"Vi.png","sprite":"champion4.png","group":"champion","x":336,"y":96,"w":48,"h":48},"skins":[{"id":"254000","num":0,"name":"default","chromas":false},{"id":"254001","num":1,"name":"Vi Golpe de Neón","chromas":false},{"id":"254002","num":2,"name":"Oficial Vi","chromas":true},{"id":"254003","num":3,"name":"Vi Galante","chromas":false},{"id":"254004","num":4,"name":"Vi Demoniaca","chromas":false},{"id":"254005","num":5,"name":"Vi Reinos en Guerra","chromas":false},{"id":"254011","num":11,"name":"PROYECTO: Vi","chromas":false},{"id":"254012","num":12,"name":"Vi Rompecorazones","chromas":true},{"id":"254020","num":20,"name":"Vi PsyOps","chromas":true},{"id":"254029","num":29,"name":"Vi Arcane","chromas":false},{"id":"254030","num":30,"name":"Vi Mal de Amores","chromas":true},{"id":"254039","num":39,"name":"Vi Emboscada Primigenia","chromas":true}],"lore":"Vi es una antigua criminal de las calles de Zaun impulsiva e imponente con un respeto hacia las autoridades casi nulo. Vi creció sola y desarrolló un instinto de supervivencia muy fino, así como un sentido del humor retorcido. Ahora trabaja con los Protectores de Piltóver para mantener la paz y utiliza unos poderosos guanteletes hextech que pueden atravesar muros y golpear a los sospechosos con la misma facilidad.","blurb":"Vi es una antigua criminal de las calles de Zaun impulsiva e imponente con un respeto hacia las autoridades casi nulo. Vi creció sola y desarrolló un instinto de supervivencia muy fino, así como un sentido del humor retorcido. Ahora trabaja con los...","allytips":["Una Rompebóvedas completamente cargada infligirá el doble de daño. Es genial para atrapar y aniquilar a los enemigos que huyen.","Fuerza Implacable inflige daño completo a cualquiera que quede atrapado en la onda de choque. Úsala contra súbditos en el carril para impactar a los enemigos que se esconden detrás de ellos.","Cesar y Desistir es una poderosa herramienta de iniciación, pero recuerda no adelantarte mucho al resto de tu equipo."],"enemytips":["Un Rompebóvedas completamente cargado inflige el doble de daño. Si ves que Vi empieza a cargar, aléjate o intenta evitarlo.","Destrozará tu Armadura y ganará Velocidad de Ataque si consigue golpearte en tres ocasiones consecutivas. Intenta evitar los intercambios largos de golpes contra ella.","No se puede detener a Vi mientras usa su definitiva. Recuerda que debes reservar tus efectos de control de adversario para cuando haya acabado de cargar."],"tags":["Fighter","Assassin"],"partype":"Maná","info":{"attack":8,"defense":5,"magic":3,"difficulty":4},"stats":{"hp":655,"hpperlevel":99,"mp":295,"mpperlevel":65,"movespeed":340,"armor":30,"armorperlevel":4.7,"spellblock":32,"spellblockperlevel":2.05,"attackrange":125,"hpregen":10,"hpregenperlevel":1,"mpregen":8,"mpregenperlevel":0.65,"crit":0,"critperlevel":0,"attackdamage":63,"attackdamageperlevel":3,"attackspeedperlevel":2,"attackspeed":0.644},"spells":[{"id":"ViQ","name":"Rompebóvedas","description":"Vi carga sus guanteletes y lanza un puñetazo despedazador cuyo impulso la arrastra hacia delante. Los enemigos a los que golpee se ven desplazados hacia atrás y reciben una acumulación de Golpes Abollantes.","tooltip":"<charge>Inicio de carga:</charge> Vi comienza a cargar un poderoso golpe, lo que la <status>ralentiza</status> un {{ e4 }}%.<br /><br /><release>Lanzamiento:</release> Vi se desplaza hacia adelante e inflige entre <physicalDamage>{{ totaldamage }} y {{ maxdamagetooltip }} de daño físico</physicalDamage> según el tiempo de carga, además de aplicar <spellName>Golpes Abollantes</spellName> a todos los enemigos impactados. Vi se detiene al chocar contra un campeón enemigo y lo <status>lanza</status> hacia <status>atrás</status>.{{ spellmodifierdescriptionappend }}","leveltip":{"label":["Daño mínimo","Daño máximo","Enfriamiento","Costo de @AbilityResourceName@"],"effect":["{{ mindamage }} -> {{ mindamageNL }}","{{ mindamage*2.000000 }} -> {{ mindamagenl*2.000000 }}","{{ cooldown }} -> {{ cooldownNL }}","{{ cost }} -> {{ costNL }}"]},"maxrank":5,"cooldown":[12,10.5,9,7.5,6],"cooldownBurn":"12/10.5/9/7.5/6","cost":[50,60,70,80,90],"costBurn":"50/60/70/80/90","datavalues":{},"effect":[null,[55,80,105,130,155],[2,2,2,2,2],[1,1,1,1,1],[15,15,15,15,15],[6,6,6,6,6],[5,5,5,5,5],[0,0,0,0,0],[0,0,0,0,0],[0,0,0,0,0],[0,0,0,0,0]],"effectBurn":[null,"55/80/105/130/155","2","1","15","6","5","0","0","0","0"],"vars":[],"costType":" de {{ abilityresourcename }}","maxammo":"-1","range":[250,250,250,250,250],"rangeBurn":"250","image":{"full":"ViQ.png","sprite":"spell15.png","group":"spell","x":288,"y":0,"w":48,"h":48},"resource":"{{ cost }} de {{ abilityresourcename }}"},{"id":"ViW","name":"Golpes Abollantes","description":"Vi rompe a puñetazos la Armadura de su rival, lo que le inflige daño adicional y le otorga a ella Velocidad de Ataque.","tooltip":"<spellPassive>Pasiva:</spellPassive> Cada tercer ataque al mismo objetivo inflige <physicalDamage>{{ totaldamagetooltip }} de Vida Máxima como daño físico</physicalDamage> adicional, elimina un <scaleArmor>{{ e3 }}% de Armadura</scaleArmor> y le otorga a Vi un <attackSpeed>{{ e2 }}% de Velocidad de Ataque</attackSpeed> durante {{ e4 }} seg. Además reduce el enfriamiento restante de <spellName>Escudo Explosivo</spellName> en {{ spell.vipassive:cdreductionon3hit }} seg.{{ spellmodifierdescriptionappend }}","leveltip":{"label":["Daño de vida máxima","Velocidad de ataque"],"effect":["{{ e1 }}% -> {{ e1NL }}%","{{ e2 }}% -> {{ e2NL }}%"]},"maxrank":5,"cooldown":[0,0,0,0,0],"cooldownBurn":"0","cost":[0,0,0,0,0],"costBurn":"0","datavalues":{},"effect":[null,[4,5.5,7,8.5,10],[30,37.5,45,52.5,60],[20,20,20,20,20],[4,4,4,4,4],[300,300,300,300,300],[4,4,4,4,4],[0.0286,0.0286,0.0286,0.0286,0.0286],[0,0,0,0,0],[0,0,0,0,0],[0,0,0,0,0]],"effectBurn":[null,"4/5.5/7/8.5/10","30/37.5/45/52.5/60","20","4","300","4","0.03","0","0","0"],"vars":[],"costType":"Pasiva","maxammo":"-1","range":[750,750,750,750,750],"rangeBurn":"750","image":{"full":"ViW.png","sprite":"spell15.png","group":"spell","x":336,"y":0,"w":48,"h":48},"resource":"Pasiva"},{"id":"ViE","name":"Fuerza Implacable","description":"El siguiente ataque de Vi atraviesa a sus enemigos con un rayo, lo que inflige daño a los enemigos que tiene detrás.","tooltip":"El siguiente ataque de Vi inflige <physicalDamage>{{ totaldamagetooltip }} de daño físico</physicalDamage> al objetivo y a los enemigos detrás de él.<br /><br />Esta habilidad tiene 2 cargas ({{ ammorechargetime }} seg de recarga).{{ spellmodifierdescriptionappend }}","leveltip":{"label":["Daño","Tiempo de carga","Costo de @AbilityResourceName@"],"effect":["{{ e1 }} -> {{ e1NL }}","{{ ammorechargetime }} -> {{ ammorechargetimeNL }}","{{ cost }} -> {{ costNL }}"]},"maxrank":5,"cooldown":[1,1,1,1,1],"cooldownBurn":"1","cost":[26,32,38,44,50],"costBurn":"26/32/38/44/50","datavalues":{},"effect":[null,[0,15,30,45,60],[1.2,1.2,1.2,1.2,1.2],[50,50,50,50,50],[1.5,1.5,1.5,1.5,1.5],[6,6,6,6,6],[1,1,1,1,1],[0,0,0,0,0],[0,0,0,0,0],[0,0,0,0,0],[0,0,0,0,0]],"effectBurn":[null,"0/15/30/45/60","1.2","50","1.5","6","1","0","0","0","0"],"vars":[],"costType":" de {{ abilityresourcename }}","maxammo":"2","range":[400,400,400,400,400],"rangeBurn":"400","image":{"full":"ViE.png","sprite":"spell15.png","group":"spell","x":384,"y":0,"w":48,"h":48},"resource":"{{ cost }} de {{ abilityresourcename }}"},{"id":"ViR","name":"Cesar y Desistir","description":"Vi se lanza hacia un enemigo, apartando a un lado a todo el que se cruza en su camino. Cuando alcanza al objetivo, lo lanza por el aire, salta tras él y lo derriba de un golpe.","tooltip":"Vi enfoca sus ataques en un campeón enemigo para revelarlo y abalanzarse sobre él. Tras llegar a él, Vi lo <status>lanza</status> por el <status>aire</status> durante {{ rstunduration }} seg y le inflige <physicalDamage>{{ damage }} de daño físico</physicalDamage>.<br /><br />Cualquier otro enemigo que Vi impacte recibirá daño, lo lanzará a un lado y quedará <status>aturdido</status> durante {{ secondarytargetstunduration }} seg.{{ spellmodifierdescriptionappend }}","leveltip":{"label":["Daño básico","Enfriamiento","Costo de @AbilityResourceName@"],"effect":["{{ rbasedamage }} -> {{ rbasedamageNL }}","{{ cooldown }} -> {{ cooldownNL }}","{{ cost }} -> {{ costNL }}"]},"maxrank":3,"cooldown":[140,115,90],"cooldownBurn":"140/115/90","cost":[100,125,150],"costBurn":"100/125/150","datavalues":{},"effect":[null,[0,0,0],[0,0,0],[0,0,0],[0,0,0],[0,0,0],[0,0,0],[0,0,0],[0,0,0],[0,0,0],[0,0,0]],"effectBurn":[null,"0","0","0","0","0","0","0","0","0","0"],"vars":[],"costType":" de {{ abilityresourcename }}","maxammo":"-1","range":[800,800,800],"rangeBurn":"800","image":{"full":"ViR.png","sprite":"spell15.png","group":"spell","x":432,"y":0,"w":48,"h":48},"resource":"{{ cost }} de {{ abilityresourcename }}"}],"passive":{"name":"Escudo Explosivo","description":"Vi carga un escudo con el tiempo. Puede activar el escudo al atacar a un enemigo con una habilidad.","image":{"full":"ViPassive.png","sprite":"passive4.png","group":"passive","x":336,"y":96,"w":48,"h":48}},"recommended":[]}}}