{"type":"champion","format":"standAloneComplex","version":"14.3.1","data":{"Viego":{"id":"Viego","key":"234","name":"Viego","title":"El Rey Arruinado","image":{"full":"Viego.png","sprite":"champion4.png","group":"champion","x":384,"y":96,"w":48,"h":48},"skins":[{"id":"234000","num":0,"name":"default","chromas":false},{"id":"234001","num":1,"name":"Viego Bestia Lunar","chromas":true},{"id":"234010","num":10,"name":"Viego Disonancia de Pentakill","chromas":false},{"id":"234019","num":19,"name":"Viego EDG","chromas":false},{"id":"234021","num":21,"name":"Rey Viego","chromas":false},{"id":"234030","num":30,"name":"Viego Peleador Álmico","chromas":false}],"lore":"Otrora gobernante de un reino perdido en el tiempo, Viego falleció hace mas de mil años cuando su intento de regresar a su esposa de la muerte desencadenó la catástrofe mágica conocida como la Ruina. Transformado en un espectro poderoso y desprovisto de vida, y torturado por el anhelo obsesivo de su reina muerta hace siglos, Viego ahora es el Rey Arruinado. Controla a los letales Harrowings a la vez que explora Runaterra en búsqueda de cualquier cosa que pueda, algún día, traer de regreso a su esposa. Además, destruye todo a su paso mientras la Niebla Negra brota sin cesar de su cruel y roto corazón.","blurb":"Otrora gobernante de un reino perdido en el tiempo, Viego falleció hace mas de mil años cuando su intento de regresar a su esposa de la muerte desencadenó la catástrofe mágica conocida como la Ruina. Transformado en un espectro poderoso y desprovisto de...","allytips":[],"enemytips":[],"tags":["Assassin","Fighter"],"partype":"Ninguno","info":{"attack":6,"defense":4,"magic":2,"difficulty":5},"stats":{"hp":630,"hpperlevel":109,"mp":10000,"mpperlevel":0,"movespeed":345,"armor":34,"armorperlevel":5.2,"spellblock":32,"spellblockperlevel":2.05,"attackrange":200,"hpregen":7,"hpregenperlevel":0.7,"mpregen":0,"mpregenperlevel":0,"crit":0,"critperlevel":0,"attackdamage":57,"attackdamageperlevel":3.5,"attackspeedperlevel":2.5,"attackspeed":0.658},"spells":[{"id":"ViegoQ","name":"Espada del Rey Arruinado","description":"La espada espectral de Viego inflige daño adicional <OnHit>al impacto</OnHit> igual a un porcentaje de la vida actual de forma pasiva y ataca dos veces a los enemigos que haya impactado recientemente con una habilidad para robarles vida.<br><br>Viego puede activar esta habilidad para realizar una estocada con su mandoble y empalar a los enemigos delante de él.","tooltip":" <spellPassive>Pasiva:</spellPassive> Los ataques de Viego infligen un <physicalDamage>{{ totalpercenthealthonhit }} de la Vida actual como daño físico</physicalDamage> adicional. Su primer ataque contra un enemigo al que haya dañado recientemente con una habilidad impactará por segunda vez, lo que infligirá <physicalDamage>{{ secondattackdamage }} de daño físico</physicalDamage> y restaurará un <healing>{{ healmodvschamps*100% }}% del daño infligido como Vida</healing>. Estos efectos adicionales se mantienen durante la <keywordMajor>posesión</keywordMajor>.<br /><br /><spellActive>Activa: </spellActive>Viego realiza una estocada hacia adelante para infligir <physicalDamage>{{ totaldamage }} de daño físico</physicalDamage>.{{ spellmodifierdescriptionappend }}","leveltip":{"label":["Daño","% de Vida actual","Daño de vida mínimo actual","Enfriamiento"],"effect":["{{ damage }} -> {{ damageNL }}","{{ percenthealthonhit }}% -> {{ percenthealthonhitNL }}%","{{ mindamageonhit }} -> {{ mindamageonhitNL }}","{{ cooldown }} -> {{ cooldownNL }}"]},"maxrank":5,"cooldown":[5,4.5,4,3.5,3],"cooldownBurn":"5/4.5/4/3.5/3","cost":[0,0,0,0,0],"costBurn":"0","datavalues":{},"effect":[null,[0,0,0,0,0],[0,0,0,0,0],[0,0,0,0,0],[0,0,0,0,0],[0,0,0,0,0],[0,0,0,0,0],[0,0,0,0,0],[0,0,0,0,0],[0,0,0,0,0],[0,0,0,0,0]],"effectBurn":[null,"0","0","0","0","0","0","0","0","0","0"],"vars":[],"costType":"Sin costo","maxammo":"-1","range":[600,600,600,600,600],"rangeBurn":"600","image":{"full":"ViegoQ.png","sprite":"spell15.png","group":"spell","x":0,"y":48,"w":48,"h":48},"resource":"Sin costo"},{"id":"ViegoW","name":"Fauces Espectrales","description":"Viego carga antes de desplazarse hacia adelante y libera una bola de Niebla Negra concentrada que aturde al primer enemigo alcanzado.","tooltip":"<charge>Inicio de carga:</charge> Viego comienza a recolectar Niebla, lo que lo <status>ralentiza</status> un {{ selfslowpercent*100 }}%.<br /><br /><release>Lanzamiento:</release> Viego se desplaza hacia adelante y arroja la Niebla recolectada. Inflige <magicDamage>{{ totaldamage }} de daño mágico</magicDamage> y <status>aturde</status> al primer enemigo alcanzado de {{ stunduration }} a {{ maxstuntt }} seg según el tiempo de carga.<br />{{ spellmodifierdescriptionappend }}","leveltip":{"label":["Daño"],"effect":["{{ damage }} -> {{ damageNL }}"]},"maxrank":5,"cooldown":[8,8,8,8,8],"cooldownBurn":"8","cost":[0,0,0,0,0],"costBurn":"0","datavalues":{},"effect":[null,[0,0,0,0,0],[0,0,0,0,0],[0,0,0,0,0],[0,0,0,0,0],[0,0,0,0,0],[0,0,0,0,0],[0,0,0,0,0],[0,0,0,0,0],[0,0,0,0,0],[0,0,0,0,0]],"effectBurn":[null,"0","0","0","0","0","0","0","0","0","0"],"vars":[],"costType":"Sin costo","maxammo":"-1","range":[400,400,400,400,400],"rangeBurn":"400","image":{"full":"ViegoW.png","sprite":"spell15.png","group":"spell","x":48,"y":48,"w":48,"h":48},"resource":"Sin costo"},{"id":"ViegoE","name":"Sendero Arruinado","description":"Viego ordena a la Niebla Negra que vigile y rodee una parte del terreno. Viego puede esconderse en la Niebla como un espectro y así obtener camuflaje, velocidad de movimiento y velocidad de ataque.","tooltip":"Viego envía a un espectro a vigilar el primer terreno impactado y lo rodea de Niebla durante {{ mistduration }} seg. Viego obtiene <keywordStealth>camuflaje</keywordStealth>, un <speed>{{ totalmovespeed }} de Velocidad de Movimiento</speed> y un <attackSpeed>{{ attackspeed*100 }}% de Velocidad de Ataque</attackSpeed> al estar dentro de la Niebla.{{ spellmodifierdescriptionappend }}","leveltip":{"label":["Velocidad de movimiento","Velocidad de ataque","Enfriamiento"],"effect":["{{ movespeed*100.000000 }}% -> {{ movespeednl*100.000000 }}%","{{ attackspeed*100.000000 }}% -> {{ attackspeednl*100.000000 }}%","{{ cooldown }} -> {{ cooldownNL }}"]},"maxrank":5,"cooldown":[14,12,10,8,6],"cooldownBurn":"14/12/10/8/6","cost":[0,0,0,0,0],"costBurn":"0","datavalues":{},"effect":[null,[0,0,0,0,0],[0,0,0,0,0],[0,0,0,0,0],[0,0,0,0,0],[0,0,0,0,0],[0,0,0,0,0],[0,0,0,0,0],[0,0,0,0,0],[0,0,0,0,0],[0,0,0,0,0]],"effectBurn":[null,"0","0","0","0","0","0","0","0","0","0"],"vars":[],"costType":"Sin costo","maxammo":"-1","range":[750,750,750,750,750],"rangeBurn":"750","image":{"full":"ViegoE.png","sprite":"spell15.png","group":"spell","x":96,"y":48,"w":48,"h":48},"resource":"Sin costo"},{"id":"ViegoR","name":"Rompecorazones","description":"Viego se teletransporta a un lugar cercano y ejecuta a un campeón enemigo al llegar, perforando su corazón y causando una onda de choque destructiva a su alrededor que repele a sus aliados.","tooltip":"Viego descarta cualquier alma que esté actualmente bajo su <keywordMajor>posesión</keywordMajor> y se teletransporta. Al llegar, ataca al campeón con el menor porcentaje de vida para <status>ralentizarlo</status> un {{ slowpercent*100 }}% e infligir <physicalDamage>{{ totaldamage }} + {{ totalpercenthealth }}% de la Vida faltante como daño físico</physicalDamage>. <status>Lanza hacia atrás</status> al resto de los enemigos cercanos, los cuales reciben <physicalDamage>{{ totaldamage }} de daño físico</physicalDamage>.{{ spellmodifierdescriptionappend }}","leveltip":{"label":["Daño de vida faltante","Enfriamiento"],"effect":["{{ maxhealthdamage }}% -> {{ maxhealthdamageNL }}%","{{ cooldown }} -> {{ cooldownNL }}"]},"maxrank":3,"cooldown":[120,100,80],"cooldownBurn":"120/100/80","cost":[0,0,0],"costBurn":"0","datavalues":{},"effect":[null,[0,0,0],[0,0,0],[0,0,0],[0,0,0],[0,0,0],[0,0,0],[0,0,0],[0,0,0],[0,0,0],[0,0,0]],"effectBurn":[null,"0","0","0","0","0","0","0","0","0","0"],"vars":[],"costType":"Sin costo","maxammo":"-1","range":[500,500,500],"rangeBurn":"500","image":{"full":"ViegoR.png","sprite":"spell15.png","group":"spell","x":144,"y":48,"w":48,"h":48},"resource":"Sin costo"}],"passive":{"name":"Dominio del Soberano","description":"Los enemigos que caen ante Viego se convierten en espectros. Viego se apodera por un momento del cuerpo del enemigo muerto cuando ataca a un espectro, con lo que se cura un porcentaje de la vida máxima de su objetivo y obtiene acceso a sus habilidades básicas y objetos. Reemplaza su definitiva por un lanzamientos sin costo de su propia definitiva.","image":{"full":"Viego_Passive.png","sprite":"passive4.png","group":"passive","x":384,"y":96,"w":48,"h":48}},"recommended":[]}}}