{"type":"champion","format":"standAloneComplex","version":"14.3.1","data":{"Vladimir":{"id":"Vladimir","key":"8","name":"Vladimir","title":"el Segador Carmesí","image":{"full":"Vladimir.png","sprite":"champion5.png","group":"champion","x":0,"y":0,"w":48,"h":48},"skins":[{"id":"8000","num":0,"name":"default","chromas":false},{"id":"8001","num":1,"name":"Conde Vladimir","chromas":false},{"id":"8002","num":2,"name":"Marqués Vladimir","chromas":false},{"id":"8003","num":3,"name":"Vladimir Nosferatu","chromas":false},{"id":"8004","num":4,"name":"Vladimir Vándalo","chromas":false},{"id":"8005","num":5,"name":"Vladimir Señor de la Sangre","chromas":false},{"id":"8006","num":6,"name":"Vladimir Robaalmas","chromas":false},{"id":"8007","num":7,"name":"Vladimir Academia","chromas":false},{"id":"8008","num":8,"name":"Vladimir Aguas Oscuras","chromas":true},{"id":"8014","num":14,"name":"Vladimir Portador del Anochecer","chromas":true},{"id":"8021","num":21,"name":"Vladimir Devorador Cósmico","chromas":true},{"id":"8030","num":30,"name":"Vladimir Monerías de Café","chromas":true},{"id":"8039","num":39,"name":"Vladimir Pacto Quebrantado","chromas":true}],"lore":"Vladimir, un demonio con sed de sangre mortal, ha influenciado la política de Noxus desde los primeros días del imperio. Además de extender su vida de manera sobrenatural, su maestría de la hemomancia le permite controlar las mentes y cuerpos de otros tan fácil como los suyos. En las extravagantes salas de la aristocracia de Noxus, esto le ha permitido hacerse de una fama y personalidad a su alrededor mientras que en los callejones más bajos le permite desangrar a sus enemigos hasta secarlos.","blurb":"Vladimir, un demonio con sed de sangre mortal, ha influenciado la política de Noxus desde los primeros días del imperio. Además de extender su vida de manera sobrenatural, su maestría de la hemomancia le permite controlar las mentes y cuerpos de otros...","allytips":["Transfusión inflige daño en el enemigo de manera instantánea antes de curar a Vladimir, lo que la convierte en una de las mejores herramientas para rematar en el juego.","Lanza Hemoplaga donde pueda afectar el mayor número de unidades.","Charco de Sangre hace explotar los misiles que se aproximen, por lo que puede ser usada para esquivar inhabilitaciones."],"enemytips":["Intenta acabar con Vladimir antes que detone la Hemoplaga, ya que se cura por cada campeón enemigo afectado.","Si Vladimir utiliza Charco de Sangre al inicio de un combate, maximiza el costo de vida de la habilidad.","Los objetos que contrarrestan la acumulación de vida, como El Tormento de Liandry o Espada del Rey Arruinado, son muy eficaces contra Vladimir."],"tags":["Mage"],"partype":"Impulso Carmesí","info":{"attack":2,"defense":6,"magic":8,"difficulty":7},"stats":{"hp":607,"hpperlevel":110,"mp":2,"mpperlevel":0,"movespeed":330,"armor":27,"armorperlevel":4.5,"spellblock":30,"spellblockperlevel":1.3,"attackrange":450,"hpregen":7,"hpregenperlevel":0.6,"mpregen":0,"mpregenperlevel":0,"crit":0,"critperlevel":0,"attackdamage":55,"attackdamageperlevel":3,"attackspeedperlevel":2,"attackspeed":0.658},"spells":[{"id":"VladimirQ","name":"Transfusión","description":"Vladimir le roba vida a un enemigo. Cuando la barra de recursos de Vladimir esté llena, la Transfusión tendrá un aumento masivo de daño y curación por un breve periodo.","tooltip":"Vladimir drena la fuerza vital de su objetivo, lo que inflige <magicDamage>{{ basedamagetooltip }} de daño mágico</magicDamage> y restaura <healing>{{ basehealtooltip }} de Vida</healing>. Tras usar esta habilidad dos veces, Vladimir obtiene un <speed>{{ movementspeedonq2 }}% de Velocidad de Movimiento</speed> por 0.5 seg y potencia el siguiente uso de esta habilidad por {{ e8 }} seg.<br /><br />La versión potenciada de esta habilidad inflige <magicDamage>{{ empowereddamagetooltip }} de daño mágico</magicDamage> y restaura un <healing>{{ empoweredhealtooltip }} adicional más {{ empoweredhealpercenttooltip }} de la Vida faltante</healing>.{{ spellmodifierdescriptionappend }}","leveltip":{"label":["Daño","Curación","Enfriamiento"],"effect":["{{ e1 }} -> {{ e1NL }}","{{ e2 }} -> {{ e2NL }}","{{ cooldown }} -> {{ cooldownNL }}"]},"maxrank":5,"cooldown":[9,7.9,6.8,5.7,4.6],"cooldownBurn":"9/7.9/6.8/5.7/4.6","cost":[0,0,0,0,0],"costBurn":"0","datavalues":{},"effect":[null,[80,100,120,140,160],[20,25,30,35,40],[0,0,0,0,0],[0,0,0,0,0],[5,5,5,5,5],[0.04,0.04,0.04,0.04,0.04],[85,85,85,85,85],[2.5,2.5,2.5,2.5,2.5],[35,35,35,35,35],[0,0,0,0,0]],"effectBurn":[null,"80/100/120/140/160","20/25/30/35/40","0","0","5","0.04","85","2.5","35","0"],"vars":[],"costType":"Sin costo","maxammo":"-1","range":[600,600,600,600,600],"rangeBurn":"600","image":{"full":"VladimirQ.png","sprite":"spell15.png","group":"spell","x":384,"y":48,"w":48,"h":48},"resource":"Sin costo"},{"id":"VladimirSanguinePool","name":"Charco de Sangre","description":"Vladimir se hunde en un charco de sangre y se vuelve inalcanzable durante 2 seg. Además, los enemigos en el charco quedan ralentizados y Vladimir extrae vida de ellos.","tooltip":"Vladimir se hunde en un charco de sangre durante 2 seg, con lo que obtiene un <speed>37.5% de Velocidad de Movimiento</speed> que decae a lo largo de 1 seg y se vuelve Inalcanzable y Fantasma mientras <status>ralentiza</status> a los enemigos en el charco un {{ e3 }}%.<br /><br />Vladimir inflige <magicDamage>{{ totaldamagetooltip }} de daño mágico</magicDamage> a lo largo del efecto y recupera <healing>Vida igual al {{ e5 }}% del daño infligido</healing>.{{ spellmodifierdescriptionappend }}","leveltip":{"label":["Daño","Enfriamiento"],"effect":["{{ e1 }} -> {{ e1NL }}","{{ cooldown }} -> {{ cooldownNL }}"]},"maxrank":5,"cooldown":[28,25,22,19,16],"cooldownBurn":"28/25/22/19/16","cost":[0,0,0,0,0],"costBurn":"0","datavalues":{},"effect":[null,[80,135,190,245,300],[20,20,20,20,20],[40,40,40,40,40],[10,10,10,10,10],[15,15,15,15,15],[0,0,0,0,0],[0,0,0,0,0],[0,0,0,0,0],[0,0,0,0,0],[0,0,0,0,0]],"effectBurn":[null,"80/135/190/245/300","20","40","10","15","0","0","0","0","0"],"vars":[],"costType":"% de la Vida actual","maxammo":"-1","range":[350,350,350,350,350],"rangeBurn":"350","image":{"full":"VladimirSanguinePool.png","sprite":"spell15.png","group":"spell","x":432,"y":48,"w":48,"h":48},"resource":"Cuesta {{ e2 }}% de la Vida actual"},{"id":"VladimirE","name":"Marea Roja","description":"Vladimir paga su propia vida para cargar una reserva de sangre que, al ser liberada, inflige daño en el área a su alrededor. Las unidades enemigas la pueden bloquear.","tooltip":"<charge>Inicio de carga: </charge>Vladimir carga una reserva de sangre que gasta hasta {{ chargehealthtooltip }} de su Vida. Al tener la carga completa, Vladimir queda <status>ralentizado</status> un 20%.<br /><br /><release>Lanzamiento: </release>Vladimir desata un torrente de misiles de sangre a los enemigos cercanos, lo que inflige de <magicDamage>{{ mindamagetooltip }}</magicDamage> a <magicDamage>{{ maxdamagetooltip }} de daño mágico</magicDamage> según el tiempo de carga. Si cargas esta habilidad al menos 1 seg, también <status>ralentiza</status> a los objetivos un {{ e9 }}% durante 0.5 seg.{{ spellmodifierdescriptionappend }}","leveltip":{"label":["Daño mínimo","Daño máximo","Ralentización","Enfriamiento"],"effect":["{{ e3 }} -> {{ e3NL }}","{{ e0 }} -> {{ e0NL }}","{{ e9 }}% -> {{ e9NL }}%","{{ cooldown }} -> {{ cooldownNL }}"]},"maxrank":5,"cooldown":[13,11,9,7,5],"cooldownBurn":"13/11/9/7/5","cost":[0,0,0,0,0],"costBurn":"0","datavalues":{},"effect":[null,[0,0,0,0,0],[8,8,8,8,8],[30,45,60,75,90],[6,6,6,6,6],[150,150,150,150,150],[0,0,0,0,0],[1.5,1.5,1.5,1.5,1.5],[1,1,1,1,1],[40,45,50,55,60],[60,90,120,150,180]],"effectBurn":[null,"0","8","30/45/60/75/90","6","150","0","1.5","1","40/45/50/55/60","60/90/120/150/180"],"vars":[],"costType":"% de Vida Máxima","maxammo":"-1","range":[600,600,600,600,600],"rangeBurn":"600","image":{"full":"VladimirE.png","sprite":"spell15.png","group":"spell","x":0,"y":96,"w":48,"h":48},"resource":"Costo de canalización {{ e2 }}% de Vida Máxima"},{"id":"VladimirHemoplague","name":"Hemoplaga","description":"Vladimir infecta un área con una plaga virulenta. Los enemigos afectados reciben daño aumentado a lo largo de la duración. Después de unos pocos segundos, Hemoplaga inflige daño mágico a los enemigos infectados y cura a Vladimir por cada campeón enemigo alcanzado.","tooltip":"Vladimir crea una plaga virulenta que provoca que sus víctimas reciban un {{ e2 }}% de daño aumentado de todas las fuentes durante {{ e4 }} seg. Tras expirar, Vladimir inflige <magicDamage>{{ damage }} de daño mágico</magicDamage> a todos los objetivos infectados. Vladimir recupera <healing>{{ damage }} de Vida</healing> al alcanzar a un campeón enemigo y recupera <healing>{{ secondaryhealingtooltip }} de Vida</healing> adicional por cada campeón enemigo alcanzado después del primero.{{ spellmodifierdescriptionappend }}","leveltip":{"label":["Daño"],"effect":["{{ e1 }} -> {{ e1NL }}"]},"maxrank":3,"cooldown":[120,120,120],"cooldownBurn":"120","cost":[0,0,0],"costBurn":"0","datavalues":{},"effect":[null,[150,250,350],[10,10,10],[100,100,100],[4,4,4],[40,40,40],[0,0,0],[0,0,0],[0,0,0],[0,0,0],[0,0,0]],"effectBurn":[null,"150/250/350","10","100","4","40","0","0","0","0","0"],"vars":[],"costType":"Sin costo","maxammo":"-1","range":[625,625,625],"rangeBurn":"625","image":{"full":"VladimirHemoplague.png","sprite":"spell15.png","group":"spell","x":48,"y":96,"w":48,"h":48},"resource":"Sin costo"}],"passive":{"name":"Pacto Carmesí","description":"Cada 30 puntos de Vida adicional otorgan a Vladimir 1 de Poder de Habilidad, y cada 1 punto de Poder de Habilidad otorga a Vladimir 1.6 de Vida adicional (no se acumula consigo mismo).","image":{"full":"VladimirP.png","sprite":"passive5.png","group":"passive","x":0,"y":0,"w":48,"h":48}},"recommended":[]}}}