{
    "type": "champion",
    "format": "standAloneComplex",
    "version": "14.3.1",
    "data": {
        "Volibear": {
            "id": "Volibear",
            "key": "106",
            "name": "Volibear",
            "title": "la Tormenta Implacable",
            "image": {
                "full": "Volibear.png",
                "sprite": "champion5.png",
                "group": "champion",
                "x": 48,
                "y": 0,
                "w": 48,
                "h": 48
            },
            "skins": [
                {
                    "id": "106000",
                    "num": 0,
                    "name": "default",
                    "chromas": false
                },
                {
                    "id": "106001",
                    "num": 1,
                    "name": "Volibear Señor del Trueno",
                    "chromas": false
                },
                {
                    "id": "106002",
                    "num": 2,
                    "name": "Volibear Tormenta del Norte",
                    "chromas": false
                },
                {
                    "id": "106003",
                    "num": 3,
                    "name": "Volibear Guardián Rúnico",
                    "chromas": false
                },
                {
                    "id": "106004",
                    "num": 4,
                    "name": "Capitán Volibear",
                    "chromas": false
                },
                {
                    "id": "106005",
                    "num": 5,
                    "name": "El Rayo Volibear",
                    "chromas": false
                },
                {
                    "id": "106006",
                    "num": 6,
                    "name": "El Oso de Mil Batallas",
                    "chromas": false
                },
                {
                    "id": "106007",
                    "num": 7,
                    "name": "Volibear Dragón de la Dualidad",
                    "chromas": true
                },
                {
                    "id": "106009",
                    "num": 9,
                    "name": "Volibear Dragón de la Dualidad Prestigioso",
                    "chromas": false
                },
                {
                    "id": "106019",
                    "num": 19,
                    "name": "Volibear Tinta Sombría",
                    "chromas": false
                }
            ],
            "lore": "Para quienes aún lo veneran, Volibear es la encarnación de la tormenta. Destructivo, salvaje y con una determinación obstinada, existió antes de que los mortales caminaran sobre la tundra del Fréljord. Protege salvajemente las tierras que él y los demás semidioses de su familia crearon. Tras cultivar un odio profundo hacia la civilización y sus debilidades, ahora pelea para restaurar las viejas costumbres, aquellos tiempos cuando la tierra era indómita y la sangre se derramaba libremente. Combate con avidez a todos aquellos que se le oponen, con garras, dientes y un estruendoso poderío.",
            "blurb": "Para quienes aún lo veneran, Volibear es la encarnación de la tormenta. Destructivo, salvaje y con una determinación obstinada, existió antes de que los mortales caminaran sobre la tundra del Fréljord. Protege salvajemente las tierras que él y los demás...",
            "allytips": [],
            "enemytips": [],
            "tags": [
                "Fighter",
                "Tank"
            ],
            "partype": "Maná",
            "info": {
                "attack": 7,
                "defense": 7,
                "magic": 4,
                "difficulty": 3
            },
            "stats": {
                "hp": 650,
                "hpperlevel": 104,
                "mp": 350,
                "mpperlevel": 70,
                "movespeed": 340,
                "armor": 31,
                "armorperlevel": 5.2,
                "spellblock": 32,
                "spellblockperlevel": 2.05,
                "attackrange": 150,
                "hpregen": 9,
                "hpregenperlevel": 0.75,
                "mpregen": 6.25,
                "mpregenperlevel": 0.5,
                "crit": 0,
                "critperlevel": 0,
                "attackdamage": 60,
                "attackdamageperlevel": 3.5,
                "attackspeedperlevel": 2,
                "attackspeed": 0.625
            },
            "spells": [
                {
                    "id": "VolibearQ",
                    "name": "Choque Estruendoso",
                    "description": "Volibear obtiene velocidad al dirigirse hacia enemigos. <status>Aturdirá</status> e infligirá daño al primero que ataque.",
                    "tooltip": "Volibear obtiene un <speed>{{ minspeedcalc }} de Velocidad de Movimiento</speed> que se duplica hasta un <speed>{{ maxspeedcalc }}</speed> al dirigirse hacia campeones enemigos durante los próximos {{ duration }} seg. Mientras el efecto esté activo, el siguiente ataque de Volibear infligirá <physicalDamage>{{ calculateddamage }} de daño físico</physicalDamage> y <status>aturdirá</status> al objetivo por {{ stunduration }} seg.<br /><br />Volibear se enfurece si un enemigo lo <status>inmoviliza</status> antes de que pueda <status>aturdir</status> a un objetivo, lo que termina la habilidad pero restablece su enfriamiento.{{ spellmodifierdescriptionappend }}",
                    "leveltip": {
                        "label": [
                            "Daño",
                            "Velocidad de movimiento",
                            "Enfriamiento"
                        ],
                        "effect": [
                            "{{ basedamage }} -> {{ basedamageNL }}",
                            "{{ minspeed*100.000000 }}% -> {{ minspeednl*100.000000 }}%",
                            "{{ cooldown }} -> {{ cooldownNL }}"
                        ]
                    },
                    "maxrank": 5,
                    "cooldown": [
                        14,
                        13,
                        12,
                        11,
                        10
                    ],
                    "cooldownBurn": "14/13/12/11/10",
                    "cost": [
                        50,
                        50,
                        50,
                        50,
                        50
                    ],
                    "costBurn": "50",
                    "datavalues": {},
                    "effect": [
                        null,
                        [
                            0,
                            0,
                            0,
                            0,
                            0
                        ],
                        [
                            0,
                            0,
                            0,
                            0,
                            0
                        ],
                        [
                            0,
                            0,
                            0,
                            0,
                            0
                        ],
                        [
                            0,
                            0,
                            0,
                            0,
                            0
                        ],
                        [
                            0,
                            0,
                            0,
                            0,
                            0
                        ],
                        [
                            0,
                            0,
                            0,
                            0,
                            0
                        ],
                        [
                            0,
                            0,
                            0,
                            0,
                            0
                        ],
                        [
                            0,
                            0,
                            0,
                            0,
                            0
                        ],
                        [
                            0,
                            0,
                            0,
                            0,
                            0
                        ],
                        [
                            0,
                            0,
                            0,
                            0,
                            0
                        ]
                    ],
                    "effectBurn": [
                        null,
                        "0",
                        "0",
                        "0",
                        "0",
                        "0",
                        "0",
                        "0",
                        "0",
                        "0",
                        "0"
                    ],
                    "vars": [],
                    "costType": " de {{ abilityresourcename }}",
                    "maxammo": "-1",
                    "range": [
                        300,
                        300,
                        300,
                        300,
                        300
                    ],
                    "rangeBurn": "300",
                    "image": {
                        "full": "VolibearQ.png",
                        "sprite": "spell15.png",
                        "group": "spell",
                        "x": 96,
                        "y": 96,
                        "w": 48,
                        "h": 48
                    },
                    "resource": "{{ cost }} de {{ abilityresourcename }}"
                },
                {
                    "id": "VolibearW",
                    "name": "Zarpazo Frenético",
                    "description": "Volibear inflige daño a un enemigo, además de aplicar efectos al impacto y marcarlo.  Lanzar esta habilidad de nuevo sobre el mismo objetivo le inflige daño adicional y cura a Volibear.",
                    "tooltip": "Volibear ataca a un enemigo, lo que inflige <physicalDamage>{{ totaldamage }} de daño físico</physicalDamage> y lo marca durante {{ markduration }} seg.<br /><br />Si usa esta habilidad contra un enemigo marcado, su daño aumenta a <physicalDamage>{{ empowereddamage }}</physicalDamage> y Volibear se cura <healing>{{ baseheal }} más un {{ percentmissinghealthhealingratio }} de Vida faltante</healing>.{{ spellmodifierdescriptionappend }}",
                    "leveltip": {
                        "label": [
                            "Daño",
                            "Curación básica",
                            "Porcentaje de vida faltante",
                            "Costo de @AbilityResourceName@"
                        ],
                        "effect": [
                            "{{ basedamage }} -> {{ basedamageNL }}",
                            "{{ baseheal }} -> {{ basehealNL }}",
                            "{{ healpercent*100.000000 }}% -> {{ healpercentnl*100.000000 }}%",
                            "{{ cost }} -> {{ costNL }}"
                        ]
                    },
                    "maxrank": 5,
                    "cooldown": [
                        5,
                        5,
                        5,
                        5,
                        5
                    ],
                    "cooldownBurn": "5",
                    "cost": [
                        30,
                        35,
                        40,
                        45,
                        50
                    ],
                    "costBurn": "30/35/40/45/50",
                    "datavalues": {},
                    "effect": [
                        null,
                        [
                            0,
                            0,
                            0,
                            0,
                            0
                        ],
                        [
                            0,
                            0,
                            0,
                            0,
                            0
                        ],
                        [
                            0,
                            0,
                            0,
                            0,
                            0
                        ],
                        [
                            0,
                            0,
                            0,
                            0,
                            0
                        ],
                        [
                            0,
                            0,
                            0,
                            0,
                            0
                        ],
                        [
                            0,
                            0,
                            0,
                            0,
                            0
                        ],
                        [
                            0,
                            0,
                            0,
                            0,
                            0
                        ],
                        [
                            0,
                            0,
                            0,
                            0,
                            0
                        ],
                        [
                            0,
                            0,
                            0,
                            0,
                            0
                        ],
                        [
                            0,
                            0,
                            0,
                            0,
                            0
                        ]
                    ],
                    "effectBurn": [
                        null,
                        "0",
                        "0",
                        "0",
                        "0",
                        "0",
                        "0",
                        "0",
                        "0",
                        "0",
                        "0"
                    ],
                    "vars": [],
                    "costType": " de {{ abilityresourcename }}",
                    "maxammo": "-1",
                    "range": [
                        325,
                        325,
                        325,
                        325,
                        325
                    ],
                    "rangeBurn": "325",
                    "image": {
                        "full": "VolibearW.png",
                        "sprite": "spell15.png",
                        "group": "spell",
                        "x": 144,
                        "y": 96,
                        "w": 48,
                        "h": 48
                    },
                    "resource": "{{ cost }} de {{ abilityresourcename }}"
                },
                {
                    "id": "VolibearE",
                    "name": "Rompecielos",
                    "description": "Volibear invoca un rayo sobre el área objetivo, inflige daño y ralentiza a los enemigos al mismo tiempo que le otorga a Volibear un escudo si se encuentra dentro del radio de explosión.",
                    "tooltip": "Volibear invoca una nube tormentosa que dispara un relámpago, inflige <magicDamage>{{ totaldamagetooltip }} más un {{ percentdamage*100 }}% de la Vida Máxima como daño mágico</magicDamage> y <status>ralentiza</status> un {{ slowamount*100 }}% durante {{ slowduration }} seg.<br /><br />Si Volibear está dentro de la zona de impacto, obtiene un <shield>Escudo de {{ shieldapratiotooltip }} más un {{ shieldamount*100 }}% de la Vida Máxima</shield> durante {{ shieldduration }} seg.{{ spellmodifierdescriptionappend }}",
                    "leveltip": {
                        "label": [
                            "Daño",
                            "Porcentaje de daño"
                        ],
                        "effect": [
                            "{{ basedamage }} -> {{ basedamageNL }}",
                            "{{ percentdamage*100.000000 }}% -> {{ percentdamagenl*100.000000 }}%"
                        ]
                    },
                    "maxrank": 5,
                    "cooldown": [
                        13,
                        13,
                        13,
                        13,
                        13
                    ],
                    "cooldownBurn": "13",
                    "cost": [
                        60,
                        60,
                        60,
                        60,
                        60
                    ],
                    "costBurn": "60",
                    "datavalues": {},
                    "effect": [
                        null,
                        [
                            0,
                            0,
                            0,
                            0,
                            0
                        ],
                        [
                            0,
                            0,
                            0,
                            0,
                            0
                        ],
                        [
                            0,
                            0,
                            0,
                            0,
                            0
                        ],
                        [
                            0,
                            0,
                            0,
                            0,
                            0
                        ],
                        [
                            0,
                            0,
                            0,
                            0,
                            0
                        ],
                        [
                            0,
                            0,
                            0,
                            0,
                            0
                        ],
                        [
                            0,
                            0,
                            0,
                            0,
                            0
                        ],
                        [
                            0,
                            0,
                            0,
                            0,
                            0
                        ],
                        [
                            0,
                            0,
                            0,
                            0,
                            0
                        ],
                        [
                            0,
                            0,
                            0,
                            0,
                            0
                        ]
                    ],
                    "effectBurn": [
                        null,
                        "0",
                        "0",
                        "0",
                        "0",
                        "0",
                        "0",
                        "0",
                        "0",
                        "0",
                        "0"
                    ],
                    "vars": [],
                    "costType": " de {{ abilityresourcename }}",
                    "maxammo": "-1",
                    "range": [
                        1200,
                        1200,
                        1200,
                        1200,
                        1200
                    ],
                    "rangeBurn": "1200",
                    "image": {
                        "full": "VolibearE.png",
                        "sprite": "spell15.png",
                        "group": "spell",
                        "x": 192,
                        "y": 96,
                        "w": 48,
                        "h": 48
                    },
                    "resource": "{{ cost }} de {{ abilityresourcename }}"
                },
                {
                    "id": "VolibearR",
                    "name": "Invocador de Tormentas",
                    "description": "Volibear salta al área objetivo, lo que ralentiza e inflige daño a los enemigos que aplasta; además, le otorga Vida adicional.  Las torres enemigas que estén cerca del área objetivo quedarán desactivadas temporalmente.",
                    "tooltip": "Volibear se transforma y salta para obtener <healing>{{ healthamount }} de Vida</healing> y {{ bonusattackrange }} de alcance de ataque durante los próximos {{ transformduration }} seg.<br /><br />Tras aterrizar, Volibear destruye la tierra, lo que <status>desactiva</status> las torres cercanas durante {{ towerdisableduration }} seg y les inflige <physicalDamage>{{ towerdamagetooltip }} de daño físico</physicalDamage>. Los enemigos cercanos quedan <status>ralentizados</status> un {{ slowamount*100 }}%, que decae a lo largo de 1 seg. Los enemigos que estén directamente debajo de Volibear reciben <physicalDamage>{{ sweetspotdamagetooltip }} de daño físico</physicalDamage>.{{ spellmodifierdescriptionappend }}",
                    "leveltip": {
                        "label": [
                            "Daño",
                            "Vida adicional",
                            "Duración de desactivación de torres",
                            "Enfriamiento"
                        ],
                        "effect": [
                            "{{ sweetspotdamage }} -> {{ sweetspotdamageNL }}",
                            "{{ healthamount }} -> {{ healthamountNL }}",
                            "{{ towerdisableduration }} -> {{ towerdisabledurationNL }}",
                            "{{ cooldown }} -> {{ cooldownNL }}"
                        ]
                    },
                    "maxrank": 3,
                    "cooldown": [
                        160,
                        140,
                        120
                    ],
                    "cooldownBurn": "160/140/120",
                    "cost": [
                        100,
                        100,
                        100
                    ],
                    "costBurn": "100",
                    "datavalues": {},
                    "effect": [
                        null,
                        [
                            75,
                            115,
                            155
                        ],
                        [
                            9,
                            9,
                            9
                        ],
                        [
                            12,
                            12,
                            12
                        ],
                        [
                            8,
                            8,
                            8
                        ],
                        [
                            0.08,
                            0.08,
                            0.08
                        ],
                        [
                            0,
                            0,
                            0
                        ],
                        [
                            0,
                            0,
                            0
                        ],
                        [
                            0,
                            0,
                            0
                        ],
                        [
                            0,
                            0,
                            0
                        ],
                        [
                            0,
                            0,
                            0
                        ]
                    ],
                    "effectBurn": [
                        null,
                        "75/115/155",
                        "9",
                        "12",
                        "8",
                        "0.08",
                        "0",
                        "0",
                        "0",
                        "0",
                        "0"
                    ],
                    "vars": [],
                    "costType": " de {{ abilityresourcename }}",
                    "maxammo": "-1",
                    "range": [
                        550,
                        550,
                        550
                    ],
                    "rangeBurn": "550",
                    "image": {
                        "full": "VolibearR.png",
                        "sprite": "spell15.png",
                        "group": "spell",
                        "x": 240,
                        "y": 96,
                        "w": 48,
                        "h": 48
                    },
                    "resource": "{{ cost }} de {{ abilityresourcename }}"
                }
            ],
            "passive": {
                "name": "La Tormenta Implacable",
                "description": "Los ataques y habilidades de Volibear le otorgan velocidad de ataque y sus ataques pueden llegar a infligir daño mágico adicional a enemigos cercanos.",
                "image": {
                    "full": "Volibear_Icon_P.png",
                    "sprite": "passive5.png",
                    "group": "passive",
                    "x": 48,
                    "y": 0,
                    "w": 48,
                    "h": 48
                }
            },
            "recommended": []
        }
    }
}