{"type":"champion","format":"standAloneComplex","version":"14.3.1","data":{"Warwick":{"id":"Warwick","key":"19","name":"Warwick","title":"la Furia Desatada de Zaun","image":{"full":"Warwick.png","sprite":"champion5.png","group":"champion","x":96,"y":0,"w":48,"h":48},"skins":[{"id":"19000","num":0,"name":"default","chromas":false},{"id":"19001","num":1,"name":"Warwick Gris","chromas":true},{"id":"19002","num":2,"name":"Urf el Manatí","chromas":false},{"id":"19003","num":3,"name":"El Warwick Feroz","chromas":false},{"id":"19004","num":4,"name":"Warwick Cazador de la Tundra","chromas":false},{"id":"19005","num":5,"name":"Warwick Salvaje","chromas":false},{"id":"19006","num":6,"name":"Warwick Colmillo de Fuego","chromas":false},{"id":"19007","num":7,"name":"Warwick Hiena","chromas":false},{"id":"19008","num":8,"name":"Warwick Merodeador","chromas":false},{"id":"19009","num":9,"name":"Urfwick","chromas":false},{"id":"19010","num":10,"name":"Warwick Guardián Lunar","chromas":true},{"id":"19016","num":16,"name":"PROYECTO: Warwick","chromas":true},{"id":"19035","num":35,"name":"Warwick Dios Antiguo","chromas":false},{"id":"19045","num":45,"name":"Warwick Favor del Invierno","chromas":false},{"id":"19046","num":46,"name":"Warwick Favor del Invierno Prestigioso","chromas":false}],"lore":"Warwick es un monstruo que ronda por los callejones grises de Zaun. Víctima de agonizantes experimentos, su cuerpo está fusionado con un sistema complejo de cámaras y bombas, una maquinaria que llena sus venas con furia alquímica. Warwick emerge de las sombras y ataca a los criminales que aterrorizan las profundidades de la ciudad. Lo atrae la sangre y su aroma lo vuelve loco. Nadie que la derrame puede escapar de él.","blurb":"Warwick es un monstruo que ronda por los callejones grises de Zaun. Víctima de agonizantes experimentos, su cuerpo está fusionado con un sistema complejo de cámaras y bombas, una maquinaria que llena sus venas con furia alquímica. Warwick emerge de las...","allytips":["Sigue los rastros de tu Cacería de Sangre hasta los campeones enemigos con poca vida.","La distancia de Opresión Infinita (R) aumenta de acuerdo a cualquier Velocidad de Movimiento que obtengas, incluso si proviene de mejoras de aliados y hechizos de invocador.","Fauces de la Bestia (Q) seguirá a los enemigos que huyan, se precipiten o teleporten si mantienes presionada la tecla."],"enemytips":["Los ataques de Warwick lo curan cuando tiene pocos PV. Guarda tus inhabilitadores para acabar con él.","Warwick adquiere más poder contra enemigos heridos. Administra tus PV para mantenerlo a raya.","El alcance de la habilidad definitiva de Warwick se incrementa con su velocidad de movimiento."],"tags":["Fighter","Tank"],"partype":"Maná","info":{"attack":9,"defense":5,"magic":3,"difficulty":3},"stats":{"hp":620,"hpperlevel":99,"mp":280,"mpperlevel":35,"movespeed":335,"armor":33,"armorperlevel":4.4,"spellblock":32,"spellblockperlevel":2.05,"attackrange":125,"hpregen":4,"hpregenperlevel":0.75,"mpregen":7.45,"mpregenperlevel":0.6,"crit":0,"critperlevel":0,"attackdamage":65,"attackdamageperlevel":3,"attackspeedperlevel":2.3,"attackspeed":0.638},"spells":[{"id":"WarwickQ","name":"Fauces de la Bestia","description":"Warwick se lanza hacia adelante y muerde a su objetivo, infligiendo daño basado en sus PV máximos y curando a Warwick en proporción a los daños infligidos.","tooltip":"<tap>Toque:</tap> Warwick se desplaza hacia adelante y muerde, lo que inflige <magicDamage>{{ basebitedamage }} más un {{ targetpercenthpdamage }}% de la Vida Máxima como daño mágico</magicDamage> y <healing>se cura un {{ e3 }}% del daño infligido</healing>.<br /><br /><hold>Mantén:</hold> Warwick se desplaza y sujeta al objetivo con sus garras para saltar detrás de él. Al estar sujeto, Warwick sigue todos los movimientos de su objetivo. Tras liberarlo, inflige la misma cantidad de daño y curación.{{ spellmodifierdescriptionappend }}","leveltip":{"label":["Curación","% de Vida como daño","Costo de @AbilityResourceName@"],"effect":["{{ e3 }}% -> {{ e3NL }}%","{{ targetpercenthpdamage }}% -> {{ targetpercenthpdamageNL }}%","{{ cost }} -> {{ costNL }}"]},"maxrank":5,"cooldown":[6,6,6,6,6],"cooldownBurn":"6","cost":[50,60,70,80,90],"costBurn":"50/60/70/80/90","datavalues":{},"effect":[null,[0,0,0,0,0],[100,150,200,250,300],[25,37.5,50,62.5,75],[150,165,180,195,210],[450,450,450,450,450],[200,200,200,200,200],[300,300,300,300,300],[425,425,425,425,425],[0,0,0,0,0],[0,0,0,0,0]],"effectBurn":[null,"0","100/150/200/250/300","25/37.5/50/62.5/75","150/165/180/195/210","450","200","300","425","0","0"],"vars":[],"costType":" de {{ abilityresourcename }}","maxammo":"-1","range":[350,350,350,350,350],"rangeBurn":"350","image":{"full":"WarwickQ.png","sprite":"spell15.png","group":"spell","x":288,"y":96,"w":48,"h":48},"resource":"{{ cost }} de {{ abilityresourcename }}"},{"id":"WarwickW","name":"Cacería de Sangre","description":"Warwick siente a los enemigos con menos de 50% de vida, con lo que gana velocidad de movimiento y de ataque contra ellos. Cuando la vida de los enemigos cae por debajo de un 20%, Warwick entra en frenesí y estas bonificaciones se triplican.","tooltip":"<spellPassive>Pasiva:</spellPassive> Warwick puede percibir a campeones con menos del 50% de Vida, lo que le otorga un <speed>{{ e1 }}% de Velocidad de Movimiento</speed> hacia ellos y un <attackSpeed>{{ e2 }}% de Velocidad de Ataque</attackSpeed> contra ellos. Estos efectos adicionales aumentan un 250% contra enemigos con menos del 20% de Vida.<br /><br /><spellActive>Activa:</spellActive> Warwick puede percibir por un momento a todos los enemigos para obtener el efecto de la pasiva de esta habilidad contra el campeón más cercano durante 8 seg, sin importar la vida. Warwick no puede usar esta habilidad al estar en combate con campeones.{{ spellmodifierdescriptionappend }}","leveltip":{"label":["Velocidad de movimiento","Velocidad de ataque","Enfriamiento"],"effect":["{{ e1 }}% -> {{ e1NL }}%","{{ e2 }}% -> {{ e2NL }}%","{{ cooldown }} -> {{ cooldownNL }}"]},"maxrank":5,"cooldown":[100,85,70,55,40],"cooldownBurn":"100/85/70/55/40","cost":[70,70,70,70,70],"costBurn":"70","datavalues":{},"effect":[null,[35,42.5,50,57.5,65],[70,80,90,100,110],[10,15,20,25,30],[80,90,100,110,120],[30,30,30,30,30],[8,8,8,8,8],[0,0,0,0,0],[0,0,0,0,0],[0,0,0,0,0],[0,0,0,0,0]],"effectBurn":[null,"35/42.5/50/57.5/65","70/80/90/100/110","10/15/20/25/30","80/90/100/110/120","30","8","0","0","0","0"],"vars":[],"costType":" de {{ abilityresourcename }}","maxammo":"2","range":[4000,4000,4000,4000,4000],"rangeBurn":"4000","image":{"full":"WarwickW.png","sprite":"spell15.png","group":"spell","x":336,"y":96,"w":48,"h":48},"resource":"{{ cost }} de {{ abilityresourcename }}"},{"id":"WarwickE","name":"Aullido Primigenio","description":"Warwick recibe daño reducido por 2,5 seg. Al finalizar, o si se activa de nuevo, Warwick aúlla y hace que los enemigos cercanos huyan de miedo por 1 seg.","tooltip":"Warwick obtiene una reducción de daño del {{ e1 }}% durante 2.5 seg. Después de que termina, Warwick aúlla, lo que <status>Aterroriza</status> a los enemigos cercanos por {{ e3 }} seg. Warwick puede <recast>volver a lanzar</recast> la habilidad para terminarla antes de tiempo.{{ spellmodifierdescriptionappend }}","leveltip":{"label":["Reducción de daño","Enfriamiento"],"effect":["{{ e1 }}% -> {{ e1NL }}%","{{ cooldown }} -> {{ cooldownNL }}"]},"maxrank":5,"cooldown":[15,14,13,12,11],"cooldownBurn":"15/14/13/12/11","cost":[40,40,40,40,40],"costBurn":"40","datavalues":{},"effect":[null,[35,40,45,50,55],[2.75,2.75,2.75,2.75,2.75],[1,1,1,1,1],[1,1,1,1,1],[800,800,800,800,800],[400,400,400,400,400],[0,0,0,0,0],[0,0,0,0,0],[0,0,0,0,0],[0,0,0,0,0]],"effectBurn":[null,"35/40/45/50/55","2.75","1","1","800","400","0","0","0","0"],"vars":[],"costType":" de {{ abilityresourcename }}","maxammo":"-1","range":[375,375,375,375,375],"rangeBurn":"375","image":{"full":"WarwickE.png","sprite":"spell15.png","group":"spell","x":384,"y":96,"w":48,"h":48},"resource":"{{ cost }} de {{ abilityresourcename }}"},{"id":"WarwickR","name":"Opresión Infinita","description":"Warwick salta en una dirección (progresa con su velocidad de movimiento adicional) y suprime al primer campeón que alcanza durante 1.5 seg.","tooltip":"Warwick salta una gran distancia que progresa con su <speed>velocidad de movimiento</speed> y <status>suprime</status> al primer campeón que alcanza mientras canaliza durante {{ rduration }} seg. Ataca a ese campeón 3 veces durante el efecto e inflige <magicDamage>{{ damagecumulative }} de daño mágico</magicDamage>. Warwick <healing>se cura un 100% de todo el daño infligido</healing> durante la canalización.{{ spellmodifierdescriptionappend }}","leveltip":{"label":["Daño","Enfriamiento"],"effect":["{{ rbasedamage }} -> {{ rbasedamageNL }}","{{ cooldown }} -> {{ cooldownNL }}"]},"maxrank":3,"cooldown":[110,90,70],"cooldownBurn":"110/90/70","cost":[100,100,100],"costBurn":"100","datavalues":{},"effect":[null,[0,0,0],[0,0,0],[0,0,0],[0,0,0],[0,0,0],[0,0,0],[0,0,0],[0,0,0],[0,0,0],[0,0,0]],"effectBurn":[null,"0","0","0","0","0","0","0","0","0","0"],"vars":[],"costType":" de {{ abilityresourcename }}","maxammo":"-1","range":[25000,25000,25000],"rangeBurn":"25000","image":{"full":"WarwickR.png","sprite":"spell15.png","group":"spell","x":432,"y":96,"w":48,"h":48},"resource":"{{ cost }} de {{ abilityresourcename }}"}],"passive":{"name":"Sed Insaciable","description":"Los ataques básicos de Warwick infligen daño mágico adicional. Si Warwick se encuentra por debajo del 50% de Vida, se cura esa cantidad. Si Warwick se encuentra por debajo del 25% de Vida, esta curación se triplica.","image":{"full":"WarwickP.png","sprite":"passive5.png","group":"passive","x":96,"y":0,"w":48,"h":48}},"recommended":[]}}}