{"type":"champion","format":"standAloneComplex","version":"14.3.1","data":{"Xayah":{"id":"Xayah","key":"498","name":"Xayah","title":"la Rebelde","image":{"full":"Xayah.png","sprite":"champion5.png","group":"champion","x":144,"y":0,"w":48,"h":48},"skins":[{"id":"498000","num":0,"name":"default","chromas":false},{"id":"498001","num":1,"name":"Xayah Ocaso Cósmico","chromas":false},{"id":"498002","num":2,"name":"Xayah Cariñosita","chromas":false},{"id":"498003","num":3,"name":"Xayah SSG","chromas":false},{"id":"498004","num":4,"name":"Xayah Guardiana Estelar","chromas":true},{"id":"498008","num":8,"name":"Xayah Bosqueviejo","chromas":true},{"id":"498017","num":17,"name":"Xayah Fénix Valiente","chromas":true},{"id":"498026","num":26,"name":"Xayah Fénix Valiente Prestigiosa","chromas":false},{"id":"498028","num":28,"name":"Xayah Arcana","chromas":true},{"id":"498037","num":37,"name":"Xayah Pacto Quebrantado","chromas":true},{"id":"498038","num":38,"name":"Xayah Guardiana Estelar Redimida","chromas":false}],"lore":"Letal y precisa, Xayah es una vastaya revolucionaria que lleva a cabo una guerra personal para salvar a su gente. Utiliza su velocidad, astucia y plumas afiladas para abatir a cualquiera que se interponga en su camino. Xayah pelea junto a su compañero y amante Rakan para proteger a su decreciente tribu y devolver la gloria a su raza.","blurb":"Letal y precisa, Xayah es una vastaya revolucionaria que lleva a cabo una guerra personal para salvar a su gente. Utiliza su velocidad, astucia y plumas afiladas para abatir a cualquiera que se interponga en su camino. Xayah pelea junto a su compañero y...","allytips":["Los ataques y habilidades de Xayah dejan plumas en el suelo que luego puede llamar, lo que genera una enorme área de daño y control.","Xayah puede usar Tormenta de Plumas para evadir casi cualquier habilidad mientras crea una gran cantidad de Plumas. Intenta utilizar los aspectos ofensivos y defensivos de esta habilidad."],"enemytips":["Invocadora de Cuchillas de Xayah solo inmoviliza a los objetivos alcanzados por 3 o más Plumas en su regreso.","Las peleas largas en la misma área con Xayah le permiten soltar muchas Plumas. ¡Mantente siempre en movimiento!","Siempre debes prepararte antes de buscar el asesinato. Xayah puede usar la invulnerabilidad de Tormenta de Plumas para convertir una emboscada a su favor."],"tags":["Marksman"],"partype":"Maná","info":{"attack":10,"defense":6,"magic":1,"difficulty":5},"stats":{"hp":630,"hpperlevel":107,"mp":340,"mpperlevel":40,"movespeed":330,"armor":25,"armorperlevel":4.2,"spellblock":30,"spellblockperlevel":1.3,"attackrange":525,"hpregen":3.25,"hpregenperlevel":0.75,"mpregen":8.25,"mpregenperlevel":0.8,"crit":0,"critperlevel":0,"attackdamage":60,"attackdamageperlevel":3.5,"attackspeedperlevel":3.9,"attackspeed":0.658},"spells":[{"id":"XayahQ","name":"Dagas Dobles","description":"Xayah arroja dos dagas que infligen daño y también sueltan Plumas que puede llamar.","tooltip":"Xayah lanza dos dagas, lo que inflige <physicalDamage>{{ totaldamage }} de daño físico</physicalDamage> cada una y deja dos <keywordMajor>Plumas</keywordMajor>. Los objetivos impactados después del primero reciben <physicalDamage>{{ multihitdamage }} de daño</physicalDamage> de cada daga.{{ spellmodifierdescriptionappend }}","leveltip":{"label":["Daño","Enfriamiento"],"effect":["{{ basedamage }} -> {{ basedamageNL }}","{{ cooldown }} -> {{ cooldownNL }}"]},"maxrank":5,"cooldown":[10,9.5,9,8.5,8],"cooldownBurn":"10/9.5/9/8.5/8","cost":[50,50,50,50,50],"costBurn":"50","datavalues":{},"effect":[null,[45,60,75,90,105],[0.5,0.5,0.5,0.5,0.5],[0.334,0.334,0.334,0.334,0.334],[0.584,0.584,0.584,0.584,0.584],[3500,3500,3500,3500,3500],[3500,3500,3500,3500,3500],[0,0,0,0,0],[0,0,0,0,0],[0,0,0,0,0],[0,0,0,0,0]],"effectBurn":[null,"45/60/75/90/105","0.5","0.33","0.58","3500","3500","0","0","0","0"],"vars":[],"costType":" de {{ abilityresourcename }}","maxammo":"-1","range":[400,400,400,400,400],"rangeBurn":"400","image":{"full":"XayahQ.png","sprite":"spell15.png","group":"spell","x":0,"y":144,"w":48,"h":48},"resource":"{{ cost }} de {{ abilityresourcename }}"},{"id":"XayahW","name":"Plumaje Letal","description":"Xayah crea una tormenta de cuchillas que aumenta su velocidad de ataque y daño mientras recibe velocidad de movimiento si ataca a un campeón.","tooltip":"Xayah crea una tormenta de cuchillas durante {{ e2 }} seg, lo que le otorga un <attackSpeed>{{ e1 }}% de Velocidad de Ataque</attackSpeed> y hace que sus ataques disparen una cuchilla secundaria que inflige un {{ bonusdamagepercent }}% de daño.<br /><br />Cuando una cuchilla secundaria impacte a un campeón, Xayah recibirá un <speed>{{ e3 }}% de Velocidad de Movimiento</speed> durante {{ e4 }} seg.<br /><br />Si Rakan está cerca, también obtendrá los efectos de esta habilidad, pero obtendrá <speed>velocidad de movimiento</speed> cuando <i>Xayah</i> impacte a un objetivo.{{ spellmodifierdescriptionappend }}","leveltip":{"label":["Velocidad de ataque","Enfriamiento","Costo de @AbilityResourceName@"],"effect":["{{ e1 }}% -> {{ e1NL }}%","{{ cooldown }} -> {{ cooldownNL }}","{{ cost }} -> {{ costNL }}"]},"maxrank":5,"cooldown":[20,19,18,17,16],"cooldownBurn":"20/19/18/17/16","cost":[60,55,50,45,40],"costBurn":"60/55/50/45/40","datavalues":{},"effect":[null,[35,40,45,50,55],[4,4,4,4,4],[30,30,30,30,30],[1.5,1.5,1.5,1.5,1.5],[20,20,20,20,20],[1000,1000,1000,1000,1000],[0,0,0,0,0],[0,0,0,0,0],[0,0,0,0,0],[0,0,0,0,0]],"effectBurn":[null,"35/40/45/50/55","4","30","1.5","20","1000","0","0","0","0"],"vars":[],"costType":" de {{ abilityresourcename }}","maxammo":"-1","range":[1000,1000,1000,1000,1000],"rangeBurn":"1000","image":{"full":"XayahW.png","sprite":"spell15.png","group":"spell","x":48,"y":144,"w":48,"h":48},"resource":"{{ cost }} de {{ abilityresourcename }}"},{"id":"XayahE","name":"Invocadora de Cuchillas","description":"Xayah llama a todas las Plumas que soltó, lo que inflige daño e inmoviliza a los enemigos.","tooltip":"Xayah recoge todas las <keywordMajor>Plumas</keywordMajor> que lanzó, lo que inflige <physicalDamage>{{ featherdamage }} de daño físico</physicalDamage> por cada una. Si {{ featherthreshold }} o más <keywordMajor>Plumas</keywordMajor> golpean a un enemigo, este queda <status>inmovilizado</status> durante {{ rootduration }} seg.{{ spellmodifierdescriptionappend }}","leveltip":{"label":["Daño","Enfriamiento"],"effect":["{{ basedamage }} -> {{ basedamageNL }}","{{ cooldown }} -> {{ cooldownNL }}"]},"maxrank":5,"cooldown":[13,12,11,10,9],"cooldownBurn":"13/12/11/10/9","cost":[30,30,30,30,30],"costBurn":"30","datavalues":{},"effect":[null,[0,0,0,0,0],[0,0,0,0,0],[0,0,0,0,0],[0,0,0,0,0],[0,0,0,0,0],[0,0,0,0,0],[0,0,0,0,0],[0,0,0,0,0],[0,0,0,0,0],[0,0,0,0,0]],"effectBurn":[null,"0","0","0","0","0","0","0","0","0","0"],"vars":[],"costType":" de {{ abilityresourcename }}","maxammo":"-1","range":[2000,2000,2000,2000,2000],"rangeBurn":"2000","image":{"full":"XayahE.png","sprite":"spell15.png","group":"spell","x":96,"y":144,"w":48,"h":48},"resource":"{{ cost }} de {{ abilityresourcename }}"},{"id":"XayahR","name":"Tormenta de Plumas","description":"Xayah se eleva, lo que la vuelve imposible de atacar y arroja un abanico de dagas, lo que suelta Plumas que puede llamar.","tooltip":"Xayah salta por el aire, lo que la vuelve inalcanzable y fantasma durante 1.5 seg antes de lanzar una lluvia de dagas que infligen <physicalDamage>{{ damage }} de daño físico</physicalDamage> y dejan una línea de <keywordMajor>Plumas</keywordMajor>.{{ spellmodifierdescriptionappend }}","leveltip":{"label":["Daño","Enfriamiento"],"effect":["{{ rbasedamage }} -> {{ rbasedamageNL }}","{{ cooldown }} -> {{ cooldownNL }}"]},"maxrank":3,"cooldown":[140,120,100],"cooldownBurn":"140/120/100","cost":[100,100,100],"costBurn":"100","datavalues":{},"effect":[null,[0,0,0],[0,0,0],[0,0,0],[0,0,0],[0,0,0],[0,0,0],[0,0,0],[0,0,0],[0,0,0],[0,0,0]],"effectBurn":[null,"0","0","0","0","0","0","0","0","0","0"],"vars":[],"costType":" de {{ abilityresourcename }}","maxammo":"-1","range":[450,450,450],"rangeBurn":"450","image":{"full":"XayahR.png","sprite":"spell15.png","group":"spell","x":144,"y":144,"w":48,"h":48},"resource":"{{ cost }} de {{ abilityresourcename }}"}],"passive":{"name":"Cortes Limpios","description":"Después de usar una habilidad, los siguientes ataques básicos de Xayah impactan a todos los enemigos en su camino y sueltan una <font color='#C200E1'>pluma</font>.","image":{"full":"XayahPassive.png","sprite":"passive5.png","group":"passive","x":144,"y":0,"w":48,"h":48}},"recommended":[]}}}