{"type":"champion","format":"standAloneComplex","version":"14.3.1","data":{"Xerath":{"id":"Xerath","key":"101","name":"Xerath","title":"el Mago Ascendente","image":{"full":"Xerath.png","sprite":"champion5.png","group":"champion","x":192,"y":0,"w":48,"h":48},"skins":[{"id":"101000","num":0,"name":"default","chromas":false},{"id":"101001","num":1,"name":"Xerath Hijo de las Runas","chromas":false},{"id":"101002","num":2,"name":"Xerath Blindaje Bélico","chromas":false},{"id":"101003","num":3,"name":"Xerath Tierra Calcinada","chromas":false},{"id":"101004","num":4,"name":"Xerath Guardián de las Arenas","chromas":false},{"id":"101005","num":5,"name":"Xerath Estrella Oscura","chromas":true},{"id":"101012","num":12,"name":"Xerath Arcana","chromas":true},{"id":"101021","num":21,"name":"AstroXerath","chromas":true}],"lore":"Xerath es un mago Ascendido de la antigua Shurima, un ser con energía arcana retorciéndose en los quebrados fragmentos de un sarcófago mágico. Estuvo atrapado durante milenios bajo las arenas del desierto, pero el ascenso de Shurima lo liberó de su prisión ancestral. Arrastrado a la locura por el poder, ahora busca recuperar lo que cree que le pertenece y reemplazar las civilizaciones soberbias del mundo con una diseñada a su imagen y semejanza.","blurb":"Xerath es un mago Ascendido de la antigua Shurima, un ser con energía arcana retorciéndose en los quebrados fragmentos de un sarcófago mágico. Estuvo atrapado durante milenios bajo las arenas del desierto, pero el ascenso de Shurima lo liberó de su...","allytips":["Es más fácil acertar con Pulso Arcano a los enemigos que se acercan o se alejan de ti, que a los que van de lado a lado.","Ojo de la Destrucción hará que acertar Pulso Arcano sea más fácil, ya que el objetivo estará ralentizado.","Si aturdes a un enemigo con Impacto Orbital, continúa con el impacto en el centro que garantiza el Ojo de la Destrucción."],"enemytips":["El alcance de Xerath puede resultar intimidante, pero la mayoría de los campeones llevarán las de ganar contra él en las distancias cortas.","Xerath tarda mucho tiempo en activar Rito del Arcano. Es preciso estar atento a su animación de lanzamiento para empezar a esquivar.","El Velo de la Banshee contribuirá a que Xerath no te alcance con Impacto Orbital fácilmente."],"tags":["Mage"],"partype":"Maná","info":{"attack":1,"defense":3,"magic":10,"difficulty":8},"stats":{"hp":596,"hpperlevel":106,"mp":400,"mpperlevel":22,"movespeed":340,"armor":22,"armorperlevel":4.7,"spellblock":30,"spellblockperlevel":1.3,"attackrange":525,"hpregen":5.5,"hpregenperlevel":0.55,"mpregen":6.85,"mpregenperlevel":0.8,"crit":0,"critperlevel":0,"attackdamage":55,"attackdamageperlevel":3,"attackspeedperlevel":1.36,"attackspeed":0.658},"spells":[{"id":"XerathArcanopulseChargeUp","name":"Pulso Arcano","description":"Dispara un rayo de energía de largo alcance que inflige daño mágico a todos los objetivos alcanzados.","tooltip":"<charge>Iniciar carga:</charge> Xerath empieza a cargar un rayo arcano, lo que lo <status>ralentiza</status> poco a poco hasta un 50%. <br /><br /><release>Lanzamiento:</release> Xerath dispara el rayo e inflige <magicDamage>{{ tooltiptotaldamage }} de daño mágico</magicDamage>. El alcance aumenta con el tiempo de carga.{{ spellmodifierdescriptionappend }}","leveltip":{"label":["Daño","Enfriamiento","Costo de @AbilityResourceName@"],"effect":["{{ basedamage }} -> {{ basedamageNL }}","{{ ammorechargetime }} -> {{ ammorechargetimeNL }}","{{ cost }} -> {{ costNL }}"]},"maxrank":5,"cooldown":[9,8,7,6,5],"cooldownBurn":"9/8/7/6/5","cost":[80,90,100,110,120],"costBurn":"80/90/100/110/120","datavalues":{},"effect":[null,[70,110,150,190,230],[4,4,4,4,4],[0.5,0.5,0.5,0.5,0.5],[145,145,145,145,145],[0.5,0.5,0.5,0.5,0.5],[-0.2,-0.2,-0.2,-0.2,-0.2],[0.1,0.1,0.1,0.1,0.1],[0.5,0.5,0.5,0.5,0.5],[1.5,1.5,1.5,1.5,1.5],[0,0,0,0,0]],"effectBurn":[null,"70/110/150/190/230","4","0.5","145","0.5","-0.2","0.1","0.5","1.5","0"],"vars":[],"costType":" de {{ abilityresourcename }}","maxammo":"1","range":[750,750,750,750,750],"rangeBurn":"750","image":{"full":"XerathArcanopulseChargeUp.png","sprite":"spell15.png","group":"spell","x":192,"y":144,"w":48,"h":48},"resource":"{{ cost }} de {{ abilityresourcename }}"},{"id":"XerathArcaneBarrage2","name":"Ojo de la Destrucción","description":"Lanza una ráfaga de energía arcana que ralentiza e inflige daño mágico a todos los enemigos en un área. Los objetivos en el centro reciben daño adicional y una ralentización más potente.","tooltip":"Xerath lanza una ráfaga de energía arcana que inflige <magicDamage>{{ totaldamage }} de daño mágico</magicDamage> y <status>ralentiza</status> un {{ slowamount*100 }}% durante {{ slowduration }} seg. Los enemigos en el centro recibirán <magicDamage>{{ sweetspottotaldamage }} de daño mágico</magicDamage> y quedarán <status>ralentizados</status> un {{ sweetspotslowamount*100 }}%, que decae a lo largo de {{ slowduration }} seg.{{ spellmodifierdescriptionappend }}","leveltip":{"label":["Daño","Ralentización máx.","Enfriamiento","Costo de @AbilityResourceName@"],"effect":["{{ basedamage }} -> {{ basedamageNL }}","{{ sweetspotslowamount*100.000000 }}% -> {{ sweetspotslowamountnl*100.000000 }}%","{{ cooldown }} -> {{ cooldownNL }}","{{ cost }} -> {{ costNL }}"]},"maxrank":5,"cooldown":[14,13,12,11,10],"cooldownBurn":"14/13/12/11/10","cost":[80,90,100,110,120],"costBurn":"80/90/100/110/120","datavalues":{},"effect":[null,[0,0,0,0,0],[0,0,0,0,0],[0,0,0,0,0],[0,0,0,0,0],[0,0,0,0,0],[0,0,0,0,0],[0,0,0,0,0],[0,0,0,0,0],[0,0,0,0,0],[0,0,0,0,0]],"effectBurn":[null,"0","0","0","0","0","0","0","0","0","0"],"vars":[],"costType":" de {{ abilityresourcename }}","maxammo":"1","range":[1000,1000,1000,1000,1000],"rangeBurn":"1000","image":{"full":"XerathArcaneBarrage2.png","sprite":"spell15.png","group":"spell","x":240,"y":144,"w":48,"h":48},"resource":"{{ cost }} de {{ abilityresourcename }}"},{"id":"XerathMageSpear","name":"Impacto Orbital","description":"Inflige daño mágico a un enemigo y lo aturde.","tooltip":"Xerath dispara un orbe de magia pura, lo que <status>aturde</status> al primer enemigo alcanzado hasta por {{ maxstunduration }} seg según la distancia recorrida e inflige <magicDamage>{{ tooltiptotaldamage }} de daño mágico</magicDamage>. {{ spellmodifierdescriptionappend }}","leveltip":{"label":["Daño","Enfriamiento","Costo de @AbilityResourceName@"],"effect":["{{ e1 }} -> {{ e1NL }}","{{ cooldown }} -> {{ cooldownNL }}","{{ cost }} -> {{ costNL }}"]},"maxrank":5,"cooldown":[13,12.5,12,11.5,11],"cooldownBurn":"13/12.5/12/11.5/11","cost":[60,65,70,75,80],"costBurn":"60/65/70/75/80","datavalues":{},"effect":[null,[80,110,140,170,200],[2.25,2.25,2.25,2.25,2.25],[0.17,0.17,0.17,0.17,0.17],[1125,1125,1125,1125,1125],[0.75,0.75,0.75,0.75,0.75],[0,0,0,0,0],[0,0,0,0,0],[0.5,0.5,0.5,0.5,0.5],[0,0,0,0,0],[0,0,0,0,0]],"effectBurn":[null,"80/110/140/170/200","2.25","0.17","1125","0.75","0","0","0.5","0","0"],"vars":[],"costType":" de {{ abilityresourcename }}","maxammo":"1","range":[1050,1050,1050,1050,1050],"rangeBurn":"1050","image":{"full":"XerathMageSpear.png","sprite":"spell15.png","group":"spell","x":288,"y":144,"w":48,"h":48},"resource":"{{ cost }} de {{ abilityresourcename }}"},{"id":"XerathLocusOfPower2","name":"Rito del Arcano","description":"Xerath se inmoviliza y obtiene numerosos torrentes a larga distancia.","tooltip":"Xerath asciende a su forma verdadera y canaliza durante {{ e1 }} seg. Durante este tiempo puede <recast>volver a lanzar</recast> esta habilidad hasta {{ e2 }} veces.<br /><br /><recast>Relanzamiento:</recast> Xerath dispara una artillería mágica que inflige <magicDamage>{{ tooltiptotaldamage }} de daño mágico</magicDamage>. Por cada campeón impactado, la artillería inflige <magicDamage>{{ rampdamagecalc }} de daño mágico</magicDamage> adicional.{{ spellmodifierdescriptionappend }}","leveltip":{"label":["Daño","Cantidad de disparos","Daño consecutivo adicional","Enfriamiento"],"effect":["{{ e3 }} -> {{ e3NL }}","{{ e2 }} -> {{ e2NL }}","{{ rampbasedamage }} -> {{ rampbasedamageNL }}","{{ cooldown }} -> {{ cooldownNL }}"]},"maxrank":3,"cooldown":[130,115,100],"cooldownBurn":"130/115/100","cost":[100,100,100],"costBurn":"100","datavalues":{},"effect":[null,[10,10,10],[4,5,6],[180,230,280],[200,200,200],[5000,5000,5000],[0.6,0.6,0.6],[0.5,0.5,0.5],[0,0,0],[0,0,0],[0,0,0]],"effectBurn":[null,"10","4/5/6","180/230/280","200","5000","0.6","0.5","0","0","0"],"vars":[],"costType":" de {{ abilityresourcename }}","maxammo":"-1","range":[5000,5000,5000],"rangeBurn":"5000","image":{"full":"XerathLocusOfPower2.png","sprite":"spell15.png","group":"spell","x":336,"y":144,"w":48,"h":48},"resource":"{{ cost }} de {{ abilityresourcename }}"}],"passive":{"name":"Sobrecarga de Maná","description":"Los ataques básicos de Xerath restauran maná periódicamente. Cuando Xerath mata a una unidad, este enfriamiento se reduce.","image":{"full":"Xerath_Passive1.png","sprite":"passive5.png","group":"passive","x":192,"y":0,"w":48,"h":48}},"recommended":[]}}}