{"type":"champion","format":"standAloneComplex","version":"14.3.1","data":{"XinZhao":{"id":"XinZhao","key":"5","name":"Xin Zhao","title":"el Senescal de Demacia","image":{"full":"XinZhao.png","sprite":"champion5.png","group":"champion","x":240,"y":0,"w":48,"h":48},"skins":[{"id":"5000","num":0,"name":"default","chromas":false},{"id":"5001","num":1,"name":"Xin Zhao Comando","chromas":false},{"id":"5002","num":2,"name":"Xin Zhao Imperial","chromas":false},{"id":"5003","num":3,"name":"Xin Zhao Víscero","chromas":false},{"id":"5004","num":4,"name":"Xin Zhao Húsar Alado","chromas":false},{"id":"5005","num":5,"name":"Xin Zhao Reinos en Guerra","chromas":true},{"id":"5006","num":6,"name":"Xin Zhao Agente Secreto","chromas":false},{"id":"5013","num":13,"name":"Xin Zhao Matadragones","chromas":true},{"id":"5020","num":20,"name":"Xin Zhao Defensor Cósmico","chromas":true},{"id":"5027","num":27,"name":"Xin Zhao Merodeador","chromas":true},{"id":"5036","num":36,"name":"Xin Zhao Año Nuevo Chino","chromas":true}],"lore":"Xin Zhao es un determinado guerrero y leal a la dinastía regente de los Escudo de Luz. Alguna vez condenado al coliseo de combate de Noxus, sobrevivió a un sin fin de batallas de gladiadores, pero después de ser liberado por fuerzas demacianas, juró su vida y lealtad a sus valientes liberadores. Armado con su lanza favorita de tres filos, Xin Zhao ahora combate por su reino adoptado y reta con audacia a cualquier enemigo sin importar la situación.","blurb":"Xin Zhao es un determinado guerrero y leal a la dinastía regente de los Escudo de Luz. Alguna vez condenado al coliseo de combate de Noxus, sobrevivió a un sin fin de batallas de gladiadores, pero después de ser liberado por fuerzas demacianas, juró su...","allytips":["Xin Zhao es muy bueno para iniciar el combate. Dirige el frente para provocar un enfrentamiento y usa tu habilidad definitiva para causar el mayor daño posible.","Intenta colocarte de tal forma que el empujón de tu definitiva sea lo más efectivo posible."],"enemytips":["Xin Zhao es un gran iniciador tanto con su carga como con su definitiva, e inflige daño a todas las unidades que lo rodean. Procura mantener a tu equipo disperso hasta que haya usado su definitiva.","Xin Zhao confía mucho en su Golpe de Garra Triple, con el que causa daño y reinicia los enfriamientos, así que evitar que finalice su combo tendrá un enorme efecto."],"tags":["Fighter","Assassin"],"partype":"Maná","info":{"attack":8,"defense":6,"magic":3,"difficulty":2},"stats":{"hp":640,"hpperlevel":106,"mp":274,"mpperlevel":55,"movespeed":345,"armor":35,"armorperlevel":4.7,"spellblock":32,"spellblockperlevel":2.05,"attackrange":175,"hpregen":8,"hpregenperlevel":0.7,"mpregen":7.25,"mpregenperlevel":0.45,"crit":0,"critperlevel":0,"attackdamage":63,"attackdamageperlevel":3,"attackspeedperlevel":3.5,"attackspeed":0.645},"spells":[{"id":"XinZhaoQ","name":"Golpe de Garra Triple","description":"Los siguientes tres ataques estándar de Xin Zhao infligirán daño aumentado y el tercero lanzará a un oponente por el aire.","tooltip":"Los próximos 3 ataques de Xin Zhao infligen <physicalDamage>{{ bonusdamage }} de daño físico</physicalDamage> adicional y reducen los enfriamientos de sus otras habilidades en 1 seg. El tercer ataque también lanza <status>por el aire</status> al objetivo durante {{ e2 }} seg.<br />{{ spellmodifierdescriptionappend }}","leveltip":{"label":["Daño adicional","Enfriamiento"],"effect":["{{ e1 }} -> {{ e1NL }}","{{ cooldown }} -> {{ cooldownNL }}"]},"maxrank":5,"cooldown":[7,6.5,6,5.5,5],"cooldownBurn":"7/6.5/6/5.5/5","cost":[30,30,30,30,30],"costBurn":"30","datavalues":{},"effect":[null,[16,25,34,43,52],[0.75,0.75,0.75,0.75,0.75],[0,0,0,0,0],[0,0,0,0,0],[0,0,0,0,0],[0,0,0,0,0],[0,0,0,0,0],[0,0,0,0,0],[0,0,0,0,0],[0,0,0,0,0]],"effectBurn":[null,"16/25/34/43/52","0.75","0","0","0","0","0","0","0","0"],"vars":[],"costType":" de {{ abilityresourcename }}","maxammo":"-1","range":[375,375,375,375,375],"rangeBurn":"375","image":{"full":"XinZhaoQ.png","sprite":"spell15.png","group":"spell","x":384,"y":144,"w":48,"h":48},"resource":"{{ cost }} de {{ abilityresourcename }}"},{"id":"XinZhaoW","name":"El Viento se Vuelve Tormenta","description":"Xin Zhao corta frente a él con su lanza y luego hace una estocada hacia adelante que ralentiza a los enemigos afectados y los marca como desafiados.","tooltip":"Xin Zhao hace un corte, lo que inflige <physicalDamage>{{ slashdamage }}</physicalDamage> de daño físico. Luego, realiza una estocada que inflige <physicalDamage>{{ thrustdamage }}</physicalDamage>. Los enemigos alcanzados con la estocada quedarán <status>ralentizados</status> un {{ e6 }}% durante {{ e7 }} seg. <br /><br />Los campeones y monstruos grandes alcanzados con la estocada quedan marcados como <keywordMajor>desafiados</keywordMajor> durante {{ markduration }} seg.{{ spellmodifierdescriptionappend }}","leveltip":{"label":["Daño de corte","Daño de estocada","Costo de @AbilityResourceName@","Enfriamiento"],"effect":["{{ slashbasedamage }} -> {{ slashbasedamageNL }}","{{ thrustbasedamage }} -> {{ thrustbasedamageNL }}","{{ cost }} -> {{ costNL }}","{{ cooldown }} -> {{ cooldownNL }}"]},"maxrank":5,"cooldown":[12,11,10,9,8],"cooldownBurn":"12/11/10/9/8","cost":[60,55,50,45,40],"costBurn":"60/55/50/45/40","datavalues":{},"effect":[null,[0,0,0,0,0],[0,0,0,0,0],[0.5,0.5,0.5,0.5,0.5],[0.5,0.5,0.5,0.5,0.5],[0.5,0.5,0.5,0.5,0.5],[50,50,50,50,50],[1.5,1.5,1.5,1.5,1.5],[140,140,140,140,140],[200,200,200,200,200],[0,0,0,0,0]],"effectBurn":[null,"0","0","0.5","0.5","0.5","50","1.5","140","200","0"],"vars":[],"costType":" de {{ abilityresourcename }}","maxammo":"-1","range":[1000,1000,1000,1000,1000],"rangeBurn":"1000","image":{"full":"XinZhaoW.png","sprite":"spell15.png","group":"spell","x":432,"y":144,"w":48,"h":48},"resource":"{{ cost }} de {{ abilityresourcename }}"},{"id":"XinZhaoE","name":"Carga Audaz","description":"Xin Zhao carga contra un enemigo, con lo que obtiene velocidad de ataque aumentada e inflige daño a todos los enemigos en el área, además de ralentizarlos brevemente. Carga Audaz obtiene alcance aumentado contra objetivos desafiados.","tooltip":"Xin Zhao carga hacia un enemigo, lo que inflige <magicDamage>{{ chargedamage }} de daño mágico</magicDamage> a los enemigos cercanos y los <status>ralentiza</status> un {{ baseslowamount }}% durante {{ e6 }} seg.<br /><br />Xin Zhao también se otorga un <attackSpeed>{{ e3 }}% de Velocidad de Ataque</attackSpeed> durante {{ e4 }} seg.<br /><br />El alcance de <spellName>Carga Audaz</spellName> aumenta contra enemigos <keywordMajor>desafiados</keywordMajor>. <br />{{ spellmodifierdescriptionappend }}","leveltip":{"label":["Daño","Velocidad de ataque"],"effect":["{{ e1 }} -> {{ e1NL }}","{{ effect3amount*100.000000 }}% -> {{ effect3amountnl*100.000000 }}%"]},"maxrank":5,"cooldown":[11,11,11,11,11],"cooldownBurn":"11","cost":[50,50,50,50,50],"costBurn":"50","datavalues":{},"effect":[null,[50,75,100,125,150],[-0.3,-0.3,-0.3,-0.3,-0.3],[40,45,50,55,60],[5,5,5,5,5],[250,250,250,250,250],[0.5,0.5,0.5,0.5,0.5],[0,0,0,0,0],[0,0,0,0,0],[0,0,0,0,0],[0,0,0,0,0]],"effectBurn":[null,"50/75/100/125/150","-0.3","40/45/50/55/60","5","250","0.5","0","0","0","0"],"vars":[],"costType":" de {{ abilityresourcename }}","maxammo":"-1","range":[650,650,650,650,650],"rangeBurn":"650","image":{"full":"XinZhaoE.png","sprite":"spell16.png","group":"spell","x":0,"y":0,"w":48,"h":48},"resource":"{{ cost }} de {{ abilityresourcename }}"},{"id":"XinZhaoR","name":"Guardia Creciente","description":"Xin Zhao desafía a un enemigo que dañó recientemente. Xin Zhao inflige daño a los enemigos cercanos según su vida actual y lanza hacia atrás a los objetivos no desafiados, volviéndose inmune al daño infligido por los campeones fuera del círculo creado.","tooltip":"El último campeón que Xin Zhao dañe con un ataque o <spellName>Carga Audaz</spellName> será <keywordMajor>desafiado</keywordMajor> durante {{ markduration }} seg.<br /><br />Xin Zhao desata un barrido a su alrededor que inflige <physicalDamage>{{ totaldamage }} más un {{ percentcurrenthealthdamage*100 }}% de la Vida actual como daño físico</physicalDamage> y <status>lanza hacia atrás</status> a todos los enemigos <keywordMajor>no desafiados</keywordMajor>. <br />  <br />Después, Xin Zhao se vuelve inmune al daño de los enemigos fuera del alcance del barrido durante {{ missiledefensebaseduration }} seg. {{ spellmodifierdescriptionappend }}","leveltip":{"label":["Daño","Enfriamiento"],"effect":["{{ basedamage }} -> {{ basedamageNL }}","{{ cooldown }} -> {{ cooldownNL }}"]},"maxrank":3,"cooldown":[120,110,100],"cooldownBurn":"120/110/100","cost":[100,100,100],"costBurn":"100","datavalues":{},"effect":[null,[0,0,0],[0,0,0],[0,0,0],[0,0,0],[0,0,0],[0,0,0],[0,0,0],[0,0,0],[0,0,0],[0,0,0]],"effectBurn":[null,"0","0","0","0","0","0","0","0","0","0"],"vars":[],"costType":" de {{ abilityresourcename }}","maxammo":"-1","range":[500,500,500],"rangeBurn":"500","image":{"full":"XinZhaoR.png","sprite":"spell16.png","group":"spell","x":48,"y":0,"w":48,"h":48},"resource":"{{ cost }} de {{ abilityresourcename }}"}],"passive":{"name":"Determinación","description":"Cada tercer ataque inflige una bonificación de daño y cura a Xin Zhao.","image":{"full":"XinZhaoP.png","sprite":"passive5.png","group":"passive","x":240,"y":0,"w":48,"h":48}},"recommended":[]}}}