{"type":"champion","format":"standAloneComplex","version":"14.3.1","data":{"Yasuo":{"id":"Yasuo","key":"157","name":"Yasuo","title":"el Imperdonable","image":{"full":"Yasuo.png","sprite":"champion5.png","group":"champion","x":288,"y":0,"w":48,"h":48},"skins":[{"id":"157000","num":0,"name":"default","chromas":false},{"id":"157001","num":1,"name":"Yasuo el Forajido","chromas":true},{"id":"157002","num":2,"name":"PROYECTO: Yasuo","chromas":false},{"id":"157003","num":3,"name":"Yasuo Luna de Sangre","chromas":false},{"id":"157009","num":9,"name":"Yasuo Portador del Anochecer","chromas":true},{"id":"157010","num":10,"name":"Yasuo Odisea","chromas":true},{"id":"157017","num":17,"name":"Yasuo Subjefe","chromas":true},{"id":"157018","num":18,"name":"Yasuo True Damage","chromas":true},{"id":"157035","num":35,"name":"Yasuo True Damage Prestigioso","chromas":false},{"id":"157036","num":36,"name":"Yasuo Flor Espiritual","chromas":true},{"id":"157045","num":45,"name":"Yasuo Lobo de Mar","chromas":true},{"id":"157054","num":54,"name":"Yasuo Dragón de la Verdad","chromas":false},{"id":"157055","num":55,"name":"Yasuo Dragón de los Sueños","chromas":false},{"id":"157056","num":56,"name":"Yasuo Tinta Sombría","chromas":true},{"id":"157057","num":57,"name":"Yasuo Tinta Sombría Prestigioso","chromas":false},{"id":"157068","num":68,"name":"Yasuo de la Profecía","chromas":true}],"lore":"Yasuo, un jonio de gran determinación, es un ágil espadachín entrenado para empuñar al mismo viento contra sus enemigos. Cuando era joven y orgulloso, lo acusaron de asesinar a su maestro, algo que no era verdad. Al no poder demostrar su inocencia, se vio obligado a tomar la vida de su hermano en defensa propia. Incluso después de que el verdadero asesino de su maestro quedara revelado, Yasuo sigue sin poder perdonarse a sí mismo por todo lo que ha hecho. Ahora, deambula en su tierra natal y solo cuenta con el viento para guiar su espada.","blurb":"Yasuo, un jonio de gran determinación, es un ágil espadachín entrenado para empuñar al mismo viento contra sus enemigos. Cuando era joven y orgulloso, lo acusaron de asesinar a su maestro, algo que no era verdad. Al no poder demostrar su inocencia, se...","allytips":["Deslízate a través de un súbdito para disponer de Hoja al Viento en el caso de que un rival salga por pies. Deslízate directamente hacia tu oponente si es que prefieres guardar al súbdito para usarlo como una posible vía de escape.","A nivel 18, Tempestad de Acero alcanza su velocidad máxima si se cuenta con objetos que acumulen un 55% de Velocidad de Ataque en total.","Último Aliento tan solo se puede utilizar sobre objetivos que hayan sido lanzados por el aire, ya sea con una habilidad tuya, o de tus aliados."],"enemytips":["La Tempestad de Acero es bastante estrecha. Si puedes, trata de esquivarla de lado. ","Cuando Yasuo logra impactar dos Tempestades de Acero seguidas, la segunda provocará un tornado. Presta atención al sonido delator y prepárate para esquivarla.","Yasuo queda en estado vulnerable justo después de haber lanzado su remolino. Atácalo en ese momento.","El escudo de su Resolución dura tan solo 2 segundos. Se activa en cuanto recibe daño. Espera para atacar en cuanto se disipe."],"tags":["Fighter","Assassin"],"partype":"Flujo","info":{"attack":8,"defense":4,"magic":4,"difficulty":10},"stats":{"hp":590,"hpperlevel":110,"mp":100,"mpperlevel":0,"movespeed":345,"armor":30,"armorperlevel":4.6,"spellblock":32,"spellblockperlevel":2.05,"attackrange":175,"hpregen":6.5,"hpregenperlevel":0.9,"mpregen":0,"mpregenperlevel":0,"crit":0,"critperlevel":0,"attackdamage":60,"attackdamageperlevel":3,"attackspeedperlevel":3.5,"attackspeed":0.697},"spells":[{"id":"YasuoQ1Wrapper","name":"Tempestad de Acero","description":"Ataca hacia adelante y daña a todos los enemigos a su paso.<br><br>Al impacto, otorga acumulaciones de Tormenta Creciente durante unos segundos. Con 2 acumulaciones, Tempestad de Acero proyecta un remolino que lanza al objetivo <font color='#6655CC'>por el aire</font>.<br><br>Tempestad de Acero se comporta como un ataque básico y progresa con los mismos efectos.","tooltip":"Yasuo ataca e inflige <physicalDamage>{{ totaldamage }} de daño físico</physicalDamage>. Si acierta, obtiene una acumulación durante {{ gatheringstormduration }} seg. Al tener 2 acumulaciones, su próximo uso de esta habilidad lanza un torbellino a distancia, lo que inflige el mismo daño y <status>lanza por el aire</status> durante {{ knockupdurationtooltiponly }} seg.<br /><br />Si lo usa mientras se desplaza, esta habilidad golpea en un círculo en lugar de solo atacar de frente.{{ spellmodifierdescriptionappend }}","leveltip":{"label":["Daño"],"effect":["{{ basedamage }} -> {{ basedamageNL }}"]},"maxrank":5,"cooldown":[4,4,4,4,4],"cooldownBurn":"4","cost":[0,0,0,0,0],"costBurn":"0","datavalues":{},"effect":[null,[0,0,0,0,0],[0,0,0,0,0],[0,0,0,0,0],[0,0,0,0,0],[0,0,0,0,0],[0,0,0,0,0],[0,0,0,0,0],[0,0,0,0,0],[0,0,0,0,0],[0,0,0,0,0]],"effectBurn":[null,"0","0","0","0","0","0","0","0","0","0"],"vars":[],"costType":"Sin costo","maxammo":"-1","range":[475,475,475,475,475],"rangeBurn":"475","image":{"full":"YasuoQ1Wrapper.png","sprite":"spell16.png","group":"spell","x":96,"y":0,"w":48,"h":48},"resource":"Sin costo"},{"id":"YasuoW","name":"Muro de Viento","description":"Crea un muro en movimiento que bloquea todos los proyectiles rivales durante 4 seg.","tooltip":"Yasuo crea un muro de viento que bloquea todos los proyectiles enemigos durante 4 seg.{{ spellmodifierdescriptionappend }}","leveltip":{"label":["Ancho","Enfriamiento"],"effect":["{{ e5 }} -> {{ e5NL }}","{{ cooldown }} -> {{ cooldownNL }}"]},"maxrank":5,"cooldown":[25,23,21,19,17],"cooldownBurn":"25/23/21/19/17","cost":[0,0,0,0,0],"costBurn":"0","datavalues":{},"effect":[null,[15,20,25,30,35],[60,90,120,150,180],[3,6,9,12,15],[300,350,400,450,500],[320,390,460,530,600],[0,0,0,0,0],[0,0,0,0,0],[0,0,0,0,0],[0,0,0,0,0],[0,0,0,0,0]],"effectBurn":[null,"15/20/25/30/35","60/90/120/150/180","3/6/9/12/15","300/350/400/450/500","320/390/460/530/600","0","0","0","0","0"],"vars":[],"costType":"Sin costo","maxammo":"-1","range":[400,400,400,400,400],"rangeBurn":"400","image":{"full":"YasuoW.png","sprite":"spell16.png","group":"spell","x":144,"y":0,"w":48,"h":48},"resource":"Sin costo"},{"id":"YasuoE","name":"Hoja al Viento","description":"Atraviesa al objetivo enemigo e inflige daño mágico. Cada lanzamiento aumenta el daño del siguiente desplazamiento, hasta un máximo.<br><br>No se puede relanzar contra el mismo enemigo durante unos seg.<br><br><font color='#99FF99'>Si Tempestad de Acero se lanza mientras te desplazas, atacará en forma de círculo.</font>","tooltip":"Yasuo atraviesa un objetivo e inflige <magicDamage>{{ totaldamage }} de Daño Mágico</magicDamage>. Cada uso de esta habilidad otorga <magicDamage>{{ bonusdamageperstack }}</magicDamage>(%i:scaleLevel%) de Daño adicional a los lanzamientos posteriores durante {{ stackduration }} seg y se acumula hasta {{ maxstacks }} veces.<br /><br />Esta habilidad tiene un enfriamiento por objetivo de {{ e2 }} seg.{{ spellmodifierdescriptionappend }}","leveltip":{"label":["Daño","Enfriamiento por unidad","Enfriamiento"],"effect":["{{ basedamage }} -> {{ basedamageNL }}","{{ e2 }} -> {{ e2NL }}","{{ e3 }} -> {{ e3NL }}"]},"maxrank":5,"cooldown":[0.5,0.4,0.3,0.2,0.1],"cooldownBurn":"0.5/0.4/0.3/0.2/0.1","cost":[0,0,0,0,0],"costBurn":"0","datavalues":{},"effect":[null,[0,0,0,0,0],[10,9,8,7,6],[0.5,0.4,0.3,0.2,0.1],[0,0,0,0,0],[0,0,0,0,0],[750,750,750,750,750],[0,0,0,0,0],[0,0,0,0,0],[0,0,0,0,0],[0,0,0,0,0]],"effectBurn":[null,"0","10/9/8/7/6","0.5/0.4/0.3/0.2/0.1","0","0","750","0","0","0","0"],"vars":[],"costType":"Sin costo","maxammo":"-1","range":[475,475,475,475,475],"rangeBurn":"475","image":{"full":"YasuoE.png","sprite":"spell16.png","group":"spell","x":192,"y":0,"w":48,"h":48},"resource":"Sin costo"},{"id":"YasuoR","name":"Último Aliento","description":"Se desplaza hacia un campeón enemigo <factionIonia1>en el aire</factionIonia1>, lo que inflige daño físico y mantiene <factionIonia1>en el aire</factionIonia1> a todos los enemigos en el área. Otorga el máximo de Flujo, pero reinicia todas las acumulaciones de Tormenta Creciente.<br><br>Por un periodo, los golpes críticos de Yasuo otorgan penetración de armadura adicional.","tooltip":"Yasuo se teletransporta a un campeón enemigo <status>en el aire</status>, lo que inflige <physicalDamage>{{ damage }} de daño físico</physicalDamage> y mantiene a todos los enemigos <status>en el aire</status> durante {{ rknockupduration }} seg más. Yasuo también obtiene el máximo de <keywordMajor>Flujo</keywordMajor>, pero pierde todas las acumulaciones de <spellName>Tempestad de Acero</spellName>.<br /><br />Después, los golpes críticos de Yasuo ignoran un <scaleArmor>{{ rpercentarmorpen }}% de la armadura adicional</scaleArmor> durante {{ rbuffduration }} seg.{{ spellmodifierdescriptionappend }}","leveltip":{"label":["Daño","Enfriamiento"],"effect":["{{ rbasedamage }} -> {{ rbasedamageNL }}","{{ cooldown }} -> {{ cooldownNL }}"]},"maxrank":3,"cooldown":[70,50,30],"cooldownBurn":"70/50/30","cost":[0,0,0],"costBurn":"0","datavalues":{},"effect":[null,[0,0,0],[0,0,0],[0,0,0],[0,0,0],[0,0,0],[0,0,0],[0,0,0],[0,0,0],[0,0,0],[0,0,0]],"effectBurn":[null,"0","0","0","0","0","0","0","0","0","0"],"vars":[],"costType":"Sin costo","maxammo":"-1","range":[1400,1400,1400],"rangeBurn":"1400","image":{"full":"YasuoR.png","sprite":"spell16.png","group":"spell","x":240,"y":0,"w":48,"h":48},"resource":"Sin costo"}],"passive":{"name":"Camino del Vagabundo","description":"Aumenta la probabilidad de golpe crítico de Yasuo. Además, Yasuo acumula para un escudo en cuanto se mueve. El escudo se activa cuando recibe daño de un campeón o un monstruo.","image":{"full":"Yasuo_Passive.png","sprite":"passive5.png","group":"passive","x":288,"y":0,"w":48,"h":48}},"recommended":[]}}}