{"type":"champion","format":"standAloneComplex","version":"14.3.1","data":{"Yorick":{"id":"Yorick","key":"83","name":"Yorick","title":"Pastor de Almas","image":{"full":"Yorick.png","sprite":"champion5.png","group":"champion","x":384,"y":0,"w":48,"h":48},"skins":[{"id":"83000","num":0,"name":"default","chromas":false},{"id":"83001","num":1,"name":"Yorick Enterrador","chromas":false},{"id":"83002","num":2,"name":"Yorick Pentakill","chromas":false},{"id":"83003","num":3,"name":"Yorick Arco de Luz","chromas":false},{"id":"83004","num":4,"name":"Miaurick","chromas":true},{"id":"83012","num":12,"name":"Yorick Rebelde","chromas":true},{"id":"83021","num":21,"name":"Yorick Pentakill III: Lost Chapter","chromas":true},{"id":"83030","num":30,"name":"Yorick Flor Espiritual","chromas":true}],"lore":"Yorick, el último superviviente de una orden religiosa olvidada hace tiempo, carga con la bendición y la maldición del poder sobre los muertos. Atrapado en las Islas de la Sombra, sus únicos compañeros son cadáveres en descomposición y los espíritus aullantes que atrae. Sus monstruosos actos ocultan un objetivo noble: liberar a su hogar de la maldición de la Ruina.","blurb":"Yorick, el último superviviente de una orden religiosa olvidada hace tiempo, carga con la bendición y la maldición del poder sobre los muertos. Atrapado en las Islas de la Sombra, sus únicos compañeros son cadáveres en descomposición y los espíritus...","allytips":["No tienes que lanzar Despertar para recuperar la capacidad de lanzar Extremaunción.","La Dama intentará ayudarte en el combate, así que elige bien tus objetivos.","Puedes enviar a la Dama sola por el carril, pero cuidado, pues supone una gran parte de tu poder de combate."],"enemytips":["Puedes lanzar el Castigo sobre los trotanieblas y la Dama de la Niebla para infligirles daño o matarlos.","Intenta mermar a los súbditos de Yorick antes de atacarlo a él; los trotanieblas morirán con un ataque básico o un hechizo de objetivo único.","Puedes atacar el muro de Procesión Oscura para derribarlo."],"tags":["Fighter","Tank"],"partype":"Maná","info":{"attack":6,"defense":6,"magic":4,"difficulty":6},"stats":{"hp":650,"hpperlevel":114,"mp":300,"mpperlevel":60,"movespeed":340,"armor":39,"armorperlevel":5.2,"spellblock":32,"spellblockperlevel":2.05,"attackrange":175,"hpregen":8,"hpregenperlevel":0.8,"mpregen":7.5,"mpregenperlevel":0.75,"crit":0,"critperlevel":0,"attackdamage":62,"attackdamageperlevel":5,"attackspeedperlevel":2,"attackspeed":0.625},"spells":[{"id":"YorickQ","name":"Extremaunción","description":"Yorick inflige daño adicional en su siguiente ataque y se cura. Si muere un objetivo, se cavará una tumba.","tooltip":"El siguiente ataque de Yorick inflige <physicalDamage>{{ bonusdamage }} de daño físico</physicalDamage> adicional y restaura <healing>{{ qheal }} más un {{ missinghealthratio }}% de su Vida faltante</healing>, que se reduce en un {{ healreduction }}% contra unidades que no sean campeones. Si este ataque mata al objetivo, deja una tumba.<br /><br />Si hay 3 o más tumbas cerca y esta habilidad ya se usó, Yorick puede <recast>relanzarla</recast> para hacer que surjan <keywordMajor>trotanieblas</keywordMajor> de todas las tumbas cercanas.{{ spellmodifierdescriptionappend }}","leveltip":{"label":["Enfriamiento","Daño","Porcentaje de vida faltante"],"effect":["{{ cooldown }} -> {{ cooldownNL }}","{{ basedamage }} -> {{ basedamageNL }}","{{ missinghealthratio }} -> {{ missinghealthratioNL }}"]},"maxrank":5,"cooldown":[7,6.25,5.5,4.75,4],"cooldownBurn":"7/6.25/5.5/4.75/4","cost":[20,20,20,20,20],"costBurn":"20","datavalues":{},"effect":[null,[0,0,0,0,0],[0,0,0,0,0],[0,0,0,0,0],[0,0,0,0,0],[0,0,0,0,0],[0,0,0,0,0],[0,0,0,0,0],[0,0,0,0,0],[0,0,0,0,0],[0,0,0,0,0]],"effectBurn":[null,"0","0","0","0","0","0","0","0","0","0"],"vars":[],"costType":" de {{ abilityresourcename }}","maxammo":"-1","range":[0,0,0,0,0],"rangeBurn":"0","image":{"full":"YorickQ.png","sprite":"spell16.png","group":"spell","x":0,"y":48,"w":48,"h":48},"resource":"{{ cost }} de {{ abilityresourcename }}"},{"id":"YorickW","name":"Procesión Oscura","description":"Yorick invoca alrededor de una zona objetivo un muro destructible que bloquea el movimiento de los enemigos.","tooltip":"Yorick invoca un muro de espíritus que bloquea el camino de los enemigos, pero no de los aliados. El muro puede recibir ataques, y desaparece después de {{ e5 }} golpes.{{ spellmodifierdescriptionappend }}","leveltip":{"label":["Enfriamiento","Vida"],"effect":["{{ cooldown }} -> {{ cooldownNL }}","{{ e5 }} -> {{ e5NL }}"]},"maxrank":5,"cooldown":[20,18,16,14,12],"cooldownBurn":"20/18/16/14/12","cost":[70,70,70,70,70],"costBurn":"70","datavalues":{},"effect":[null,[4,4,4,4,4],[18,18,18,18,18],[0.75,0.75,0.75,0.75,0.75],[0,0,1,1,2],[2,2,3,3,4],[0,0,0,0,0],[0,0,0,0,0],[0,0,0,0,0],[0,0,0,0,0],[0,0,0,0,0]],"effectBurn":[null,"4","18","0.75","0/0/1/1/2","2/2/3/3/4","0","0","0","0","0"],"vars":[],"costType":" de {{ abilityresourcename }}","maxammo":"-1","range":[600,600,600,600,600],"rangeBurn":"600","image":{"full":"YorickW.png","sprite":"spell16.png","group":"spell","x":48,"y":48,"w":48,"h":48},"resource":"{{ cost }} de {{ abilityresourcename }}"},{"id":"YorickE","name":"Niebla del Lamento","description":"Yorick lanza un glóbulo de Niebla Negra que inflige daño, ralentiza y marca a los enemigos.","tooltip":"Yorick lanza un glóbulo de Niebla Negra que inflige un <magicDamage>{{ e7 }}% de la Vida actual como daño mágico (min: {{ minimumdamagebonus }})</magicDamage>, <status>ralentiza</status> un {{ e3 }}% durante {{ e6 }} seg y marca a campeones y monstruos durante {{ e2 }} seg. Los enemigos marcados <spellName>despiertan</spellName> tumbas cercanas de forma continua (sin exceder el máximo de {{ spell.yorickpassive:yorickpassiveghoulmax }}), y reciben un {{ ghoulbonusdamage*100 }}% de daño aumentado hasta por {{ ghoulbonuscount }} ataques de los <keywordMajor>trotanieblas</keywordMajor>.<br /><br />Yorick y sus unidades invocadas obtienen un <speed>{{ e5 }}% de Velocidad de Movimiento</speed> hacia la marca. Los <keywordMajor>trotanieblas</keywordMajor> saltarán una vez hacia los enemigos marcados que se alejen de ellos.{{ spellmodifierdescriptionappend }}","leveltip":{"label":["Daño mínimo","Enfriamiento","Costo de @AbilityResourceName@"],"effect":["{{ e1 }} -> {{ e1NL }}","{{ cooldown }} -> {{ cooldownNL }}","{{ cost }} -> {{ costNL }}"]},"maxrank":5,"cooldown":[12,11,10,9,8],"cooldownBurn":"12/11/10/9/8","cost":[50,55,60,65,70],"costBurn":"50/55/60/65/70","datavalues":{},"effect":[null,[70,105,140,175,210],[4,4,4,4,4],[30,30,30,30,30],[1500,1500,1500,1500,1500],[20,20,20,20,20],[2,2,2,2,2],[15,15,15,15,15],[300,300,300,300,300],[0,0,0,0,0],[0,0,0,0,0]],"effectBurn":[null,"70/105/140/175/210","4","30","1500","20","2","15","300","0","0"],"vars":[],"costType":" de {{ abilityresourcename }}","maxammo":"-1","range":[700,700,700,700,700],"rangeBurn":"700","image":{"full":"YorickE.png","sprite":"spell16.png","group":"spell","x":96,"y":48,"w":48,"h":48},"resource":"{{ cost }} de {{ abilityresourcename }}"},{"id":"YorickR","name":"Elegía de las Islas","description":"Yorick invoca a la Dama de la Niebla, que provoca que los ataques de Yorick al objetivo de la Dama inflijan daño adicional. La Dama además convertirá a los enemigos muertos en Seres de Niebla.","tooltip":"Yorick invoca a la <keywordMajor>Dama de la Niebla</keywordMajor> y {{ rghoulnumbers }} <keywordMajor>Trotanieblas</keywordMajor>. La <keywordMajor>Dama</keywordMajor> invoca automáticamente <keywordMajor>Trotanieblas</keywordMajor> de las muertes de enemigos cercanos.<br /><br />Cuando Yorick inflige daño al objetivo de la <keywordMajor>Dama</keywordMajor>, inflige un <magicDamage>{{ rmarkdamagepercent }}% de su Vida Máxima como daño mágico</magicDamage>.<br /><br />Tras 10 seg, Yorick puede <recast>relanzar</recast> esta habilidad para liberar a la <keywordMajor>Dama</keywordMajor>, enviándola al carril más cercano.{{ spellmodifierdescriptionappend }}","leveltip":{"label":["Trotanieblas","Daño de Marca","Daño de ataque adicional","Enfriamiento"],"effect":["{{ rghoulnumbers }} -> {{ rghoulnumbersNL }}","{{ rmarkdamagepercent }}% -> {{ rmarkdamagepercentNL }}%","{{ rbigghoulbonusad }} -> {{ rbigghoulbonusadNL }}","{{ cooldown }} -> {{ cooldownNL }}"]},"maxrank":3,"cooldown":[160,130,100],"cooldownBurn":"160/130/100","cost":[100,100,100],"costBurn":"100","datavalues":{},"effect":[null,[0,0,0],[0,0,0],[0,0,0],[0,0,0],[0,0,0],[0,0,0],[0,0,0],[0,0,0],[0,0,0],[0,0,0]],"effectBurn":[null,"0","0","0","0","0","0","0","0","0","0"],"vars":[],"costType":" de {{ abilityresourcename }}","maxammo":"-1","range":[600,600,600],"rangeBurn":"600","image":{"full":"YorickR.png","sprite":"spell16.png","group":"spell","x":144,"y":48,"w":48,"h":48},"resource":"{{ cost }} de {{ abilityresourcename }}"}],"passive":{"name":"Pastor de Almas","description":"<font color='#FF9900'>La Horda Maldita:</font> Yorick puede invocar trotanieblas para atacar a los enemigos cercanos.","image":{"full":"Yorick_P.png","sprite":"passive5.png","group":"passive","x":384,"y":0,"w":48,"h":48}},"recommended":[]}}}