{"type":"champion","format":"standAloneComplex","version":"14.3.1","data":{"Yuumi":{"id":"Yuumi","key":"350","name":"Yuumi","title":"la gatita mágica","image":{"full":"Yuumi.png","sprite":"champion5.png","group":"champion","x":432,"y":0,"w":48,"h":48},"skins":[{"id":"350000","num":0,"name":"default","chromas":false},{"id":"350001","num":1,"name":"Yuumi Directora de Combate","chromas":true},{"id":"350011","num":11,"name":"Yuumi Buscacorazones","chromas":true},{"id":"350019","num":19,"name":"Yuumiel","chromas":true},{"id":"350028","num":28,"name":"Yuumi Embrujada","chromas":true},{"id":"350037","num":37,"name":"Yuumi EDG","chromas":true},{"id":"350039","num":39,"name":"Yuumi Shiba","chromas":true}],"lore":"Yuumi, una gatita mágica proveniente de la Ciudad de Bandle, alguna vez fue la compañera de una hechicera yordle, Norra. Cuando su dueña desapareció misteriosamente, Yuumi se convirtió en la Guardiana del Libro de los Umbrales, perteneciente a Norra, cuyas páginas contienen portales que usan para viajar y buscarla. En su deseo de cariño, Yuumi busca compañeros amigables con quienes formar un equipo a lo largo de su travesía, protegiéndolos con escudos luminosos y su feroz determinación. Libro se esfuerza por mantener a Yuumi enfocada en su misión, pero las comodidades terrenales, como las siestas y el pescado, a menudo capturan su atención. Sin embargo, al final, ella siempre vuelve a su misión de encontrar a su amiga.","blurb":"Yuumi, una gatita mágica proveniente de la Ciudad de Bandle, alguna vez fue la compañera de una hechicera yordle, Norra. Cuando su dueña desapareció misteriosamente, Yuumi se convirtió en la Guardiana del Libro de los Umbrales, perteneciente a Norra...","allytips":[],"enemytips":[],"tags":["Support","Mage"],"partype":"Maná","info":{"attack":5,"defense":1,"magic":8,"difficulty":2},"stats":{"hp":500,"hpperlevel":69,"mp":440,"mpperlevel":45,"movespeed":330,"armor":25,"armorperlevel":4.2,"spellblock":25,"spellblockperlevel":1.1,"attackrange":425,"hpregen":5,"hpregenperlevel":0.55,"mpregen":10,"mpregenperlevel":0.4,"crit":0,"critperlevel":0,"attackdamage":49,"attackdamageperlevel":3.1,"attackspeedperlevel":1,"attackspeed":0.625},"spells":[{"id":"YuumiQ","name":"Proyectil Acechador","description":"Yuumi dispara un misil, el cual inflige daño y ralentiza al primer enemigo alcanzado. Si le toma mínimo 1.35 seg en llegar a su objetivo, inflige daño adicional y ralentización aumentada. Mientas está vinculada a su Mejor Amigui, siempre tiene ralentización aumentada y otorga daño al impacto a su aliado.<br><br>Mientras está unida, el misil se controla con el cursor durante un breve periodo de tiempo.","tooltip":"Yuumi invoca un misil errante que inflige <magicDamage>{{ totalmissiledamage }} de daño mágico</magicDamage> al primer enemigo y <status>Ralentiza</status> al objetivo por un {{ slowamount }}%.<br /><br />Si se lanza mientras está <keywordMajor>Unida</keywordMajor>, Yuumi puede controlar el misil con el cursor durante un breve periodo de tiempo antes de que acelere en línea recta. El misil acelerado inflige <magicDamage>{{ totalmissiledamageempowered }} de daño mágico</magicDamage> y <status>ralentiza</status> al objetivo en un {{ empoweredslowamount }}% durante {{ empoweredslowduration }} seg.<br /><br /><keywordMajor>Efecto adicional de Mejor Amigui:</keywordMajor> La <status>ralentización</status> de <spellName>Proyectil Acechador</spellName> siempre estará mejorada e impactar a un campeón enemigo también le otorgará <magicDamage>{{ onhitdamagecalc }} de daño mágico</magicDamage> <OnHit>al impacto%i:OnHit%</OnHit> durante {{ buffduration }} seg.<br /><br /><rules>El daño al impacto adicional se puede aumentar en un {{ allycritchancemaxamp*100 }}% según la Probabilidad de Golpe Crítico de su aliado.</rules>{{ spellmodifierdescriptionappend }}","leveltip":{"label":["Costo de maná","Daño básico","Daño potenciado","Cantidad de ralentización potenciada","Daño al impacto"],"effect":["{{ cost }} -> {{ costNL }}","{{ missiledamage }} -> {{ missiledamageNL }}","{{ empoweredmissiledamage }} -> {{ empoweredmissiledamageNL }}","{{ empoweredslowamount }}% -> {{ empoweredslowamountNL }}%","{{ onhitbase }} -> {{ onhitbaseNL }}"]},"maxrank":6,"cooldown":[6.5,6.5,6.5,6.5,6.5,6.5],"cooldownBurn":"6.5","cost":[50,60,70,80,90,100],"costBurn":"50/60/70/80/90/100","datavalues":{},"effect":[null,[0,0,0,0,0,0],[0,0,0,0,0,0],[0,0,0,0,0,0],[0,0,0,0,0,0],[0,0,0,0,0,0],[0,0,0,0,0,0],[0,0,0,0,0,0],[0,0,0,0,0,0],[0,0,0,0,0,0],[0,0,0,0,0,0]],"effectBurn":[null,"0","0","0","0","0","0","0","0","0","0"],"vars":[],"costType":" de {{ abilityresourcename }}","maxammo":"-1","range":[25000,25000,25000,25000,25000,25000],"rangeBurn":"25000","image":{"full":"YuumiQ.png","sprite":"spell16.png","group":"spell","x":192,"y":48,"w":48,"h":48},"resource":"{{ cost }} de {{ abilityresourcename }}"},{"id":"YuumiW","name":"¡Tú y Yo!","description":"Yuumi se desplaza hasta un aliado fijado como objetivo y se vuelve inalcanzable para todo, excepto para las torretas. Mientras está vinculada a su Mejor Amigui, obtiene poder de curación y escudo y otorga a su aliado curación al impacto.","tooltip":"<spellPassive>Pasiva:</spellPassive> Mientras está vinculada a su <keywordMajor>Mejor Amigui</keywordMajor>, Yuumi obtiene un <keywordMajor>{{ healandshieldpower*100 }}% de Poder de Curación y Escudo</keywordMajor> adicionales y su aliado restablece <healing>{{ healthonhit }} de Vida</healing> <OnHit>al impacto %i:OnHit%</OnHit>.<br /><br /><spellActive>Activa:</spellActive> Yuumi se desplaza hasta un campeón aliado y se <keywordMajor>une</keywordMajor> a este. Mientras esté <keywordMajor>Unida</keywordMajor>, Yuumi sigue el movimiento de su compañero y es inalcanzable excepto por ataques de torres.<br /><br />Los efectos de <status>inmovilización</status> sobre Yuumi dejan a esta habilidad con {{ ccattachlockout }} seg de enfriamiento.{{ spellmodifierdescriptionappend }}","leveltip":{"label":["Curación al impacto","Poder de curación y escudos adicional"],"effect":["{{ basehealthonhit }} -> {{ basehealthonhitNL }}","{{ healandshieldpower*100.000000 }} -> {{ healandshieldpowernl*100.000000 }}"]},"maxrank":5,"cooldown":[0,0,0,0,0],"cooldownBurn":"0","cost":[0,0,0,0,0],"costBurn":"0","datavalues":{},"effect":[null,[0,0,0,0,0],[0,0,0,0,0],[0,0,0,0,0],[0,0,0,0,0],[0,0,0,0,0],[0,0,0,0,0],[0,0,0,0,0],[0,0,0,0,0],[0,0,0,0,0],[0,0,0,0,0]],"effectBurn":[null,"0","0","0","0","0","0","0","0","0","0"],"vars":[],"costType":"Sin costo","maxammo":"-1","range":[25000,25000,25000,25000,25000],"rangeBurn":"25000","image":{"full":"YuumiW.png","sprite":"spell16.png","group":"spell","x":240,"y":48,"w":48,"h":48},"resource":"Sin costo"},{"id":"YuumiE","name":"Zoomies","description":"Protege a Yuumi y aumenta la velocidad movimiento y de ataque. Si está unida, pasa este efecto a su aliado.<br>","tooltip":"Yuumi se protege a sí misma, bloquea <shield>{{ totalshielding }} de daño</shield> y obtiene un <attackSpeed>{{ totalattackspeed }}% de Velocidad de Ataque</attackSpeed> por {{ msduration }} seg. Mientras dura el efecto del Escudo, el objetivo también obtiene un <speed>{{ msamount }}% de Velocidad de Movimiento</speed>.<br /><br />Si Yuumi está <keywordMajor>Unida</keywordMajor>, esta habilidad afecta a su aliado y le restaura <magicDamage>{{ manarestore }} de Maná</magicDamage>, el cual aumenta en hasta un {{ maxmanapercincrease*100 }}% según el maná faltante del objetivo.{{ spellmodifierdescriptionappend }}","leveltip":{"label":["Cantidad de escudo","Enfriamiento","Costo de maná","Restauración de Maná","Velocidad de Ataque"],"effect":["{{ baseshielding }} -> {{ baseshieldingNL }}","{{ cooldown }} -> {{ cooldownNL }}","{{ cost }} -> {{ costNL }}","{{ manarestore }} -> {{ manarestoreNL }}","{{ attackspeedamount }} -> {{ attackspeedamountNL }}"]},"maxrank":5,"cooldown":[12,11.5,11,10.5,10],"cooldownBurn":"12/11.5/11/10.5/10","cost":[80,90,100,110,120],"costBurn":"80/90/100/110/120","datavalues":{},"effect":[null,[0,0,0,0,0],[0,0,0,0,0],[0,0,0,0,0],[0,0,0,0,0],[0,0,0,0,0],[0,0,0,0,0],[0,0,0,0,0],[0,0,0,0,0],[0,0,0,0,0],[0,0,0,0,0]],"effectBurn":[null,"0","0","0","0","0","0","0","0","0","0"],"vars":[],"costType":" de {{ abilityresourcename }}","maxammo":"0","range":[25000,25000,25000,25000,25000],"rangeBurn":"25000","image":{"full":"YuumiE.png","sprite":"spell16.png","group":"spell","x":288,"y":48,"w":48,"h":48},"resource":"{{ cost }} de {{ abilityresourcename }}"},{"id":"YuumiR","name":"Últimas Páginas","description":"Yuumi canaliza cinco oleadas que dañan a los enemigos y curan a los aliados. Yuumi se puede desplazar, unirse y lanzar Zoomies mientras está canalizando. Mientras está unida a su Mejor Amigui, este hechizo también seguirá el mouse que la controla.","tooltip":"Yuumi canaliza por {{ ultduration }} seg y lanza {{ numberofwaves }} oleadas mágicas que afectan a ambos equipos. Si se lanzan por primera vez mientras Yuumi está <keywordMajor>Unida</keywordMajor>, las oleadas seguirán su mouse.<br /><br />Los enemigos impactados reciben <magicDamage>{{ totalmissiledamage }} de daño mágico</magicDamage> y quedan <status>ralentizados</status> en un {{ baseslow*-100 }}% por {{ ccduration }} seg, que aumenta en un {{ bonusslowperwave*-100 }}% por cada impacto de oleada.<br /><br />Los campeones aliados se curan por <healing>{{ totalhealperwave }} de Vida</healing> por cada oleada. La curación excedente se convierte en un <shield>Escudo</shield>.<br /><br /><keywordMajor>Efecto adicional de Mejor Amigui:</keywordMajor> Para su <keywordMajor>Mejor Amigui</keywordMajor>, la curación aumenta a <healing>{{ enhancedhealperwave }} de Vida</healing>.<br /><br /><rules>Lanzar <spellName>¡Tú y yo!</spellName> fijará las oleadas en la dirección actual.<br />Yuumi se puede mover y lanzar <spellName>¡Acelera!</spellName> mientras canaliza.</rules><br />{{ spellmodifierdescriptionappend }}","leveltip":{"label":["Enfriamiento","Daño básico por misil","Curación básica por oleada"],"effect":["{{ cooldown }} -> {{ cooldownNL }}","{{ basemissiledamage }} -> {{ basemissiledamageNL }}","{{ basehealperwave }} -> {{ basehealperwaveNL }}"]},"maxrank":3,"cooldown":[120,110,100],"cooldownBurn":"120/110/100","cost":[100,100,100],"costBurn":"100","datavalues":{},"effect":[null,[0,0,0],[0,0,0],[0,0,0],[0,0,0],[0,0,0],[0,0,0],[0,0,0],[0,0,0],[0,0,0],[0,0,0]],"effectBurn":[null,"0","0","0","0","0","0","0","0","0","0"],"vars":[],"costType":" de {{ abilityresourcename }}","maxammo":"-1","range":[1100,1100,1100],"rangeBurn":"1100","image":{"full":"YuumiR.png","sprite":"spell16.png","group":"spell","x":336,"y":48,"w":48,"h":48},"resource":"{{ cost }} de {{ abilityresourcename }}"}],"passive":{"name":"Amistad Felina","description":"De forma periódica, cuando Yuumi impacta a un campeón con un ataque o habilidad, restablece vida para sí misma y para el siguiente aliado al que se una.<br><br>Al estar unida, Yuumi genera una unión especial con sus aliados. El aliado con la unión más fuerte potencia las habilidades de Yuumi al estar unida a él.","image":{"full":"YuumiP.png","sprite":"passive5.png","group":"passive","x":432,"y":0,"w":48,"h":48}},"recommended":[]}}}