{"type":"champion","format":"standAloneComplex","version":"14.3.1","data":{"Zac":{"id":"Zac","key":"154","name":"Zac","title":"el Arma Secreta","image":{"full":"Zac.png","sprite":"champion5.png","group":"champion","x":0,"y":48,"w":48,"h":48},"skins":[{"id":"154000","num":0,"name":"default","chromas":true},{"id":"154001","num":1,"name":"Zac Arma Especial","chromas":false},{"id":"154002","num":2,"name":"Zac Veraniego","chromas":false},{"id":"154006","num":6,"name":"Zac SKT T1","chromas":false},{"id":"154007","num":7,"name":"Zac Blindaje Bélico","chromas":true},{"id":"154014","num":14,"name":"Zac Empíreo","chromas":true}],"lore":"Zac es el producto de un derrame tóxico que pasó por una soldadura quimtech y que cayó en una caverna aislada en lo profundo del Sumidero de Zaun. A pesar de su humilde origen, Zac pasó de ser un fluido primigenio a un ser pensante que vive en las tuberías de la ciudad y que emerge de vez en cuando para ayudar a quienes lo necesitan o para reconstruir la infraestructura rota de Zaun.","blurb":"Zac es el producto de un derrame tóxico que pasó por una soldadura quimtech y que cayó en una caverna aislada en lo profundo del Sumidero de Zaun. A pesar de su humilde origen, Zac pasó de ser un fluido primigenio a un ser pensante que vive en las...","allytips":["Recoger las partículas de materia es muy importante para mantenerse con vida.","Cuando esté lista la División Celular, intenta morir en una posición en la que sea difícil para el enemigo acabar con tus partículas.","Si se carga la Honda Elástica en la niebla de guerra, los rivales tendrán menos tiempo de reacción."],"enemytips":["Zac se cura con la materia que se desprende de él. Puedes triturar los fragmentos de materia pisándolos.","Acaba con todas las partículas de Zac cuando se divida para evitar que se reforme.","Los silencios, los aturdimientos y las inmovilizaciones interrumpirán la carga de Honda Elástica de Zac."],"tags":["Tank","Fighter"],"partype":"Ninguno","info":{"attack":3,"defense":7,"magic":7,"difficulty":8},"stats":{"hp":685,"hpperlevel":109,"mp":0,"mpperlevel":0,"movespeed":340,"armor":33,"armorperlevel":4.7,"spellblock":32,"spellblockperlevel":2.05,"attackrange":175,"hpregen":8,"hpregenperlevel":0.5,"mpregen":0,"mpregenperlevel":0,"crit":0,"critperlevel":0,"attackdamage":60,"attackdamageperlevel":3.4,"attackspeedperlevel":1.6,"attackspeed":0.736},"spells":[{"id":"ZacQ","name":"Golpes de Estiramiento","description":"Zac estira un brazo y agarra a un enemigo. Atacar a un enemigo diferente causará que lance a los dos objetivos el uno contra el otro.","tooltip":"Zac estira su brazo, lo adhiere al primer enemigo que alcanza, le inflige <magicDamage>{{ damagetooltip }} de daño mágico</magicDamage> y lo <status>ralentiza</status> por un momento. El siguiente ataque de Zac obtiene alcance adicional e inflige el mismo daño y <status>ralentización</status>. <br /><br />Si Zac alcanza a un enemigo <i>diferente</i> con su ataque, los <status>lanzará por el aire</status> y los hará chocar uno con el otro. Si chocan, ellos y los enemigos cercanos reciben <magicDamage>{{ damagetooltip }} de daño mágico</magicDamage> y quedarán <status>ralentizados</status> por un momento.{{ spellmodifierdescriptionappend }}","leveltip":{"label":["Daño","Enfriamiento"],"effect":["{{ e1 }} -> {{ e1NL }}","{{ cooldown }} -> {{ cooldownNL }}"]},"maxrank":5,"cooldown":[14,12.5,11,9.5,8],"cooldownBurn":"14/12.5/11/9.5/8","cost":[0,0,0,0,0],"costBurn":"0","datavalues":{},"effect":[null,[40,55,70,85,100],[8,8,8,8,8],[800,800,800,800,800],[-0.4,-0.4,-0.4,-0.4,-0.4],[0.5,0.5,0.5,0.5,0.5],[2.5,2.5,2.5,2.5,2.5],[1000,1000,1000,1000,1000],[700,700,700,700,700],[300,300,300,300,300],[300,300,300,300,300]],"effectBurn":[null,"40/55/70/85/100","8","800","-0.4","0.5","2.5","1000","700","300","300"],"vars":[],"costType":"% de la Vida actual ({{ healthcosttooltip }})","maxammo":"-1","range":[800,800,800,800,800],"rangeBurn":"800","image":{"full":"ZacQ.png","sprite":"spell16.png","group":"spell","x":384,"y":48,"w":48,"h":48},"resource":"Cuesta un {{ e2 }}% de la Vida actual ({{ healthcosttooltip }})"},{"id":"ZacW","name":"Materia Inestable","description":"Zac explota hacia afuera en dirección de los enemigos cercanos, lo que inflige un porcentaje de su vida máxima como daño mágico.","tooltip":"El cuerpo de Zac hace erupción, lo que inflige <magicDamage>{{ basedamage }} + {{ displaypercentdamage }} de la Vida Máxima como daño mágico</magicDamage> a los enemigos cercanos.<br /><br />Absorber <keywordMajor>Partículas</keywordMajor> reduce en 1 seg el enfriamiento de esta habilidad.{{ spellmodifierdescriptionappend }}","leveltip":{"label":["Daño fijo","% de Vida Máxima"],"effect":["{{ basedamage }} -> {{ basedamageNL }}","{{ basemaxhealthdamage*100.000000 }}% -> {{ basemaxhealthdamagenl*100.000000 }}%"]},"maxrank":5,"cooldown":[5,5,5,5,5],"cooldownBurn":"5","cost":[0,0,0,0,0],"costBurn":"0","datavalues":{},"effect":[null,[35,50,65,80,95],[4,4,4,4,4],[0.04,0.05,0.06,0.07,0.08],[1,1,1,1,1],[200,200,200,200,200],[0,0,0,0,0],[0,0,0,0,0],[0,0,0,0,0],[0,0,0,0,0],[0,0,0,0,0]],"effectBurn":[null,"35/50/65/80/95","4","0.04/0.05/0.06/0.07/0.08","1","200","0","0","0","0","0"],"vars":[],"costType":"% de la Vida actual ({{ tooltiphealthcost }})","maxammo":"-1","range":[350,350,350,350,350],"rangeBurn":"350","image":{"full":"ZacW.png","sprite":"spell16.png","group":"spell","x":432,"y":48,"w":48,"h":48},"resource":"Cuesta un {{ e2 }}% de la Vida actual ({{ tooltiphealthcost }})"},{"id":"ZacE","name":"Honda Elástica","description":"Zac amarra sus brazos al suelo y los extiende hacia atrás para lanzarse.","tooltip":"<charge>Iniciar carga:</charge> Zac se tensa a sí mismo y carga un desplazamiento durante {{ e4 }} seg.<br /><br /><release>Lanzamiento:</release> Zac se lanza a sí mismo y <status>lanza por el aire</status> a los enemigos que estén donde aterrice por hasta {{ maxstun }} seg (según el tiempo de carga), lo que les inflige <magicDamage>{{ damage }} de daño mágico</magicDamage>. Zac genera un pedazo adicional de <keywordMajor>Partículas</keywordMajor> por cada campeón enemigo alcanzado.{{ spellmodifierdescriptionappend }}","leveltip":{"label":["Daño","Alcance","Enfriamiento"],"effect":["{{ e1 }} -> {{ e1NL }}","{{ e3 }} -> {{ e3NL }}","{{ cooldown }} -> {{ cooldownNL }}"]},"maxrank":5,"cooldown":[22,19,16,13,10],"cooldownBurn":"22/19/16/13/10","cost":[0,0,0,0,0],"costBurn":"0","datavalues":{},"effect":[null,[60,105,150,195,240],[4,4,4,4,4],[1200,1350,1500,1650,1800],[0.9,1,1.1,1.2,1.3],[0.5,0.5,0.5,0.5,0.5],[500,500,500,500,500],[1350,1350,1350,1350,1350],[0.6,0.6,0.6,0.6,0.6],[265,265,265,265,265],[1,1,1,1,1]],"effectBurn":[null,"60/105/150/195/240","4","1200/1350/1500/1650/1800","0.9/1/1.1/1.2/1.3","0.5","500","1350","0.6","265","1"],"vars":[],"costType":"% de la Vida actual ({{ healthcosttooltip }})","maxammo":"-1","range":[300,300,300,300,300],"rangeBurn":"300","image":{"full":"ZacE.png","sprite":"spell16.png","group":"spell","x":0,"y":96,"w":48,"h":48},"resource":"Cuesta un {{ e2 }}% de la Vida actual ({{ healthcosttooltip }})"},{"id":"ZacR","name":"¡Rebotemos!","description":"Zac rebota cuatro veces, lo que lanza a los enemigos por el aire y los ralentiza.","tooltip":"<spellPassive>Pasiva:</spellPassive> La curación de <spellName>División Celular</spellName> aumenta a <healing>{{ passivehealingtotaltooltip }} de Vida</healing> por <keywordMajor>Partícula</keywordMajor>.<br /><br /><spellActive>Activa:</spellActive> Zac rebota {{ bounces }} veces. El primer rebote que impacte a un enemigo lo <status>lanzará</status> hacia atrás y le infligirá <magicDamage>{{ damageperbounce }} de daño mágico</magicDamage>. Los rebotes subsecuentes infligirán <magicDamage>{{ damagepersubsequentbounce }} de daño mágico</magicDamage> y <status>ralentizarán</status> un {{ slowamount*100 }}% durante {{ slowduration }} seg.<br /><br />Zac obtiene hasta un <speed>{{ endingms*100 }}% de Velocidad de Movimiento</speed> con el tiempo y puede lanzar <spellName>Materia Inestable</spellName> mientras rebota.{{ spellmodifierdescriptionappend }}","leveltip":{"label":["Daño básico del rebote","Curación adicional de partículas","Enfriamiento"],"effect":["{{ basedamagebounce }} -> {{ basedamagebounceNL }}","{{ additionalchunkhealing }}% -> {{ additionalchunkhealingNL }}%","{{ cooldown }} -> {{ cooldownNL }}"]},"maxrank":3,"cooldown":[120,105,90],"cooldownBurn":"120/105/90","cost":[0,0,0],"costBurn":"0","datavalues":{},"effect":[null,[150,250,350],[1.1,1.1,1.1],[700,850,1000],[-0.3,-0.4,-0.5],[2.5,2.5,2.5],[275,275,275],[300,300,300],[1,1,1],[0.25,0.25,0.25],[0.1,0.1,0.1]],"effectBurn":[null,"150/250/350","1.1","700/850/1000","-0.3/-0.4/-0.5","2.5","275","300","1","0.25","0.1"],"vars":[],"costType":"Sin costo","maxammo":"-1","range":[300,300,300],"rangeBurn":"300","image":{"full":"ZacR.png","sprite":"spell16.png","group":"spell","x":48,"y":96,"w":48,"h":48},"resource":"Sin costo"}],"passive":{"name":"División Celular","description":"Cada vez que Zac alcanza a un enemigo con una habilidad, pierde un trozo de sí mismo que puede reabsorberse para restaurar vida. Al recibir un golpe letal, Zac se divide en 4 partículas que intentan recombinarse. Si alguna de las partículas perdura, revivirá con una cantidad de vida según la vida de las células restantes. Cada partícula tiene un porcentaje de la vida máxima, de la armadura y de la resistencia mágica de Zac. Esta habilidad tiene un enfriamiento de 5 minutos.","image":{"full":"ZacPassive.png","sprite":"passive5.png","group":"passive","x":0,"y":48,"w":48,"h":48}},"recommended":[]}}}