{"type":"champion","format":"standAloneComplex","version":"14.3.1","data":{"Zed":{"id":"Zed","key":"238","name":"Zed","title":"el Maestro de las Sombras","image":{"full":"Zed.png","sprite":"champion5.png","group":"champion","x":48,"y":48,"w":48,"h":48},"skins":[{"id":"238000","num":0,"name":"default","chromas":false},{"id":"238001","num":1,"name":"Zed Filo Relámpago","chromas":true},{"id":"238002","num":2,"name":"Zed SKT T1","chromas":false},{"id":"238003","num":3,"name":"PROYECTO: Zed","chromas":true},{"id":"238010","num":10,"name":"Zed Worlds 2016","chromas":true},{"id":"238011","num":11,"name":"Zed Juramento Funesto","chromas":false},{"id":"238013","num":13,"name":"Zed Exterminador Galáctico","chromas":true},{"id":"238015","num":15,"name":"Zed PsyOps","chromas":true},{"id":"238030","num":30,"name":"PROYECTO: Zed Prestigioso","chromas":false},{"id":"238031","num":31,"name":"Zed Gallardo","chromas":true},{"id":"238038","num":38,"name":"Zed Empíreo","chromas":true},{"id":"238049","num":49,"name":"Zed Viaje Inmortal","chromas":true}],"lore":"Implacable y despiadado, Zed es el líder de la Orden de la Sombra, una organización que él creó con la intención de militarizar las tradiciones de artes marciales y mágicas de Jonia para repeler a los invasores noxianos. Durante la guerra, la desesperación lo llevó a revelar la forma secreta de las sombras, una malévola magia espiritual tan poderosa como corrupta y peligrosa. Zed dominó todas esas técnicas prohibidas para destruir cualquier amenaza para su nación o su nueva orden.","blurb":"Implacable y despiadado, Zed es el líder de la Orden de la Sombra, una organización que él creó con la intención de militarizar las tradiciones de artes marciales y mágicas de Jonia para repeler a los invasores noxianos. Durante la guerra, la...","allytips":["Ahorrar energía y enfriamientos de hechizo maximizará el daño de Marca de la Muerte.","Haz clic dos veces rápidamente en Sombra Viviente para teleportar a Zed a su sombra inmediatamente y que pueda escapar rápido.","Colocar una Sombra Viviente antes de usar Marca de la Muerte puede ayudar a Zed a escapar del combate a salvo."],"enemytips":["Zed recibe un efecto adicional de los objetos de Daño de Ataque que compra, así que la Armadura es particularmente efectiva contra él.","Se vuelve especialmente vulnerable una vez usada Sombra Viviente, pues de ella dependen su daño, su ralentización y su movilidad.","La Cuchillada Sombría de Zed solo te ralentiza si su sombra te alcanza con ella. "],"tags":["Assassin"],"partype":"Energía","info":{"attack":9,"defense":2,"magic":1,"difficulty":7},"stats":{"hp":654,"hpperlevel":99,"mp":200,"mpperlevel":0,"movespeed":345,"armor":32,"armorperlevel":4.7,"spellblock":29,"spellblockperlevel":2.05,"attackrange":125,"hpregen":7,"hpregenperlevel":0.65,"mpregen":50,"mpregenperlevel":0,"crit":0,"critperlevel":0,"attackdamage":63,"attackdamageperlevel":3.4,"attackspeedperlevel":3.3,"attackspeed":0.651},"spells":[{"id":"ZedQ","name":"Navaja Shuriken","description":"Zed y sus sombras arrojan sus shurikens.<br><br>Cada shuriken inflige daño a todos los enemigos alcanzados.","tooltip":"Zed y sus <keywordMajor>sombras</keywordMajor> arrojan shurikens. Cada uno inflige <physicalDamage>{{ totaldamage }} de daño físico</physicalDamage> al primer enemigo alcanzado y <physicalDamage>{{ passthroughdamage }} de daño físico</physicalDamage> a cada enemigo adicional.{{ spellmodifierdescriptionappend }}","leveltip":{"label":["Daño","Costo de @AbilityResourceName@"],"effect":["{{ basedamage }} -> {{ basedamageNL }}","{{ cost }} -> {{ costNL }}"]},"maxrank":5,"cooldown":[6,6,6,6,6],"cooldownBurn":"6","cost":[75,70,65,60,55],"costBurn":"75/70/65/60/55","datavalues":{},"effect":[null,[0,0,0,0,0],[0,0,0,0,0],[0,0,0,0,0],[0,0,0,0,0],[0,0,0,0,0],[0,0,0,0,0],[0,0,0,0,0],[0,0,0,0,0],[0,0,0,0,0],[0,0,0,0,0]],"effectBurn":[null,"0","0","0","0","0","0","0","0","0","0"],"vars":[],"costType":" de {{ abilityresourcename }}","maxammo":"-1","range":[900,900,900,900,900],"rangeBurn":"900","image":{"full":"ZedQ.png","sprite":"spell16.png","group":"spell","x":96,"y":96,"w":48,"h":48},"resource":"{{ cost }} de {{ abilityresourcename }}"},{"id":"ZedW","name":"Sombra Viviente","description":"<font color='#FF9900'>Pasiva:</font> Zed obtiene energía cada vez que él y sus sombras alcanzan a un enemigo con la misma habilidad. Solo puede obtener energía una vez por cada habilidad.<br><br><font color='#FF9900'>Activa:</font> la Sombra de Zed se desplaza hacia adelante y permanece en su lugar por unos segundos. Reactivar Sombra Viviente hará que Zed cambie de posición con esta sombra.","tooltip":"<spellPassive>Pasiva:</spellPassive> Zed obtiene <keywordMajor>{{ e3 }} de Energía</keywordMajor> cada vez que él y sus <keywordMajor>sombras</keywordMajor> alcanzan a un enemigo con la misma habilidad.<br /><br /><spellActive>Activa:</spellActive> La <keywordMajor>sombra</keywordMajor> de Zed se desplaza hacia adelante y permanece en su lugar por {{ e5 }} seg. <recast>Vuelve a lanzar</recast> esta habilidad para que Zed cambie de lugar con esta <keywordMajor>sombra</keywordMajor>.{{ spellmodifierdescriptionappend }}","leveltip":{"label":["Retorno de energía","Costo de @AbilityResourceName@","Enfriamiento"],"effect":["{{ e3 }} -> {{ e3NL }}","{{ cost }} -> {{ costNL }}","{{ cooldown }} -> {{ cooldownNL }}"]},"maxrank":5,"cooldown":[20,19,18,17,16],"cooldownBurn":"20/19/18/17/16","cost":[40,35,30,25,20],"costBurn":"40/35/30/25/20","datavalues":{},"effect":[null,[5.25,5.25,5.25,5.25,5.25],[0.2,0.2,0.2,0.2,0.2],[30,35,40,45,50],[5.25,5.25,5.25,5.25,5.25],[5,5,5,5,5],[0,0,0,0,0],[0,0,0,0,0],[0,0,0,0,0],[0,0,0,0,0],[0,0,0,0,0]],"effectBurn":[null,"5.25","0.2","30/35/40/45/50","5.25","5","0","0","0","0","0"],"vars":[],"costType":" de {{ abilityresourcename }}","maxammo":"-1","range":[650,650,650,650,650],"rangeBurn":"650","image":{"full":"ZedW.png","sprite":"spell16.png","group":"spell","x":144,"y":96,"w":48,"h":48},"resource":"{{ cost }} de {{ abilityresourcename }}"},{"id":"ZedE","name":"Cuchillada Sombría","description":"Zed y sus Sombras lanzan una cuchillada que inflige daño a los enemigos cercanos. Los enemigos alcanzados por la cuchillada de una Sombra quedan ralentizados.","tooltip":"Zed y sus <keywordMajor>sombras</keywordMajor> realizan una cuchillada que inflige <physicalDamage>{{ totaldamage }} de daño físico</physicalDamage> a los enemigos cercanos.<br /><br />Cada campeón enemigo alcanzado por la cuchillada de Zed reduce el enfriamiento de <spellName>Sombra Viviente</spellName> en {{ shadowhitcdr }} seg.<br /><br />Los enemigos alcanzados por la cuchillada de una <keywordMajor>sombra</keywordMajor> de Zed quedan <status>ralentizados</status> un {{ movespeedmod*-100 }}% durante {{ slowduration }} seg. Los enemigos alcanzados por varias cuchilladas no reciben daño adicional, pero quedan <status>ralentizados</status> un {{ movespeedmodbonus*-100 }}%.{{ spellmodifierdescriptionappend }}","leveltip":{"label":["Daño","Enfriamiento","Ralentización"],"effect":["{{ basedamage }} -> {{ basedamageNL }}","{{ cooldown }} -> {{ cooldownNL }}","{{ movespeedmod*-100.000000 }}% -> {{ movespeedmodnl*-100.000000 }}%"]},"maxrank":5,"cooldown":[5,4.5,4,3.5,3],"cooldownBurn":"5/4.5/4/3.5/3","cost":[40,40,40,40,40],"costBurn":"40","datavalues":{},"effect":[null,[0,0,0,0,0],[0,0,0,0,0],[0,0,0,0,0],[0,0,0,0,0],[0,0,0,0,0],[0,0,0,0,0],[0,0,0,0,0],[0,0,0,0,0],[0,0,0,0,0],[0,0,0,0,0]],"effectBurn":[null,"0","0","0","0","0","0","0","0","0","0"],"vars":[],"costType":" de {{ abilityresourcename }}","maxammo":"-1","range":[290,290,290,290,290],"rangeBurn":"290","image":{"full":"ZedE.png","sprite":"spell16.png","group":"spell","x":192,"y":96,"w":48,"h":48},"resource":"{{ cost }} de {{ abilityresourcename }}"},{"id":"ZedR","name":"Marca de la Muerte","description":"Zed se vuelve inalcanzable y se desplaza hacia un campeón enemigo para marcarlo. La marca se activa después de 3 seg, lo que repite una parte del daño que Zed infligió al objetivo mientras estaba marcado.","tooltip":"Zed se vuelve inalcanzable y se desplaza hacia un campeón enemigo para marcarlo. La marca se activa después de {{ rdeathmarkduration }} seg, lo que inflige <physicalDamage>{{ rcalculateddamage }} de daño físico</physicalDamage> y repite un {{ rdamageamp*100 }}% de todo el daño que Zed infligió al objetivo mientras la marca estaba activa.<br /><br />El desplazamiento crea una <keywordMajor>sombra</keywordMajor> que dura {{ rshadowdurationdisplayed }} seg. Zed puede <recast>volver a lanzar</recast> esta habilidad para cambiar de posición con esta <keywordMajor>sombra</keywordMajor>.{{ spellmodifierdescriptionappend }}","leveltip":{"label":["Daño de detonación de la marca","Enfriamiento"],"effect":["{{ rdamageamp*100.000000 }}% -> {{ rdamageampnl*100.000000 }}%","{{ cooldown }} -> {{ cooldownNL }}"]},"maxrank":3,"cooldown":[120,100,80],"cooldownBurn":"120/100/80","cost":[0,0,0],"costBurn":"0","datavalues":{},"effect":[null,[0,0,0],[0,0,0],[0,0,0],[0,0,0],[0,0,0],[0,0,0],[0,0,0],[0,0,0],[0,0,0],[0,0,0]],"effectBurn":[null,"0","0","0","0","0","0","0","0","0","0"],"vars":[],"costType":"Sin costo","maxammo":"-1","range":[625,625,625],"rangeBurn":"625","image":{"full":"ZedR.png","sprite":"spell16.png","group":"spell","x":240,"y":96,"w":48,"h":48},"resource":"Sin costo"}],"passive":{"name":"Desprecio hacia los Débiles","description":"Los ataques básicos de Zed contra objetivos con poca vida infligen daño mágico adicional. Este efecto solo puede aplicarse una vez cada cierto tiempo contra el mismo campeón enemigo.","image":{"full":"ZedP.png","sprite":"passive5.png","group":"passive","x":48,"y":48,"w":48,"h":48}},"recommended":[]}}}