{"type":"champion","format":"standAloneComplex","version":"14.3.1","data":{"Zeri":{"id":"Zeri","key":"221","name":"Zeri","title":"La chispa de Zaun","image":{"full":"Zeri.png","sprite":"champion5.png","group":"champion","x":96,"y":48,"w":48,"h":48},"skins":[{"id":"221000","num":0,"name":"default","chromas":false},{"id":"221001","num":1,"name":"Zeri Rosa Marchita","chromas":true},{"id":"221010","num":10,"name":"Zeri Canción del Océano","chromas":true},{"id":"221019","num":19,"name":"Zeri Viaje Inmortal","chromas":true}],"lore":"Zeri, una joven testaruda y enérgica de la clase trabajadora de Zaun, canaliza su magia eléctrica para cargarse a sí misma y su arma fabricada a la medida. Su poder volátil refleja sus emociones y sus chispas reflejan su enfoque de la vida a la velocidad del rayo. Con una profunda compasión hacia los demás, Zeri lleva el amor de su familia y su hogar en cada pelea. Aunque su afán de ayudar a veces puede resultar contraproducente, Zeri cree en una sola verdad: defiende a tu comunidad y esta estará de tu lado.","blurb":"Zeri, una joven testaruda y enérgica de la clase trabajadora de Zaun, canaliza su magia eléctrica para cargarse a sí misma y su arma fabricada a la medida. Su poder volátil refleja sus emociones y sus chispas reflejan su enfoque de la vida a la...","allytips":[],"enemytips":[],"tags":["Marksman"],"partype":"Maná","info":{"attack":8,"defense":5,"magic":3,"difficulty":6},"stats":{"hp":630,"hpperlevel":110,"mp":250,"mpperlevel":45,"movespeed":330,"armor":24,"armorperlevel":4.2,"spellblock":30,"spellblockperlevel":1.3,"attackrange":500,"hpregen":3.25,"hpregenperlevel":0.7,"mpregen":6,"mpregenperlevel":0.8,"crit":0,"critperlevel":0,"attackdamage":56,"attackdamageperlevel":2,"attackspeedperlevel":2,"attackspeed":0.658},"spells":[{"id":"ZeriQ","name":"Ráfaga de Luz","description":"Ráfaga de Luz dispara 7 balas consecutivas que infligen daño de ataque al primer enemigo impactado. Esta habilidad se considera un ataque.","tooltip":"Zeri dispara una ráfaga de {{ numberofmissiles }} balas que infligen <physicalDamage>{{ activedamagethatcancrit }} de daño físico</physicalDamage> al primer enemigo impactado. Esta habilidad se considera un ataque. {{ spellmodifierdescriptionappend }}","leveltip":{"label":["Daño","Tasa de DA total"],"effect":["{{ basedamage }} -> {{ basedamageNL }}","{{ activeadratio*100.000000 }}% -> {{ activeadrationl*100.000000 }}%"]},"maxrank":5,"cooldown":[0,0,0,0,0],"cooldownBurn":"0","cost":[0,0,0,0,0],"costBurn":"0","datavalues":{},"effect":[null,[0,0,0,0,0],[0,0,0,0,0],[0,0,0,0,0],[0,0,0,0,0],[0,0,0,0,0],[0,0,0,0,0],[0,0,0,0,0],[0,0,0,0,0],[0,0,0,0,0],[0,0,0,0,0]],"effectBurn":[null,"0","0","0","0","0","0","0","0","0","0"],"vars":[],"costType":"Sin costo","maxammo":"-1","range":[700,700,700,700,700],"rangeBurn":"700","image":{"full":"ZeriQ.png","sprite":"spell16.png","group":"spell","x":288,"y":96,"w":48,"h":48},"resource":"Sin costo"},{"id":"ZeriW","name":"Láser Ultracargado","description":"Zeri dispara un pulso eléctrico que ralentiza y daña al primer enemigo golpeado. Si el pulso golpea una pared, se convierte y extiende como láser de largo alcance.","tooltip":"Zeri dispara un pulso eléctrico que inflige <physicalDamage>{{ totaldamage }} de daño físico</physicalDamage> y <status>ralentiza</status> al primer enemigo impactado en un {{ slowpercent*100 }}% por {{ slowduration }} seg.<br /><br />Si el pulso impacta el terreno, se expande como un láser que aplica los efectos en un área y asesta golpes críticos a campeones y monstruos.{{ spellmodifierdescriptionappend }}","leveltip":{"label":["Daño","Ralentización","Costo de @AbilityResourceName@","Enfriamiento"],"effect":["{{ damage }} -> {{ damageNL }}","{{ slowpercent*100.000000 }}% -> {{ slowpercentnl*100.000000 }}%","{{ cost }} -> {{ costNL }}","{{ cooldown }} -> {{ cooldownNL }}"]},"maxrank":5,"cooldown":[12,11,10,9,8],"cooldownBurn":"12/11/10/9/8","cost":[50,60,70,80,90],"costBurn":"50/60/70/80/90","datavalues":{},"effect":[null,[0,0,0,0,0],[0,0,0,0,0],[0,0,0,0,0],[0,0,0,0,0],[0,0,0,0,0],[0,0,0,0,0],[0,0,0,0,0],[0,0,0,0,0],[0,0,0,0,0],[0,0,0,0,0]],"effectBurn":[null,"0","0","0","0","0","0","0","0","0","0"],"vars":[],"costType":" de {{ abilityresourcename }}","maxammo":"-1","range":[1150,1150,1150,1150,1150],"rangeBurn":"1150","image":{"full":"ZeriW.png","sprite":"spell16.png","group":"spell","x":336,"y":96,"w":48,"h":48},"resource":"{{ cost }} de {{ abilityresourcename }}"},{"id":"ZeriE","name":"Chispazo","description":"Zeri se desplaza una distancia corta y energiza sus siguientes 3 lanzamientos de Ráfaga de Luz, lo que ocasiona que atraviesen a los enemigos. Saltará y se deslizará por cualquier terreno que toque.","tooltip":"Zeri se desplaza una distancia corta y salta por encima de cualquier terreno que toque, lo que extiende en gran medida el alcance de su desplazamiento. Durante los siguientes {{ buffduration }} seg, sus disparos de <spellName>Ráfaga de Luz</spellName> atraviesan e infligen un {{ pendamagepercent*100 }}% de daño a enemigos después del primero y <magicDamage>{{ bonusdamagetotal }} de daño mágico</magicDamage> al impacto al primer enemigo alcanzado. <br /><br />Impactar a un campeón enemigo con un ataque o una habilidad reduce el enfriamiento de esta habilidad en {{ cdreductionperhit }} seg. Los golpes críticos reducen el enfriamiento en {{ critcdreductionperhit }} seg.{{ spellmodifierdescriptionappend }}","leveltip":{"label":["Porcentaje de daño","Daño básico","Enfriamiento","Costo de @AbilityResourceName@"],"effect":["{{ pendamagepercent*100.000000 }}% -> {{ pendamagepercentnl*100.000000 }}%","{{ bonusdamagebase }} -> {{ bonusdamagebaseNL }}","{{ cooldown }} -> {{ cooldownNL }}","{{ cost }} -> {{ costNL }}"]},"maxrank":5,"cooldown":[22,21,20,19,18],"cooldownBurn":"22/21/20/19/18","cost":[90,85,80,75,70],"costBurn":"90/85/80/75/70","datavalues":{},"effect":[null,[0,0,0,0,0],[0,0,0,0,0],[0,0,0,0,0],[0,0,0,0,0],[0,0,0,0,0],[0,0,0,0,0],[0,0,0,0,0],[0,0,0,0,0],[0,0,0,0,0],[0,0,0,0,0]],"effectBurn":[null,"0","0","0","0","0","0","0","0","0","0"],"vars":[],"costType":" de {{ abilityresourcename }}","maxammo":"-1","range":[25000,25000,25000,25000,25000],"rangeBurn":"25000","image":{"full":"ZeriE.png","sprite":"spell16.png","group":"spell","x":384,"y":96,"w":48,"h":48},"resource":"{{ cost }} de {{ abilityresourcename }}"},{"id":"ZeriR","name":"Estallido Eléctrico","description":"Zeri descarga una nova de electricidad y se sobrecarga para obtener daño aumentado y velocidad de movimiento acumulable que se restablece y se vuelve más potente cada vez que impacta a un campeón enemigo. Mientras está sobrecargada, Ráfaga de Luz se convierte en un triple disparo más rápido que desata una cadena de rayos entre los enemigos.","tooltip":"Zeri descarga una nova de electricidad que inflige <magicDamage>{{ totalactivedamage }} de daño mágico</magicDamage> a enemigos cercanos. Si impacta a un campeón enemigo, Zeri obtiene un <attackSpeed>{{ baseaspercent*100 }}% de Velocidad de Ataque</attackSpeed> y un <speed>{{ basebonusms*100 }}% de Velocidad de Movimiento</speed> por {{ rduration }} seg. Impactar a un campeón enemigo con un ataque o una habilidad extiende la duración de esta habilidad y agrega una acumulación de Sobrecarga por {{ maxhyperchargeduration }} seg. Los golpes críticos añaden 2 acumulaciones adicionales. Cada acumulación otorga un <speed>{{ mspercent*100 }}% de Velocidad de Movimiento</speed>.<br /><br />Durante este tiempo, <spellName>Ráfaga de Luz</spellName> se convierte en un disparo triple más rápido que encadena <physicalDamage>{{ chainphysicaldamage }} de daño físico</physicalDamage> a enemigos cercanos.<br /><br />{{ spellmodifierdescriptionappend }}","leveltip":{"label":["Daño","Enfriamiento"],"effect":["{{ activedamage }} -> {{ activedamageNL }}","{{ cooldown }} -> {{ cooldownNL }}"]},"maxrank":3,"cooldown":[80,75,70],"cooldownBurn":"80/75/70","cost":[100,100,100],"costBurn":"100","datavalues":{},"effect":[null,[0,0,0],[0,0,0],[0,0,0],[0,0,0],[0,0,0],[0,0,0],[0,0,0],[0,0,0],[0,0,0],[0,0,0]],"effectBurn":[null,"0","0","0","0","0","0","0","0","0","0"],"vars":[],"costType":" de {{ abilityresourcename }}","maxammo":"-1","range":[800,800,800],"rangeBurn":"800","image":{"full":"ZeriR.png","sprite":"spell16.png","group":"spell","x":432,"y":96,"w":48,"h":48},"resource":"{{ cost }} de {{ abilityresourcename }}"}],"passive":{"name":"Batería Humana","description":"Los ataques de Zeri infligen daño mágico y se consideran habilidades. Moverse y lanzar Ráfaga de Luz permite que Zeri almacene energía en su chispimochila. Cuando está completamente cargado, su siguiente ataque infligirá daño adicional.","image":{"full":"ZeriP.png","sprite":"passive5.png","group":"passive","x":96,"y":48,"w":48,"h":48}},"recommended":[]}}}