{"type":"champion","format":"standAloneComplex","version":"14.3.1","data":{"Ziggs":{"id":"Ziggs","key":"115","name":"Ziggs","title":"el Experto en Hexplosivos ","image":{"full":"Ziggs.png","sprite":"champion5.png","group":"champion","x":144,"y":48,"w":48,"h":48},"skins":[{"id":"115000","num":0,"name":"default","chromas":false},{"id":"115001","num":1,"name":"Ziggs Científico Loco","chromas":false},{"id":"115002","num":2,"name":"Comandante Ziggs","chromas":false},{"id":"115003","num":3,"name":"Ziggs Veraniego","chromas":false},{"id":"115004","num":4,"name":"Ziggs Día Nevado","chromas":false},{"id":"115005","num":5,"name":"Ziggs Maestro Taumaturgo","chromas":false},{"id":"115006","num":6,"name":"Ziggs Subjefe","chromas":false},{"id":"115007","num":7,"name":"Ziggs Odisea","chromas":true},{"id":"115014","num":14,"name":"Ziggs Pastelillo","chromas":true},{"id":"115023","num":23,"name":"Ziggs Hextech","chromas":false},{"id":"115024","num":24,"name":"ZZZiggs","chromas":true},{"id":"115033","num":33,"name":"Ziggs La Ilusión","chromas":true}],"lore":"Con un amor por las grandes bombas y los fusibles cortos, el yordle Ziggs es una explosiva fuerza de la naturaleza. Como asistente de un inventor en Piltóver, estaba aburrido de su predecible vida y se hizo amigo de una loca bombardera de cabello azul llamada Jinx. Después de una loca noche en la ciudad, Ziggs tomó su consejo y se mudó a Zaun, donde ahora explora sus fascinaciones con más libertad, aterrorizando tanto a los químicos como a ciudadanos comunes en su misión incansable de hacer estallar las cosas.","blurb":"Con un amor por las grandes bombas y los fusibles cortos, el yordle Ziggs es una explosiva fuerza de la naturaleza. Como asistente de un inventor en Piltóver, estaba aburrido de su predecible vida y se hizo amigo de una loca bombardera de cabello azul...","allytips":["Aunque te encuentres lejos de un combate, puedes ayudar a distancia con Bomba Megainfernal.","Si ralentizas a los enemigos con Minas Hexplosivas, te resultará más sencillo acertarlos con otras habilidades.","Impulsarte sobre muros con Carga Concentrada puede resultarte útil para perseguir a enemigos o huir de ellos."],"enemytips":["¡No pises las minas de Ziggs! Te ralentizarán y le resultará más sencillo alcanzarte con sus otras habilidades.","Muchas de las habilidades de Ziggs tienen un enfriamiento largo. Intenta alcanzarlo justo después que las haya usado.","La habilidad definitiva de Ziggs, la Bomba Megainfernal, provoca más daño en el centro de la explosión."],"tags":["Mage"],"partype":"Maná","info":{"attack":2,"defense":4,"magic":9,"difficulty":4},"stats":{"hp":606,"hpperlevel":106,"mp":480,"mpperlevel":23.5,"movespeed":325,"armor":21,"armorperlevel":4.7,"spellblock":30,"spellblockperlevel":1.3,"attackrange":550,"hpregen":6.5,"hpregenperlevel":0.6,"mpregen":8,"mpregenperlevel":0.8,"crit":0,"critperlevel":0,"attackdamage":55,"attackdamageperlevel":3.1,"attackspeedperlevel":2,"attackspeed":0.656},"spells":[{"id":"ZiggsQ","name":"Bomba Rebotante","description":"Ziggs lanza una bomba rebotante que inflige daño mágico.","tooltip":"Ziggs lanza una bomba rebotante que inflige <magicDamage>{{ totaldamage }} de daño mágico</magicDamage>.{{ spellmodifierdescriptionappend }}","leveltip":{"label":["Daño","Enfriamiento","Costo de @AbilityResourceName@"],"effect":["{{ basedamage }} -> {{ basedamageNL }}","{{ cooldown }} -> {{ cooldownNL }}","{{ cost }} -> {{ costNL }}"]},"maxrank":5,"cooldown":[6,5.5,5,4.5,4],"cooldownBurn":"6/5.5/5/4.5/4","cost":[50,55,60,65,70],"costBurn":"50/55/60/65/70","datavalues":{},"effect":[null,[85,135,185,235,285],[850,850,850,850,850],[325,325,325,325,325],[225,225,225,225,225],[180,180,180,180,180],[240,240,240,240,240],[70,70,70,70,70],[0,0,0,0,0],[0,0,0,0,0],[0,0,0,0,0]],"effectBurn":[null,"85/135/185/235/285","850","325","225","180","240","70","0","0","0"],"vars":[],"costType":" de {{ abilityresourcename }}","maxammo":"-1","range":[850,850,850,850,850],"rangeBurn":"850","image":{"full":"ZiggsQ.png","sprite":"spell16.png","group":"spell","x":0,"y":144,"w":48,"h":48},"resource":"{{ cost }} de {{ abilityresourcename }}"},{"id":"ZiggsW","name":"Carga Concentrada","description":"Ziggs arroja una carga explosiva que detona después de 4 seg o cuando la habilidad se activa de nuevo. La explosión inflige daño mágico a los enemigos, lo que los lanza hacia atrás. Ziggs también es lanzado hacia atrás, pero no recibe daño. Ziggs puede usar la Carga Concentrada para hexplotar torretas enemigas vulnerables.","tooltip":"Ziggs arroja una carga explosiva que detona después de {{ e2 }} seg o cuando <recast>vuelva a lanzar</recast> la habilidad. Inflige <magicDamage>{{ totaldamage }} de daño mágico</magicDamage> a los enemigos y los <status>lanza</status> hacia <status>atrás</status>. También lanza a Ziggs hacia atrás, pero no recibe daño.<br /><br />Carga Concentrada destruirá automáticamente las torres con menos del {{ f1*100 }}% de Vida.{{ spellmodifierdescriptionappend }}","leveltip":{"label":["Daño","Enfriamiento","Vida para destrucción de torre"],"effect":["{{ e1 }} -> {{ e1NL }}","{{ cooldown }} -> {{ cooldownNL }}","{{ effect3amount*100.000000 }}% -> {{ effect3amountnl*100.000000 }}%"]},"maxrank":5,"cooldown":[20,18,16,14,12],"cooldownBurn":"20/18/16/14/12","cost":[80,80,80,80,80],"costBurn":"80","datavalues":{},"effect":[null,[70,105,140,175,210],[4,4,4,4,4],[0.25,0.275,0.3,0.325,0.35],[600,600,600,600,600],[50,50,50,50,50],[500,500,500,500,500],[325,325,325,325,325],[775,775,775,775,775],[400,400,400,400,400],[6,6,6,6,6]],"effectBurn":[null,"70/105/140/175/210","4","0.25/0.275/0.3/0.325/0.35","600","50","500","325","775","400","6"],"vars":[],"costType":" de {{ abilityresourcename }}","maxammo":"-1","range":[1000,1000,1000,1000,1000],"rangeBurn":"1000","image":{"full":"ZiggsW.png","sprite":"spell16.png","group":"spell","x":48,"y":144,"w":48,"h":48},"resource":"{{ cost }} de {{ abilityresourcename }}"},{"id":"ZiggsE","name":"Minas Hexplosivas","description":"Ziggs esparce minas de proximidad que detonan al entrar en contacto con el enemigo, lo que inflige daño mágico y lo ralentiza. Detonar minas sucesivas sobre el mismo objetivo hace que las demás inflijan daño reducido.","tooltip":"Ziggs esparce minas de proximidad que detonan al entrar en contacto con el enemigo, lo que inflige <magicDamage>{{ totaldamage }} de daño mágico</magicDamage> y lo <status>ralentiza</status> un {{ slow*-100 }}% durante {{ e4 }} seg. Las minas duran {{ e3 }} seg.{{ spellmodifierdescriptionappend }}","leveltip":{"label":["Daño de minas","Ralentización","Costo de @AbilityResourceName@"],"effect":["{{ e1 }} -> {{ e1NL }}","{{ effect2amount*-100.000000 }}% -> {{ effect2amountnl*-100.000000 }}%","{{ cost }} -> {{ costNL }}"]},"maxrank":5,"cooldown":[16,16,16,16,16],"cooldownBurn":"16","cost":[70,80,90,100,110],"costBurn":"70/80/90/100/110","datavalues":{},"effect":[null,[30,70,110,150,190],[-0.1,-0.2,-0.3,-0.4,-0.5],[10,10,10,10,10],[1.5,1.5,1.5,1.5,1.5],[0.4,0.4,0.4,0.4,0.4],[-0.2,-0.25,-0.3,-0.35,-0.4],[135,135,135,135,135],[150,150,150,150,150],[0,0,0,0,0],[0,0,0,0,0]],"effectBurn":[null,"30/70/110/150/190","-0.1/-0.2/-0.3/-0.4/-0.5","10","1.5","0.4","-0.2/-0.25/-0.3/-0.35/-0.4","135","150","0","0"],"vars":[],"costType":" de {{ abilityresourcename }}","maxammo":"-1","range":[900,900,900,900,900],"rangeBurn":"900","image":{"full":"ZiggsE.png","sprite":"spell16.png","group":"spell","x":96,"y":144,"w":48,"h":48},"resource":"{{ cost }} de {{ abilityresourcename }}"},{"id":"ZiggsR","name":"Bomba Megainfernal","description":"Ziggs arroja su creación definitiva, la Bomba Megainfernal, a una gran distancia. Los enemigos que se encuentren en la zona de impacto principal recibirán más daño que los más lejanos.","tooltip":"Ziggs arroja su creación definitiva, la cual inflige <magicDamage>{{ empowereddamage }} de daño mágico</magicDamage> en el centro del radio de explosión o <magicDamage>{{ blastdamage }} de daño mágico</magicDamage> en el borde.{{ spellmodifierdescriptionappend }}","leveltip":{"label":["Daño","Daño en zona de impacto","Enfriamiento"],"effect":["{{ unempoweredbasedamagetooltiponly }} -> {{ unempoweredbasedamagetooltipoNL }}","{{ basedamage }} -> {{ basedamageNL }}","{{ cooldown }} -> {{ cooldownNL }}"]},"maxrank":3,"cooldown":[120,95,70],"cooldownBurn":"120/95/70","cost":[100,100,100],"costBurn":"100","datavalues":{},"effect":[null,[300,450,600],[66.6667,66.6667,66.6667],[525,525,525],[250,250,250],[200,300,400],[0,0,0],[0,0,0],[0,0,0],[0,0,0],[0,0,0]],"effectBurn":[null,"300/450/600","66.67","525","250","200/300/400","0","0","0","0","0"],"vars":[],"costType":" de {{ abilityresourcename }}","maxammo":"-1","range":[5000,5000,5000],"rangeBurn":"5000","image":{"full":"ZiggsR.png","sprite":"spell16.png","group":"spell","x":144,"y":144,"w":48,"h":48},"resource":"{{ cost }} de {{ abilityresourcename }}"}],"passive":{"name":"Mecha Corta","description":"El próximo ataque básico de Ziggs inflige daño mágico adicional de forma periódica. Este enfriamiento se reduce si Ziggs utiliza una habilidad.","image":{"full":"ZiggsPassiveReady.png","sprite":"passive5.png","group":"passive","x":144,"y":48,"w":48,"h":48}},"recommended":[]}}}