{"type":"champion","format":"standAloneComplex","version":"14.3.1","data":{"Zilean":{"id":"Zilean","key":"26","name":"Zilean","title":"el Guardián del Tiempo","image":{"full":"Zilean.png","sprite":"champion5.png","group":"champion","x":192,"y":48,"w":48,"h":48},"skins":[{"id":"26000","num":0,"name":"default","chromas":false},{"id":"26001","num":1,"name":"Viejito Zilean Pascuero","chromas":false},{"id":"26002","num":2,"name":"Zilean Buena Onda","chromas":false},{"id":"26003","num":3,"name":"Zilean Desierto Shurimano","chromas":false},{"id":"26004","num":4,"name":"Zilean Viajero del Tiempo","chromas":false},{"id":"26005","num":5,"name":"Zilean Luna de Sangre","chromas":false},{"id":"26006","num":6,"name":"Zilean Reloj de Galleta","chromas":true},{"id":"26014","num":14,"name":"Zilean Favor del Invierno","chromas":true}],"lore":"Anteriormente un poderoso mago de Icathia, Zilean se obsesionó con el paso del tiempo después de presenciar la destrucción de su tierra por el Vacío. No dando ni un minuto para lamentar la catastrófica pérdida, invocó a ancestrales magias del tiempo para revelar todos los posibles resultados. Habiéndose convertido en un inmortal funcionalmente, Zilean ahora se mueve entre pasado, presente y futuro, manipulando y distorsionando el flujo del tiempo a su alrededor, siempre en búsqueda de ese escurridizo momento que regresará el reloj y revertirá la destrucción de Icathia.","blurb":"Anteriormente un poderoso mago de Icathia, Zilean se obsesionó con el paso del tiempo después de presenciar la destrucción de su tierra por el Vacío. No dando ni un minuto para lamentar la catastrófica pérdida, invocó a ancestrales magias del tiempo...","allytips":["Puedes combinar Bomba de Tiempo con Retroceder para colocar rápidamente dos Bombas de Tiempo en un objetivo. Colocar la segunda bomba detonará a la primera y aturdirá a todos los enemigos cercanos.","Distorsión Temporal es un modo eficaz de permitir que los aliados rematen a los enemigos o que escapen de una batalla perdida.","Cronoviaje es un potente elemento para disuadir los ataques a tus acarreadores, pero si lo lanzas demasiado pronto en un combate puedes causar que el enemigo cambie su objetivo, reduciendo su eficacia."],"enemytips":["Si logras igualar la velocidad de Zilean, a veces puede ser conveniente esperar a que su habilidad definitiva se apague antes de asestar el golpe mortal.","Zilean es frágil si un equipo se concentra en él, pero por lo demás es difícil de matar. Enfréntense a él en equipo."],"tags":["Support","Mage"],"partype":"Maná","info":{"attack":2,"defense":5,"magic":8,"difficulty":6},"stats":{"hp":574,"hpperlevel":96,"mp":452,"mpperlevel":50,"movespeed":335,"armor":24,"armorperlevel":5,"spellblock":30,"spellblockperlevel":1.3,"attackrange":550,"hpregen":5.5,"hpregenperlevel":0.5,"mpregen":11.35,"mpregenperlevel":0.8,"crit":0,"critperlevel":0,"attackdamage":52,"attackdamageperlevel":3,"attackspeedperlevel":2.13,"attackspeed":0.658},"spells":[{"id":"ZileanQ","name":"Bomba de Tiempo","description":"Coloca una bomba en una zona objetivo. La bomba, que se adhiere a las unidades cercanas (prioriza a los campeones), detona pasados 3 segundos e inflige daño de área. Además, si la Bomba de Tiempo detona antes de tiempo por la acción de otra, aturde a los enemigos afectados.","tooltip":"Zilean lanza una bomba de efecto retardado que se adhiere a la primera unidad que entre dentro de un área pequeña a su alrededor. Después de {{ e2 }} seg, detona, lo que inflige <magicDamage>{{ totaldamage }} de daño mágico</magicDamage>.<br /><br />Colocar una segunda bomba en una unidad que ya tiene una, detona la primera bomba inmediatamente y <status>aturde</status> a los enemigos dentro de la explosión durante {{ e4 }} seg.{{ spellmodifierdescriptionappend }}","leveltip":{"label":["Enfriamiento","Costo de @AbilityResourceName@","Daño","Duración de aturdimiento"],"effect":["{{ cooldown }} -> {{ cooldownNL }}","{{ cost }} -> {{ costNL }}","{{ e1 }} -> {{ e1NL }}","{{ e4 }} -> {{ e4NL }}"]},"maxrank":5,"cooldown":[10,9.5,9,8.5,8],"cooldownBurn":"10/9.5/9/8.5/8","cost":[60,65,70,75,80],"costBurn":"60/65/70/75/80","datavalues":{},"effect":[null,[75,115,165,230,300],[3,3,3,3,3],[7,7,7,7,7],[1.1,1.2,1.3,1.4,1.5],[0,0,0,0,0],[0,0,0,0,0],[0,0,0,0,0],[0,0,0,0,0],[0,0,0,0,0],[0,0,0,0,0]],"effectBurn":[null,"75/115/165/230/300","3","7","1.1/1.2/1.3/1.4/1.5","0","0","0","0","0","0"],"vars":[],"costType":" de {{ abilityresourcename }}","maxammo":"-1","range":[900,900,900,900,900],"rangeBurn":"900","image":{"full":"ZileanQ.png","sprite":"spell16.png","group":"spell","x":192,"y":144,"w":48,"h":48},"resource":"{{ cost }} de {{ abilityresourcename }}"},{"id":"ZileanW","name":"Retroceder","description":"Zilean puede prepararse para futuros enfrentamientos reduciendo el enfriamiento de sus demás habilidades básicas.","tooltip":"Zilean manipula el tiempo, lo que reduce los enfriamientos de sus otras habilidades básicas en {{ e2 }} seg.{{ spellmodifierdescriptionappend }}","leveltip":{"label":["Enfriamiento"],"effect":["{{ cooldown }} -> {{ cooldownNL }}"]},"maxrank":5,"cooldown":[14,12,10,8,6],"cooldownBurn":"14/12/10/8/6","cost":[35,35,35,35,35],"costBurn":"35","datavalues":{},"effect":[null,[20,30,40,50,60],[10,10,10,10,10],[35,35,35,35,35],[0,0,0,0,0],[0,0,0,0,0],[0,0,0,0,0],[0,0,0,0,0],[0,0,0,0,0],[0,0,0,0,0],[0,0,0,0,0]],"effectBurn":[null,"20/30/40/50/60","10","35","0","0","0","0","0","0","0"],"vars":[],"costType":" de Maná","maxammo":"-1","range":[600,600,600,600,600],"rangeBurn":"600","image":{"full":"ZileanW.png","sprite":"spell16.png","group":"spell","x":240,"y":144,"w":48,"h":48},"resource":"{{ e3 }} de Maná"},{"id":"TimeWarp","name":"Distorsión Temporal","description":"Zilean manipula el tiempo en torno a cualquier unidad, lo que reduce la velocidad de movimiento de un enemigo o aumenta la velocidad de movimiento de un aliado durante un breve momento.","tooltip":"Zilean <status>ralentiza</status> a un campeón enemigo un {{ e2 }}% o le otorga a un campeón aliado un <speed>{{ e2 }}% de Velocidad de Movimiento</speed> durante {{ e1 }} seg.{{ spellmodifierdescriptionappend }}","leveltip":{"label":["Ralentización","Velocidad de movimiento"],"effect":["{{ e2 }}% -> {{ e2NL }}%","{{ e2 }}% -> {{ e2NL }}%"]},"maxrank":5,"cooldown":[15,15,15,15,15],"cooldownBurn":"15","cost":[50,50,50,50,50],"costBurn":"50","datavalues":{},"effect":[null,[2.5,2.5,2.5,2.5,2.5],[40,55,70,85,99],[1.5,1.5,1.5,1.5,1.5],[8,8,8,8,8],[0,0,0,0,0],[0,0,0,0,0],[0,0,0,0,0],[0,0,0,0,0],[0,0,0,0,0],[0,0,0,0,0]],"effectBurn":[null,"2.5","40/55/70/85/99","1.5","8","0","0","0","0","0","0"],"vars":[],"costType":" de {{ abilityresourcename }}","maxammo":"-1","range":[550,550,550,550,550],"rangeBurn":"550","image":{"full":"TimeWarp.png","sprite":"spell16.png","group":"spell","x":288,"y":144,"w":48,"h":48},"resource":"{{ cost }} de {{ abilityresourcename }}"},{"id":"ChronoShift","name":"Cronoviaje","description":"Zilean coloca sobre un campeón aliado una runa temporal protectora que lo lleva atrás en el tiempo en caso de sufrir daño letal.","tooltip":"Zilean otorga una runa de tiempo protectora a un campeón aliado durante {{ rduration }} seg. Si el objetivo muere, la runa retrocede su línea de tiempo, lo que lo pone en Estasis durante {{ revivestateduration }} seg, luego lo revive y le restaura <healing>{{ rtotalheal }} de Vida</healing>.{{ spellmodifierdescriptionappend }}","leveltip":{"label":["Enfriamiento","Costo de @AbilityResourceName@","Curación"],"effect":["{{ cooldown }} -> {{ cooldownNL }}","{{ cost }} -> {{ costNL }}","{{ rbaseheal }} -> {{ rbasehealNL }}"]},"maxrank":3,"cooldown":[120,90,60],"cooldownBurn":"120/90/60","cost":[125,150,175],"costBurn":"125/150/175","datavalues":{},"effect":[null,[0,0,0],[0,0,0],[0,0,0],[0,0,0],[0,0,0],[0,0,0],[0,0,0],[0,0,0],[0,0,0],[0,0,0]],"effectBurn":[null,"0","0","0","0","0","0","0","0","0","0"],"vars":[],"costType":" de {{ abilityresourcename }}","maxammo":"-1","range":[900,900,900],"rangeBurn":"900","image":{"full":"ChronoShift.png","sprite":"spell16.png","group":"spell","x":336,"y":144,"w":48,"h":48},"resource":"{{ cost }} de {{ abilityresourcename }}"}],"passive":{"name":"Tiempo Embotellado","description":"Zilean almacena tiempo como Experiencia y puede otorgársela a sus aliados. Cuando junte suficiente Experiencia para ayudar a un aliado a subir de nivel, puedes dar clic derecho en el aliado para otorgársela. Zilean recibe la misma cantidad de Experiencia que otorga.","image":{"full":"Zilean_Passive.png","sprite":"passive5.png","group":"passive","x":192,"y":48,"w":48,"h":48}},"recommended":[]}}}