{"type":"champion","format":"standAloneComplex","version":"14.3.1","data":{"Zoe":{"id":"Zoe","key":"142","name":"Zoe","title":"el Aspecto del Crepúsculo","image":{"full":"Zoe.png","sprite":"champion5.png","group":"champion","x":240,"y":48,"w":48,"h":48},"skins":[{"id":"142000","num":0,"name":"default","chromas":false},{"id":"142001","num":1,"name":"Zoe Ciber Pop","chromas":false},{"id":"142002","num":2,"name":"Zoe Veraniega","chromas":true},{"id":"142009","num":9,"name":"Zoe Guardiana Estelar","chromas":true},{"id":"142018","num":18,"name":"Zoe Arcanista","chromas":false},{"id":"142019","num":19,"name":"Zoe Arcanista Prestigiosa","chromas":false},{"id":"142020","num":20,"name":"Zoe EDG","chromas":true},{"id":"142022","num":22,"name":"Zoe Favor del Invierno","chromas":true}],"lore":"Como la personificación de las travesuras, la imaginación y el cambio, Zoe actúa como la mensajera cósmica de Targón y anuncia grandes acontecimientos que pueden alterar mundos. Su mera presencia distorsiona las matemáticas arcanas que rigen las realidades; en ocasiones, sin ser consciente de su poder, provoca todo tipo de cataclismos.Tal vez eso explique la actitud indiferente con la cual Zoe \"cumple\" con su deber. Tomándose todo el tiempo de los mundos para jugar, engañar a los mortales o simplemente entretenerse a sí misma. Un encuentro con Zoe puede ser alegre y alentador, pero siempre hay algo más detrás de las apariencias y a menudo es muy peligroso.","blurb":"Como la personificación de las travesuras, la imaginación y el cambio, Zoe actúa como la mensajera cósmica de Targón y anuncia grandes acontecimientos que pueden alterar mundos. Su mera presencia distorsiona las matemáticas arcanas que rigen las...","allytips":["Estrella Saltarina inflige más daño entre más lejos haya volado. Lanzarla detrás de ti antes de redirigirla puede infligir mucho daño.","Despiértalos con tu fuente de daño más grande, ya que los enemigos que están dormidos reciben el doble de daño.","Burbuja Dormilona viaja más lejos por muros. Encuentra un lugar para esconderte y prepararte para un asesinato a larga distancia."],"enemytips":["La Estrella Saltarina de Zoe inflige más daño entre más lejos haya volado.","Zoe debe regresar a su punto de partida después de lanzar Salto de Portal, lo que la dejará vulnerable a un contraataque.","Burbuja Dormilona viaja más lejos por muros. Evita que Zoe se esconda en la niebla de la batalla para evitar que active el hechizo."],"tags":["Mage","Support"],"partype":"Maná","info":{"attack":1,"defense":7,"magic":8,"difficulty":5},"stats":{"hp":630,"hpperlevel":106,"mp":425,"mpperlevel":25,"movespeed":340,"armor":21,"armorperlevel":4.7,"spellblock":30,"spellblockperlevel":1.3,"attackrange":550,"hpregen":7.5,"hpregenperlevel":0.6,"mpregen":8,"mpregenperlevel":0.65,"crit":0,"critperlevel":0,"attackdamage":58,"attackdamageperlevel":3.3,"attackspeedperlevel":2.5,"attackspeed":0.658},"spells":[{"id":"ZoeQ","name":"¡Estrella Saltarina!","description":"Zoe dispara un misil que puede redirigir mientras este vuela. Inflige más daño entre más tiempo vuele en línea recta.","tooltip":"Zoe desata una estrella que inflige daño cada vez mayor cuanto más lejos viaje hacia el primer enemigo alcanzado. Inflige de <magicDamage>{{ totaldamagetooltip }} a {{ maxdamagetooltip }} de daño mágico</magicDamage>. Los enemigos alrededor del objetivo reciben un {{ e4 }}% de daño.<br /><br />Zoe puede <recast>volver a lanzar</recast> esta habilidad para cambiar la dirección del proyectil hacia una posición nueva cerca de Zoe.{{ spellmodifierdescriptionappend }}","leveltip":{"label":["Daño básico","Enfriamiento","Costo de @AbilityResourceName@"],"effect":["{{ e1 }} -> {{ e1NL }}","{{ cooldown }} -> {{ cooldownNL }}","{{ cost }} -> {{ costNL }}"]},"maxrank":5,"cooldown":[8.5,8,7.5,7,6.5],"cooldownBurn":"8.5/8/7.5/7/6.5","cost":[40,45,50,55,60],"costBurn":"40/45/50/55/60","datavalues":{},"effect":[null,[50,80,110,140,170],[1.5,1.5,1.5,1.5,1.5],[0.2,0.2,0.2,0.2,0.2],[80,80,80,80,80],[0,0,0,0,0],[0,0,0,0,0],[0,0,0,0,0],[0,0,0,0,0],[0,0,0,0,0],[0,0,0,0,0]],"effectBurn":[null,"50/80/110/140/170","1.5","0.2","80","0","0","0","0","0","0"],"vars":[],"costType":" de {{ abilityresourcename }}","maxammo":"-1","range":[800,800,800,800,800],"rangeBurn":"800","image":{"full":"ZoeQ.png","sprite":"spell16.png","group":"spell","x":384,"y":144,"w":48,"h":48},"resource":"{{ cost }} de {{ abilityresourcename }}"},{"id":"ZoeW","name":"Ladrona de Hechizos","description":"Zoe puede recoger los restos de hechizos de invocador y los lanzamientos de activas de objetos y lanzarlos una vez. Cada que lance un hechizo de invocador, obtiene 3 misiles que se dispararán al objetivo más cercano.","tooltip":"<spellPassive>Pasiva:</spellPassive> Los enemigos sueltan fragmentos de hechizo al lanzar un hechizo de invocador o al usar un objeto activo. Algunos súbditos específicos también sueltan un fragmento de hechizo cuando Zoe o un aliado cercano los asesina. Zoe puede recoger este fragmento para lanzar la habilidad una vez.<br /><br /><spellPassive>Pasiva:</spellPassive> Cuando Zoe lanza esta habilidad o cualquier hechizo de invocador, obtiene un <speed>{{ e9 }}% de Velocidad de Movimiento</speed> por {{ e0 }} seg y arroja 3 misiles al objetivo que atacó más recientemente. Cada uno de estos misiles infligen <magicDamage>{{ missiledamagetooltip }} de daño mágico</magicDamage>.<br /><br /><spellActive>Activa:</spellActive> Lanza la habilidad de un fragmento de hechizo que Zoe haya recogido.{{ spellmodifierdescriptionappend }}","leveltip":{"label":["Daño","Velocidad de movimiento","Duración de Velocidad"],"effect":["{{ e8 }} -> {{ e8NL }}","{{ effect9amount*100.000000 }}% -> {{ effect9amountnl*100.000000 }}%","{{ e0 }} -> {{ e0NL }}"]},"maxrank":5,"cooldown":[0.25,0.25,0.25,0.25,0.25],"cooldownBurn":"0.25","cost":[0,0,0,0,0],"costBurn":"0","datavalues":{},"effect":[null,[0,0,0,0,0],[3000,4500,6000,0,0],[0.1,0.1,0.1,0.1,0.1],[2500,2500,2500,2500,2500],[60,60,60,60,60],[20,50,80,110,140],[0.2,0.2,0.2,0.2,0.2],[75,105,135,165,195],[30,40,50,60,70],[2,2.25,2.5,2.75,3]],"effectBurn":[null,"0","3000/4500/6000/0/0","0.1","2500","60","20/50/80/110/140","0.2","75/105/135/165/195","30/40/50/60/70","2/2.25/2.5/2.75/3"],"vars":[],"costType":"Sin costo","maxammo":"-1","range":[3000,4500,6000,3000,3000],"rangeBurn":"3000/4500/6000/3000/3000","image":{"full":"ZoeW.png","sprite":"spell16.png","group":"spell","x":432,"y":144,"w":48,"h":48},"resource":"Sin costo"},{"id":"ZoeE","name":"Burbuja Dormilona","description":"Hace que el objetivo quede aletargado y después se duerma. Mientras dure el efecto, se reduce la resistencia mágica del objetivo. La primera fuente de daño que lo despierte se duplica hasta un límite.","tooltip":"Zoe patea una burbuja que inflige <magicDamage>{{ totaldamagetooltip }} de Daño mágico</magicDamage> y persiste como trampa si no impacta contra nada. El alcance de la burbuja se extiende al pasar sobre el terreno.<br /><br />Tras un retraso, la víctima queda <status>Dormida</status> y su <scaleMR>Resistencia Mágica</scaleMR> se reduce en un {{ percentpen*100 }}% durante 2 seg. Los ataques e impactos de habilidades los despiertan pero infligen el doble de daño, hasta <trueDamage>{{ breakdamagetooltip }} de Daño verdadero</trueDamage>.{{ spellmodifierdescriptionappend }}","leveltip":{"label":["Daño","Límite de daño adicional","Enfriamiento"],"effect":["{{ e1 }} -> {{ e1NL }}","{{ e6 }} -> {{ e6NL }}","{{ cooldown }} -> {{ cooldownNL }}"]},"maxrank":5,"cooldown":[16,15,14,13,12],"cooldownBurn":"16/15/14/13/12","cost":[80,80,80,80,80],"costBurn":"80","datavalues":{},"effect":[null,[70,110,150,190,230],[0.1,0.15,0.2,0.25,0.3],[5,15,25,35,45],[5,5,5,5,5],[0.1,0.15,0.2,0.25,0.3],[70,110,150,190,230],[0.45,0.45,0.45,0.45,0.45],[1.4,1.4,1.4,1.4,1.4],[2.25,2.25,2.25,2.25,2.25],[1,1,1,1,1]],"effectBurn":[null,"70/110/150/190/230","0.1/0.15/0.2/0.25/0.3","5/15/25/35/45","5","0.1/0.15/0.2/0.25/0.3","70/110/150/190/230","0.45","1.4","2.25","1"],"vars":[],"costType":" de {{ abilityresourcename }}","maxammo":"-1","range":[800,800,800,800,800],"rangeBurn":"800","image":{"full":"ZoeE.png","sprite":"spell17.png","group":"spell","x":0,"y":0,"w":48,"h":48},"resource":"{{ cost }} de {{ abilityresourcename }}"},{"id":"ZoeR","name":"Salto de Portal","description":"Te transportas a una posición cercana por 1 seg. Luego, regresas.","tooltip":"Zoe se teletransporta a una posición cercana por 1 seg. Después, se teletransporta de regreso. Zoe podrá lanzar habilidades y atacar, pero no moverse durante este tiempo.{{ spellmodifierdescriptionappend }}","leveltip":{"label":["Enfriamiento"],"effect":["{{ cooldown }} -> {{ cooldownNL }}"]},"maxrank":3,"cooldown":[11,8,5],"cooldownBurn":"11/8/5","cost":[40,40,40],"costBurn":"40","datavalues":{},"effect":[null,[-0.3,-0.4,-0.5],[1.5,2,2.5],[4,4,4],[0.5,0.5,0.5],[3,3,3],[100,200,300],[0,0,0],[0,0,0],[0,0,0],[0,0,0]],"effectBurn":[null,"-0.3/-0.4/-0.5","1.5/2/2.5","4","0.5","3","100/200/300","0","0","0","0"],"vars":[],"costType":" de {{ abilityresourcename }}","maxammo":"-1","range":[575,575,575],"rangeBurn":"575","image":{"full":"ZoeR.png","sprite":"spell17.png","group":"spell","x":48,"y":0,"w":48,"h":48},"resource":"{{ cost }} de {{ abilityresourcename }}"}],"passive":{"name":"¡Más chispas!","description":"Después de lanzar un hechizo, el siguiente ataque básico de Zoe infligirá daño mágico adicional.","image":{"full":"Zoe_P.png","sprite":"passive5.png","group":"passive","x":240,"y":48,"w":48,"h":48}},"recommended":[]}}}