{"type":"champion","format":"standAloneComplex","version":"14.3.1","data":{"Zyra":{"id":"Zyra","key":"143","name":"Zyra","title":"el Despertar de las Espinas","image":{"full":"Zyra.png","sprite":"champion5.png","group":"champion","x":288,"y":48,"w":48,"h":48},"skins":[{"id":"143000","num":0,"name":"default","chromas":false},{"id":"143001","num":1,"name":"Zyra Fuego Salvaje","chromas":false},{"id":"143002","num":2,"name":"Zyra Embrujada","chromas":false},{"id":"143003","num":3,"name":"Zyra SKT T1","chromas":false},{"id":"143004","num":4,"name":"Zyra Hechicera de Dragones","chromas":false},{"id":"143005","num":5,"name":"Zyra Aquelarre","chromas":true},{"id":"143006","num":6,"name":"Zyra Aquelarre Prestigiosa","chromas":false},{"id":"143007","num":7,"name":"Zyra Rosa de Cristal","chromas":true},{"id":"143016","num":16,"name":"Zyra Pesadilla en la Ciudad del Crimen","chromas":true},{"id":"143036","num":36,"name":"Zyra Creadora de Mitos","chromas":true},{"id":"143046","num":46,"name":"Zyra Demonios Callejeros","chromas":true}],"lore":"Nacida en una antigua y mágica catástrofe, Zyra es la manifestación de la ira de la naturaleza: una seductora mezcla entre planta y humana que crea vida nueva a cada paso. Ve a los mortales de Valoran como poco más que presa para su progenie de semillas y no le molesta acabarlos con lluvias de mortales espinas. Aunque su verdadero propósito no se ha revelado, Zyra recorre el mundo satisfaciendo sus más básicas necesidades de colonizarlo y despojarlo de cualquier otra forma de vida.","blurb":"Nacida en una antigua y mágica catástrofe, Zyra es la manifestación de la ira de la naturaleza: una seductora mezcla entre planta y humana que crea vida nueva a cada paso. Ve a los mortales de Valoran como poco más que presa para su progenie de semillas...","allytips":["Colocar una semilla en el camino de tu hechizo tras haberlo lanzado te da más posibilidades de tener una semilla en el lugar adecuado.","Las semillas otorgan visión a tu equipo.","Zyra es ideal para las emboscadas; busca la oportunidad perfecta para preparar una trampa de semillas en la maleza y luego lleva a los enemigos hacia allí."],"enemytips":["Las semillas de Zyra se pueden destruir pasando por encima de ellas. Si intenta hacerlas brotar mientras las pisas, retírate en el último momento. ","Acercarte a Zyra puede ser inteligente si colocó plantas lejos de ella.","Las plantas sufren daño fijo de los ataques y efectos, igual que los centinelas. También mueren rápidamente si no se les cuida.","Trasladar la lucha a una zona distinta deja a Zyra sin las semillas acumuladas.","Las semillas colocadas por la W de Zyra son más grandes y de otro color, además de otorgar algo de visión a su equipo."],"tags":["Mage","Support"],"partype":"Maná","info":{"attack":4,"defense":3,"magic":8,"difficulty":7},"stats":{"hp":574,"hpperlevel":93,"mp":418,"mpperlevel":25,"movespeed":340,"armor":29,"armorperlevel":4.2,"spellblock":30,"spellblockperlevel":1.3,"attackrange":575,"hpregen":5.5,"hpregenperlevel":0.5,"mpregen":7,"mpregenperlevel":0.8,"crit":0,"critperlevel":0,"attackdamage":53,"attackdamageperlevel":3.2,"attackspeedperlevel":2.11,"attackspeed":0.681},"spells":[{"id":"ZyraQ","name":"Espinas Mortales","description":"Unas gruesas vides se extienden por el suelo, explotan y lanzan espinas que infligen daño mágico a los enemigos en el área. Si se lanza Espinas Mortales cerca de una semilla, brotará un Escupespinas, que dispara a los enemigos a distancia.","tooltip":"Zyra hace que espesas enredaderas se extiendan y exploten produciendo espinas, lo que inflige <magicDamage>{{ initialdamage }} de daño mágico</magicDamage>. <br /><br />Si esta habilidad es lanzada cerca de una <keywordMajor>Semilla</keywordMajor>, de la <keywordMajor>Semilla</keywordMajor> brotará un Escupespinas que inflige <magicDamage>{{ spell.zyrap:plantdamage }} de daño mágico</magicDamage> y dura {{ spell.zyrap:plantduration }} seg. Los Escupespinas tienen 575 de alcance.{{ spellmodifierdescriptionappend }}","leveltip":{"label":["Enfriamiento","Daño"],"effect":["{{ cooldown }} -> {{ cooldownNL }}","{{ e1 }} -> {{ e1NL }}"]},"maxrank":5,"cooldown":[7,6.5,6,5.5,5],"cooldownBurn":"7/6.5/6/5.5/5","cost":[55,55,55,55,55],"costBurn":"55","datavalues":{},"effect":[null,[60,100,140,180,220],[0,0,0,0,0],[0,0,0,0,0],[0,0,0,0,0],[0,0,0,0,0],[0,0,0,0,0],[0,0,0,0,0],[0,0,0,0,0],[0,0,0,0,0],[0,0,0,0,0]],"effectBurn":[null,"60/100/140/180/220","0","0","0","0","0","0","0","0","0"],"vars":[],"costType":" de {{ abilityresourcename }}","maxammo":"-1","range":[800,800,800,800,800],"rangeBurn":"800","image":{"full":"ZyraQ.png","sprite":"spell17.png","group":"spell","x":96,"y":0,"w":48,"h":48},"resource":"{{ cost }} de {{ abilityresourcename }}"},{"id":"ZyraW","name":"Crecimiento Desenfrenado","description":"Zyra planta semillas que duran hasta 60 seg. Si lanza Espinas Mortales y Raíces Atrapadoras cerca de ellas, estas se convertirán en plantas que pelearán por Zyra. Zyra puede almacenar varias semillas al mismo tiempo y matar enemigos reduce el tiempo de recarga de Crecimiento Desenfrenado.","tooltip":"Zyra planta una <keywordMajor>Semilla</keywordMajor> que dura {{ e6 }} seg. Estas <keywordMajor>Semillas</keywordMajor> otorgan <keywordStealth>visión verdadera</keywordStealth> de los campeones enemigos que las pisan durante {{ e3 }} seg, pero esto las destruye.<br /><br />Esta habilidad tiene 2 cargas con {{ ammorechargetime }} seg de recarga. Matar a un enemigo reduce el tiempo de recarga un {{ e1 }}%. Derribar campeones, matar monstruos grandes de la jungla y matar súbditos grandes reducen el tiempo de recarga un {{ e2 }}%.{{ spellmodifierdescriptionappend }}","leveltip":{"label":["Tasa de recarga de semillas"],"effect":["{{ ammorechargetime }} -> {{ ammorechargetimeNL }}"]},"maxrank":5,"cooldown":[0,0,0,0,0],"cooldownBurn":"0","cost":[0,0,0,0,0],"costBurn":"0","datavalues":{},"effect":[null,[35,35,35,35,35],[100,100,100,100,100],[2,2,2,2,2],[0,0,0,0,0],[0,0,0,0,0],[60,60,60,60,60],[0,0,0,0,0],[10,20,30,40,50],[0.4,0.8,1.2,1.6,2],[0,0,0,0,0]],"effectBurn":[null,"35","100","2","0","0","60","0","10/20/30/40/50","0.4/0.8/1.2/1.6/2","0"],"vars":[],"costType":"1 semilla","maxammo":"2","range":[850,850,850,850,850],"rangeBurn":"850","image":{"full":"ZyraW.png","sprite":"spell17.png","group":"spell","x":144,"y":0,"w":48,"h":48},"resource":"1 semilla"},{"id":"ZyraE","name":"Raíces Atrapadoras","description":"Zyra lanza unas vides que se extienden por el suelo para aprisionar a su objetivo, lo que inflige daño e inmoviliza a los enemigos en su camino. Si lanza Raíces Atrapadoras cerca de una semilla, brotará un Azotavides, cuyos ataques de corto alcance reducen la velocidad de movimiento del enemigo.","tooltip":"Zyra lanza enredaderas hacia adelante, las cuales <status>inmovilizan</status> durante {{ e5 }} seg e infligen <magicDamage>{{ totaldamage }} de daño mágico</magicDamage>. <br /><br />Si esta habilidad pasa cerca de una <keywordMajor>Semilla</keywordMajor>, esa <keywordMajor>Semilla</keywordMajor> se convertirá en un Azotavides que inflige <magicDamage>{{ spell.zyrap:plantdamage }} de daño mágico</magicDamage> y dura {{ spell.zyrap:plantduration }} seg. Los Azotavides tienen un alcance de 400 y sus ataques <status>ralentizan</status> en un {{ e2 }}% durante {{ e3 }} seg. La <status>Ralentización</status> de varios Azotavides se acumula hasta {{ maxslowstacks }} veces.{{ spellmodifierdescriptionappend }}","leveltip":{"label":["Costo de @AbilityResourceName@","Daño","Duración de inmovilización"],"effect":["{{ cost }} -> {{ costNL }}","{{ basedamage }} -> {{ basedamageNL }}","{{ rootduration }} -> {{ rootdurationNL }}"]},"maxrank":5,"cooldown":[12,12,12,12,12],"cooldownBurn":"12","cost":[70,75,80,85,90],"costBurn":"70/75/80/85/90","datavalues":{},"effect":[null,[60,95,130,165,200],[30,30,30,30,30],[2,2,2,2,2],[4,4,4,0,0],[1,1.25,1.5,1.75,2],[0,0,0,0,0],[0,0,0,0,0],[0,0,0,0,0],[0,0,0,0,0],[0,0,0,0,0]],"effectBurn":[null,"60/95/130/165/200","30","2","4/4/4/0/0","1/1.25/1.5/1.75/2","0","0","0","0","0"],"vars":[],"costType":" de {{ abilityresourcename }}","maxammo":"-1","range":[1100,1100,1100,1100,1100],"rangeBurn":"1100","image":{"full":"ZyraE.png","sprite":"spell17.png","group":"spell","x":192,"y":0,"w":48,"h":48},"resource":"{{ cost }} de {{ abilityresourcename }}"},{"id":"ZyraR","name":"Tuercespinas","description":"Zyra invoca un matorral retorcido en la ubicación indicada, lo que inflige daño a los enemigos a medida que se expande y los lanza por el aire cuando se contrae. Las plantas dentro del matorral se enfurecen.","tooltip":"Zyra invoca la furia de la naturaleza para crear un matorral retorcido que inflige <magicDamage>{{ totaldamage }} de daño mágico</magicDamage>. Después de 2 seg, las vides azotan hacia arriba, lo que lanza <status>por el aire</status> durante {{ e1 }} seg a los enemigos alcanzados.<br /><br />Las plantas de Zyra dentro del matorral se enfurecen, lo que reinicia su duración, les otorga un <healing>{{ e2 }}% de Vida</healing> y atacan con un {{ plantdamagebonus }}% de daño adicional.{{ spellmodifierdescriptionappend }}","leveltip":{"label":["Enfriamiento","Daño"],"effect":["{{ cooldown }} -> {{ cooldownNL }}","{{ e3 }} -> {{ e3NL }}"]},"maxrank":3,"cooldown":[110,100,90],"cooldownBurn":"110/100/90","cost":[100,100,100],"costBurn":"100","datavalues":{},"effect":[null,[1,1,1],[50,50,50],[180,265,350],[0,0,0],[0,0,0],[0,0,0],[150,150,150],[0,0,0],[0,0,0],[0,0,0]],"effectBurn":[null,"1","50","180/265/350","0","0","0","150","0","0","0"],"vars":[],"costType":" de {{ abilityresourcename }}","maxammo":"-1","range":[700,700,700],"rangeBurn":"700","image":{"full":"ZyraR.png","sprite":"spell17.png","group":"spell","x":240,"y":0,"w":48,"h":48},"resource":"{{ cost }} de {{ abilityresourcename }}"}],"passive":{"name":"Jardín de Espinas","description":"Las semillas aparecen alrededor de Zyra periódicamente; lo hacen más rápido al aumentar el nivel. Zyra puede lanzar Espinas Mortales o Raíces Atrapadoras cerca de una semilla para hacer brotar una planta que lucha por Zyra.","image":{"full":"ZyraP.png","sprite":"passive5.png","group":"passive","x":288,"y":48,"w":48,"h":48}},"recommended":[]}}}